a_NR,a_R,chain,draw,delta_R_minus_NR
1.31168040057221,1.0850315193315776,1,0,-0.22664888124063243
1.2281574347597155,1.1150153726305858,1,1,-0.1131420621291297
1.3311899741299649,1.1766326016167938,1,2,-0.15455737251317103
1.3141611203614634,1.1966861285379193,1,3,-0.11747499182354404
1.3602109733684147,1.1189885238041801,1,4,-0.24122244956423455
1.2831406719068665,1.0662545484008135,1,5,-0.21688612350605307
1.2314741717396145,1.1801538560043292,1,6,-0.05132031573528528
1.2655202713426437,1.0692689391978323,1,7,-0.19625133214481139
1.1795110464107326,1.0379096532881051,1,8,-0.14160139312262743
1.2964484106906053,1.223822272750882,1,9,-0.07262613793972328
1.28750367355019,1.2289720590548021,1,10,-0.058531614495387796
1.3264208885666473,1.155976238230315,1,11,-0.17044465033633238
1.2903072192228728,1.1466573856244027,1,12,-0.14364983359847017
1.2778463814339465,1.1641164862403142,1,13,-0.1137298951936323
1.3268155836375373,1.1770466340170103,1,14,-0.149768949620527
1.257573871615102,1.2252698892181326,1,15,-0.0323039823969693
1.2842730206466444,1.2423744821428957,1,16,-0.041898538503748695
1.2949164267998121,1.1582221519410496,1,17,-0.1366942748587625
1.227728804934323,1.1389904886796718,1,18,-0.08873831625465112
1.2750978590979756,1.0948629349232326,1,19,-0.18023492417474296
1.236447019256007,1.0878113675150343,1,20,-0.14863565174097282
1.243519268697761,1.2127258676878605,1,21,-0.030793401009900467
1.2400543997604403,1.1615727952495192,1,22,-0.07848160451092112
1.2401305953091297,1.1289627692810627,1,23,-0.11116782602806707
1.295037620863397,1.207605212774129,1,24,-0.08743240808926789
1.3185063895858808,1.0757203304019278,1,25,-0.24278605918395302
1.287508112177318,1.0697045852793596,1,26,-0.21780352689795834
1.2307640069088568,1.0915638917525614,1,27,-0.13920011515629538
1.2435014767080594,1.1032913357883705,1,28,-0.14021014091968897
1.320840231231592,1.0153176757153455,1,29,-0.30552255551624663
1.2721748569038924,1.172949972732724,1,30,-0.09922488417116848
1.3331884070134283,1.0459085229890523,1,31,-0.287279884024376
1.2711621518415641,1.0560538084901745,1,32,-0.21510834335138962
1.2310348889900726,1.1055386383250096,1,33,-0.12549625066506298
1.272018983858582,1.0636395349277166,1,34,-0.20837944893086546
1.258494626382955,1.1557524599763989,1,35,-0.1027421664065562
1.2386050073900736,1.101419414754819,1,36,-0.13718559263525454
1.3256455096423778,1.1539256003291805,1,37,-0.17171990931319736
1.2052234473193577,1.1407437691869742,1,38,-0.06447967813238353
1.2396298253064284,1.1414681233493535,1,39,-0.09816170195707485
1.2379528630688403,1.07236769377511,1,40,-0.16558516929373024
1.3108988490656006,1.1213989473322026,1,41,-0.18949990173339804
1.3315876375764912,1.0624306367484584,1,42,-0.26915700082803284
1.3259425376349172,1.1047755570269593,1,43,-0.22116698060795792
1.3486634850089263,1.0361039063985718,1,44,-0.31255957861035455
1.3922784444334961,1.1589596855687962,1,45,-0.23331875886469988
1.2208663590423934,1.2161635461203337,1,46,-0.0047028129220596515
1.2487048089664996,1.1458685065038061,1,47,-0.10283630246269349
1.3068420032044759,1.1112394702391653,1,48,-0.1956025329653106
1.2374072356131216,1.1650226659812968,1,49,-0.07238456963182482
1.2606598141534635,1.1484406689416344,1,50,-0.11221914521182907
1.2019785372457137,1.1726699831629044,1,51,-0.0293085540828093
1.3447870489762948,1.1139697254431908,1,52,-0.2308173235331039
1.2525145746146191,1.1301841975231417,1,53,-0.12233037709147743
1.178130721595425,1.1231340186012124,1,54,-0.054996702994212665
1.297435121744761,1.092142421659127,1,55,-0.20529270008563416
1.2298399902236834,1.197197257446376,1,56,-0.03264273277730734
1.2027126553766776,0.9997357561020472,1,57,-0.20297689927463036
1.2137935673447566,1.2052557251435885,1,58,-0.008537842201168155
1.2651608333267228,1.0743952284942884,1,59,-0.19076560483243443
1.2660603214665094,1.0604495461592214,1,60,-0.205610775307288
1.2831956759403447,1.1667546209187227,1,61,-0.11644105502162194
1.284605543469958,1.1077897269059258,1,62,-0.1768158165640321
1.239776769698382,1.1461935952082989,1,63,-0.09358317449008302
1.2911551211676902,1.1422998844958494,1,64,-0.14885523667184075
1.2031339910612984,1.0822954159916067,1,65,-0.12083857506969164
1.2776421956574224,1.1345046787521915,1,66,-0.1431375169052309
1.213151583764624,1.1392095360372803,1,67,-0.07394204772734381
1.2126545275769736,1.134886042793243,1,68,-0.07776848478373055
1.2810775643298276,1.1298063248601211,1,69,-0.15127123946970644
1.2904756826281008,1.096355723227995,1,70,-0.19411995940010573
1.2768569047264695,1.1430436055546396,1,71,-0.13381329917182994
1.1160506932445122,1.152725156178508,1,72,0.03667446293399568
1.1996113970770765,1.1281610615712525,1,73,-0.07145033550582403
1.2440298015206024,1.1424098850713031,1,74,-0.10161991644929924
1.225404660022162,1.2261524417051823,1,75,0.0007477816830203654
1.3269965794559644,1.2103808935765827,1,76,-0.11661568587938165
1.384019029752872,1.0782610926671967,1,77,-0.30575793708567534
1.2450384630784745,1.1498333300120982,1,78,-0.09520513306637635
1.2225124614870626,1.1006902606924158,1,79,-0.12182220079464678
1.2421074613904683,1.1222445223518365,1,80,-0.11986293903863188
1.2559286514745265,1.0194628502239715,1,81,-0.23646580125055494
1.2229431542785365,1.073263653285823,1,82,-0.14967950099271343
1.33894328708339,1.109444271642509,1,83,-0.22949901544088092
1.3465792961892882,1.1012244918919691,1,84,-0.24535480429731904
1.1954222714867562,1.0939992712221478,1,85,-0.10142300026460838
1.316738094017646,1.1735583299990189,1,86,-0.1431797640186272
1.2482055368701,1.0621218546639608,1,87,-0.18608368220613913
1.3199312995315993,1.1632290214571321,1,88,-0.15670227807446713
1.2810071703011157,1.0594657490493815,1,89,-0.22154142125173415
1.238806385475946,1.157842357370818,1,90,-0.08096402810512782
1.2689945747122084,1.1070315907316504,1,91,-0.16196298398055808
1.1948933871378893,1.085493967870948,1,92,-0.10939941926694119
1.1822540953970773,1.1227389507207133,1,93,-0.059515144676363985
1.2760826489473087,1.168156099798372,1,94,-0.10792654914893673
1.2946170109869626,1.1679720753876945,1,95,-0.12664493559926804
1.261820603501135,1.1207581711988803,1,96,-0.14106243230225468
1.246882100141152,1.0918254360397635,1,97,-0.15505666410138863
1.272742357223211,1.1432215226281415,1,98,-0.12952083459506958
1.3316081948223748,1.0903407547868083,1,99,-0.24126744003556655
1.295658672922697,1.101383012250998,1,100,-0.1942756606716991
1.2873835442556658,1.0594993953890461,1,101,-0.22788414886661967
1.244542686899591,1.1360115003927593,1,102,-0.10853118650683169
1.2126017062453407,1.130843883083846,1,103,-0.0817578231614946
1.2744907190557107,1.2044928787143463,1,104,-0.06999784034136436
1.2879211573458338,1.1242250845704955,1,105,-0.16369607277533826
1.2397801241050186,1.0764000905899893,1,106,-0.16338003351502928
1.2988036738677435,1.0757094101342255,1,107,-0.22309426373351804
1.2509917072048786,1.1169793131485666,1,108,-0.13401239405631205
1.325902892848962,1.14128916060067,1,109,-0.18461373224829192
1.291065664363165,1.1341445144527043,1,110,-0.1569211499104608
1.2291600923825046,1.141997304623671,1,111,-0.08716278775883346
1.2153975275694888,1.1389225363152602,1,112,-0.07647499125422863
1.1944921128870578,1.153801893948942,1,113,-0.04069021893811575
1.246195419799536,1.2584188953436122,1,114,0.012223475544076212
1.1934718941938398,1.11034718416142,1,115,-0.08312471003241972
1.2722952404692878,1.1853697653149748,1,116,-0.08692547515431293
1.2984698476741503,1.0976324041683898,1,117,-0.2008374435057605
1.2978033755817233,1.2201222506375216,1,118,-0.07768112494420176
1.2457264220912396,1.1382713901413082,1,119,-0.10745503194993145
1.3016401323687554,1.1807839592337501,1,120,-0.1208561731350053
1.1955631674369058,1.2313217059611736,1,121,0.0357585385242678
1.3248835066558984,1.2112006713607433,1,122,-0.1136828352951551
1.1654778077361807,1.1143902521332034,1,123,-0.051087555602977286
1.2865414719207804,1.1983745966308892,1,124,-0.0881668752898912
1.2902057578285007,1.1920253563431102,1,125,-0.09818040148539042
1.3152480926697097,1.1750914260763905,1,126,-0.14015666659331916
1.2996744879201023,1.1796873931522218,1,127,-0.1199870947678805
1.3185820718174295,1.088976500484581,1,128,-0.22960557133284842
1.2541507604048514,1.1266507563320394,1,129,-0.12750000407281203
1.3009566458194097,1.1593753341805118,1,130,-0.14158131163889798
1.1831209801660005,1.121738259765641,1,131,-0.061382720400359636
1.252597763581406,1.1223560275252522,1,132,-0.13024173605615386
1.3600255161869663,1.2675982727595194,1,133,-0.0924272434274469
1.2871873875484232,1.0972802198720948,1,134,-0.18990716767632843
1.2915614964684623,1.1768952383914488,1,135,-0.11466625807701347
1.2231393714351724,1.1813010278478204,1,136,-0.041838343587351945
1.219996667153892,1.1435025318379153,1,137,-0.07649413531597671
1.2850077074877377,1.1803210258737773,1,138,-0.10468668161396044
1.2503127360448476,1.136872720455226,1,139,-0.11344001558962158
1.2892868970421698,1.1275208069380054,1,140,-0.16176609010416443
1.2497532277542354,1.1895546334594034,1,141,-0.060198594294831986
1.3017598303171365,1.0283920054109255,1,142,-0.27336782490621103
1.2519877350559414,1.1773312120190085,1,143,-0.07465652303693293
1.3075533515095819,1.091615351980633,1,144,-0.21593799952894877
1.2683506960770334,1.0893832899029248,1,145,-0.17896740617410867
1.2386735741354495,1.1861283663394593,1,146,-0.052545207795990256
1.2924989154008164,1.095329068953948,1,147,-0.1971698464468683
1.1997722443284096,1.100092780604373,1,148,-0.09967946372403658
1.3182843556399284,1.182732805653712,1,149,-0.13555154998621632
1.2103263726473723,1.141606884185836,1,150,-0.0687194884615363
1.2444281809804256,1.0759003445915045,1,151,-0.1685278363889211
1.1753366877442852,1.1081413471662347,1,152,-0.06719534057805054
1.2860965466358585,1.1379167224864817,1,153,-0.1481798241493768
1.1839891396755204,1.1550030613965918,1,154,-0.02898607827892863
1.330717704142653,1.148473370371321,1,155,-0.18224433377133198
1.2914568598211098,1.2054533468660138,1,156,-0.086003512955096
1.2281764826166235,1.137444214679393,1,157,-0.09073226793723044
1.2351716813714613,1.1199281519927322,1,158,-0.11524352937872906
1.2865102374428143,1.0744591488312096,1,159,-0.2120510886116047
1.288009055083121,1.1542217277751177,1,160,-0.13378732730800325
1.2034221366873006,1.1238539066905981,1,161,-0.07956822999670243
1.2186625160967384,1.1679697062568648,1,162,-0.050692809839873565
1.2174392632361655,1.0640916597508199,1,163,-0.1533476034853456
1.2808834952659813,1.1084050371486047,1,164,-0.1724784581173766
1.2917502538200312,1.0991371169449813,1,165,-0.19261313687504988
1.2844555612354218,1.0286200425378405,1,166,-0.25583551869758137
1.2093501795432218,1.0778071990613218,1,167,-0.13154298048189994
1.2715947071579208,1.0582207762723517,1,168,-0.2133739308855691
1.3188156916135925,1.0881456267301262,1,169,-0.2306700648834663
1.205148021959739,1.1718332180208866,1,170,-0.033314803938852444
1.1778256211023863,1.1305715026589946,1,171,-0.04725411844339167
1.3198420222928349,1.1921704091912977,1,172,-0.12767161310153718
1.2036348924465634,1.065688838198179,1,173,-0.13794605424838435
1.3445315616251285,1.2433074473897294,1,174,-0.10122411423539912
1.206876441809374,1.2096213291790536,1,175,0.002744887369679594
1.29979935991856,1.124093503531398,1,176,-0.17570585638716207
1.2358330745214152,1.1167087914482237,1,177,-0.11912428307319156
1.2960834437415698,1.140351909359914,1,178,-0.15573153438165588
1.2588076599453613,1.0886978057608279,1,179,-0.1701098541845334
1.2573341659153543,1.174990714695711,1,180,-0.08234345121964326
1.2918975803128483,1.0023659578951163,1,181,-0.289531622417732
1.3132826185662598,1.239118257002665,1,182,-0.07416436156359474
1.1942630941875905,1.1942417000256462,1,183,-2.1394161944243706e-05
1.3246292911696436,1.1218995169815422,1,184,-0.20272977418810134
1.2724447565855717,1.1707995345444933,1,185,-0.1016452220410784
1.2611897483218348,1.138726822268594,1,186,-0.12246292605324083
1.2642301828101647,1.1087043299210826,1,187,-0.15552585288908216
1.290619438445028,1.1583626388964539,1,188,-0.13225679954857417
1.2424448738403904,1.1583795096771738,1,189,-0.08406536416321653
1.2881471617985656,1.1928917789302254,1,190,-0.09525538286834023
1.3089693536764533,1.1213405917601114,1,191,-0.18762876191634192
1.2045806963842163,1.1580532782654283,1,192,-0.04652741811878802
1.2883609245933574,1.115528516390775,1,193,-0.17283240820258228
1.2866561375047052,1.0589848526858971,1,194,-0.22767128481880805
1.2590488712946097,1.0977567683651082,1,195,-0.16129210292950158
1.2717640527109757,1.1842253251798585,1,196,-0.08753872753111724
1.2644885512991564,1.1747534756521354,1,197,-0.08973507564702099
1.361972305351685,1.1977414241437248,1,198,-0.16423088120796026
1.275539812442597,1.087737073625481,1,199,-0.18780273881711596
1.198151023652666,1.189633461269605,1,200,-0.008517562383061117
1.2880260350488975,1.1195762294514442,1,201,-0.16844980559745326
1.2876516322046987,1.1037262252828062,1,202,-0.18392540692189252
1.3427597312350026,1.0905459167612488,1,203,-0.2522138144737538
1.2352150849553687,1.0356182932207898,1,204,-0.1995967917345789
1.2728248429345335,1.0153743993083824,1,205,-0.2574504436261511
1.2568020377501854,1.0659005166240856,1,206,-0.19090152112609982
1.2713921960484345,1.0873415930740151,1,207,-0.18405060297441933
1.267966184877752,1.1122524997843255,1,208,-0.15571368509342642
1.23131402221593,1.1382264471935821,1,209,-0.09308757502234788
1.1629735567776696,1.0386148020920887,1,210,-0.12435875468558089
1.2772495806080562,1.1132504170688156,1,211,-0.1639991635392406
1.3371397704565429,1.1100416516424523,1,212,-0.2270981188140906
1.2471926654736103,1.1623044196601156,1,213,-0.08488824581349474
1.1805227827853575,1.096283514493528,1,214,-0.0842392682918296
1.3396941820992232,1.2447088010710396,1,215,-0.09498538102818355
1.2707274599949048,1.0564604847535866,1,216,-0.2142669752413182
1.2747560491353689,1.0602480451271081,1,217,-0.21450800400826076
1.2200206167955614,1.1099403058467427,1,218,-0.11008031094881865
1.198544707099004,1.147871074969996,1,219,-0.050673632129007995
1.2905595289381337,1.1292597614894304,1,220,-0.16129976744870334
1.2943151076411796,1.0927884619093535,1,221,-0.2015266457318261
1.2159805162123285,1.12127634450562,1,222,-0.09470417170670853
1.2403119824063966,1.0520905598888781,1,223,-0.1882214225175185
1.2873084509365158,1.1500316846287046,1,224,-0.13727676630781116
1.2857014282196844,1.0583670870295785,1,225,-0.22733434119010587
1.2153389623368263,1.1565004533756236,1,226,-0.058838508961202685
1.2000036758036237,1.1545548294791135,1,227,-0.045448846324510184
1.2332410718184557,1.1134860523246566,1,228,-0.11975501949379908
1.2572684886348842,1.0999877775340057,1,229,-0.1572807111008785
1.2707788571458196,1.1270573503171,1,230,-0.14372150682871965
1.2832223620370478,1.0822191750969912,1,231,-0.2010031869400566
1.1262594680378601,1.0836149657245848,1,232,-0.04264450231327532
1.340757599084302,1.1453181649284663,1,233,-0.19543943415583565
1.3610603890760136,1.0884270897757506,1,234,-0.2726332993002629
1.2507660692229379,1.0890855194782976,1,235,-0.1616805497446403
1.2696896718066952,1.152364262355906,1,236,-0.11732540945078918
1.3536272115012078,1.1837207099729286,1,237,-0.16990650152827924
1.2516763046883668,1.1533546860392907,1,238,-0.09832161864907607
1.339988456194583,1.1426114675963144,1,239,-0.19737698859826858
1.2343879424595299,1.1040626625825538,1,240,-0.13032527987697606
1.2670834408598182,1.0891008261387305,1,241,-0.17798261472108767
1.1989500883731539,1.0475757190672124,1,242,-0.1513743693059415
1.14709890593041,1.0629789468306905,1,243,-0.08411995909971948
1.3164260361421984,1.1578993001294997,1,244,-0.15852673601269873
1.2926932223062675,1.1213188584602676,1,245,-0.1713743638459999
1.2094428453306763,1.1781640021369315,1,246,-0.03127884319374474
1.173336755204873,1.1208856105332607,1,247,-0.05245114467161227
1.2386359118622172,1.1235399961384374,1,248,-0.11509591572377986
1.2979007499688562,1.1283292051901246,1,249,-0.1695715447787316
1.2639906911201941,1.0816358932718622,1,250,-0.18235479784833197
1.3088109081472081,1.1782750248370653,1,251,-0.13053588331014288
1.1479024404135079,1.1498782864485713,1,252,0.0019758460350634
1.2617442063351183,1.1899121963945263,1,253,-0.07183200994059202
1.284224286497222,1.1393465335619577,1,254,-0.14487775293526428
1.2558371840783704,1.1404782148608716,1,255,-0.11535896921749877
1.231139518164342,1.05952220698607,1,256,-0.17161731117827217
1.3446957320234585,1.0899082300022833,1,257,-0.25478750202117517
1.265716347929669,1.1825515808138185,1,258,-0.08316476711585041
1.2288705151802883,1.1315406929682184,1,259,-0.09732982221206998
1.2682364794700438,1.070960026810058,1,260,-0.19727645265998572
1.2806624989179884,1.1454828870566116,1,261,-0.13517961186137684
1.2401845316637987,1.1576397198533304,1,262,-0.08254481181046835
1.288731313571637,1.0118426730955798,1,263,-0.2768886404760571
1.262591159482919,1.1332124413734785,1,264,-0.12937871810944035
1.3153631783057644,1.1524314111514355,1,265,-0.1629317671543289
1.2276315511073812,1.1313197454814423,1,266,-0.09631180562593888
1.2023762307560746,1.2719239303985774,1,267,0.06954769964250285
1.3341971762457623,1.181634795513612,1,268,-0.15256238073215034
1.2648481440475483,1.0968472112626357,1,269,-0.16800093278491257
1.3791352570501907,1.2121898000114966,1,270,-0.16694545703869412
1.1797572978119781,1.0884198860115606,1,271,-0.09133741180041755
1.281372064111162,1.0969540395232327,1,272,-0.18441802458792922
1.194069751957547,1.0812140294162254,1,273,-0.11285572254132159
1.2422438758335463,1.1340305308573635,1,274,-0.10821334497618285
1.3718465778299345,1.121380101114399,1,275,-0.25046647671553557
1.225181545512676,1.2053742948854873,1,276,-0.01980725062718869
1.2559021013596905,1.0708748826973713,1,277,-0.1850272186623192
1.2536071093164027,1.1476912028182806,1,278,-0.1059159064981221
1.2936194854617407,1.128904572905793,1,279,-0.16471491255594772
1.3208810559822242,1.1849212231554582,1,280,-0.13595983282676594
1.3462138640296821,1.1035993746966577,1,281,-0.24261448933302443
1.2206635996517403,1.1041401788581404,1,282,-0.1165234207935999
1.2448350212798052,1.1992769984330252,1,283,-0.04555802284678001
1.2232968539905367,1.239877086625615,1,284,0.01658023263507835
1.2424631110591855,1.176277371782776,1,285,-0.06618573927640958
1.279563181000116,0.9857915431808132,1,286,-0.2937716378193028
1.2966716664815983,1.1154921843791064,1,287,-0.1811794821024919
1.356959175258758,1.167000313826702,1,288,-0.18995886143205598
1.3215467640934087,1.2099239267895356,1,289,-0.11162283730387301
1.335711268614085,1.1306881771192483,1,290,-0.20502309149483677
1.1328830052601753,1.1645699387829138,1,291,0.03168693352273855
1.2926802332827634,1.1290816923363878,1,292,-0.1635985409463756
1.2245973923281344,1.1112873603708249,1,293,-0.11331003195730949
1.295200164625781,1.2229145872029594,1,294,-0.07228557742282149
1.2045226391739472,1.128552589842728,1,295,-0.0759700493312192
1.2080393615033103,1.1804479101453755,1,296,-0.027591451357934726
1.1619725599812916,1.1457713013655464,1,297,-0.016201258615745173
1.3939808847955006,1.1436112943250762,1,298,-0.2503695904704244
1.263371740079379,1.1238232226459133,1,299,-0.13954851743346564
1.2620148443524728,1.1844781631253896,1,300,-0.07753668122708324
1.3548414264533637,1.241317565424156,1,301,-0.11352386102920775
1.1854589925758703,1.105135748843972,1,302,-0.08032324373189836
1.1654437883770021,1.1713371471085436,1,303,0.005893358731541509
1.263893187593967,1.1302579523355516,1,304,-0.13363523525841536
1.2110079603445048,1.1604526571168063,1,305,-0.05055530322769841
1.209506804676057,1.1648497026770361,1,306,-0.044657101999020954
1.2326110843539322,1.1298745144523084,1,307,-0.10273656990162383
1.2787272887131567,1.1667483145223856,1,308,-0.11197897419077107
1.3369790914104986,1.0611581209111876,1,309,-0.2758209704993111
1.2788408347064946,1.1434621415100061,1,310,-0.13537869319648843
1.344846846420566,1.16204985283898,1,311,-0.18279699358158608
1.2174105659790593,1.1644928961048664,1,312,-0.052917669874192885
1.2181651594438165,1.1753585381122702,1,313,-0.042806621331546335
1.2525469173443275,1.2229186045187381,1,314,-0.02962831282558942
1.255517322093209,1.061041431015968,1,315,-0.19447589107724106
1.2494684241723786,1.1327629981402638,1,316,-0.11670542603211476
1.224140659435333,1.1948415627238056,1,317,-0.029299096711527417
1.3069461076575846,1.1489890263909333,1,318,-0.1579570812666513
1.2423427705031145,1.1725892538288125,1,319,-0.06975351667430196
1.3022535158812625,1.1794941477516994,1,320,-0.12275936812956312
1.2479072899567214,1.227150186320554,1,321,-0.02075710363616734
1.2950753540924627,1.1602763551122184,1,322,-0.13479899898024428
1.2915543693743823,1.1681758359760315,1,323,-0.12337853339835081
1.2979412279691547,1.1866020931389625,1,324,-0.1113391348301922
1.2464524135054638,1.1247575289458338,1,325,-0.12169488455962996
1.2829013046039608,1.0996575861993625,1,326,-0.1832437184045983
1.2608531396944653,1.136050866142799,1,327,-0.12480227355166629
1.30340162318435,1.2102376870140712,1,328,-0.09316393617027874
1.257994673280025,1.0374729680723611,1,329,-0.2205217052076638
1.2558858397652835,1.0955384089983045,1,330,-0.160347430766979
1.2864923090175644,1.1655797961076277,1,331,-0.12091251290993665
1.2745454397660831,1.0987998754437265,1,332,-0.17574556432235666
1.2495762641644896,1.2050018781149072,1,333,-0.044574386049582415
1.3132235199533147,1.0801720126930305,1,334,-0.23305150726028412
1.1927058714178547,1.21784820975591,1,335,0.025142338338055348
1.2718980306031522,1.1776740322408323,1,336,-0.09422399836231987
1.1973266352867113,1.0962685166300126,1,337,-0.10105811865669878
1.2664616418891013,1.1047656403057884,1,338,-0.16169600158331288
1.385902032785916,1.1242019895157203,1,339,-0.2617000432701957
1.2733053623776178,1.081585889037854,1,340,-0.1917194733397638
1.2159534497691398,1.0336078356223068,1,341,-0.18234561414683292
1.2402008553083117,1.1286843252447432,1,342,-0.11151653006356854
1.3583138567503403,1.1003761231531324,1,343,-0.25793773359720795
1.1031112620081576,1.0379231721038837,1,344,-0.06518808990427383
1.2650992701287112,1.1107858694303858,1,345,-0.15431340069832533
1.251878254285232,1.1282264957412498,1,346,-0.12365175854398225
1.2086225278881266,1.0766980895716949,1,347,-0.13192443831643175
1.1919316975260987,1.1859711057268354,1,348,-0.005960591799263337
1.2764297561376527,1.1901966250318587,1,349,-0.086233131105794
1.2654863978102495,1.1764900769659523,1,350,-0.0889963208442972
1.3313883054088091,1.1476339999189047,1,351,-0.18375430548990446
1.1920152244893734,1.109075528173547,1,352,-0.08293969631582643
1.294603207858814,1.2001687459753663,1,353,-0.09443446188344784
1.2899717154299504,1.091242000630963,1,354,-0.19872971479898727
1.2500453480852387,1.1414500915511976,1,355,-0.10859525653404112
1.165472878690496,1.1178157340307422,1,356,-0.04765714465975379
1.3105677496505883,1.1664247881862635,1,357,-0.14414296146432481
1.1934465137488752,1.1096473261696567,1,358,-0.08379918757921856
1.253760318747203,1.2136377192786703,1,359,-0.040122599468532805
1.2335507575648013,1.2023153651483782,1,360,-0.031235392416423036
1.298910899590897,1.1084971392291023,1,361,-0.19041376036179458
1.2738659934803045,1.0978946157170528,1,362,-0.17597137776325167
1.2349085130849549,1.1144399960446532,1,363,-0.1204685170403017
1.2222038527217547,1.166868613192684,1,364,-0.05533523952907071
1.2492671491767378,1.2080106124192014,1,365,-0.04125653675753638
1.2603849074393885,1.1526320777992394,1,366,-0.1077528296401491
1.1684078436080587,1.1384248115557576,1,367,-0.02998303205230113
1.1987260649548348,1.1177251293699089,1,368,-0.08100093558492594
1.2628856833241697,1.1504951845367284,1,369,-0.11239049878744134
1.2490334956162328,1.216890725683746,1,370,-0.03214276993248677
1.297769491163039,1.0953513434177706,1,371,-0.20241814774526845
1.2529688003168007,1.1787430450090761,1,372,-0.07422575530772457
1.253857757170525,1.0648263049491884,1,373,-0.18903145222133655
1.2845061874572945,1.0866389125811067,1,374,-0.19786727487618783
1.2396800867947102,1.1282010768239683,1,375,-0.1114790099707419
1.3290148786955966,1.1173015997493194,1,376,-0.21171327894627723
1.1991741564048302,1.1806182806061516,1,377,-0.018555875798678567
1.2502575037997625,1.0938107678149132,1,378,-0.15644673598484937
1.2602486322918396,1.0974596165803496,1,379,-0.16278901571148996
1.2316077177747067,1.100997852718707,1,380,-0.1306098650559997
1.2074639204824171,1.1435582744829678,1,381,-0.06390564599944937
1.336518263477123,1.1328684825985056,1,382,-0.20364978087861751
1.2032234261911348,1.1802064762104345,1,383,-0.023016949980700252
1.2347680107882772,1.178488448677624,1,384,-0.056279562110653325
1.2110496452693114,1.1332823308545095,1,385,-0.07776731441480189
1.3906172550980176,1.2150369896238482,1,386,-0.17558026547416938
1.2747788498015222,1.166255024138931,1,387,-0.10852382566259133
1.2610703406227182,1.0705275133913557,1,388,-0.1905428272313625
1.291075755655064,1.0357044917166813,1,389,-0.2553712639383827
1.2660863433800464,1.0545129974783936,1,390,-0.2115733459016529
1.1996649738631338,1.1158169292844329,1,391,-0.08384804457870088
1.3032220937314842,1.0856791447976588,1,392,-0.21754294893382542
1.2313142129362866,1.1605920472387012,1,393,-0.07072216569758538
1.2484663917141117,1.0723593874774584,1,394,-0.17610700423665326
1.2560981377438503,1.1509209305453214,1,395,-0.10517720719852885
1.246764328567331,1.0807629254281124,1,396,-0.16600140313921874
1.232017047731718,1.1377518669468314,1,397,-0.09426518078488666
1.2519906892219392,1.0249613083075735,1,398,-0.22702938091436575
1.2748136046101275,1.074721639027853,1,399,-0.2000919655822746
1.2944284862659505,1.0924279736657962,1,400,-0.20200051260015428
1.2404344981243751,1.1818571433818819,1,401,-0.05857735474249326
1.32216287942363,1.1240340300039309,1,402,-0.1981288494196991
1.2383629322127736,1.116118914917616,1,403,-0.12224401729515755
1.2703258209248238,1.114081991121351,1,404,-0.15624382980347273
1.3124849745142702,1.2197345511664068,1,405,-0.09275042334786332
1.1771951085602421,1.2628756992855996,1,406,0.0856805907253575
1.2194159419705204,1.2152856757331476,1,407,-0.004130266237372782
1.3468019308141974,1.2011831475987453,1,408,-0.14561878321545207
1.3645249804572093,1.245314593609436,1,409,-0.11921038684777319
1.2547576624815455,1.147191314213126,1,410,-0.10756634826841949
1.2190850583350996,1.1353513521064844,1,411,-0.0837337062286152
1.3522198866370438,1.1976062060010182,1,412,-0.15461368063602565
1.3182718415564663,1.0987830768886284,1,413,-0.21948876466783784
1.3249858764238465,1.1089462381252595,1,414,-0.21603963829858697
1.2036537647052274,1.1531694798546277,1,415,-0.05048428485059975
1.2387917722100998,1.1423896431980625,1,416,-0.09640212901203737
1.2318323793436525,1.1503976890009464,1,417,-0.08143469034270612
1.2309115838410043,1.1232226300962587,1,418,-0.10768895374474563
1.2995381311586534,1.1770197990719122,1,419,-0.12251833208674112
1.2223019494502902,1.0935532469432363,1,420,-0.12874870250705395
1.2560792706761152,1.238153996772829,1,421,-0.017925273903286243
1.2717418332233543,1.2483253955276346,1,422,-0.023416437695719772
1.213346037189396,1.0659652988845256,1,423,-0.14738073830487042
1.2968945887966483,1.1872514261988953,1,424,-0.10964316259775297
1.2335409195672706,1.1756485898363247,1,425,-0.057892329730945935
1.3224827467397666,1.169531023452546,1,426,-0.15295172328722062
1.2730907784299723,1.0987669496292123,1,427,-0.17432382880076003
1.2392089182559747,1.0727093182890886,1,428,-0.16649959996688612
1.199880258791464,1.12162888089852,1,429,-0.07825137789294412
1.1766134711349578,1.042576670785185,1,430,-0.13403680034977294
1.3106983358854853,1.0953972495648454,1,431,-0.21530108632063993
1.2739890886537264,1.1047091258073007,1,432,-0.16927996284642566
1.1856906785149965,1.1625477917860239,1,433,-0.02314288672897269
1.2072463497295833,1.1346665119957111,1,434,-0.07257983773387222
1.2535724117002358,1.1403288253406403,1,435,-0.11324358635959553
1.2292482307823531,1.1673840935068527,1,436,-0.06186413727550044
1.2905972007207305,1.1467954345190858,1,437,-0.14380176620164464
1.2569415631416962,1.0832559117108485,1,438,-0.1736856514308478
1.2099470639666174,1.1015343062535552,1,439,-0.10841275771306225
1.1901726928211973,1.0482997309883282,1,440,-0.14187296183286913
1.2699463034129002,1.023855498724932,1,441,-0.24609080468796818
1.2702860040676889,1.2075261253445473,1,442,-0.0627598787231416
1.3218082637488269,1.130735440391855,1,443,-0.19107282335697184
1.2575110489009895,1.1368592558130106,1,444,-0.12065179308797891
1.2275097935929242,1.1691497533903608,1,445,-0.05836004020256347
1.2465376903987937,1.1959313359866035,1,446,-0.05060635441219019
1.2777933325484931,1.1601764781199875,1,447,-0.11761685442850567
1.2117056627034763,1.0678061799092324,1,448,-0.14389948279424392
1.3399169446777202,1.1892705260098895,1,449,-0.15064641866783068
1.2836449927628917,1.0839033414588817,1,450,-0.19974165130401
1.267295709516131,1.1811002887609363,1,451,-0.08619542075519471
1.3569532445994072,1.0897002438680095,1,452,-0.2672530007313978
1.27765623904319,1.100444330928097,1,453,-0.17721190811509313
1.2631488406149656,1.141544646476102,1,454,-0.12160419413886348
1.2658387646546951,1.1537633503198845,1,455,-0.11207541433481061
1.2175587007369737,1.078170488620251,1,456,-0.1393882121167227
1.3269825119406065,1.0720989801235674,1,457,-0.25488353181703904
1.2671905743321215,1.1406074461016424,1,458,-0.12658312823047901
1.2113350710682314,1.0829430172776648,1,459,-0.1283920537905665
1.3123233433843227,1.1742820611637357,1,460,-0.13804128222058698
1.2188562496692448,1.0789493040935982,1,461,-0.13990694557564654
1.3326375769447303,1.1244576822850836,1,462,-0.2081798946596467
1.2683353752111397,1.270678881041745,1,463,0.0023435058306053858
1.2746854527808857,1.152200346274463,1,464,-0.12248510650642275
1.2802885667053994,1.1831855999451955,1,465,-0.09710296676020391
1.1669505643502238,1.164481965524834,1,466,-0.002468598825389856
1.3296114850955505,1.1202918849193935,1,467,-0.20931960017615703
1.2287719482780082,1.1215603271246137,1,468,-0.10721162115339444
1.284245058732127,1.2126191310231431,1,469,-0.0716259277089839
1.2986120068418638,1.1415851894482612,1,470,-0.1570268173936027
1.3333697513605902,1.164831461336771,1,471,-0.16853829002381926
1.2909258562041261,1.1822945155335718,1,472,-0.10863134067055435
1.29891283542749,1.0404173032013726,1,473,-0.2584955322261173
1.2773124742637258,1.1121236673619659,1,474,-0.16518880690175997
1.3081552004652448,1.249999898841837,1,475,-0.05815530162340776
1.2508720794352164,1.1136919366471105,1,476,-0.13718014278810586
1.3839845937836062,1.1370378586649408,1,477,-0.24694673511866538
1.2248550446645812,1.1269275643934014,1,478,-0.09792748027117981
1.2926190220817235,1.1910013551341476,1,479,-0.1016176669475759
1.2786598220658756,1.1859094533972456,1,480,-0.09275036866862996
1.3667575389219522,1.177883536052963,1,481,-0.18887400286898925
1.2937552970671016,1.1400171878843304,1,482,-0.1537381091827712
1.3280290444041305,1.172517299421132,1,483,-0.15551174498299858
1.1966504405680318,1.1024138213385375,1,484,-0.09423661922949433
1.205490426022104,1.111485255085943,1,485,-0.0940051709361609
1.289380762942152,1.0917307879781462,1,486,-0.19764997496400594
1.044360152561227,1.0814000875283885,1,487,0.037039934967161514
1.20394106407349,1.1486364772135929,1,488,-0.05530458685989714
1.186878802492881,1.0484574143828334,1,489,-0.13842138811004756
1.2290680063610924,1.0830261299228001,1,490,-0.14604187643829225
1.2351487086966009,1.1134558652387738,1,491,-0.12169284345782705
1.255949171891479,1.1542218953854908,1,492,-0.10172727650598823
1.2342582624960823,1.1225335663456169,1,493,-0.11172469615046543
1.184611861859119,1.072467238813163,1,494,-0.11214462304595596
1.1862511932483915,1.129532237957996,1,495,-0.0567189552903955
1.277492977121141,1.0827159591157363,1,496,-0.1947770180054047
1.2517695798013915,1.1796414603013832,1,497,-0.0721281195000083
1.2742415023778053,1.1856343754158079,1,498,-0.08860712696199746
1.3376057779477264,1.1601944761388419,1,499,-0.17741130180888454
1.2862489741567054,1.167146040022579,1,500,-0.11910293413412631
1.2887326874309983,1.0899787313604572,1,501,-0.19875395607054114
1.3016037406018532,1.083168122732849,1,502,-0.21843561786900434
1.2643352050470107,1.1427215475707162,1,503,-0.12161365747629449
1.3153318363806217,1.1691991615159307,1,504,-0.14613267486469095
1.3370789993228365,1.1101998041126175,1,505,-0.22687919521021893
1.2203033397492256,1.080464164576261,1,506,-0.13983917517296462
1.2705201919245805,1.1039428756384595,1,507,-0.16657731628612105
1.2117085543057426,1.082292730773903,1,508,-0.12941582353183967
1.2769758141894798,1.1152021685879654,1,509,-0.16177364560151442
1.350063846069192,1.1486099024898122,1,510,-0.20145394357937985
1.282888442674977,1.0983754152928782,1,511,-0.18451302738209874
1.318115156465154,1.0821502486031112,1,512,-0.23596490786204294
1.2393348673281606,1.1631316612293743,1,513,-0.07620320609878628
1.3472131086118972,1.1483149250842277,1,514,-0.19889818352766953
1.2852079909994543,1.2505630454256507,1,515,-0.0346449455738036
1.346337467078028,1.1576017247451844,1,516,-0.18873574233284351
1.3410511025911087,1.1384860575221323,1,517,-0.20256504506897643
1.2406942934640306,1.1333234658633602,1,518,-0.1073708276006704
1.2385438136926796,1.1738852506523183,1,519,-0.06465856304036133
1.1913813407474085,1.068167433896303,1,520,-0.12321390685110556
1.2397073228730107,1.2255222817818365,1,521,-0.014185041091174133
1.2806293247691536,1.0534156198833007,1,522,-0.2272137048858529
1.2979897680110404,1.0887714825905659,1,523,-0.2092182854204745
1.205116177113024,1.2164883816484036,1,524,0.01137220453537946
1.2401634942281496,0.9672779732459365,1,525,-0.2728855209822132
1.2165974854365451,1.0756734435380668,1,526,-0.1409240418984783
1.31020043831243,1.0873947735102094,1,527,-0.22280566480222053
1.2308966781775261,1.1415843424416292,1,528,-0.08931233573589692
1.2286837158148276,1.0487684623554288,1,529,-0.17991525345939885
1.2462108226986872,1.1583509626676707,1,530,-0.08785986003101653
1.241623124212862,1.1606352972220102,1,531,-0.08098782699085172
1.2929024048739535,1.056159185028076,1,532,-0.23674321984587743
1.1808939324933008,1.1256023744593497,1,533,-0.05529155803395103
1.2155265253112664,1.1969901128016263,1,534,-0.01853641250964011
1.2154531164179805,1.0660590577641642,1,535,-0.14939405865381628
1.1724372536966856,1.235639316548331,1,536,0.06320206285164542
1.2655376097477102,1.0769798853704495,1,537,-0.1885577243772607
1.2181460150366634,1.044566534158742,1,538,-0.1735794808779214
1.1874540908408073,1.1187644719169276,1,539,-0.0686896189238797
1.2443592843581792,1.145091503265155,1,540,-0.09926778109302425
1.2298898352098788,1.129254505179019,1,541,-0.10063533003085978
1.3411535899619769,1.0595934225616523,1,542,-0.2815601674003245
1.3828192767917447,1.1101913627043725,1,543,-0.2726279140873722
1.18669715408023,1.175538675250752,1,544,-0.011158478829478069
1.2658920441366337,1.1453365210764594,1,545,-0.12055552306017425
1.2926249154236238,1.1162553057479716,1,546,-0.17636960967565218
1.2979218097544007,1.112616303400586,1,547,-0.1853055063538147
1.1842455552243374,1.0816359786853307,1,548,-0.10260957653900671
1.2829155349377348,1.1240069287571983,1,549,-0.15890860618053648
1.264854512897791,1.104717991361781,1,550,-0.16013652153601
1.2868173251213513,1.0837676170828503,1,551,-0.20304970803850098
1.3210811634017858,1.1293951115555583,1,552,-0.19168605184622756
1.2662348694692322,1.1361129015681226,1,553,-0.13012196790110964
1.2207770762286938,1.1030331027852154,1,554,-0.11774397344347842
1.2942197800526234,1.127831713439389,1,555,-0.16638806661323446
1.3076032913529636,1.2127302454286428,1,556,-0.09487304592432078
1.3235705026672437,1.0224137154686306,1,557,-0.30115678719861316
1.2737387736979067,1.1595616995445999,1,558,-0.1141770741533068
1.2815973076843001,1.1032915965208114,1,559,-0.1783057111634887
1.3417758393665054,1.186530864407748,1,560,-0.15524497495875744
1.2148330060073085,1.182682029395189,1,561,-0.03215097661211952
1.2666289552008696,1.1885136228253397,1,562,-0.07811533237552992
1.23874225832243,1.1134990228196648,1,563,-0.12524323550276506
1.300149249361304,1.231665383196155,1,564,-0.06848386616514901
1.2941835462086617,1.1449320546597526,1,565,-0.14925149154890915
1.2420424135056483,1.1732333288775894,1,566,-0.0688090846280589
1.2724394596059108,1.1486340291510058,1,567,-0.123805430454905
1.327838073234529,1.096829709627173,1,568,-0.23100836360735588
1.2036437310436958,1.1315966357457725,1,569,-0.0720470952979233
1.2432696605284344,1.1217355479912645,1,570,-0.12153411253716984
1.329643073868483,1.1444204019219613,1,571,-0.18522267194652176
1.4050952561968642,1.2307709390919466,1,572,-0.17432431710491758
1.2349101975894365,1.1617770268446521,1,573,-0.07313317074478443
1.349236966969572,1.0990075550399139,1,574,-0.2502294119296582
1.2969876890895764,1.1444103206240628,1,575,-0.15257736846551362
1.26700548843458,1.1310163381375156,1,576,-0.1359891502970645
1.2670790330011867,1.2393657408143999,1,577,-0.027713292186786864
1.2659905882232496,1.1858585782785518,1,578,-0.08013200994469782
1.1987019305013942,1.1385177394332648,1,579,-0.060184191068129334
1.3071615883655094,1.1190185501660888,1,580,-0.1881430381994207
1.253060508363922,1.1152810406435314,1,581,-0.1377794677203905
1.227850208875195,1.0862263794724447,1,582,-0.1416238294027503
1.261795963268917,1.1801359015662871,1,583,-0.08166006170262996
1.2588981928081744,1.1185284451533068,1,584,-0.14036974765486754
1.23478878092192,1.1241785931655215,1,585,-0.11061018775639853
1.2555553975650626,1.122729832325185,1,586,-0.13282556523987754
1.247445444099275,1.143245805477615,1,587,-0.10419963862166015
1.3554456775684822,1.1900262344631938,1,588,-0.16541944310528844
1.302036729048959,1.0937493592261835,1,589,-0.2082873698227754
1.2534067078588804,1.115188981959999,1,590,-0.13821772589888148
1.2743097274532185,1.0970416172343938,1,591,-0.17726811021882471
1.2706608056216222,1.135887807676248,1,592,-0.13477299794537423
1.3279506103430185,1.15000177252126,1,593,-0.17794883782175863
1.1748271207324827,1.1905002837542078,1,594,0.015673163021725056
1.2266187904643577,1.1543711003252062,1,595,-0.07224769013915155
1.2867138961890732,1.1192858832492112,1,596,-0.16742801293986198
1.2305090234742326,1.1273158972077775,1,597,-0.10319312626645516
1.2486314751931824,1.1621235513051578,1,598,-0.08650792388802464
1.3255792334623182,1.1282013193000502,1,599,-0.19737791416226802
1.2771489907809288,1.2126245474710204,1,600,-0.06452444330990836
1.3008292589647013,1.1999862538488262,1,601,-0.10084300511587507
1.256246546821318,1.029802376035987,1,602,-0.22644417078533108
1.3494299715528566,1.1698447230998155,1,603,-0.17958524845304114
1.2545561675029822,1.1015196370432307,1,604,-0.1530365304597514
1.1507254341289865,1.1201069789479012,1,605,-0.030618455181085302
1.4330771467038121,1.151822850698481,1,606,-0.28125429600533125
1.1909165525498333,1.1137634131265959,1,607,-0.07715313942323743
1.316376237760696,1.0944746680084803,1,608,-0.22190156975221575
1.2044341778121908,1.1856048793193636,1,609,-0.018829298492827107
1.3480157941136601,1.1917561452230179,1,610,-0.15625964889064226
1.1939083258894783,1.0990163579057066,1,611,-0.09489196798377164
1.2365669590635358,1.0590462929359405,1,612,-0.1775206661275952
1.295758397181633,1.0894017566297352,1,613,-0.20635664055189795
1.3206852511892224,1.139390085335711,1,614,-0.18129516585351135
1.2509319730701898,1.1047094038269136,1,615,-0.14622256924327615
1.2527236387552445,1.049879023604992,1,616,-0.20284461515025254
1.1841421533382384,1.1951871614482783,1,617,0.011045008110039944
1.196891939751107,1.1149998998377766,1,618,-0.0818920399133305
1.192822177011764,1.1451007780480584,1,619,-0.04772139896370553
1.2571810930697238,1.0536864796321208,1,620,-0.203494613437603
1.317619788219857,1.0447637335091708,1,621,-0.2728560547106862
1.2617071253418695,1.036006176822137,1,622,-0.22570094851973255
1.2300828737804157,1.197104326852547,1,623,-0.032978546927868724
1.242786934577341,1.0855620593867532,1,624,-0.1572248751905878
1.1977151293636203,1.1449400661307845,1,625,-0.05277506323283587
1.2003309121866244,1.1967432094895725,1,626,-0.0035877026970518866
1.267879634266368,1.1792142174495783,1,627,-0.08866541681678974
1.2653581286182196,1.1311373297388476,1,628,-0.134220798879372
1.2586262276627718,1.1719636062122343,1,629,-0.08666262145053749
1.254367471299557,1.2016924042656878,1,630,-0.05267506703386915
1.291034162839201,1.0714498136934278,1,631,-0.21958434914577318
1.252623263767979,1.1220987979843264,1,632,-0.13052446578365262
1.2620591431403816,1.1566667057802025,1,633,-0.10539243736017911
1.3029420071297817,1.178686535443549,1,634,-0.12425547168623274
1.2992493215046925,1.1857904867782525,1,635,-0.11345883472644003
1.3172515782272547,1.0979974047398124,1,636,-0.21925417348744225
1.1798564134801763,1.1397239503695153,1,637,-0.04013246311066099
1.2924496116713708,1.2040397619835235,1,638,-0.08840984968784737
1.1822875963839368,1.2258715654025376,1,639,0.04358396901860084
1.3799704262238364,1.1659562070213139,1,640,-0.2140142192025225
1.3905186053960932,1.1713810581017012,1,641,-0.21913754729439194
1.2183704808586442,1.1658307758832598,1,642,-0.052539704975384405
1.245696902307285,1.1699232850866654,1,643,-0.0757736172206196
1.2606643747746045,1.1673517136428089,1,644,-0.0933126611317956
1.2585875900295824,1.1248643685248463,1,645,-0.13372322150473614
1.2807628307640326,1.144096691888806,1,646,-0.1366661388752266
1.269979614418566,1.1316450872355663,1,647,-0.13833452718299966
1.2178155158716724,1.109807933680946,1,648,-0.10800758219072626
1.2168759264581503,1.129661225938124,1,649,-0.08721470052002633
1.2176805885990982,1.1342470167880545,1,650,-0.08343357181104372
1.2146490387638305,1.1404092679715792,1,651,-0.0742397707922513
1.3066788502858353,1.1402345501923596,1,652,-0.16644430009347566
1.3317443966447136,1.1338401857721236,1,653,-0.19790421087258991
1.2421997292144782,1.120248042206582,1,654,-0.12195168700789627
1.1497358863540286,1.1836625922416637,1,655,0.033926705887635134
1.2372144767057913,1.0769134543753358,1,656,-0.1603010223304555
1.3173604671491157,1.1179102606149924,1,657,-0.19945020653412326
1.3094327876648186,1.1398067725392118,1,658,-0.16962601512560682
1.2439211951396283,1.1955404096160718,1,659,-0.04838078552355651
1.3025259725533163,1.2482914791277848,1,660,-0.05423449342553144
1.335270036342287,1.1341874186934204,1,661,-0.20108261764886648
1.3202318851490893,1.131125893294962,1,662,-0.18910599185412735
1.3057590241264043,1.2487197623152493,1,663,-0.05703926181115504
1.3380785867875724,1.1706470914240201,1,664,-0.16743149536355229
1.2586108911980511,1.1724011903492693,1,665,-0.08620970084878188
1.3056042061860873,1.1103128594943468,1,666,-0.19529134669174053
1.2267394552558626,1.125780603382111,1,667,-0.10095885187375164
1.2980905998539376,1.0987709416292626,1,668,-0.199319658224675
1.3184496911596972,1.132064185826169,1,669,-0.18638550533352816
1.2911733522549056,1.0874376686910652,1,670,-0.20373568356384042
1.2151455495768309,1.0766551142617613,1,671,-0.13849043531506955
1.2803828279014868,1.1488580898906615,1,672,-0.13152473801082532
1.249332001913039,1.1432000663682318,1,673,-0.10613193554480715
1.2404738613386561,1.1172782439362432,1,674,-0.12319561740241292
1.2914006354183174,1.0993111186191717,1,675,-0.19208951679914565
1.278407964175762,1.2739048730930873,1,676,-0.0045030910826746595
1.2525156093193075,1.1290625569193389,1,677,-0.12345305239996862
1.28070253794293,1.1730780919510366,1,678,-0.10762444599189336
1.328556753842705,1.222045476287279,1,679,-0.106511277555426
1.2881081254483129,1.0764545393338123,1,680,-0.21165358611450058
1.2952101671529272,1.1901430609013894,1,681,-0.10506710625153781
1.2181726065947243,1.1213601479734165,1,682,-0.09681245862130772
1.2120351360113386,1.1261256077170427,1,683,-0.08590952829429588
1.3489001499674629,1.082235440959868,1,684,-0.26666470900759487
1.1517894790224414,1.0893486208405603,1,685,-0.062440858181881165
1.2460595746689322,1.0797664054803844,1,686,-0.16629316918854786
1.2862542549859026,1.177277551784737,1,687,-0.1089767032011657
1.2789140956168188,1.1305771796141002,1,688,-0.1483369160027186
1.2643182135792026,1.2121782260866758,1,689,-0.052139987492526796
1.3391102011672156,1.0599846623445885,1,690,-0.27912553882262703
1.3092098484517165,1.1161133940575358,1,691,-0.19309645439418066
1.2622433022719013,1.1490512737227445,1,692,-0.11319202854915678
1.2719531607931531,1.177482048839012,1,693,-0.09447111195414104
1.2508439537711453,1.0016159107281872,1,694,-0.2492280430429581
1.303387939218202,1.0333848541099373,1,695,-0.27000308510826465
1.2400637015659992,1.1175192266813891,1,696,-0.12254447488461007
1.2383106835983777,1.1346976206668637,1,697,-0.10361306293151396
1.2793298055228635,1.102271856077578,1,698,-0.17705794944528552
1.1561603279120978,1.0662416692480154,1,699,-0.08991865866408233
1.2589163133770984,1.2108712968589654,1,700,-0.04804501651813298
1.262134004632735,1.2090124662546688,1,701,-0.0531215383780661
1.2881169022527146,1.1243141082328207,1,702,-0.16380279401989384
1.3034842681109549,1.1815199624130441,1,703,-0.12196430569791072
1.3304521051500013,1.1118428740765218,1,704,-0.21860923107347952
1.3915380063897576,1.2255406782994775,1,705,-0.16599732809028
1.2791716992573503,1.2415956673206208,1,706,-0.03757603193672954
1.272795642298454,1.111433812437927,1,707,-0.16136182986052705
1.3501241378775253,1.217860788288064,1,708,-0.13226334958946118
1.358892865732927,1.1173512795430225,1,709,-0.2415415861899044
1.3431148299630524,1.1340125995854384,1,710,-0.209102230377614
1.2824610644312222,1.095861994508127,1,711,-0.18659906992309527
1.293376216332939,1.1193823386916135,1,712,-0.17399387764132546
1.301667719008462,1.049372638720025,1,713,-0.25229508028843695
1.3769141460682397,1.1452343247200067,1,714,-0.23167982134823295
1.374650796707349,1.1493249532359646,1,715,-0.2253258434713843
1.3109130095300723,1.0690926807602412,1,716,-0.24182032876983106
1.2797149472924152,1.1203335649163493,1,717,-0.15938138237606592
1.2052400448757932,1.153105554026572,1,718,-0.05213449084922117
1.2822304886367106,1.1415203885688456,1,719,-0.140710100067865
1.2988813735655798,1.1590399771846274,1,720,-0.1398413963809524
1.25880174368867,1.232399039861605,1,721,-0.02640270382706511
1.2832443123597836,1.0949316739338313,1,722,-0.18831263842595236
1.2272219643496955,1.1719696890657427,1,723,-0.05525227528395282
1.2937576049287929,1.1901793409726182,1,724,-0.10357826395617464
1.2743259133318685,1.0637684638125506,1,725,-0.21055744951931787
1.230375409332954,1.126121297410016,1,726,-0.10425411192293788
1.3093103137418882,1.0922026253010513,1,727,-0.21710768844083694
1.19400506175494,1.0712279982884203,1,728,-0.12277706346651973
1.219030097926831,1.1483687724084315,1,729,-0.07066132551839943
1.2234037193500935,1.2029686233970205,1,730,-0.020435095953073024
1.2983879395387579,1.1752859447905688,1,731,-0.12310199474818906
1.248627311306345,1.1621138217525833,1,732,-0.08651348955376181
1.2572022002124232,1.1472416889051757,1,733,-0.10996051130724749
1.3257123089206175,1.1576346641652415,1,734,-0.168077644755376
1.276426983196076,1.1466147110777127,1,735,-0.12981227211836321
1.2769025236785543,1.1193916272522577,1,736,-0.15751089642629656
1.286183753375028,1.1008372699462532,1,737,-0.1853464834287748
1.2551243329957493,1.1869004558385925,1,738,-0.06822387715715683
1.2510772521291007,0.9933987864145042,1,739,-0.2576784657145965
1.2239845118010522,1.1089017990768333,1,740,-0.11508271272421888
1.2374703896054937,1.0896566025332146,1,741,-0.1478137870722791
1.2111382398150727,1.0326836474643823,1,742,-0.1784545923506904
1.2201318331046436,1.142689387682488,1,743,-0.07744244542215561
1.2580155733016334,1.1181874638880542,1,744,-0.13982810941357915
1.2590213856404475,1.1153006547144684,1,745,-0.14372073092597915
1.2608455739623352,1.120441614039059,1,746,-0.14040395992327626
1.2467067364075377,1.143683017572532,1,747,-0.1030237188350056
1.2680820956445533,1.0785805049764954,1,748,-0.18950159066805794
1.2862125638905393,1.1157586804618012,1,749,-0.17045388342873813
1.2682517479080546,1.150705164453537,1,750,-0.11754658345451752
1.3124085739074136,1.2295270874825603,1,751,-0.08288148642485327
1.1917537333279742,1.1487140599858197,1,752,-0.04303967334215453
1.2732743614614588,1.1336868376607487,1,753,-0.13958752380071004
1.217143878775005,1.2175459072161279,1,754,0.00040202844112280367
1.2715615458029332,1.160209837893016,1,755,-0.11135170790991733
1.3162611645481443,1.1550379837853002,1,756,-0.16122318076284414
1.2324989076019797,1.1025233962222785,1,757,-0.1299755113797012
1.1986840929815061,1.1355182537636321,1,758,-0.063165839217874
1.239970575757361,1.0993467754338189,1,759,-0.14062380032354205
1.3005623440743717,1.1981875981660353,1,760,-0.1023747459083364
1.2475626865705758,1.0430227187943966,1,761,-0.20453996777617922
1.205338595701687,1.1464264341020725,1,762,-0.058912161599614654
1.2581587008058281,1.1849875620256674,1,763,-0.0731711387801608
1.1877604893045555,1.1399231954524676,1,764,-0.0478372938520879
1.2558373904212219,1.1248653078544808,1,765,-0.1309720825667411
1.2069683750492373,1.2676084944988282,1,766,0.06064011944959091
1.2019169364758424,1.0466829417639154,1,767,-0.155233994711927
1.18838264112166,1.1105690410477924,1,768,-0.07781360007386762
1.2592628144414268,1.1547308222622261,1,769,-0.10453199217920073
1.2297295145966682,1.1041988078599725,1,770,-0.12553070673669575
1.2929602311837243,1.1481215314974902,1,771,-0.14483869968623408
1.207198683815675,1.216627108648178,1,772,0.009428424832502946
1.2396738673813128,1.0874374177300685,1,773,-0.15223644965124428
1.2526596141655582,1.108344096604332,1,774,-0.14431551756122607
1.254030609805279,1.131801374970966,1,775,-0.12222923483431303
1.254558649111893,1.1356492724935223,1,776,-0.11890937661837064
1.302839260658204,1.156539706798486,1,777,-0.14629955385971805
1.2488474366395659,1.0435434265194408,1,778,-0.2053040101201251
1.2612009891935005,1.0527437518137088,1,779,-0.20845723737979172
1.2022452355488733,1.1308070630690394,1,780,-0.07143817247983386
1.3967465898039522,1.0195343280098677,1,781,-0.3772122617940845
1.3017083621504513,1.0716075694986622,1,782,-0.23010079265178907
1.2470547648864903,1.030186502526115,1,783,-0.21686826236037526
1.2995437001403045,1.2027275400436517,1,784,-0.09681616009665284
1.271950605258614,1.1507477698479511,1,785,-0.1212028354106629
1.1919592216079296,1.0690313459345349,1,786,-0.1229278756733947
1.2627319910454153,1.2280253125601632,1,787,-0.03470667848525211
1.2562937022868654,1.1038925619637872,1,788,-0.15240114032307828
1.3225036755662587,1.0917269995264518,1,789,-0.2307766760398069
1.2910132657915803,1.15420511739125,1,790,-0.1368081484003303
1.3815362024812805,1.1385450146891443,1,791,-0.24299118779213624
1.2117671088828221,1.1827091543488235,1,792,-0.02905795453399862
1.2235415632039794,1.1884280821660131,1,793,-0.0351134810379663
1.3796420123748896,1.125712804685157,1,794,-0.2539292076897326
1.2978780255820255,1.1137639768446448,1,795,-0.1841140487373807
1.2280490982741028,1.1694320691606288,1,796,-0.058617029113473995
1.218725152223402,1.1200921519078881,1,797,-0.09863300031551381
1.2914283324430276,1.1204122623770618,1,798,-0.17101607006596575
1.3086920992815598,1.1058103366108145,1,799,-0.2028817626707453
1.303822334778831,1.1361539795962932,1,800,-0.16766835518253775
1.1430048765034082,1.1271974161133045,1,801,-0.015807460390103723
1.288687459800841,1.2489313002939901,1,802,-0.03975615950685096
1.2983710122557053,1.178626366385031,1,803,-0.11974464587067435
1.2313884223760336,1.1040352387806798,1,804,-0.12735318359535386
1.2674022486393939,1.0956887862175009,1,805,-0.171713462421893
1.24856967756635,1.1839547473412997,1,806,-0.06461493022505027
1.2202633727734233,1.0763785267565098,1,807,-0.14388484601691354
1.261226835666334,1.1220288044977318,1,808,-0.1391980311686023
1.2437505088603698,1.1037149531222517,1,809,-0.1400355557381181
1.3165347209786702,1.1418203763171124,1,810,-0.17471434466155777
1.2549001260761747,1.1374413018994647,1,811,-0.11745882417671005
1.2117080496666794,1.056841670110371,1,812,-0.15486637955630855
1.2476579122364997,1.153215689577557,1,813,-0.09444222265894275
1.3633297063773673,1.096434666283868,1,814,-0.2668950400934993
1.2346393394310293,1.1441552834365152,1,815,-0.09048405599451415
1.257551331063683,1.1111450447373767,1,816,-0.14640628632630626
1.235401936615883,1.0835022719149054,1,817,-0.1518996647009776
1.3108116258197382,1.1128839682806995,1,818,-0.19792765753903874
1.2641076121922303,1.1468141041003739,1,819,-0.11729350809185646
1.3032859648393582,1.159157274676687,1,820,-0.14412869016267127
1.2717487168766852,1.1691137210432163,1,821,-0.10263499583346891
1.2790594922622347,1.078974164688812,1,822,-0.20008532757342268
1.220166192693519,1.1322222022323838,1,823,-0.08794399046113521
1.200481719388843,1.0022164183240154,1,824,-0.19826530106482765
1.2242505485014736,1.1137970821663654,1,825,-0.11045346633510822
1.2215806522580857,1.1158541315924504,1,826,-0.10572652066563526
1.248116778215475,1.1323720993027755,1,827,-0.11574467891269946
1.2829710953793982,1.1412921118620059,1,828,-0.1416789835173924
1.181583854530582,1.1466121508929434,1,829,-0.03497170363763846
1.2948789458605456,1.1882205122239946,1,830,-0.10665843363655103
1.2406440437048534,1.0986712933183476,1,831,-0.1419727503865058
1.2541001333700386,1.2594632140211293,1,832,0.005363080651090701
1.175102581780693,1.0289023665636197,1,833,-0.14620021521707338
1.173562688771986,1.1443842584571384,1,834,-0.02917843031484768
1.257883092264577,1.1768612142761588,1,835,-0.0810218779884182
1.2783834576701698,1.184344590154074,1,836,-0.09403886751609591
1.2107027312104577,1.1595779535698412,1,837,-0.051124777640616514
1.3422530881555057,1.31467301705154,1,838,-0.027580071103965764
1.2517138406992516,1.1521368588990626,1,839,-0.09957698180018903
1.264898046397338,1.1563782999055154,1,840,-0.10851974649182261
1.1631637865794897,1.057473443990908,1,841,-0.10569034258858179
1.276390084626825,1.0811508284636406,1,842,-0.19523925616318438
1.2446269727763315,1.0440739266964223,1,843,-0.2005530460799092
1.2689958976179818,1.039757332541833,1,844,-0.22923856507614881
1.2743150290418397,1.1433082716280463,1,845,-0.13100675741379342
1.3054440767658915,1.162030407009572,1,846,-0.14341366975631953
1.3328579641206408,1.1062254535477616,1,847,-0.22663251057287925
1.3564865949522562,1.1343743036328704,1,848,-0.2221122913193858
1.2195145065652702,1.1155047029569798,1,849,-0.10400980360829037
1.2862865198928644,1.1564316557464158,1,850,-0.12985486414644853
1.2646937345200369,1.215345275655597,1,851,-0.04934845886443995
1.290751928830059,1.2399514608070092,1,852,-0.05080046802304983
1.227880598100084,1.125593899347314,1,853,-0.10228669875276997
1.1798116484161345,1.0664389723519307,1,854,-0.11337267606420376
1.1867740151536987,1.17496263161897,1,855,-0.011811383534728659
1.3229522777313738,1.1286829767814803,1,856,-0.19426930094989348
1.2017064317703596,1.034848618976668,1,857,-0.16685781279369172
1.187792471602,1.143317742901878,1,858,-0.044474728700122146
1.1932581133176878,1.072577678335474,1,859,-0.12068043498221392
1.2185981045183647,1.1264037149428296,1,860,-0.09219438957553505
1.2769552685939598,1.09978744180407,1,861,-0.17716782678988974
1.1794137705014889,1.0902653724819829,1,862,-0.08914839801950603
1.1743028345233637,1.1319503792263246,1,863,-0.04235245529703913
1.2643660619039132,1.0905878764359822,1,864,-0.173778185467931
1.370688501004659,1.070693446994523,1,865,-0.29999505401013593
1.214298421113946,1.239858906443049,1,866,0.025560485329102933
1.3261995454072228,1.1448871644722196,1,867,-0.18131238093500324
1.278106716433152,1.2246149633430632,1,868,-0.05349175309008891
1.2813525379081523,1.1089752379642288,1,869,-0.17237729994392348
1.2665650609611645,1.1878719047413688,1,870,-0.07869315621979567
1.2879979257521734,1.0522870610840969,1,871,-0.23571086466807656
1.275653143259715,1.077623375102874,1,872,-0.1980297681568408
1.2311249820406567,1.1024838562905008,1,873,-0.12864112575015585
1.1963731482506612,1.047217463238269,1,874,-0.1491556850123923
1.1960264732204238,1.1635475778365947,1,875,-0.03247889538382909
1.3363387791189067,1.1040518964534047,1,876,-0.23228688266550201
1.2118042869848131,1.1865693224457508,1,877,-0.025234964539062377
1.2624577377941142,1.1520098380410868,1,878,-0.11044789975302738
1.296047032787791,1.2021036966383385,1,879,-0.0939433361494526
1.2973256422700665,1.1220774599195646,1,880,-0.17524818235050188
1.2824575645311622,1.126684540629374,1,881,-0.15577302390178827
1.3342003304074352,1.1493369026216358,1,882,-0.18486342778579945
1.2519361093151415,1.134134788453673,1,883,-0.11780132086146855
1.2445336319190736,1.086319672119067,1,884,-0.15821395980000652
1.2629027653976947,1.1110782532167742,1,885,-0.15182451218092052
1.2350138555345933,1.0798268787121623,1,886,-0.155186976822431
1.2413153013779974,1.1519469186972509,1,887,-0.08936838268074654
1.2497550010408887,1.1185483067173483,1,888,-0.13120669432354037
1.2946423615695617,1.1322853928762,1,889,-0.1623569686933617
1.2559090617926445,1.1397495042105972,1,890,-0.11615955758204732
1.2777446149512437,1.1985981589836736,1,891,-0.07914645596757008
1.2336965416258785,1.1667839848902886,1,892,-0.06691255673558993
1.218610257943365,1.1714268989659016,1,893,-0.04718335897746351
1.2212832706557457,1.1873443440307487,1,894,-0.03393892662499698
1.232971872341714,1.0599169831174227,1,895,-0.17305488922429135
1.2634160390584221,1.1672301006201302,1,896,-0.09618593843829193
1.2179617099008193,1.1032312966905782,1,897,-0.11473041321024113
1.2245651141726976,1.0997842043830053,1,898,-0.12478090978969236
1.1603678787100598,1.138932359372279,1,899,-0.02143551933778065
1.2660150477836956,1.0875723353792652,1,900,-0.17844271240443033
1.2364601315909896,1.1634530586460887,1,901,-0.07300707294490083
1.3215564469638426,1.0675948930929708,1,902,-0.2539615538708717
1.2100175232646986,1.1201052185052705,1,903,-0.08991230475942813
1.1789724413956177,1.1655982272107674,1,904,-0.013374214184850297
1.3498284480647655,1.1633756535668978,1,905,-0.18645279449786778
1.1882260267305766,1.1248112205052456,1,906,-0.06341480622533102
1.2549098997711992,1.1599200870779693,1,907,-0.09498981269322981
1.2761166320085056,1.0342451290580055,1,908,-0.24187150295050008
1.287525929403037,1.0472708709890404,1,909,-0.24025505841399664
1.243673367924938,1.2044270238115935,1,910,-0.0392463441133446
1.2152182187629377,1.079170012210989,1,911,-0.1360482065519486
1.3215956399331203,1.1386852750218506,1,912,-0.18291036491126977
1.3563325717612322,1.1296141452404957,1,913,-0.22671842652073648
1.175618563548416,1.1041421844416894,1,914,-0.07147637910672655
1.234477102329603,1.115740317707439,1,915,-0.11873678462216408
1.1801821558457048,1.054373786431034,1,916,-0.12580836941467077
1.2798521772793092,1.1071035783326528,1,917,-0.1727485989466564
1.2393776051543506,1.0776793547185286,1,918,-0.16169825043582198
1.3054306349608613,1.134747682275809,1,919,-0.1706829526850524
1.2528650603144547,1.1041637779464322,1,920,-0.1487012823680225
1.3283940328169648,1.0943617619694552,1,921,-0.23403227084750955
1.2664325466841087,1.1517589306834601,1,922,-0.11467361600064852
1.3039413183854132,1.1266843274253442,1,923,-0.17725699096006897
1.2990265268327683,1.1252583433405907,1,924,-0.1737681834921776
1.3213385185973976,1.1512754900963327,1,925,-0.17006302850106492
1.2725356563825518,1.1685929045515668,1,926,-0.103942751830985
1.3288418410958653,1.1867847923023345,1,927,-0.14205704879353087
1.2616679116383074,1.1526544357415425,1,928,-0.10901347589676491
1.2952787446041982,1.1257160460542397,1,929,-0.16956269854995853
1.2462733759163052,1.2133671891149043,1,930,-0.032906186801400894
1.2931782052636684,1.1603236334928086,1,931,-0.1328545717708598
1.2904634513648063,1.1868464379988612,1,932,-0.10361701336594509
1.3224729671257072,1.2055421286787429,1,933,-0.11693083844696428
1.252890578282586,1.1118002494525547,1,934,-0.14109032883003136
1.339828672170682,1.1824263850995091,1,935,-0.15740228707117287
1.326706416550552,1.126181032790088,1,936,-0.20052538376046392
1.1869932927788365,1.0507663312492173,1,937,-0.13622696152961922
1.2501712431089054,1.0955162314981433,1,938,-0.15465501161076212
1.2915562477354787,1.0914804470455062,1,939,-0.20007580068997255
1.265171181253056,1.1351008200598405,1,940,-0.13007036119321547
1.3155169614193425,1.0859406271284704,1,941,-0.2295763342908721
1.3130983881454106,1.1059488134541493,1,942,-0.20714957469126127
1.2903612336074919,1.174599677861992,1,943,-0.11576155574549984
1.3367549026990129,1.222551063394849,1,944,-0.11420383930416378
1.2676506994682502,1.123949762561982,1,945,-0.14370093690626806
1.3025182211089983,1.166391583410652,1,946,-0.13612663769834632
1.3374120142766495,1.074231667823802,1,947,-0.2631803464528475
1.2251871766596176,1.1410327305360335,1,948,-0.08415444612358414
1.3144349343304846,1.1169593648781204,1,949,-0.19747556945236422
1.345894561043734,1.1143835990137847,1,950,-0.23151096202994936
1.2894477299943794,1.0498402616071643,1,951,-0.23960746838721514
1.2539556420271083,1.1441194535754322,1,952,-0.10983618845167609
1.2415297910651237,1.111010701409682,1,953,-0.1305190896554418
1.2621724603915092,1.1100144690454137,1,954,-0.15215799134609553
1.222141344989606,1.1395526068297164,1,955,-0.08258873815988954
1.2313430438441113,1.1157735540602214,1,956,-0.11556948978388992
1.253930814386376,1.0657030004039298,1,957,-0.18822781398244626
1.2190549194635762,1.081717758827025,1,958,-0.13733716063655121
1.2047706692333697,1.1078231470240327,1,959,-0.096947522209337
1.3561145697308583,1.078765353588722,1,960,-0.27734921614213626
1.2742361782666758,1.149360871059471,1,961,-0.12487530720720486
1.308444552430384,1.067096358557853,1,962,-0.24134819387253104
1.3478417194984156,1.1520443724031633,1,963,-0.19579734709525232
1.268814001472756,1.1242613233787204,1,964,-0.1445526780940356
1.289265505037242,1.108490451081858,1,965,-0.18077505395538385
1.2532803742969125,1.0734084074926487,1,966,-0.17987196680426387
1.250891481865756,1.2315455958429926,1,967,-0.019345886022763326
1.2428851215570986,1.147944287106649,1,968,-0.09494083445044965
1.335953530508128,1.1561838249726097,1,969,-0.1797697055355183
1.255208654588917,1.1517022948513194,1,970,-0.10350635973759759
1.3486202931119649,1.1823880534496232,1,971,-0.16623223966234169
1.2218592217035962,1.1973116834799116,1,972,-0.024547538223684606
1.2104008765434084,1.1833965159675344,1,973,-0.027004360575874076
1.3317056125442657,1.1250914742389688,1,974,-0.20661413830529685
1.409714420247844,1.1723343536081872,1,975,-0.23738006663965683
1.2652208771279692,1.1089700048157352,1,976,-0.156250872312234
1.3076057455428733,1.1095184845475141,1,977,-0.19808726099535923
1.2791804730599323,1.135222896634993,1,978,-0.14395757642493923
1.2641975744839833,1.1166883319052232,1,979,-0.14750924257876008
1.3400977733789312,1.1113012474188824,1,980,-0.22879652596004885
1.2521475933338444,1.0885592882810033,1,981,-0.16358830505284105
1.1895114180451767,1.072533159419603,1,982,-0.11697825862557365
1.291283919309098,1.0943229978065134,1,983,-0.19696092150258449
1.1719355880108686,1.0532282744734947,1,984,-0.11870731353737396
1.228421258947133,1.0872697789165042,1,985,-0.14115148003062883
1.2970490748801753,1.149632423903206,1,986,-0.1474166509769692
1.2704729074822918,1.1881944519466678,1,987,-0.08227845553562396
1.2841361084028464,1.0283328947465704,1,988,-0.255803213656276
1.2513454857305655,1.1329676149423618,1,989,-0.11837787078820372
1.2938290369271805,1.0699329904300705,1,990,-0.22389604649711004
1.3014171920535105,1.100269268582721,1,991,-0.20114792347078958
1.2139335387759593,1.1466924124210716,1,992,-0.06724112635488777
1.237498653879962,1.0696677378042827,1,993,-0.16783091607567924
1.3400044735739554,1.0750778532643614,1,994,-0.2649266203095939
1.205594526139802,1.0628447594389971,1,995,-0.14274976670080486
1.2584279940107586,1.1504558627795451,1,996,-0.10797213123121341
1.2531837051652293,1.1976587836009591,1,997,-0.055524921564270135
1.253814886808825,1.2498679829575776,1,998,-0.0039469038512474075
1.299086952839424,1.1635807241602745,1,999,-0.13550622867914952
1.3867108247332995,1.143547572688533,1,1000,-0.24316325204476663
1.1544568760428462,1.1438362661145258,1,1001,-0.010620609928320368
1.191630528613961,1.156281573097894,1,1002,-0.03534895551606709
1.2612192656544705,1.1755652326606634,1,1003,-0.08565403299380714
1.1873507924975257,1.1424837029870587,1,1004,-0.04486708951046703
1.2444218291612525,1.1321187226673564,1,1005,-0.11230310649389619
1.38170106838334,1.1300035267303514,1,1006,-0.2516975416529885
1.3330533285709527,1.1381688416510793,1,1007,-0.19488448691987337
1.293928242660518,1.12592153586364,1,1008,-0.168006706796878
1.2700683106839037,1.0742033073199737,1,1009,-0.19586500336392998
1.241519077641919,1.205911032609328,1,1010,-0.03560804503259085
1.3196727611410823,1.223581120689494,1,1011,-0.09609164045158836
1.1958998851326308,1.07873547720057,1,1012,-0.11716440793206084
1.3557696207261736,1.19571108515371,1,1013,-0.16005853557246352
1.341061883814177,1.1830762355811548,1,1014,-0.1579856482330222
1.289824301241981,1.236121564857652,1,1015,-0.053702736384328986
1.2779942091712952,1.0629160426279163,1,1016,-0.21507816654337897
1.2751482142877957,1.0775684281635125,1,1017,-0.19757978612428317
1.209444013675675,1.122131611149594,1,1018,-0.08731240252608097
1.2847054787661725,1.0488987197378923,1,1019,-0.2358067590282802
1.251773599879144,1.1382711013693778,1,1020,-0.11350249850976613
1.2568388306531404,1.2176203289470653,1,1021,-0.039218501706075104
1.276157394115358,1.1074067505086975,1,1022,-0.16875064360666037
1.2799922453872323,1.1067996929006494,1,1023,-0.17319255248658294
1.2417227969020799,1.1098231678561974,1,1024,-0.13189962904588248
1.274216665651232,1.1604384185444518,1,1025,-0.11377824710678008
1.2245216501568628,1.0983905969707206,1,1026,-0.12613105318614215
1.247115260585397,1.0656900058941887,1,1027,-0.1814252546912083
1.3547793493090805,1.0947575215331034,1,1028,-0.26002182777597715
1.2581271862881411,1.1737904305680682,1,1029,-0.08433675572007293
1.2736921813038087,1.102034752681996,1,1030,-0.17165742862181266
1.2996138502377559,1.029581436216431,1,1031,-0.27003241402132483
1.2144374654496335,1.1385430048790302,1,1032,-0.07589446057060334
1.3059795032257902,1.1239764860919874,1,1033,-0.18200301713380274
1.2486066499772401,1.0945985419718693,1,1034,-0.1540081080053708
1.2962244755335208,1.1624244049094856,1,1035,-0.1338000706240352
1.34886148236454,1.2098931728274853,1,1036,-0.13896830953705464
1.2312671882924364,1.05194133735395,1,1037,-0.17932585093848652
1.1788054612140726,1.0232814868204338,1,1038,-0.15552397439363874
1.3877547649132125,1.0814200807689773,1,1039,-0.30633468414423515
1.282786463091546,1.1026372029921743,1,1040,-0.1801492600993717
1.1406925049440173,1.170455940970042,1,1041,0.029763436026024603
1.2362555086008578,1.067671933191202,1,1042,-0.16858357540965585
1.2545069858467022,1.1192836724650659,1,1043,-0.1352233133816363
1.256420964515783,1.0797214615510407,1,1044,-0.17669950296474224
1.1963453236474506,1.0507831087829202,1,1045,-0.14556221486453036
1.2624617326539003,1.0769613998083682,1,1046,-0.18550033284553202
1.2093203909183394,1.154166658250466,1,1047,-0.05515373266787349
1.16954725662538,1.0920722503576816,1,1048,-0.07747500626769832
1.1853392468009458,1.077029096701764,1,1049,-0.10831015009918188
1.214448743811651,1.1734086241862742,1,1050,-0.04104011962537668
1.1844872536396285,1.089771991759367,1,1051,-0.09471526188026158
1.1251561745324772,1.184461970715831,1,1052,0.059305796183353854
1.2704103094220176,1.0688647322278453,1,1053,-0.20154557719417232
1.2522124642301424,1.1560741590418495,1,1054,-0.09613830518829292
1.1577832452334564,1.0840843544681957,1,1055,-0.0736988907652607
1.248113461852446,1.171663394938954,1,1056,-0.07645006691349199
1.2786688210065487,1.0809338782656621,1,1057,-0.19773494274088654
1.2359991330018942,1.0895176814952088,1,1058,-0.14648145150668546
1.2100627603731962,1.1102737734411927,1,1059,-0.09978898693200344
1.260294620066043,1.1559373391298262,1,1060,-0.10435728093621677
1.3276346962333077,1.173921888261745,1,1061,-0.15371280797156261
1.2327146791761807,1.042295597529281,1,1062,-0.1904190816468998
1.2023741665917516,1.109365666402632,1,1063,-0.09300850018911966
1.2486458441522381,1.0595304695177141,1,1064,-0.189115374634524
1.2656703430905145,1.178248270419403,1,1065,-0.08742207267111146
1.2860791061774315,1.119520423010899,1,1066,-0.16655868316653244
1.2957937753152216,1.1715745363869385,1,1067,-0.12421923892828302
1.2312738668106296,1.1049055925171212,1,1068,-0.1263682742935084
1.1285136789418628,1.1193208435996922,1,1069,-0.009192835342170635
1.3346062045299607,1.1076491558358659,1,1070,-0.22695704869409483
1.235987709702676,1.1388844976612098,1,1071,-0.0971032120414661
1.307616329913725,1.1454931457025022,1,1072,-0.16212318421122274
1.2335365682175112,1.0909366465892396,1,1073,-0.14259992162827162
1.2223087274632904,1.1651639776500593,1,1074,-0.057144749813231144
1.2456238954771637,1.1242330207798523,1,1075,-0.12139087469731136
1.2058274491525198,1.1059656548174364,1,1076,-0.09986179433508346
1.2436406677404772,1.136048188074196,1,1077,-0.10759247966628127
1.2561572045338008,1.096589200125971,1,1078,-0.1595680044078298
1.3158283528998624,1.1505736601327523,1,1079,-0.16525469276711013
1.2790287300458765,1.0976994450525344,1,1080,-0.1813292849933421
1.2485310953565762,1.2056396011898673,1,1081,-0.0428914941667089
1.2683038121861718,1.1373016334160875,1,1082,-0.13100217877008435
1.1820054463094822,1.1712893479675777,1,1083,-0.010716098341904567
1.2768695590582682,1.192754967404844,1,1084,-0.08411459165342405
1.2721544171343084,1.0917796657462964,1,1085,-0.18037475138801207
1.2282329877317437,1.1052401229505378,1,1086,-0.12299286478120597
1.3199366160789139,1.1663117882099987,1,1087,-0.15362482786891518
1.2546159301376791,1.1361906921045473,1,1088,-0.11842523803313187
1.2551258933284604,1.1399299556261382,1,1089,-0.11519593770232217
1.2601987661510732,1.1171004123949915,1,1090,-0.1430983537560817
1.2658229082762014,1.1076807527979646,1,1091,-0.15814215547823673
1.2569417236329485,1.168345819428984,1,1092,-0.08859590420396457
1.2311224190038916,1.097652102960598,1,1093,-0.13347031604329374
1.2648171487619584,1.143392023074978,1,1094,-0.1214251256869805
1.34715492485679,1.1158089850330128,1,1095,-0.23134593982377716
1.307678438697827,1.104094763964798,1,1096,-0.20358367473302907
1.2440325085553277,1.1374312591719917,1,1097,-0.10660124938333593
1.2963825642528115,1.1142443182248527,1,1098,-0.1821382460279588
1.268762859995425,1.143138871307559,1,1099,-0.12562398868786606
1.3083701979704379,1.1016822381218707,1,1100,-0.20668795984856714
1.2322069448883795,1.0012891381845928,1,1101,-0.2309178067037867
1.3140465183028778,1.0682867650721268,1,1102,-0.24575975323075094
1.3224184250647668,1.2325781204275135,1,1103,-0.08984030463725334
1.1874987106827752,1.162463317973581,1,1104,-0.025035392709194193
1.2987251814388738,1.1759925518358076,1,1105,-0.12273262960306619
1.2557288840785477,1.0945971585007377,1,1106,-0.16113172557780997
1.2276554396017032,1.0355410363289093,1,1107,-0.19211440327279394
1.207334049271367,1.2122054457091,1,1108,0.004871396437733155
1.260559425720055,1.1583926690196211,1,1109,-0.10216675670043385
1.2370224184951806,1.190896755875623,1,1110,-0.04612566261955764
1.2427756391997409,1.0651157713334753,1,1111,-0.17765986786626553
1.245446563465309,1.118202585649587,1,1112,-0.12724397781572194
1.1940646588968116,1.18896876786991,1,1113,-0.005095891026901667
1.1970480888810584,1.1138049210893815,1,1114,-0.08324316779167695
1.3039328258910534,1.1606817408365817,1,1115,-0.1432510850544717
1.2612570960247769,1.1360670309512038,1,1116,-0.1251900650735731
1.2524397750401806,1.1533130683355424,1,1117,-0.09912670670463819
1.2782966503052424,1.1718333521229582,1,1118,-0.10646329818228417
1.2417214666028398,1.1409563005399752,1,1119,-0.10076516606286456
1.294419319368988,1.1211413212903114,1,1120,-0.1732779980786765
1.2272742300827169,1.1169992506494228,1,1121,-0.11027497943329401
1.1766594282499045,1.1347233274074766,1,1122,-0.04193610084242794
1.215958605128141,1.126322845882794,1,1123,-0.08963575924534695
1.3008161521707315,1.1495263826839253,1,1124,-0.15128976948680628
1.1964065652201548,1.1896059076411505,1,1125,-0.006800657579004277
1.2011104407947877,1.1497401756233636,1,1126,-0.05137026517142407
1.2570215859694502,1.1745547202514643,1,1127,-0.0824668657179859
1.2621565636509402,1.1164787474534505,1,1128,-0.14567781619748965
1.1968374247193352,1.1436923455527872,1,1129,-0.05314507916654798
1.263389963700869,1.1428477364681755,1,1130,-0.12054222723269348
1.3125916728207832,1.1290730918170029,1,1131,-0.18351858100378027
1.3220525805656567,1.14134120575072,1,1132,-0.1807113748149367
1.3669313357569426,1.1639655650599217,1,1133,-0.20296577069702093
1.3228848398650528,1.1867677274542763,1,1134,-0.1361171124107765
1.2268993559501988,1.0783801519713594,1,1135,-0.14851920397883944
1.2705534381186232,1.2382394347723604,1,1136,-0.032314003346262776
1.2068689510454793,1.1282552839916544,1,1137,-0.07861366705382489
1.1714621432946397,1.1086411472944562,1,1138,-0.06282099600018354
1.263398173700369,1.1681692673351665,1,1139,-0.09522890636520254
1.2626609091238048,1.105996525329,1,1140,-0.15666438379480474
1.1328839561986046,1.1773785808846118,1,1141,0.04449462468600718
1.2989415802361384,1.1404037626476158,1,1142,-0.1585378175885226
1.1404983514510063,1.0978780319892365,1,1143,-0.04262031946176981
1.1598156769631285,1.1555677281945909,1,1144,-0.004247948768537624
1.214739303794521,1.1474723364046484,1,1145,-0.0672669673898727
1.2917461135969341,1.1364286698961243,1,1146,-0.1553174437008098
1.1780672545727973,1.1040723565743882,1,1147,-0.07399489799840908
1.1989663740600762,1.058139899471834,1,1148,-0.14082647458824216
1.2248824580698352,1.1462701824074204,1,1149,-0.0786122756624148
1.3391515143140607,1.2056495392641804,1,1150,-0.13350197504988026
1.2666473233252997,1.1810493936849917,1,1151,-0.08559792964030799
1.2542377437636463,1.0797927547559802,1,1152,-0.17444498900766603
1.0944895054532418,1.1166060368789046,1,1153,0.022116531425662833
1.2670540919216067,1.2174669629110553,1,1154,-0.0495871290105514
1.3512647297428209,1.1008964162692327,1,1155,-0.2503683134735881
1.221329957342453,1.1349381269209902,1,1156,-0.08639183042146281
1.2965782821443563,1.0891495228849553,1,1157,-0.20742875925940107
1.1780241248853878,1.0623449269997314,1,1158,-0.11567919788565639
1.2972618100321143,1.0957336549829564,1,1159,-0.2015281550491579
1.1654449892862135,1.1009008844375496,1,1160,-0.06454410484866391
1.2394474704035274,1.0974843504212335,1,1161,-0.14196311998229394
1.2461046392907627,1.097827581967219,1,1162,-0.14827705732354368
1.1706945403496944,1.0940290413524971,1,1163,-0.07666549899719732
1.2785793213532815,1.044930127744055,1,1164,-0.23364919360922642
1.2436378088800975,1.0450003886758308,1,1165,-0.19863742020426667
1.2064760510003718,1.1166164599763324,1,1166,-0.0898595910240394
1.3488988349938964,1.1263638754309566,1,1167,-0.22253495956293978
1.1116599985394648,1.1630267221528128,1,1168,0.05136672361334793
1.2677805901485837,1.2114560494086715,1,1169,-0.05632454073991222
1.380497415618976,1.130496866050101,1,1170,-0.2500005495688751
1.232706342705912,0.9649910000952565,1,1171,-0.26771534261065544
1.2316725676363798,1.0809823888720558,1,1172,-0.150690178764324
1.266519443652066,1.0782077541074258,1,1173,-0.18831168954464017
1.209799618848283,1.1541596777327776,1,1174,-0.0556399411155053
1.2770775451311152,1.1389609279360595,1,1175,-0.13811661719505564
1.2510570131794938,1.194209410254274,1,1176,-0.05684760292521984
1.2469636627761822,1.1757381527927169,1,1177,-0.07122550998346533
1.3321051140822746,1.1926601849973,1,1178,-0.13944492908497463
1.1712604205031714,1.0250239564587775,1,1179,-0.14623646404439383
1.3112306083158747,1.131350720692495,1,1180,-0.1798798876233796
1.2364304126419823,1.0516667385917495,1,1181,-0.18476367405023275
1.2486127406597662,1.0991128970731305,1,1182,-0.1494998435866357
1.227151663034509,1.1294928311626153,1,1183,-0.09765883187189361
1.2515069101702743,1.1396173203085647,1,1184,-0.1118895898617096
1.2454945817015277,1.0853083473068343,1,1185,-0.16018623439469337
1.308298533937808,1.0945138901136473,1,1186,-0.21378464382416063
1.238089120007912,1.0934411984914185,1,1187,-0.14464792151649353
1.2716084867864077,1.1270713019394138,1,1188,-0.14453718484699385
1.242536758129055,1.183322798004635,1,1189,-0.05921396012441993
1.2258293942312068,1.018446517657674,1,1190,-0.20738287657353283
1.3356276792553066,1.1013378338227278,1,1191,-0.2342898454325788
1.219033573662471,1.2021203114014751,1,1192,-0.016913262260995765
1.2651051857351765,1.1130303236054602,1,1193,-0.15207486212971633
1.2462460138668507,1.0324549123444264,1,1194,-0.2137911015224243
1.2020030576731437,1.114584336298853,1,1195,-0.08741872137429074
1.3212580034485029,1.0543711873748016,1,1196,-0.26688681607370124
1.1628891853225847,1.0347565325402166,1,1197,-0.12813265278236807
1.1992596404167462,1.0826468246834429,1,1198,-0.11661281573330329
1.2214165305362676,1.1155482878743617,1,1199,-0.10586824266190598
1.1796536819696777,1.1230580655590758,1,1200,-0.056595616410601846
1.2017932872537025,1.1615718925997318,1,1201,-0.04022139465397068
1.2753293514370452,1.0903143259885903,1,1202,-0.18501502544845483
1.2595794609309674,1.179237041142021,1,1203,-0.0803424197889464
1.2061113700998038,1.0510604589991395,1,1204,-0.15505091110066438
1.202473351053562,1.1035590872410401,1,1205,-0.09891426381252177
1.2617721490845333,1.1406707297188687,1,1206,-0.12110141936566454
1.2910828483822872,1.1170784398058233,1,1207,-0.17400440857646382
1.2431666007297215,1.0949272614767884,1,1208,-0.1482393392529331
1.2509552896668164,1.1115339857484718,1,1209,-0.1394213039183445
1.2419564955369142,1.077839866816628,1,1210,-0.1641166287202862
1.2704891607916446,1.095210204770628,1,1211,-0.17527895602101662
1.2099924782723777,1.0273680396743945,1,1212,-0.18262443859798316
1.2266635400004533,1.0763557141343334,1,1213,-0.1503078258661199
1.230036541796928,1.1443454356727902,1,1214,-0.08569110612413766
1.2142361667734034,1.1651124375079267,1,1215,-0.0491237292654767
1.2182045388886682,1.0495716278037155,1,1216,-0.1686329110849527
1.2699147684425194,1.0789144942757949,1,1217,-0.1910002741667245
1.159116511768982,1.1471671659748466,1,1218,-0.011949345794135313
1.2039273268589115,1.1253083139561904,1,1219,-0.07861901290272111
1.1399214020677229,1.1566827319555244,1,1220,0.016761329887801546
1.1930486808085368,1.0899330638142442,1,1221,-0.10311561699429261
1.251675339757484,1.159972254319302,1,1222,-0.09170308543818195
1.3059675598767653,1.1332214916472108,1,1223,-0.17274606822955452
1.299859108253844,1.1216230506587725,1,1224,-0.17823605759507144
1.1906017256668189,1.0581035107672423,1,1225,-0.13249821489957658
1.2593178180995697,1.1901661652390172,1,1226,-0.06915165286055247
1.3543442187596455,1.1314664678094781,1,1227,-0.22287775095016737
1.3436845431709634,1.0908296383384608,1,1228,-0.2528549048325026
1.178871739894039,1.1948553686981356,1,1229,0.01598362880409665
1.238615265761137,1.0346155286192271,1,1230,-0.20399973714190978
1.2038559787936194,1.1043465126046648,1,1231,-0.09950946618895462
1.2152238819575067,1.1296539726017807,1,1232,-0.08556990935572606
1.283875192443056,1.0881794611257147,1,1233,-0.1956957313173413
1.2199018857245496,1.13289654704166,1,1234,-0.08700533868288951
1.2378026031707619,1.1274782569805828,1,1235,-0.11032434619017906
1.2941600469373455,1.1293529173695325,1,1236,-0.16480712956781307
1.2227895065348902,1.1090996256793781,1,1237,-0.11368988085551202
1.2446206523641392,1.1725697009302662,1,1238,-0.07205095143387297
1.24047855102844,1.150937239228858,1,1239,-0.08954131179958202
1.2551873393180293,1.1449147844149408,1,1240,-0.11027255490308852
1.324523918407345,1.1540719580342629,1,1241,-0.17045196037308208
1.1939370677488244,1.1513800374049836,1,1242,-0.04255703034384073
1.1648607505445845,1.07704936181685,1,1243,-0.08781138872773453
1.2597039870814668,1.124037394051051,1,1244,-0.13566659303041573
1.2845287761957767,1.0995783891173343,1,1245,-0.18495038707844236
1.2919964874972973,1.108333147785031,1,1246,-0.18366333971226645
1.2324933720017384,1.0428238749403254,1,1247,-0.189669497061413
1.3214116693598181,1.239059132169008,1,1248,-0.08235253719081004
1.2064756928984217,1.1994890686112272,1,1249,-0.006986624287194543
1.215929541371273,1.0993961516442523,2,0,-0.11653338972702065
1.2316253314888532,1.1759743503373963,2,1,-0.055650981151456946
1.1775286020313376,1.1860083406530766,2,2,0.008479738621739008
1.2569106258273062,1.0418488828611006,2,3,-0.21506174296620562
1.335446981130439,1.1089285300217804,2,4,-0.22651845110865865
1.3177567809919306,1.176488081414759,2,5,-0.1412686995771717
1.1958124469418512,1.1411197928563392,2,6,-0.05469265408551194
1.3022406961855486,1.2079034305852427,2,7,-0.09433726560030586
1.280403716566279,1.2370928979460147,2,8,-0.0433108186202642
1.1744702292470692,1.131702807338602,2,9,-0.042767421908467274
1.2718426907382754,1.1390409498484575,2,10,-0.1328017408898179
1.2683730992702191,1.100897967851143,2,11,-0.1674751314190761
1.284879088244228,1.1519831323584595,2,12,-0.13289595588576852
1.2705849175807926,1.194607015818923,2,13,-0.07597790176186958
1.3322550500853458,1.1580143764028414,2,14,-0.1742406736825044
1.1497303065950453,1.089087100866338,2,15,-0.060643205728707184
1.22746056464207,1.1029885878513415,2,16,-0.12447197679072852
1.3220270482200527,1.130790181874576,2,17,-0.19123686634547665
1.2440066676185169,1.1825876371179982,2,18,-0.06141903050051867
1.2946054322796734,1.0787277429243125,2,19,-0.2158776893553609
1.2925490074190926,1.1710441846293156,2,20,-0.12150482278977703
1.2633507644641613,1.1836546396545526,2,21,-0.07969612480960864
1.3050980617960994,1.1978863440415244,2,22,-0.10721171775457505
1.3313683435069146,1.086700994921531,2,23,-0.24466734858538364
1.3183400390468516,1.1820407726038025,2,24,-0.13629926644304913
1.2333068919133823,1.1347408100770837,2,25,-0.09856608183629856
1.2586488077082578,1.0550768297012512,2,26,-0.20357197800700666
1.297959885874889,1.1443487874283376,2,27,-0.15361109844655152
1.271600951242652,1.1735811692387155,2,28,-0.09801978200393657
1.358707048633211,1.107062522228342,2,29,-0.251644526404869
1.3161267726623604,1.151935020861929,2,30,-0.16419175180043144
1.2099662859765927,1.1676087627386655,2,31,-0.042357523237927186
1.228756448573841,1.1075384101908459,2,32,-0.12121803838299505
1.1796620872133436,1.1503915074615314,2,33,-0.029270579751812242
1.1907733451597475,1.1235857920115873,2,34,-0.06718755314816027
1.2547259698629545,1.1472578573803012,2,35,-0.10746811248265331
1.2779867616509175,1.0381213467635175,2,36,-0.23986541488739999
1.2370146737235703,1.041245622649047,2,37,-0.19576905107452336
1.1990013892292748,1.167955988172705,2,38,-0.03104540105656972
1.344444410822292,1.0628186081886952,2,39,-0.2816258026335967
1.3118287159998197,1.2034735794420046,2,40,-0.10835513655781503
1.3105939815611003,1.2483612077344688,2,41,-0.062232773826631504
1.267807636985903,1.1980148465508562,2,42,-0.06979279043504683
1.2309396851009986,1.1240247703144428,2,43,-0.10691491478655579
1.2564632097083261,1.1617387158982981,2,44,-0.09472449381002801
1.304820189087532,1.1113533550499708,2,45,-0.19346683403756115
1.2089665277538395,1.0963581201034338,2,46,-0.1126084076504057
1.1994464240744265,1.159416809317159,2,47,-0.04002961475726741
1.241230565447228,1.1060500003044655,2,48,-0.13518056514276244
1.2675518110739283,1.0642680543849976,2,49,-0.20328375668893073
1.1798292745814447,1.0960637575467438,2,50,-0.08376551703470092
1.3146427489865207,1.0873032260366444,2,51,-0.22733952294987625
1.2630594391203656,1.1486107285646185,2,52,-0.11444871055574701
1.245184393176887,1.094142002676362,2,53,-0.15104239050052493
1.3061088927088849,1.1949159310651778,2,54,-0.11119296164370707
1.2510819033718301,1.085717239473752,2,55,-0.16536466389807813
1.2790240597362004,1.145368111841475,2,56,-0.13365594789472546
1.2666252378216043,1.1204039993457808,2,57,-0.14622123847582347
1.1451908744174624,1.1266336566211164,2,58,-0.018557217796346004
1.230420558878139,1.1016943833484607,2,59,-0.12872617552967824
1.2712253439318069,1.1607541223875764,2,60,-0.1104712215442305
1.1715202416124706,1.1362510775146306,2,61,-0.03526916409783998
1.2614583781913318,1.109467484867391,2,62,-0.15199089332394067
1.2217873840546405,1.219358226401895,2,63,-0.0024291576527455394
1.213837197456137,1.130105636929854,2,64,-0.08373156052628294
1.2621811138640542,1.0835463412240758,2,65,-0.1786347726399784
1.2736056957346553,1.185029812484358,2,66,-0.08857588325029742
1.252176790245796,1.1475973266581252,2,67,-0.1045794635876709
1.2853345543353465,1.1638971435093104,2,68,-0.1214374108260361
1.3303156945254486,1.1603120371474693,2,69,-0.1700036573779793
1.2702971596023218,1.117027085368988,2,70,-0.15327007423333372
1.3565914470593847,1.145097062592848,2,71,-0.21149438446653668
1.2616839528825106,1.1602255883846864,2,72,-0.1014583644978242
1.230398944779469,1.1699544076914519,2,73,-0.060444537088017114
1.2470533243910245,1.2297673143307961,2,74,-0.01728601006022834
1.2428998630533858,1.0899061876416036,2,75,-0.15299367541178222
1.2491583898455192,1.0957735525814072,2,76,-0.153384837264112
1.273271416316895,1.1637567890089828,2,77,-0.10951462730791217
1.2955231238876932,1.124218248123566,2,78,-0.17130487576412712
1.230899389378685,1.096570739535052,2,79,-0.13432864984363313
1.2300527768748934,1.1223977551011213,2,80,-0.10765502177377217
1.2181626732897768,1.1206363718490047,2,81,-0.09752630144077212
1.2147208579130895,1.1425712230080114,2,82,-0.07214963490507809
1.3146319066797632,1.1370445799065008,2,83,-0.1775873267732624
1.2963453872567956,1.0545515700392394,2,84,-0.24179381721755622
1.2204463550411724,1.1063509855614724,2,85,-0.1140953694797
1.1535626663030345,1.1143548127207255,2,86,-0.03920785358230905
1.2587842169095331,1.132749748962926,2,87,-0.12603446794660722
1.2679293131627136,1.1066240909095428,2,88,-0.1613052222531708
1.2692424645393854,1.129160487891335,2,89,-0.14008197664805033
1.3201299651257006,1.1715172069984254,2,90,-0.14861275812727515
1.3135251542797877,1.1093766504819498,2,91,-0.2041485037978379
1.2351926990623938,1.1922861358983938,2,92,-0.04290656316399999
1.296362333541714,1.112996064702846,2,93,-0.18336626883886797
1.3166887279408042,1.0907452111466656,2,94,-0.2259435167941386
1.3020234488951985,1.1923153784732285,2,95,-0.10970807042196995
1.2347982240541568,1.1406623848583703,2,96,-0.0941358391957865
1.2412174349740432,1.0888983319605565,2,97,-0.15231910301348672
1.3494122113895661,1.1688567261355218,2,98,-0.1805554852540443
1.3296495364195438,1.0698321155107393,2,99,-0.25981742090880444
1.3136952495052225,1.0868471435348832,2,100,-0.22684810597033933
1.2566119323794118,1.2014772335634218,2,101,-0.05513469881598998
1.2518482061441425,1.1289277177447767,2,102,-0.12292048839936576
1.2082450372100972,1.1412382151477445,2,103,-0.06700682206235276
1.2700686542617297,1.084150503404944,2,104,-0.18591815085678576
1.3008577511997919,1.1668581226621184,2,105,-0.13399962853767344
1.2260861101413774,1.059916446012241,2,106,-0.16616966412913636
1.1868775982378121,1.0751916744093373,2,107,-0.11168592382847486
1.2422199500942288,1.1834487458902692,2,108,-0.05877120420395965
1.2807265736111657,1.083635746029617,2,109,-0.1970908275815486
1.2838411541716168,1.1911410216633733,2,110,-0.0927001325082435
1.2684843115875633,1.1353059881772407,2,111,-0.13317832341032254
1.3305114584917348,1.122891675970056,2,112,-0.2076197825216788
1.3838950630534819,1.2008642417783697,2,113,-0.18303082127511217
1.255274511159266,1.1132745869378886,2,114,-0.14199992422137742
1.31784180109275,1.1907716354699558,2,115,-0.12707016562279416
1.2440313169878001,1.1476046198206793,2,116,-0.09642669716712082
1.2587452932962406,1.0818425583183247,2,117,-0.17690273497791598
1.2464552662565354,1.1859743697988157,2,118,-0.0604808964577197
1.2858124794763486,1.1354463445334328,2,119,-0.15036613494291573
1.1286439458369442,1.1152401673754138,2,120,-0.013403778461530402
1.3143314880783583,1.1354173903709843,2,121,-0.178914097707374
1.3181991001447686,1.1788370610448322,2,122,-0.13936203909993639
1.1871271300417836,1.059673370378365,2,123,-0.12745375966341865
1.254709152687916,1.0457498253071478,2,124,-0.20895932738076817
1.2623869718852445,1.0860452940796046,2,125,-0.17634167780563992
1.258048928387547,1.1423684158707899,2,126,-0.11568051251675704
1.200965819516141,1.1544467079131926,2,127,-0.046519111602948415
1.1836731096459343,1.0741273117831576,2,128,-0.10954579786277674
1.239222764089879,1.1614793198330886,2,129,-0.07774344425679036
1.287290735185078,1.0620097845507719,2,130,-0.2252809506343061
1.2240042933452386,1.1187555690591275,2,131,-0.1052487242861111
1.1975854898515037,1.117357733966274,2,132,-0.08022775588522979
1.2674669746824014,1.1267906057961072,2,133,-0.1406763688862942
1.2938095329320507,1.0851815567889629,2,134,-0.2086279761430878
1.2477319425084354,1.2199597768211485,2,135,-0.02777216568728691
1.3145012791621524,1.1592753074912308,2,136,-0.15522597167092167
1.3289176129580025,1.0940507220041333,2,137,-0.23486689095386915
1.2132565494954881,1.0705225140140662,2,138,-0.14273403548142194
1.2242108112448253,1.1634749663690784,2,139,-0.0607358448757469
1.2419881019242371,1.2024856350857756,2,140,-0.03950246683846159
1.2156194906016675,1.1464970050587517,2,141,-0.06912248554291578
1.2443779318564054,1.0913634737014672,2,142,-0.1530144581549382
1.1897759062750803,1.1394849822394881,2,143,-0.05029092403559221
1.2391206435386024,1.0749533630562738,2,144,-0.16416728048232865
1.3817632111137574,1.207202945236921,2,145,-0.17456026587683637
1.3944613924149798,1.1324405709450307,2,146,-0.2620208214699491
1.3131423050143671,1.1489336255730143,2,147,-0.16420867944135287
1.2770685897739091,1.2015528253034375,2,148,-0.07551576447047159
1.2059802850432764,1.2456473660791794,2,149,0.039667081035902996
1.249968363316556,1.0575294709899223,2,150,-0.19243889232663358
1.3458785845618366,1.1604690759223866,2,151,-0.18540950863945005
1.2445617541595269,1.0950031128911732,2,152,-0.1495586412683536
1.1867210292182835,1.045581453406843,2,153,-0.14113957581144043
1.1822266203427971,1.1737530532550733,2,154,-0.008473567087723843
1.179999328754624,1.0719454207010632,2,155,-0.10805390805356074
1.2757984799088937,1.1580370685220736,2,156,-0.11776141138682017
1.296658454743072,1.0635308532361651,2,157,-0.2331276015069068
1.2121587817299428,1.11345566070488,2,158,-0.09870312102506285
1.2030861416413539,1.1765548775653276,2,159,-0.02653126407602624
1.2010696515592278,1.1228579225404585,2,160,-0.07821172901876938
1.190011777218696,1.2145935536362042,2,161,0.02458177641750825
1.307380418274837,1.1713031082082968,2,162,-0.13607731006654022
1.2271923375258222,1.1338135179746518,2,163,-0.09337881955117044
1.265491185698693,1.0887874620143234,2,164,-0.1767037236843696
1.213369687653614,1.0855808452513693,2,165,-0.12778884240224464
1.208296278131236,1.192887202357337,2,166,-0.015409075773899161
1.3099840331955934,1.1225412865655602,2,167,-0.18744274663003324
1.2504997106565396,1.1641377390515324,2,168,-0.08636197160500725
1.2250199966899393,1.1033194818172807,2,169,-0.12170051487265865
1.28724245423735,1.037334434015521,2,170,-0.2499080202218289
1.2132465212479782,1.0510674944261158,2,171,-0.16217902682186236
1.226281670137384,1.132338039006971,2,172,-0.09394363113041293
1.3031008612458526,1.1287128837597313,2,173,-0.17438797748612123
1.2852932258354095,1.136245921182192,2,174,-0.14904730465321747
1.3226585714784078,1.1465791272892434,2,175,-0.17607944418916444
1.2344976298853632,1.219204782462993,2,176,-0.015292847422370137
1.232910690651024,1.124799695600943,2,177,-0.10811099505008115
1.2885597711304548,1.06599565082911,2,178,-0.22256412030134487
1.2618515498292533,1.17161636706572,2,179,-0.09023518276353326
1.2722026018617016,1.147801742817262,2,180,-0.12440085904443965
1.2742932271631013,1.0335241863146671,2,181,-0.2407690408484342
1.223663475658554,1.1094548520782872,2,182,-0.11420862358026684
1.2225763574747486,1.0930061384869019,2,183,-0.1295702189878467
1.274263711361609,1.1202817526829314,2,184,-0.1539819586786777
1.3201088324016017,1.1722920680800173,2,185,-0.14781676432158442
1.1986409744066648,1.2001404422600408,2,186,0.0014994678533759576
1.2246802104344945,1.2151353390729993,2,187,-0.009544871361495177
1.314536080787403,1.1554763845066445,2,188,-0.15905969628075844
1.2916620450032106,1.1604047421387174,2,189,-0.13125730286449322
1.3530249392298763,1.130142506013539,2,190,-0.22288243321633727
1.2187260584858899,1.1710054704454713,2,191,-0.047720588040418566
1.273041874680438,1.0581198554353137,2,192,-0.21492201924512422
1.3562079188862957,1.1695464944723606,2,193,-0.18666142441393507
1.215406553995931,1.1142303782971583,2,194,-0.10117617569877257
1.2887759492027089,1.0737535351527143,2,195,-0.21502241404999456
1.2550352077490605,1.1795598513760148,2,196,-0.0754753563730457
1.2898855532409006,1.1219377905390198,2,197,-0.16794776270188083
1.2473095529637148,1.0683992718195219,2,198,-0.17891028114419294
1.2937164784913062,1.130076826991247,2,199,-0.16363965150005932
1.2831983616770062,1.1557135484400425,2,200,-0.1274848132369637
1.2719232180662006,1.1130251275951384,2,201,-0.15889809047106218
1.2290609057305486,1.142205013799984,2,202,-0.08685589193056464
1.214686726703086,1.159388515843469,2,203,-0.05529821085961717
1.3007851736689493,1.1847370784990792,2,204,-0.11604809516987014
1.2298701887543275,1.1417455264701144,2,205,-0.08812466228421312
1.2666302287356195,1.181580289193135,2,206,-0.08504993954248441
1.3319053849017841,1.1204466189571978,2,207,-0.21145876594458635
1.227800383493499,1.0721084269926417,2,208,-0.1556919565008572
1.2700332514677302,1.10697938031283,2,209,-0.1630538711549001
1.3276720566047546,1.1161656304959768,2,210,-0.2115064261087778
1.2848129980270588,1.1968649565504115,2,211,-0.08794804147664737
1.3470065666567228,1.1386156144887787,2,212,-0.20839095216794412
1.2298586227486636,1.1834160983544249,2,213,-0.04644252439423879
1.275560273086858,1.1438819389183412,2,214,-0.13167833416851682
1.212873106653864,1.2589006818896622,2,215,0.046027575235798146
1.2739658896495045,1.1302986079807344,2,216,-0.14366728166877007
1.265559114194086,1.0822258025062892,2,217,-0.18333331168779687
1.272074045853551,1.1123960654331893,2,218,-0.15967798042036185
1.4076137405010902,1.2095055017775023,2,219,-0.19810823872358796
1.2448484744440107,1.1359616198929137,2,220,-0.10888685455109703
1.3394840649840098,1.0980321460054134,2,221,-0.2414519189785964
1.3263161865993243,1.0942497571616572,2,222,-0.2320664294376671
1.2860071108405497,1.1036497474791287,2,223,-0.18235736336142105
1.1662936026583621,1.1329898472656277,2,224,-0.033303755392734447
1.2400221656465922,1.1202162614152056,2,225,-0.1198059042313866
1.2457686096092797,1.0445520151088474,2,226,-0.20121659450043228
1.231805971917256,1.138148450797888,2,227,-0.09365752111936798
1.259251501154512,1.1428693834300145,2,228,-0.11638211772449747
1.256480778858686,1.0722745616715115,2,229,-0.18420621718717456
1.258419784439712,1.2092798396916826,2,230,-0.04913994474802941
1.1871970724357461,1.071406430492977,2,231,-0.11579064194276922
1.2066502073226597,1.1709447329200484,2,232,-0.03570547440261129
1.1939504809629207,1.1424205394944824,2,233,-0.051529941468438256
1.2377605880121723,1.0911572789719952,2,234,-0.14660330904017704
1.2040779437327913,1.1458822979895966,2,235,-0.05819564574319469
1.2679398229483283,1.1577895779008922,2,236,-0.11015024504743609
1.236895262564131,1.1838663308368789,2,237,-0.05302893172725209
1.2944710819151086,1.1838388953578953,2,238,-0.1106321865572133
1.2015638404865205,1.1467607164247706,2,239,-0.05480312406174992
1.327174348848618,1.0877042421604055,2,240,-0.23947010668821256
1.1618957182150735,1.0444912480529078,2,241,-0.11740447016216571
1.2885318899511922,1.1795867393699888,2,242,-0.10894515058120335
1.1872548234285125,1.1609080458149976,2,243,-0.026346777613514893
1.1553950011558185,1.009464346182545,2,244,-0.1459306549732735
1.1939867540511855,1.1010260443886184,2,245,-0.09296070966256709
1.2716700718880476,1.0629355956738822,2,246,-0.2087344762141654
1.1441164760866125,1.103439161254705,2,247,-0.04067731483190751
1.2519612278603147,1.1707063375229474,2,248,-0.08125489033736732
1.1977721935002625,1.091181359310712,2,249,-0.10659083418955051
1.1751158568370867,1.179375890119463,2,250,0.004260033282376341
1.1575407018287036,1.1857950813678915,2,251,0.028254379539187857
1.2790636265755089,1.0966854878742294,2,252,-0.1823781387012795
1.2518053471032233,1.0626753688651616,2,253,-0.18912997823806177
1.2535474174894372,1.1612719160488256,2,254,-0.09227550144061158
1.2246496093374477,1.176310338294661,2,255,-0.04833927104278679
1.2960207939541868,1.0618344918845608,2,256,-0.23418630206962598
1.255437127463101,1.1536678525399242,2,257,-0.10176927492317689
1.236295156459157,1.1389905625801797,2,258,-0.09730459387897739
1.2675633465072693,1.0785866369597825,2,259,-0.1889767095474868
1.3070957887207089,1.2206215179954825,2,260,-0.0864742707252264
1.2520816348482176,1.2151023487262116,2,261,-0.03697928612200596
1.2845539998469186,1.152201829614296,2,262,-0.1323521702326227
1.2906582812323357,1.1305721524512324,2,263,-0.1600861287811033
1.31302634344551,1.0997544692006438,2,264,-0.21327187424486627
1.2685685699122742,1.0818146245457823,2,265,-0.18675394536649192
1.3661024582528785,1.1006504936498334,2,266,-0.2654519646030451
1.3084554978585365,1.2120780036681906,2,267,-0.09637749419034591
1.3349329058291792,1.222980026004899,2,268,-0.11195287982428015
1.1604641091849117,1.1054893019927632,2,269,-0.054974807192148534
1.3343739790615168,1.075528028693102,2,270,-0.25884595036841485
1.2379592543090228,1.0726920977963916,2,271,-0.16526715651263113
1.224520571378982,1.0969365857715498,2,272,-0.12758398560743212
1.3242822744488996,1.1919963751590756,2,273,-0.13228589928982393
1.2250787621687633,1.1637884103775045,2,274,-0.06129035179125886
1.2590080226212819,1.0156426296458592,2,275,-0.2433653929754227
1.1179634533455678,1.183589490472493,2,276,0.06562603712692527
1.3215064527008462,1.0734888372321747,2,277,-0.24801761546867152
1.1533668092968898,1.158152286067854,2,278,0.004785476770964081
1.2255984902252046,1.1236076545911116,2,279,-0.10199083563409306
1.2670035547299634,1.1698972644543248,2,280,-0.09710629027563855
1.2317880329217283,1.1214841709387235,2,281,-0.11030386198300479
1.2983932768162598,1.1021371561272604,2,282,-0.19625612068899945
1.200433384537675,1.1107001871034048,2,283,-0.0897331974342701
1.3497336618672744,1.0806408661642526,2,284,-0.2690927957030218
1.2000073480144675,1.1671550993734565,2,285,-0.032852248641010995
1.2464767641413164,1.0999548979030045,2,286,-0.14652186623831187
1.2343621409897474,1.0827257599670905,2,287,-0.15163638102265686
1.33510619878225,1.0955771742946592,2,288,-0.23952902448759072
1.3941864508158996,1.0721680588732325,2,289,-0.3220183919426671
1.2429657930706914,1.1136727066966468,2,290,-0.12929308637404469
1.1192301731419483,1.1039786516607468,2,291,-0.015251521481201458
1.2136876669894812,1.1209157171613147,2,292,-0.0927719498281665
1.290035027105971,1.1321862661840325,2,293,-0.15784876092193856
1.1857947294626168,1.1105201832560216,2,294,-0.07527454620659513
1.2230290601624811,1.0861366286849847,2,295,-0.1368924314774964
1.247594437121933,1.1443914950779326,2,296,-0.10320294204400038
1.2847271520376182,1.1359308326170816,2,297,-0.14879631942053662
1.1899521941162865,1.091595870660674,2,298,-0.0983563234556124
1.1924933864142024,1.1236660092255517,2,299,-0.06882737718865073
1.3016413793781934,1.1500659598789034,2,300,-0.15157541949929
1.3150453099350514,1.1354577930256975,2,301,-0.17958751690935393
1.2708920225815654,1.1160806703796422,2,302,-0.1548113522019232
1.2903344663069949,1.1698315960815435,2,303,-0.12050287022545136
1.2865750199745358,1.1426435294338955,2,304,-0.14393149054064036
1.3019400468712552,1.1732077496632238,2,305,-0.12873229720803137
1.359822215338618,1.167460434890163,2,306,-0.19236178044845498
1.2703995671940715,1.1160992121279572,2,307,-0.1543003550661144
1.2312397054171627,1.1455308575327177,2,308,-0.085708847884445
1.3569672653074685,1.2170854965558704,2,309,-0.13988176875159808
1.28687183876349,1.1433169475239113,2,310,-0.14355489123957876
1.3106136339040553,1.1818896044738851,2,311,-0.12872402943017014
1.2533024239231298,1.1304045760126638,2,312,-0.1228978479104661
1.274818869419736,1.2135837745487972,2,313,-0.06123509487093881
1.3078922302898264,1.0898064230110258,2,314,-0.21808580727880056
1.235678246149196,1.0371704195726796,2,315,-0.19850782657651633
1.3502324616508687,1.1940052853866805,2,316,-0.15622717626418825
1.2195272871012284,1.015103645948741,2,317,-0.20442364115248735
1.1523127290322754,1.1226458976874643,2,318,-0.029666831344811184
1.2472344069064658,1.221496805927785,2,319,-0.02573760097868072
1.2445786056118728,1.0748092745456592,2,320,-0.1697693310662136
1.2189313867116107,1.1387618853067998,2,321,-0.08016950140481094
1.2823051138227284,1.0594434802332142,2,322,-0.22286163358951416
1.2621897836754798,1.1578268059230987,2,323,-0.10436297775238113
1.3045816641247707,1.0886232543674184,2,324,-0.21595840975735237
1.2224850168823151,1.2110783474190443,2,325,-0.011406669463270847
1.2657961307752728,1.107662733118613,2,326,-0.15813339765665968
1.1768189972317853,1.1381934762620214,2,327,-0.038625520969763905
1.2399063635837617,1.1801749770080343,2,328,-0.05973138657572741
1.3097772018963465,1.2159883618217147,2,329,-0.09378884007463184
1.323806843363937,1.210037725900742,2,330,-0.11376911746319496
1.2668125333921647,1.1194171818920284,2,331,-0.14739535150013627
1.261889653194721,1.1304553134397237,2,332,-0.1314343397549973
1.1605078212347608,1.2080950558446046,2,333,0.04758723460984382
1.2588336796016115,1.1177129985650787,2,334,-0.14112068103653286
1.3283101021412635,1.196871765318854,2,335,-0.13143833682240946
1.2171572436921112,1.1571782596374365,2,336,-0.05997898405467472
1.276540630486683,1.0561963232211535,2,337,-0.22034430726552956
1.2654694399425412,1.1693613686293138,2,338,-0.0961080713132274
1.253919996227297,1.1106274724122969,2,339,-0.14329252381500024
1.2055105236196397,1.1796836909943151,2,340,-0.02582683262532459
1.2297822190483572,1.1834467649674594,2,341,-0.04633545408089779
1.2913558284122126,1.0830443212777752,2,342,-0.20831150713443747
1.2795205330098625,1.0852566881930912,2,343,-0.19426384481677128
1.2193484363628655,1.165186399846451,2,344,-0.0541620365164146
1.2428805511600058,1.180721274610235,2,345,-0.062159276549770937
1.2290778192237435,1.15931153207698,2,346,-0.06976628714676347
1.2981485425854284,1.143458799623188,2,347,-0.15468974296224047
1.1659007486012967,1.168816708484266,2,348,0.0029159598829693323
1.3477806868918814,1.201392285869803,2,349,-0.1463884010220784
1.2818221337284008,1.0858909811969852,2,350,-0.19593115253141558
1.282671274082555,1.1073674630091037,2,351,-0.17530381107345128
1.3473654655171399,1.1286348555663015,2,352,-0.21873060995083837
1.1581440770149198,1.118549523930818,2,353,-0.03959455308410176
1.3231787835967936,1.0893093540530352,2,354,-0.23386942954375844
1.269808407171374,1.1208638126874308,2,355,-0.14894459448394315
1.1224744996155527,1.0872556860360527,2,356,-0.035218813579499963
1.2350270424293093,1.040164971494948,2,357,-0.19486207093436136
1.1930516830506157,1.146145794331802,2,358,-0.046905888718813626
1.185892741329632,1.2297988825755815,2,359,0.04390614124594938
1.2709084697125173,1.2286599098725097,2,360,-0.04224855984000753
1.2768878349652881,1.173318664438979,2,361,-0.1035691705263091
1.2703119315822273,1.1796778473023284,2,362,-0.09063408427989894
1.2653612030694046,1.162272139530004,2,363,-0.10308906353940062
1.2759719194967336,1.0783924707678452,2,364,-0.19757944872888844
1.2446702145979143,1.0503482047209454,2,365,-0.1943220098769689
1.1984005093087846,1.096578514427842,2,366,-0.10182199488094268
1.307222569100047,1.0519319252417143,2,367,-0.25529064385833267
1.2174870626483612,1.0912781064756056,2,368,-0.12620895617275552
1.2208015371908938,1.109663261117456,2,369,-0.11113827607343785
1.2905164223497123,1.156119787288563,2,370,-0.1343966350611494
1.3540382748801698,1.1158608369311376,2,371,-0.23817743794903223
1.3274239744806466,1.089649883350944,2,372,-0.2377740911297026
1.2262866110752255,1.2124422093425162,2,373,-0.013844401732709288
1.194615583873448,1.0345965512714597,2,374,-0.16001903260198835
1.2224996785391946,1.0892288279736813,2,375,-0.13327085056551335
1.2127151384925747,1.1358794733581963,2,376,-0.07683566513437845
1.1536375980806064,1.180017125482525,2,377,0.026379527401918512
1.2542255081611455,1.0688958316077906,2,378,-0.18532967655335497
1.2159557111449717,1.187206216814462,2,379,-0.028749494330509773
1.2069001093183602,1.1227433053866873,2,380,-0.08415680393167291
1.2750001371574002,1.1846880624271885,2,381,-0.09031207473021174
1.2151279149030185,1.1212813298593334,2,382,-0.09384658504368515
1.2985886276298355,1.1241517871257989,2,383,-0.17443684050403663
1.27889446653782,1.139499437960615,2,384,-0.13939502857720498
1.2670900947185044,1.1330435222937056,2,385,-0.13404657242479878
1.2113809347403282,1.102350787057464,2,386,-0.10903014768286412
1.1678254126149423,1.1402187157496406,2,387,-0.027606696865301705
1.190955174547626,1.1101978672695876,2,388,-0.08075730727803831
1.2467011027765187,1.158040041062295,2,389,-0.08866106171422361
1.250375872608209,1.1227315486281515,2,390,-0.12764432398005754
1.1962106781106854,1.110588121658385,2,391,-0.08562255645230032
1.2219285259121069,1.1444669956128843,2,392,-0.07746153029922254
1.214107308323971,1.0744965489019447,2,393,-0.1396107594220264
1.2376867986678164,1.1322096791759617,2,394,-0.10547711949185468
1.2551930082901805,1.1112820108771742,2,395,-0.1439109974130064
1.2826891011863357,1.0738577025702185,2,396,-0.20883139861611721
1.2279275116606976,1.0859419010578921,2,397,-0.14198561060280546
1.2750130586845516,1.1428657136486509,2,398,-0.13214734503590075
1.2544601938211646,1.1837365504242372,2,399,-0.07072364339692738
1.2698628683838142,1.1586484635142642,2,400,-0.11121440486955003
1.1676771281366225,1.1290379321167952,2,401,-0.03863919601982735
1.248452792834149,1.1590092306228006,2,402,-0.0894435622113483
1.2094771490413074,1.0841516874679016,2,403,-0.12532546157340585
1.2663761778143916,1.130358488791011,2,404,-0.13601768902338063
1.2699099581883615,1.1537969289501608,2,405,-0.11611302923820066
1.2920386983574532,1.2174574369117677,2,406,-0.07458126144568555
1.1800521574962335,1.1411341843885308,2,407,-0.03891797310770273
1.2248593930883578,1.1243221425915277,2,408,-0.10053725049683004
1.2603998626864958,1.1246900106869828,2,409,-0.13570985199951302
1.2701643009815022,1.1095291279885853,2,410,-0.16063517299291696
1.2936030677243524,1.1141376877431148,2,411,-0.17946537998123757
1.235508998355097,1.16608555176699,2,412,-0.06942344658810717
1.2967022320337083,1.1365712726632022,2,413,-0.16013095937050603
1.1900680244212727,1.1933419189262855,2,414,0.0032738945050128088
1.194891068131458,1.1168520197411105,2,415,-0.07803904839034748
1.3438942670321865,1.1303550443150865,2,416,-0.21353922271710002
1.187009796114482,1.1558840632606375,2,417,-0.031125732853844568
1.2462313374955247,1.1604806683585935,2,418,-0.08575066913693119
1.2707951067127026,1.165636409971581,2,419,-0.10515869674112155
1.3379441960695,1.1204627029850707,2,420,-0.21748149308442932
1.2711248000626556,1.161910274837934,2,421,-0.10921452522472164
1.2798601801178786,1.1544797184300066,2,422,-0.12538046168787198
1.3170395185409984,1.1491510966147205,2,423,-0.16788842192627795
1.2577231288198008,1.2016934993501593,2,424,-0.05602962946964141
1.2816182046402067,1.113731670413912,2,425,-0.16788653422629474
1.2650447618126806,1.0783142357402429,2,426,-0.18673052607243767
1.2940346415316992,1.221228360512603,2,427,-0.07280628101909614
1.2977710818493997,1.2606699611887833,2,428,-0.03710112066061644
1.2973562205392315,1.0332698265591747,2,429,-0.26408639398005684
1.2905016930739173,1.0649845228425747,2,430,-0.22551717023134255
1.2228171710523896,1.1573248356414867,2,431,-0.06549233541090294
1.3287939778333553,1.2648012277551646,2,432,-0.06399275007819072
1.2035230262241383,1.0851679979622384,2,433,-0.11835502826189992
1.2432407298622883,1.0373579628210792,2,434,-0.2058827670412091
1.2989717817902124,1.1014797179437144,2,435,-0.1974920638464981
1.2291381733194275,1.1326791523988906,2,436,-0.09645902092053693
1.217533473234657,1.1118114687256395,2,437,-0.10572200450901748
1.277458490222657,1.0484758352676247,2,438,-0.22898265495503223
1.325619886369464,1.1794249843781413,2,439,-0.14619490199132268
1.2490862825017839,1.0647371595081483,2,440,-0.1843491229936356
1.2213138171383477,1.1821521164065925,2,441,-0.03916170073175529
1.1811747405195543,1.123834746824987,2,442,-0.057339993694567326
1.229147166365355,1.1323973888510817,2,443,-0.09674977751427338
1.2386025389939757,1.1648285343574936,2,444,-0.0737740046364821
1.188451850252864,1.0588148508268054,2,445,-0.12963699942605866
1.2430464096893643,1.084579892441964,2,446,-0.15846651724740024
1.3172246529349732,1.1072826920573133,2,447,-0.20994196087765982
1.2655296512417893,1.1056215997150014,2,448,-0.1599080515267879
1.2303254565459176,1.0885121657931938,2,449,-0.14181329075272386
1.214274135199144,1.1148356223512301,2,450,-0.09943851284791383
1.2080003113743425,1.0898445927387823,2,451,-0.11815571863556018
1.2277402044845265,1.0836955265537158,2,452,-0.14404467793081066
1.19787378041687,1.0829716848428084,2,453,-0.11490209557406161
1.2901395428329046,1.1029052565208026,2,454,-0.18723428631210193
1.2043858397699834,1.0993556674242697,2,455,-0.10503017234571366
1.211862495525679,1.134552765184158,2,456,-0.07730973034152089
1.265408009561262,1.0739525490620596,2,457,-0.19145546049920248
1.1774599354010569,1.115647701140144,2,458,-0.06181223426091287
1.2549484774975133,1.072851775468246,2,459,-0.1820967020292672
1.1320957741714397,1.0300222124530343,2,460,-0.10207356171840543
1.1847938351796716,1.1233188389775668,2,461,-0.06147499620210484
1.3070436290568481,1.1194615650123527,2,462,-0.1875820640444954
1.2190574706260584,1.1467845690588756,2,463,-0.0722729015671828
1.2880626893276275,1.0759653361850066,2,464,-0.2120973531426209
1.3161484775861083,1.1646941401517816,2,465,-0.15145433743432668
1.2333334208099063,1.0990724889376482,2,466,-0.13426093187225807
1.2313405649116294,1.1239328823491392,2,467,-0.10740768256249011
1.2843736573588904,1.0915233200281944,2,468,-0.192850337330696
1.250056672720028,1.115847104015482,2,469,-0.13420956870454592
1.2668983754512124,1.1771384812240364,2,470,-0.08975989422717601
1.3191936239078013,1.124495507547293,2,471,-0.19469811636050816
1.2673964259007902,1.1887626405079383,2,472,-0.07863378539285182
1.3739326029020575,1.1633992814672838,2,473,-0.21053332143477377
1.2427519552454946,1.1161694852040744,2,474,-0.1265824700414202
1.3032556781743538,1.1453346281383872,2,475,-0.15792105003596668
1.301634372046217,1.1014811984620123,2,476,-0.2001531735842046
1.2158943991503977,1.1121580526630699,2,477,-0.10373634648732777
1.252542842685015,1.1290127623281276,2,478,-0.12353008035688728
1.251934689499814,1.1157945249886898,2,479,-0.1361401645111242
1.281885293978421,1.1887733678064765,2,480,-0.09311192617194464
1.2059289848653294,1.0905455612105968,2,481,-0.11538342365473264
1.2769296649071507,1.0145875726020557,2,482,-0.262342092305095
1.2638551714341049,1.2047644883570734,2,483,-0.05909068307703147
1.2452574266980974,1.11260296616849,2,484,-0.1326544605296074
1.305354050096382,1.151625341140632,2,485,-0.15372870895574997
1.3256860816881584,1.124160308429323,2,486,-0.20152577325883536
1.2294780110621657,1.1445438438857014,2,487,-0.08493416717646429
1.459760157993843,1.1264755236077717,2,488,-0.33328463438607137
1.3060552867578792,1.1447120986496655,2,489,-0.1613431881082137
1.2846092653019971,1.1707343450853946,2,490,-0.1138749202166025
1.2904082242338468,1.2138956965652656,2,491,-0.07651252766858119
1.217620256108323,1.2248181011083838,2,492,0.007197845000060932
1.333564296781453,1.1184242410709182,2,493,-0.21514005571053474
1.2545589666021686,1.1314423670362728,2,494,-0.12311659956589582
1.241220429031857,1.174522381904534,2,495,-0.06669804712732286
1.2046745417952176,1.1602176358142287,2,496,-0.04445690598098895
1.2706107928858774,1.1232385780975251,2,497,-0.14737221478835227
1.1953770616504298,1.1141550279374115,2,498,-0.08122203371301828
1.2846411947326302,1.1724234039977235,2,499,-0.11221779073490667
1.1835327378884115,1.1370110854683564,2,500,-0.046521652420055126
1.2979878795442548,1.1396484011216388,2,501,-0.15833947842261598
1.2877674459215054,1.057666046666402,2,502,-0.2301013992551033
1.2716325027229762,1.1526122518823512,2,503,-0.11902025084062506
1.214881630009509,1.2603681972485516,2,504,0.04548656723904254
1.2388856803516666,1.2377451525485512,2,505,-0.0011405278031153543
1.2969424542490458,1.1417659611278403,2,506,-0.1551764931212054
1.258932698843566,1.1147773873127356,2,507,-0.1441553115308305
1.2667240042323087,1.1444677199839828,2,508,-0.12225628424832591
1.2812872554831518,1.2073765531461855,2,509,-0.07391070233696628
1.1967565187033173,1.2070694288367536,2,510,0.01031291013343627
1.312616757483826,1.2290384839830162,2,511,-0.08357827350080971
1.3315508222619625,1.2108347158140396,2,512,-0.12071610644792297
1.2712746715451695,1.1274070680682744,2,513,-0.1438676034768951
1.2934033767075306,1.1320241837856286,2,514,-0.16137919292190195
1.3134319221343913,1.169656792364934,2,515,-0.1437751297694574
1.2730902403894262,1.1625005107875503,2,516,-0.11058972960187585
1.2588077870838998,1.1157010266716663,2,517,-0.14310676041223358
1.34040451539919,1.117034736919707,2,518,-0.22336977847948303
1.2870636283558037,1.1532750308504456,2,519,-0.1337885975053581
1.2601275178849904,1.1517607503751386,2,520,-0.10836676750985186
1.3585410457336229,1.0683055369035341,2,521,-0.29023550883008875
1.2178497870715657,1.084899067413995,2,522,-0.13295071965757055
1.2395872778817116,1.188638748382532,2,523,-0.05094852949917961
1.262660351892757,1.1550476989134533,2,524,-0.10761265297930378
1.2382970065928154,1.0744603089653935,2,525,-0.16383669762742192
1.3156596430520373,1.079391733847856,2,526,-0.23626790920418128
1.2884203692033678,1.0930976258071596,2,527,-0.19532274339620814
1.2256852112696397,0.9945540988488671,2,528,-0.23113111242077256
1.318580232424934,1.1227832822850634,2,529,-0.19579695013987064
1.1598451741771525,1.1849093479591906,2,530,0.02506417378203807
1.2647431526025656,1.0693949432326384,2,531,-0.19534820936992725
1.3020163347947697,1.1395402890628832,2,532,-0.16247604573188656
1.26147178533881,1.1952102344927935,2,533,-0.06626155084601648
1.2762101483673691,1.1558211966090075,2,534,-0.12038895175836162
1.213105567214316,1.0996691908806715,2,535,-0.11343637633364456
1.2880723522588275,1.1307569184676611,2,536,-0.15731543379116641
1.1801749267206691,1.204726154686952,2,537,0.02455122796628295
1.193231514335076,1.1141302833386086,2,538,-0.07910123099646738
1.1878146925549835,1.1266390574418115,2,539,-0.06117563511317203
1.1940495964509716,1.1094806548854568,2,540,-0.08456894156551487
1.2203150742850932,1.0994893863816686,2,541,-0.12082568790342463
1.3259332550492353,1.0853765438773963,2,542,-0.24055671117183897
1.2583708008448888,1.0521933002840242,2,543,-0.2061775005608646
1.2272271157895207,1.1039486596132302,2,544,-0.12327845617629052
1.2159842848982687,1.1367067504379853,2,545,-0.0792775344602834
1.25338701769139,1.1749714492899705,2,546,-0.07841556840141939
1.2653209863548909,1.0307365998339608,2,547,-0.23458438652093005
1.2877801160886313,1.1495373103260786,2,548,-0.13824280576255266
1.3329224265456951,1.1431842953948104,2,549,-0.18973813115088478
1.2310882819780982,1.1653780344817626,2,550,-0.06571024749633558
1.2858550959067163,1.0830671125483373,2,551,-0.202787983358379
1.205801177786947,1.1194660932714005,2,552,-0.08633508451554661
1.2335623833357556,1.0482572711054974,2,553,-0.18530511223025825
1.2530493866787515,1.1572904279445018,2,554,-0.09575895873424978
1.2779937836634314,1.1919410707115354,2,555,-0.08605271295189598
1.356407540714042,1.2084930405818672,2,556,-0.14791450013217466
1.2070149427463182,1.1109553899546614,2,557,-0.09605955279165679
1.1525372716685833,1.1176127372600426,2,558,-0.03492453440854071
1.1916468775260605,1.1926988901293731,2,559,0.0010520126033126687
1.2013135578665655,1.20801411152537,2,560,0.006700553658804509
1.2562853923203545,1.1025984290279256,2,561,-0.15368696329242892
1.233717779674731,1.12720936626199,2,562,-0.10650841341274098
1.1961114697366118,1.0699664832894036,2,563,-0.12614498644720817
1.2040724508205047,1.1445187415018752,2,564,-0.05955370931862958
1.2573228490809232,1.1141083764979698,2,565,-0.1432144725829534
1.3141365013566622,1.088130236821674,2,566,-0.22600626453498807
1.2272310584945134,1.144316554568214,2,567,-0.08291450392629951
1.2209700845652696,1.051408261263809,2,568,-0.16956182330146063
1.2747655846181485,1.1044333603191958,2,569,-0.17033222429895267
1.211853250138561,1.1020122108711394,2,570,-0.10984103926742161
1.2750956583901927,1.0665905384834389,2,571,-0.2085051199067538
1.233178583386714,1.1382442212541908,2,572,-0.09493436213252315
1.2519503616708128,1.0850336474343643,2,573,-0.1669167142364485
1.21511681159143,1.1677517967417257,2,574,-0.047365014849704234
1.2998876499637622,1.1277185739421294,2,575,-0.17216907602163278
1.2312770250481802,1.1428849311595806,2,576,-0.08839209388859959
1.2655844802193155,1.1450532074684692,2,577,-0.1205312727508463
1.184992630504186,1.0841945825886943,2,578,-0.10079804791549174
1.340227316330778,1.0884449878777338,2,579,-0.25178232845304427
1.3137417259146489,1.1206428315403314,2,580,-0.1930988943743175
1.226875645172865,1.1681687883684568,2,581,-0.058706856804408236
1.28917839673072,1.0673419917610851,2,582,-0.22183640496963486
1.3017398821182127,1.1167864294526069,2,583,-0.1849534526656058
1.2345927903857,1.0937035770741113,2,584,-0.14088921331158866
1.205963401220685,1.1099969122428734,2,585,-0.09596648897781157
1.2837721633414303,1.0930567719885842,2,586,-0.1907153913528461
1.2205325930651267,1.1488466430441102,2,587,-0.07168595002101652
1.2131395933332678,1.0533995253765684,2,588,-0.15974006795669937
1.2547476026466726,1.1709492266060793,2,589,-0.08379837604059337
1.2865289174839172,1.1437043271970402,2,590,-0.142824590286877
1.2517806737068335,1.160911515199812,2,591,-0.0908691585070216
1.2584220995141118,1.1338929296542506,2,592,-0.12452916985986118
1.331270889705066,1.1650473088026678,2,593,-0.1662235809023982
1.252912235513099,1.1476539708234732,2,594,-0.10525826468962585
1.3632347628723718,1.1788930645199143,2,595,-0.1843416983524575
1.3285744680971125,1.2118327590119848,2,596,-0.11674170908512771
1.2491839460641994,1.1058738044283087,2,597,-0.14331014163589062
1.1828698549547094,1.1599477176305442,2,598,-0.02292213732416526
1.2754203643964073,1.15653402215084,2,599,-0.11888634224556727
1.2340247096912291,1.1831048273919746,2,600,-0.05091988229925448
1.2372064889817422,1.1156444188258918,2,601,-0.12156207015585041
1.1619688983731187,1.1164790024702822,2,602,-0.045489895902836475
1.2845119877948061,1.2176824867120208,2,603,-0.06682950108278529
1.3192707384211717,1.1186280799500912,2,604,-0.20064265847108054
1.296479007453863,1.1772133205388238,2,605,-0.11926568691503925
1.2602787089910457,1.1718116820629438,2,606,-0.08846702692810182
1.3048857569234609,1.1485909033744122,2,607,-0.1562948535490487
1.2835068738885513,1.1588379853025894,2,608,-0.12466888858596192
1.3230837875138355,1.2310185695607192,2,609,-0.09206521795311629
1.2679512396563806,1.1418158074823066,2,610,-0.12613543217407397
1.267312924037181,1.194286140774966,2,611,-0.0730267832622149
1.2875687059576297,1.0795564514339886,2,612,-0.20801225452364114
1.2350488710124525,1.1107447036281495,2,613,-0.12430416738430305
1.2620600195718101,1.0985140886441778,2,614,-0.16354593092763237
1.2282823274004486,1.2697638229711103,2,615,0.04148149557066172
1.3098190130678171,1.115075273263448,2,616,-0.1947437398043692
1.2582662364741921,1.1204769425096606,2,617,-0.13778929396453155
1.2405681691400825,1.19016128421722,2,618,-0.050406884922862494
1.310485284153219,1.134861575081695,2,619,-0.17562370907152403
1.1767171837871735,1.1630026993551343,2,620,-0.013714484432039153
1.2038545503828824,1.1738418139729088,2,621,-0.030012736409973595
1.3148898071570623,1.1314294914269492,2,622,-0.18346031573011312
1.329891401787823,1.1256946346269405,2,623,-0.20419676716088242
1.2881070931262804,1.1882886036994913,2,624,-0.09981848942678906
1.2862291731194813,1.1907590706839006,2,625,-0.09547010243558063
1.3041794420305477,1.1104955855459948,2,626,-0.19368385648455289
1.2498863793479673,1.1659585203881015,2,627,-0.08392785895986576
1.275058999802309,1.1088910789392177,2,628,-0.1661679208630913
1.2720329544035245,1.087712328872196,2,629,-0.18432062553132855
1.3249681711840946,1.1449516605383878,2,630,-0.18001651064570678
1.1137210708893481,1.212382468322986,2,631,0.09866139743363789
1.1990153133023693,1.1168168176106454,2,632,-0.08219849569172388
1.1835093366935934,1.1416941981412598,2,633,-0.04181513855233354
1.2036665986652504,1.063983330831845,2,634,-0.13968326783340546
1.2621196054997619,1.1611147951934782,2,635,-0.10100481030628372
1.2089950599502337,1.1427612740692181,2,636,-0.06623378588101558
1.3047841004614962,1.1537382605747577,2,637,-0.15104583988673848
1.2968403468240406,1.1382289548444149,2,638,-0.1586113919796257
1.2744689623946217,1.0820525603196725,2,639,-0.19241640207494926
1.3102489606364216,1.0937862784883954,2,640,-0.21646268214802622
1.2074371342929142,1.1412487533768794,2,641,-0.06618838091603485
1.3581097718916597,1.1194366779986042,2,642,-0.23867309389305547
1.2873913441388425,1.1451524906756145,2,643,-0.14223885346322795
1.2483661069010703,1.124932160306728,2,644,-0.12343394659434237
1.2828933558597821,1.2266953507456126,2,645,-0.0561980051141695
1.299557054593814,1.082153154694777,2,646,-0.21740389989903708
1.1621620159078914,1.1711999933357884,2,647,0.009037977427897026
1.2273184035335585,1.190986942525398,2,648,-0.036331461008160426
1.2702355987970608,1.202267420356554,2,649,-0.06796817844050684
1.3196002347652303,1.1024037378518083,2,650,-0.2171964969134219
1.1987755456926696,1.2632556590417314,2,651,0.06448011334906179
1.1499814777559627,1.1301811894813265,2,652,-0.019800288274636202
1.2212772637119107,1.066135860047729,2,653,-0.1551414036641816
1.1779231261687693,1.1314440126596021,2,654,-0.046479113509167114
1.2646487839026506,1.1763843776316385,2,655,-0.08826440627101206
1.2063577626915256,1.1258672296745378,2,656,-0.08049053301698783
1.2188530174690275,1.1119028006879002,2,657,-0.10695021678112737
1.2866852686631018,1.1650069875623794,2,658,-0.12167828110072243
1.3861142136001672,1.200386879109357,2,659,-0.18572733449081014
1.2908298558893287,1.2367594464708245,2,660,-0.05407040941850427
1.2147292797401437,1.0628034694096469,2,661,-0.1519258103304968
1.275900504676174,1.1653809375664086,2,662,-0.1105195671097654
1.2565421812668345,1.1079988207262532,2,663,-0.14854336054058126
1.2304086505380905,1.083834658578178,2,664,-0.1465739919599125
1.2437621351941428,1.1567432862647942,2,665,-0.08701884892934864
1.1840103254398024,1.0844162474038046,2,666,-0.09959407803599785
1.285082313864613,1.1456536445583556,2,667,-0.1394286693062574
1.2713140778482843,1.1517750934233824,2,668,-0.11953898442490196
1.3182804150708458,1.1313899533977994,2,669,-0.18689046167304646
1.0687473720946126,1.0895926660316406,2,670,0.020845293937028053
1.3060265982200518,1.1682019377814363,2,671,-0.13782466043861552
1.290895207716792,1.1828722286525835,2,672,-0.10802297906420844
1.1635204791134222,1.0816755497727246,2,673,-0.08184492934069754
1.2735810220350219,1.0928978167412644,2,674,-0.18068320529375748
1.3883550708521781,1.1580581493205553,2,675,-0.23029692153162284
1.2218098796107313,1.1685764460586352,2,676,-0.05323343355209609
1.3292939293349082,1.2376315078357731,2,677,-0.09166242149913506
1.3227425651563747,1.1994518675074408,2,678,-0.12329069764893386
1.2919272811064364,1.1535805442822173,2,679,-0.13834673682421905
1.389292746336024,1.144971313037464,2,680,-0.24432143329856015
1.2918205570630996,1.2033810726919176,2,681,-0.08843948437118199
1.2501757605859902,1.0972527694388887,2,682,-0.1529229911471015
1.2630115447263377,1.1642155829729353,2,683,-0.09879596175340244
1.231135493423418,1.128205544205795,2,684,-0.102929949217623
1.2939487890124426,1.1377209566899564,2,685,-0.15622783232248616
1.3211265715859668,1.184560750726093,2,686,-0.1365658208598739
1.226491331042833,1.1203491572354458,2,687,-0.10614217380738711
1.3601796997207052,1.123928842949938,2,688,-0.2362508567707673
1.2802017983717304,1.1101109174558463,2,689,-0.1700908809158841
1.2631906479151565,1.2024239283585834,2,690,-0.06076671955657309
1.2407190612641004,1.237629607112077,2,691,-0.003089454152023441
1.3241908846693917,1.039123064573686,2,692,-0.28506782009570575
1.3616863123150251,1.1808634217805904,2,693,-0.18082289053443468
1.2118417385920282,1.0828645276935993,2,694,-0.12897721089842884
1.2633177700071578,1.1306938049658144,2,695,-0.13262396504134344
1.2267235007598287,1.0813166296685497,2,696,-0.14540687109127903
1.3099390919537788,1.224459357072221,2,697,-0.08547973488155769
1.298654747216202,1.218296997061195,2,698,-0.08035775015500701
1.287940843036713,1.1103940436827617,2,699,-0.17754679935395123
1.2003990057433485,1.186081773582635,2,700,-0.014317232160713456
1.2288923079614267,1.110315771454591,2,701,-0.11857653650683564
1.3048152629083738,1.1915073378316932,2,702,-0.11330792507668064
1.195546065052382,1.0641947339153637,2,703,-0.13135133113701825
1.3073700415718688,1.192249887924003,2,704,-0.11512015364786565
1.254210493986663,1.085099339364787,2,705,-0.16911115462187598
1.2408855723670795,1.0514951322156618,2,706,-0.1893904401514177
1.2912123395294617,1.1591871586885003,2,707,-0.13202518084096138
1.2435461228850544,1.1518992791087652,2,708,-0.09164684377628918
1.2176343637720735,1.16424982135773,2,709,-0.05338454241434354
1.2768938733975814,1.1717283641608158,2,710,-0.1051655092367656
1.3481008473441896,1.154026618625674,2,711,-0.19407422871851554
1.2473895823969403,1.199084528436389,2,712,-0.0483050539605514
1.2527905990606594,1.2286883213227195,2,713,-0.024102277737939826
1.3141572175384901,1.2332069442463451,2,714,-0.08095027329214499
1.247905186026129,1.1725455604631,2,715,-0.07535962556302889
1.2675020253366287,1.1288917554622209,2,716,-0.13861026987440783
1.2531707829840761,1.1899123310320006,2,717,-0.06325845195207558
1.267878792343189,1.0846177824066172,2,718,-0.18326100993657168
1.2799365423640532,1.2299286389552226,2,719,-0.050007903408830545
1.2412550285597022,1.077608792031318,2,720,-0.16364623652838417
1.2396872829811139,1.1206494874147492,2,721,-0.11903779556636462
1.2476751816509386,1.1258198846943752,2,722,-0.12185529695656339
1.2553504983287636,1.1601896757081382,2,723,-0.09516082262062531
1.242473086857307,1.2038324807609473,2,724,-0.038640606096359775
1.2898451068297763,1.2183875658941552,2,725,-0.07145754093562107
1.2018575899879653,1.1443340214678557,2,726,-0.05752356852010965
1.3174960722866054,1.1351696311811867,2,727,-0.18232644110541862
1.3090294431693485,1.1325080097775606,2,728,-0.17652143339178794
1.2337183299859666,1.1410315210129358,2,729,-0.09268680897303083
1.20282949597753,1.0929775781762334,2,730,-0.10985191780129666
1.1949875564192216,1.1382930039338568,2,731,-0.05669455248536481
1.323712555988426,1.1758098724849089,2,732,-0.1479026835035171
1.2560563776023008,1.214537935921541,2,733,-0.04151844168075991
1.241940256936175,1.1239736098653528,2,734,-0.11796664707082227
1.2634186464150798,1.0971828381458533,2,735,-0.16623580826922657
1.2302181974771198,1.148276342846437,2,736,-0.08194185463068271
1.1983629207345774,1.1722727765234913,2,737,-0.02609014421108613
1.1583747585415323,1.035109975523203,2,738,-0.12326478301832933
1.1645015004729113,1.1982377303780103,2,739,0.03373622990509895
1.1968729522128099,1.2034996109072462,2,740,0.006626658694436349
1.2109587719200825,1.0581047799974652,2,741,-0.15285399192261728
1.313749771355789,1.0722040291849324,2,742,-0.24154574217085667
1.1747916039760185,1.1729249512561308,2,743,-0.0018666527198876182
1.2281523232780303,1.1167727066994502,2,744,-0.11137961657858009
1.2175487748707523,1.126849299916565,2,745,-0.0906994749541874
1.253266909160553,1.1624641225982195,2,746,-0.09080278656233354
1.2265857902892487,1.1437370636956061,2,747,-0.08284872659364262
1.3238210033193911,1.1624919555281112,2,748,-0.16132904779127988
1.3000578326636598,1.1477511028576441,2,749,-0.15230672980601567
1.2580564897737534,1.1078116861398817,2,750,-0.15024480363387172
1.2368983304284762,1.1481250862557215,2,751,-0.08877324417275467
1.3591551226905199,1.1520748615269711,2,752,-0.20708026116354872
1.2926915286143423,1.125737925257989,2,753,-0.16695360335635323
1.3042222817356457,1.1141803985083787,2,754,-0.190041883227267
1.2703663408122443,1.1786804654872396,2,755,-0.09168587532500472
1.2715762664560992,1.1300949801003741,2,756,-0.1414812863557251
1.226608923916947,1.1543619285332714,2,757,-0.07224699538367574
1.2946265978395408,1.1702901761950506,2,758,-0.12433642164449021
1.1966914572708818,1.1856154467657372,2,759,-0.011076010505144618
1.2105818484294708,1.1838607975498734,2,760,-0.02672105087959742
1.241000466623991,1.0498282962421135,2,761,-0.19117217038187762
1.2510563229260485,1.0924393591275192,2,762,-0.1586169637985293
1.1841472218933138,1.089470461057857,2,763,-0.09467676083545684
1.1956879144588202,1.0625357982339494,2,764,-0.13315211622487078
1.3669049563884546,1.1429710427333997,2,765,-0.22393391365505488
1.3349215263983045,1.2012792481737442,2,766,-0.13364227822456032
1.2520909773643378,1.1538266906281884,2,767,-0.0982642867361494
1.2399024283675857,1.1350382683587352,2,768,-0.10486416000885046
1.2193824612865172,1.100940481342367,2,769,-0.11844197994415007
1.2800984879218156,1.0731668136226584,2,770,-0.20693167429915715
1.2963374375327166,1.1078541007649492,2,771,-0.1884833367677674
1.1706266483208596,1.1020069243214892,2,772,-0.06861972399937044
1.331028354137366,1.1644129766833755,2,773,-0.16661537745399047
1.3152030445445209,1.091022962003938,2,774,-0.22418008254058286
1.1934155083823017,1.1772110336231134,2,775,-0.016204474759188292
1.2042209702709568,1.2222528160076271,2,776,0.018031845736670382
1.2870908178217904,1.105552529563237,2,777,-0.18153828825855345
1.3685758810074664,1.1094111166850489,2,778,-0.25916476432241753
1.3259822071247311,1.1770706334651897,2,779,-0.14891157365954144
1.3235372162688472,1.0759877925852162,2,780,-0.2475494236836311
1.2684530649276273,1.1536157699158789,2,781,-0.11483729501174844
1.3204089761325477,1.137443102397586,2,782,-0.18296587373496176
1.2876309258664755,1.1568819299047184,2,783,-0.13074899596175715
1.2899424505608281,1.1077603283907453,2,784,-0.18218212217008278
1.2989020756045875,1.1401933294418936,2,785,-0.15870874616269393
1.314356062054074,1.1293175981253563,2,786,-0.1850384639287177
1.23385296290261,1.1395702462433588,2,787,-0.09428271665925125
1.2846352288022045,1.0423720496255453,2,788,-0.24226317917665918
1.2038799790715529,1.2877489909115334,2,789,0.08386901183998052
1.351529810485989,1.283529165563158,2,790,-0.06800064492283098
1.2917196828018347,1.135114538505751,2,791,-0.15660514429608363
1.2075804092225577,1.105289287185397,2,792,-0.10229112203716073
1.2733783437786164,1.04936821915874,2,793,-0.22401012461987646
1.1734557627509177,1.0948640490553299,2,794,-0.07859171369558782
1.3324904351841815,1.1695128456416217,2,795,-0.1629775895425598
1.2203828145689593,1.1694457726479452,2,796,-0.050937041921014004
1.2542869943459318,1.1438020488412821,2,797,-0.11048494550464971
1.2316255877495368,1.1879416839392545,2,798,-0.04368390381028231
1.299979415412233,1.061322460037603,2,799,-0.23865695537463005
1.181029940983293,1.0979859717158686,2,800,-0.0830439692674243
1.225289556612553,1.147609149105934,2,801,-0.07768040750661909
1.2145619778227086,1.1521184629476031,2,802,-0.062443514875105466
1.242781213645651,1.1122186010656958,2,803,-0.13056261257995527
1.2734434591863328,1.1363490493116926,2,804,-0.13709440987464028
1.2001256955973387,1.1197190994713488,2,805,-0.08040659612598988
1.2146510308017768,1.1494164344539848,2,806,-0.06523459634779205
1.148250753801921,1.009324125704848,2,807,-0.13892662809707312
1.2131271941912731,1.1918741025913901,2,808,-0.02125309159988298
1.2633248207897105,1.2447871549053935,2,809,-0.018537665884317045
1.1862316564008601,1.1867318321827456,2,810,0.0005001757818854369
1.224604394140961,1.144648214437569,2,811,-0.07995617970339208
1.298708137962243,1.0918100867686185,2,812,-0.20689805119362448
1.241844609099449,1.1337754770791793,2,813,-0.1080691320202698
1.2545025630459277,1.177783205003955,2,814,-0.07671935804197272
1.318390085218636,1.2107619541011663,2,815,-0.10762813111746983
1.2319553989259864,1.165414719451081,2,816,-0.06654067947490527
1.3007923968791009,1.1811363283485385,2,817,-0.11965606853056232
1.2263429447002911,1.1894712687329942,2,818,-0.0368716759672969
1.3008011967789255,1.150589745504385,2,819,-0.1502114512745405
1.2156489367907475,1.0853383788864508,2,820,-0.1303105579042967
1.303443801797755,1.0962586447252216,2,821,-0.20718515707253338
1.3060093400617172,1.1462277118037671,2,822,-0.15978162825795006
1.1596120857823666,1.064970713967384,2,823,-0.09464137181498256
1.3305935295993827,1.1376422626030502,2,824,-0.19295126699633247
1.3066926935332253,1.1360919387249044,2,825,-0.17060075480832082
1.241778622165109,1.1027966222297776,2,826,-0.13898199993533145
1.277963636747003,1.075986560383859,2,827,-0.2019770763631441
1.3622582858880463,1.040739389429356,2,828,-0.32151889645869036
1.301320088018166,1.0832571707551364,2,829,-0.2180629172630295
1.227215082463382,1.19185009610411,2,830,-0.03536498635927199
1.3243353780645832,1.1928232471749385,2,831,-0.13151213088964475
1.2814201038731923,1.0760083744374092,2,832,-0.20541172943578312
1.173411484742977,1.0003003468612983,2,833,-0.17311113788167876
1.3046437124874761,1.1828130585196124,2,834,-0.12183065396786374
1.3277451398415727,1.050842037931912,2,835,-0.2769031019096606
1.2210257191109175,1.2860486655933565,2,836,0.065022946482439
1.2822672338601275,1.150812731757988,2,837,-0.1314545021021396
1.2621707028348699,1.0951965121266634,2,838,-0.16697419070820652
1.2684418437795248,1.1686281785832047,2,839,-0.09981366519632018
1.2421805007419509,1.0500479480420035,2,840,-0.19213255269994733
1.2009759369922313,1.0762745541666698,2,841,-0.12470138282556142
1.2701735151104876,1.0884732079380315,2,842,-0.1817003071724561
1.3130236125583972,1.095185289431951,2,843,-0.21783832312644624
1.264052607204552,1.1457091734882354,2,844,-0.1183434337163165
1.35397112658516,1.1538934670252345,2,845,-0.2000776595599254
1.1669849158523782,1.1190145768050368,2,846,-0.04797033904734138
1.2806955410399263,1.089000119581979,2,847,-0.19169542145794738
1.2419196633128013,1.1461978101120862,2,848,-0.09572185320071513
1.2563111951691384,1.0891926475232458,2,849,-0.1671185476458925
1.2685056421141367,1.0592733617925387,2,850,-0.20923228032159802
1.2534697837075623,1.1373369304639875,2,851,-0.11613285324357481
1.3437899521794512,1.1221795147392561,2,852,-0.22161043744019504
1.259418492115393,1.132376689292284,2,853,-0.12704180282310906
1.278597217828495,1.1299384615112238,2,854,-0.1486587563172712
1.2755044803922049,1.1598886727042594,2,855,-0.11561580768794544
1.2426859138979829,1.1319996279739917,2,856,-0.11068628592399121
1.1746006621834983,1.1268594502977023,2,857,-0.04774121188579605
1.3346584973762217,1.176752029377726,2,858,-0.15790646799849561
1.280748393421721,1.1686400124089396,2,859,-0.11210838101278142
1.2803404146519217,1.1071393171002053,2,860,-0.17320109755171642
1.248781888089025,1.167707624970727,2,861,-0.0810742631182979
1.2784139040274214,1.1019978956067635,2,862,-0.17641600842065785
1.1910739153330012,1.1319403453553172,2,863,-0.05913356997768404
1.2732837570977515,1.082649881210334,2,864,-0.19063387588741754
1.2485238467923612,1.0949173748010526,2,865,-0.1536064719913086
1.2580194948511734,1.0882243707096797,2,866,-0.16979512414149367
1.2187226895833805,1.1736777250502708,2,867,-0.04504496453310969
1.2544195341983277,1.121279585432797,2,868,-0.1331399487655307
1.3454680580176521,1.0111986499702983,2,869,-0.33426940804735383
1.1709286663251697,1.145655669434079,2,870,-0.02527299689109075
1.2265832112855533,1.119995543445611,2,871,-0.10658766783994222
1.1788673257881301,1.1302019640890633,2,872,-0.04866536169906688
1.2188456525677758,1.1181528158049732,2,873,-0.1006928367628026
1.2249430291963272,1.1300052837407732,2,874,-0.094937745455554
1.3052752570194908,1.1351656233215623,2,875,-0.17010963369792842
1.2110336856067294,1.1138015479124763,2,876,-0.0972321376942531
1.247856961888111,1.2301756514954034,2,877,-0.017681310392707594
1.2043184553793411,1.110651037022261,2,878,-0.09366741835708003
1.2941528695990268,1.0333925878394383,2,879,-0.26076028175958843
1.3393455969289334,1.1274726156487027,2,880,-0.2118729812802307
1.2782631773345787,1.234939786412887,2,881,-0.043323390921691685
1.228584118391446,1.2095546810323528,2,882,-0.01902943735909335
1.2954858894425911,1.2050933265445698,2,883,-0.09039256289802133
1.3019841113763544,1.0926521894007561,2,884,-0.20933192197559825
1.3277352867457166,1.1132063792446736,2,885,-0.21452890750104303
1.2503947656803445,1.156211704128124,2,886,-0.09418306155222056
1.2831234389724202,1.182832095856428,2,887,-0.1002913431159922
1.2594057285672364,1.1667210368440895,2,888,-0.09268469172314697
1.2360965929045002,1.1191358739009587,2,889,-0.11696071900354155
1.268737628721928,1.0960543675383716,2,890,-0.17268326118355648
1.2740537729345678,1.1837855589304647,2,891,-0.09026821400410312
1.315826218008638,1.1133360355374018,2,892,-0.20249018247123618
1.2337345401224584,1.1106744710769743,2,893,-0.12306006904548417
1.317045487094559,1.2504202112561669,2,894,-0.06662527583839206
1.2859857901491254,1.148037860996507,2,895,-0.13794792915261844
1.2346157425802138,1.1523526894822078,2,896,-0.08226305309800597
1.29528186381725,1.1207139956810486,2,897,-0.1745678681362015
1.2821184397787688,1.092185723416899,2,898,-0.1899327163618698
1.304766807522256,1.1978895005059305,2,899,-0.10687730701632558
1.234689175480067,1.0913510063976801,2,900,-0.14333816908238695
1.1489307922415384,1.1625770959513821,2,901,0.013646303709843766
1.247731314966327,1.0609260773888347,2,902,-0.18680523757749223
1.2419040991696355,1.1645173093821737,2,903,-0.07738678978746183
1.2054659620912862,1.1488124164222784,2,904,-0.05665354566900782
1.3006514670253466,1.0247166216067534,2,905,-0.27593484541859326
1.28445018370585,1.2076651722120908,2,906,-0.07678501149375916
1.267412483236911,1.178302599044468,2,907,-0.08910988419244292
1.2226230475490973,1.1264234148074712,2,908,-0.09619963274162613
1.2821210515212844,1.1414288626480285,2,909,-0.14069218887325596
1.2134495696331005,1.0956091346648655,2,910,-0.11784043496823493
1.2088318173735348,1.1269192183526568,2,911,-0.081912599020878
1.2826425294368469,1.2017868227793624,2,912,-0.08085570665748443
1.2919482560010822,1.1264837900095972,2,913,-0.165464465991485
1.1930582107150116,1.0820269345476923,2,914,-0.11103127616731934
1.2368898663305832,1.2391518552714826,2,915,0.002261988940899462
1.2790972004895553,1.220896865193255,2,916,-0.05820033529630031
1.2562002105254235,1.0979696091843085,2,917,-0.158230601341115
1.283580497784381,1.1218432413511354,2,918,-0.16173725643324555
1.2511181677483352,1.1731854827819435,2,919,-0.07793268496639172
1.217942678533101,1.1431616316900606,2,920,-0.07478104684304032
1.222534633592274,1.1391191988261153,2,921,-0.08341543476615865
1.3132571930078722,1.1846364915796899,2,922,-0.12862070142818238
1.2884409112069735,1.1324534429805013,2,923,-0.15598746822647214
1.2363695768528364,1.0849924037251695,2,924,-0.15137717312766696
1.1722481809140857,1.0607605795629342,2,925,-0.11148760135115143
1.212549766935276,1.0549825913746307,2,926,-0.15756717556064537
1.2526435542419867,1.0772807290648023,2,927,-0.17536282517718438
1.3170647470785808,1.117696996543344,2,928,-0.1993677505352367
1.2655577538453746,1.1326035628441617,2,929,-0.13295419100121286
1.2536014964062527,1.1390164550536563,2,930,-0.1145850413525964
1.2184207721751732,1.1788451549187597,2,931,-0.03957561725641345
1.266675969053424,1.1148765624719692,2,932,-0.15179940658145474
1.3072713704845784,1.161957272767674,2,933,-0.1453140977169045
1.2698475812711516,1.1581239356974984,2,934,-0.11172364557365322
1.2907865032306014,1.1698390969158625,2,935,-0.12094740631473888
1.206720656885315,1.1628387336227204,2,936,-0.04388192326259466
1.238654797726806,1.1162599637936317,2,937,-0.12239483393317441
1.247293824919228,1.1528363546031095,2,938,-0.09445747031611851
1.2354655945853366,1.1342906292874202,2,939,-0.10117496529791636
1.3550573402299264,1.1344462828666282,2,940,-0.22061105736329822
1.324323424583421,1.1103700610919585,2,941,-0.21395336349146254
1.259657133464361,1.0853116252033495,2,942,-0.17434550826101147
1.2348266295427839,1.1199306521155785,2,943,-0.11489597742720536
1.2294692811491466,1.1747059686468477,2,944,-0.05476331250229882
1.165158316332675,1.0610296792015426,2,945,-0.10412863713113252
1.3304525424687197,1.0103305363678459,2,946,-0.3201220061008738
1.3820987989904312,1.1574328231377637,2,947,-0.22466597585266745
1.2350759112827105,1.1240570235149732,2,948,-0.11101888776773738
1.3074397336968073,1.05253904504064,2,949,-0.25490068865616733
1.27737530443588,1.1013484322542506,2,950,-0.17602687218162938
1.1280748461066108,1.2325989653592777,2,951,0.10452411925266691
1.3563209658764168,1.1897634364276404,2,952,-0.16655752944877644
1.2877745807637904,1.0486472895857606,2,953,-0.23912729117802978
1.1420236590097057,1.1283337346327165,2,954,-0.013689924376989238
1.3218167119120456,1.0859759810989995,2,955,-0.23584073081304613
1.2347477427982136,1.0925142629769964,2,956,-0.14223347982121726
1.2105867668661434,1.092310009956598,2,957,-0.11827675690954531
1.2104299405992889,1.1805235130674312,2,958,-0.029906427531857682
1.225205606370656,1.0715088117748237,2,959,-0.1536967945958323
1.2523621532232339,1.0855538339535236,2,960,-0.1668083192697103
1.302803300109049,1.1162373821876306,2,961,-0.18656591792141852
1.2579038389128692,1.150058081263639,2,962,-0.10784575764923021
1.2808344992627885,1.1913266189634486,2,963,-0.08950788029933987
1.2744905015125543,1.1579126666540023,2,964,-0.116577834858552
1.1689509923035875,1.1013103531800275,2,965,-0.06764063912356
1.20328136626318,1.1445836463287387,2,966,-0.058697719934441395
1.2580757372242217,1.1741121994105912,2,967,-0.08396353781363053
1.234755800748298,1.0782920786194692,2,968,-0.15646372212882875
1.2809852161644135,1.2391417902962583,2,969,-0.04184342586815526
1.324113567994594,1.1496647913077318,2,970,-0.1744487766868621
1.2572271508564645,1.1046202315228473,2,971,-0.15260691933361725
1.233739586529912,1.1618498635373746,2,972,-0.07188972299253726
1.2822826467410933,1.1239342306998406,2,973,-0.15834841604125272
1.2170277714697924,1.1160618854181765,2,974,-0.10096588605161583
1.2316170933334365,1.1987648144168088,2,975,-0.032852278916627675
1.3163358034614694,1.226739704768224,2,976,-0.08959609869324536
1.2662794232053134,1.075027192617248,2,977,-0.1912522305880653
1.2038281046139447,1.0964599081806177,2,978,-0.10736819643332707
1.3565582950326425,1.1336994693227895,2,979,-0.22285882570985294
1.202127314149144,1.1069489732894264,2,980,-0.09517834085971755
1.264394651082809,1.0351195428513094,2,981,-0.22927510823149966
1.362307643797842,1.1729202769569782,2,982,-0.18938736684086388
1.2172639698745515,1.119425991330822,2,983,-0.09783797854372955
1.2350132815702173,1.1879965172539324,2,984,-0.047016764316284876
1.2926490146360199,1.0792973055705912,2,985,-0.21335170906542866
1.2648572331189412,1.140271645128625,2,986,-0.12458558799031616
1.2808882790682747,1.1080098073781344,2,987,-0.17287847169014037
1.324621983557536,1.2471058651510871,2,988,-0.07751611840644879
1.1795463073510757,1.2043409081042942,2,989,0.024794600753218488
1.3992772661112418,1.2216402791577874,2,990,-0.17763698695345442
1.2396080922485329,1.1628897236894176,2,991,-0.07671836855911529
1.174774362076958,1.1134950258159741,2,992,-0.06127933626098381
1.1509908677377272,1.1053656875128695,2,993,-0.04562518022485773
1.245236011583783,1.0932327724711062,2,994,-0.15200323911267688
1.2046070405605631,1.128358918252359,2,995,-0.0762481223082041
1.230947463749594,1.1592382927621416,2,996,-0.07170917098745244
1.1954998939656405,1.191126737816176,2,997,-0.00437315614946443
1.368651285892233,1.140335165364227,2,998,-0.22831612052800598
1.1293391438316238,1.0734770557810658,2,999,-0.055862088050558034
1.313315298078435,1.115660764439761,2,1000,-0.19765453363867413
1.3937190319201824,1.137781928646411,2,1001,-0.2559371032737714
1.2523557165457486,1.2497894895647699,2,1002,-0.0025662269809787475
1.259965329681137,1.2181909080821156,2,1003,-0.04177442159902145
1.2659541082989174,1.1992109096911594,2,1004,-0.06674319860775801
1.274336088418396,1.1515459262181569,2,1005,-0.1227901622002392
1.207182748304862,1.1446451396781279,2,1006,-0.06253760862673419
1.1924178269757337,1.1136852483458726,2,1007,-0.07873257862986116
1.2574411961828709,1.1134187725441858,2,1008,-0.14402242363868512
1.2372862216049276,1.1276747309337096,2,1009,-0.109611490671218
1.4054003094588357,1.1826914360746352,2,1010,-0.22270887338420042
1.253972008303609,1.1809701888626,2,1011,-0.07300181944100892
1.2847819865154078,1.099803584778546,2,1012,-0.18497840173686186
1.2900207584545336,1.1694575694742309,2,1013,-0.12056318898030272
1.2428889661575513,1.0899896212251172,2,1014,-0.15289934493243407
1.277819872501476,1.14052271016617,2,1015,-0.1372971623353061
1.2261646694489783,1.0979512697503504,2,1016,-0.12821339969862788
1.2826641550453535,1.1518023876351364,2,1017,-0.13086176741021704
1.2749488902668813,1.12140563931984,2,1018,-0.15354325094704135
1.2581349386115437,1.0027228427604087,2,1019,-0.255412095851135
1.2036386639033183,1.2486323026554782,2,1020,0.04499363875215989
1.2068595932737594,1.0772693811144063,2,1021,-0.12959021215935307
1.279110139784521,1.0766140447260273,2,1022,-0.20249609505849375
1.3058430499719007,1.1822250786369688,2,1023,-0.12361797133493191
1.261953762042007,1.0135457389041114,2,1024,-0.24840802313789556
1.2226425544445234,1.0844165359416922,2,1025,-0.13822601850283123
1.2568169402229927,1.0466496118523498,2,1026,-0.2101673283706429
1.1985131097225796,1.1296219244226848,2,1027,-0.0688911852998948
1.24312431556105,1.0818882164026928,2,1028,-0.16123609915835724
1.2497657976098508,1.1842699182330882,2,1029,-0.0654958793767626
1.3007147627431486,1.2416641589666373,2,1030,-0.05905060377651128
1.382166307187391,1.116467626892723,2,1031,-0.26569868029466814
1.2610898501456402,1.1227691718562003,2,1032,-0.13832067828943995
1.3403458607808787,1.1799123651627461,2,1033,-0.16043349561813258
1.217250427685328,1.1204067329939402,2,1034,-0.09684369469138776
1.3006074623756794,1.1499972438440995,2,1035,-0.15061021853157985
1.2831702824262794,1.173497877128903,2,1036,-0.10967240529737632
1.2956449121487816,1.0825709749816255,2,1037,-0.21307393716715617
1.245418124997859,1.150285196856198,2,1038,-0.09513292814166108
1.2474711931063436,1.132398705933773,2,1039,-0.11507248717257057
1.2416347189497028,1.1206717668388104,2,1040,-0.12096295211089236
1.2526909127775014,1.146442953971638,2,1041,-0.10624795880586335
1.3030348136791696,1.1159643201765719,2,1042,-0.18707049350259775
1.2241908618317088,1.123334492000975,2,1043,-0.10085636983073387
1.3457526781258304,1.0907234415468934,2,1044,-0.25502923657893706
1.2346744680155954,1.1526336946352438,2,1045,-0.08204077338035165
1.2100437907854105,1.154041416642688,2,1046,-0.056002374142722466
1.2501716406049717,1.0907107026344425,2,1047,-0.15946093797052918
1.2067710667999578,1.1329332009165531,2,1048,-0.07383786588340469
1.2127659480466153,1.1216270085980433,2,1049,-0.09113893944857199
1.1494165360027333,1.1284356773903215,2,1050,-0.020980858612411835
1.2139628274881562,1.0905138225256628,2,1051,-0.12344900496249345
1.214376245776587,1.1590262991156677,2,1052,-0.0553499466609193
1.2103518747798936,1.1345637120494443,2,1053,-0.0757881627304493
1.1238101542317032,1.05852535274146,2,1054,-0.06528480149024318
1.1625797493777088,1.1629410881896542,2,1055,0.00036133881194544415
1.2392921620849369,1.0854622581881253,2,1056,-0.15382990389681162
1.2292442784855884,1.130706700121032,2,1057,-0.09853757836455634
1.1926842539721925,1.215913611517144,2,1058,0.02322935754495159
1.3186407700900709,1.0455749710756286,2,1059,-0.2730657990144423
1.2645407238559092,1.1368762186407033,2,1060,-0.1276645052152059
1.2185182683223237,1.2226046112395534,2,1061,0.004086342917229757
1.2832948477068853,1.1731810604091593,2,1062,-0.11011378729772603
1.1471162453597925,1.1750570352017098,2,1063,0.02794078984191728
1.4129777262467333,1.1688378818260654,2,1064,-0.24413984442066794
1.259103587132764,1.1966378291177626,2,1065,-0.06246575801500143
1.2933308696181072,1.0979684130843965,2,1066,-0.19536245653371065
1.2269703800048506,1.1584078530374406,2,1067,-0.06856252696740994
1.2756384861384644,1.106508227975062,2,1068,-0.16913025816340244
1.268882944952414,1.0792631319243342,2,1069,-0.18961981302807973
1.192505273421077,1.1700590134578863,2,1070,-0.022446259963190718
1.1855030743698358,1.1506882872123658,2,1071,-0.034814787157469995
1.2967484128877549,1.056848865621199,2,1072,-0.23989954726655593
1.3318058894416782,1.0788751274515573,2,1073,-0.2529307619901209
1.2671274556758294,1.1639628716089856,2,1074,-0.10316458406684381
1.3159665373886376,1.1158606661005122,2,1075,-0.2001058712881254
1.2348180201251497,1.106624541050469,2,1076,-0.12819347907468082
1.2932611908631146,1.1547610822558902,2,1077,-0.1385001086072244
1.2375819683982643,1.2312073916692532,2,1078,-0.006374576729011094
1.258102672107822,1.172985665728919,2,1079,-0.08511700637890285
1.1584166303628718,1.21630886239463,2,1080,0.057892232031758306
1.3194997555911063,1.2138285715865516,2,1081,-0.10567118400455477
1.2591152116824529,1.1387206117839461,2,1082,-0.12039459989850676
1.3217452622772083,1.1437728219980574,2,1083,-0.17797244027915093
1.2443942581914058,1.1180193770550941,2,1084,-0.12637488113631168
1.216446342601706,1.1212678876542272,2,1085,-0.09517845494747879
1.2631623967273509,1.108034322933984,2,1086,-0.1551280737933669
1.1281400100548982,1.0930427045123812,2,1087,-0.035097305542517
1.2626058019494477,1.0254333043300932,2,1088,-0.23717249761935455
1.160575496408569,1.111062898235855,2,1089,-0.04951259817271403
1.2594014916766174,1.1163676680579708,2,1090,-0.14303382361864658
1.2865817020691113,1.1583427154687618,2,1091,-0.1282389866003495
1.215694970130778,1.1199978630837848,2,1092,-0.09569710704699319
1.3041276593400506,1.1511774028579982,2,1093,-0.1529502564820524
1.2881432483668642,1.235121337270353,2,1094,-0.05302191109651133
1.2954507083128064,1.0327760612158723,2,1095,-0.2626746470969341
1.3113559434149893,1.1666100855344297,2,1096,-0.1447458578805596
1.222547359675172,1.2361749580763244,2,1097,0.013627598401152463
1.2640121346355282,1.1598135858261884,2,1098,-0.10419854880933976
1.2051629727223678,1.1995027560126525,2,1099,-0.005660216709715282
1.2659870918641594,1.1735500577593632,2,1100,-0.0924370341047962
1.1873060815421266,1.1407197853003133,2,1101,-0.04658629624181332
1.2539570071910686,1.1468021528265404,2,1102,-0.10715485436452821
1.199130459972383,1.1466891607956518,2,1103,-0.05244129917673135
1.22784861295598,1.1712859068887176,2,1104,-0.056562706067262436
1.3492928698149536,1.0577146992751825,2,1105,-0.2915781705397711
1.3016320386904932,1.0592042604281116,2,1106,-0.2424277782623816
1.3271734872055614,1.1218288134170382,2,1107,-0.20534467378852317
1.269619502300701,1.1752894006584786,2,1108,-0.09433010164222244
1.307973646937818,1.073533217085429,2,1109,-0.234440429852389
1.2217080216179905,1.1268854467589833,2,1110,-0.09482257485900725
1.245132460409458,1.1075816204964672,2,1111,-0.13755083991299077
1.2117940848196838,1.1357974381122988,2,1112,-0.07599664670738493
1.240669085179178,1.034252106337568,2,1113,-0.20641697884160992
1.3218068990125158,1.2502760736991612,2,1114,-0.07153082531335464
1.2815900105319125,1.1963214504958115,2,1115,-0.08526856003610095
1.2682594357239878,1.1450724391241556,2,1116,-0.12318699659983223
1.22542876207545,1.1518022076755536,2,1117,-0.0736265543998964
1.2226817832626915,1.1393619387159295,2,1118,-0.083319844546762
1.2150843026683122,1.1179203682284211,2,1119,-0.09716393443989113
1.2515103523627618,1.0680057812821335,2,1120,-0.18350457108062823
1.242195962993772,1.1345572050252333,2,1121,-0.10763875796853872
1.2313280430184714,1.1720700925763805,2,1122,-0.05925795044209092
1.2696591074680175,1.0381681309538662,2,1123,-0.2314909765141513
1.2152937101196843,1.0834583271059144,2,1124,-0.13183538301376996
1.2617067070602368,1.136931439679025,2,1125,-0.1247752673812117
1.3106550329682483,1.122328038224485,2,1126,-0.18832699474376335
1.2528203098977164,1.1765730855316514,2,1127,-0.07624722436606501
1.2617038705577786,1.145712929419386,2,1128,-0.11599094113839259
1.2803372796019143,1.1869675770347883,2,1129,-0.09336970256712607
1.2881593350786313,1.115783937337312,2,1130,-0.17237539774131938
1.3215171606004643,1.215650635954883,2,1131,-0.10586652464558122
1.353073543000928,1.1770581975837506,2,1132,-0.17601534541717734
1.2033455624008629,1.1280588463794725,2,1133,-0.07528671602139037
1.2367255773528703,1.1952558454315108,2,1134,-0.0414697319213595
1.2188998822440662,1.102787439208332,2,1135,-0.11611244303573409
1.2823428841257436,1.1689592369573485,2,1136,-0.11338364716839511
1.3089822507597362,1.225324096657383,2,1137,-0.08365815410235311
1.19239041336109,1.1396480040969204,2,1138,-0.05274240926416973
1.381939722225189,1.1273468477940605,2,1139,-0.25459287443112855
1.200686660025827,1.118394556793843,2,1140,-0.0822921032319841
1.2818844171147876,1.1514927037197014,2,1141,-0.13039171339508626
1.2718639960050102,1.0942242896520145,2,1142,-0.17763970635299575
1.1382560732305558,1.1567611547582408,2,1143,0.01850508152768504
1.2660662339886124,1.0835633242913438,2,1144,-0.18250290969726857
1.1848277462550016,1.1403420966455993,2,1145,-0.04448564960940238
1.300404032483639,1.0868932415880155,2,1146,-0.21351079089562353
1.2763166987175931,1.1284799422588356,2,1147,-0.1478367564587575
1.2646994341712408,1.1160925881749928,2,1148,-0.14860684599624796
1.239807420890189,1.1387996494640482,2,1149,-0.10100777142614081
1.2286517508969164,1.0979880558282962,2,1150,-0.1306636950686202
1.2443416136446113,1.1676960235470553,2,1151,-0.076645590097556
1.3397935137145793,1.1478189191395065,2,1152,-0.19197459457507282
1.2042255965205548,1.1521225416285303,2,1153,-0.05210305489202449
1.2124959548850152,1.1076350332656453,2,1154,-0.10486092161936988
1.277095417468839,0.9999798067537962,2,1155,-0.27711561071504276
1.28636594803443,1.182237662373067,2,1156,-0.10412828566136301
1.3130494973983804,1.122827368343908,2,1157,-0.19022212905447233
1.2028311454264347,1.1799497871715456,2,1158,-0.022881358254889017
1.2716400070934124,1.1279261466261374,2,1159,-0.14371386046727497
1.215468389946528,1.1627793861165072,2,1160,-0.05268900383002073
1.2450914288302477,1.0585169093480247,2,1161,-0.18657451948222303
1.1725492925932661,1.080526945776308,2,1162,-0.09202234681695809
1.2491362453005614,1.0711066880527857,2,1163,-0.1780295572477757
1.2228892805279823,1.155293275772841,2,1164,-0.06759600475514138
1.254831821812008,1.0903106978088686,2,1165,-0.16452112400313945
1.2131527576090415,1.1484442576831095,2,1166,-0.06470849992593197
1.2431505144141324,1.039039054938301,2,1167,-0.20411145947583131
1.2825957224679487,1.1338294809831073,2,1168,-0.1487662414848414
1.217543787537267,1.1267148940443377,2,1169,-0.09082889349292933
1.2477792311672034,1.082894073547568,2,1170,-0.1648851576196353
1.243566994134789,1.1557916388823966,2,1171,-0.08777535525239255
1.2850959165724078,1.149153525486331,2,1172,-0.13594239108607686
1.2672941152078792,1.1852551250874397,2,1173,-0.08203899012043947
1.2153263646869292,1.1853063486894542,2,1174,-0.030020015997475058
1.2678073846919011,1.1256225477401893,2,1175,-0.1421848369517118
1.2336632880176217,1.204060462069695,2,1176,-0.029602825947926625
1.3432015210520003,1.1303020474701866,2,1177,-0.21289947358181371
1.2923568655666025,1.1128505752742994,2,1178,-0.17950629029230303
1.2262139906200102,1.1992751997082436,2,1179,-0.026938790911766652
1.2528580743500708,1.0874185600072874,2,1180,-0.16543951434278337
1.276916649310716,1.2504388941076683,2,1181,-0.026477755203047737
1.3038841440074045,1.2089614064246277,2,1182,-0.0949227375827768
1.273179300036898,1.1616777539348673,2,1183,-0.11150154610203078
1.2534329993900315,1.0541258281423551,2,1184,-0.19930717124767638
1.2899709656024223,1.2071240479256837,2,1185,-0.08284691767673857
1.3270748378901738,1.1124221516802795,2,1186,-0.2146526862098943
1.2518436123553682,1.099943806795885,2,1187,-0.15189980555948313
1.3202852119657305,1.090354531220036,2,1188,-0.22993068074569445
1.224147027731906,1.0651962940216706,2,1189,-0.15895073371023538
1.2280800869466737,1.1825017158778617,2,1190,-0.04557837106881202
1.2548033345908922,1.0242265664861439,2,1191,-0.23057676810474836
1.2517967868862105,1.1216092274775464,2,1192,-0.1301875594086641
1.3014334090853383,1.1904131728291518,2,1193,-0.11102023625618651
1.3792631041454495,1.1683463934056098,2,1194,-0.21091671073983975
1.219490537123679,1.176989128776054,2,1195,-0.04250140834762495
1.2901399039273571,1.1374590996873526,2,1196,-0.15268080424000452
1.2561962055820002,1.2240152063678098,2,1197,-0.032180999214190376
1.3363559635302427,1.2235997170946957,2,1198,-0.11275624643554694
1.1498710787016975,1.1997930657034226,2,1199,0.04992198700172512
1.14763825761481,1.0080893426717634,2,1200,-0.13954891494304666
1.2970275672126705,1.1259563989702994,2,1201,-0.17107116824237112
1.2482216514495141,1.1431940948699968,2,1202,-0.10502755657951734
1.285877159615939,1.1145226055187811,2,1203,-0.17135455409715794
1.2126246618876568,1.1586214802396144,2,1204,-0.05400318164804241
1.2805768983868902,1.1270376377480682,2,1205,-0.15353926063882195
1.2704311000422166,1.1253026290710273,2,1206,-0.1451284709711893
1.2301409224527007,1.0996855973300206,2,1207,-0.1304553251226801
1.3017090255169412,1.060422826711025,2,1208,-0.24128619880591629
1.287088417806924,1.0925130673352617,2,1209,-0.1945753504716623
1.286749866958239,1.1098547233996294,2,1210,-0.17689514355860947
1.2626024151044084,1.2308482976671917,2,1211,-0.03175411743721668
1.2678871072674711,1.0873877383153927,2,1212,-0.1804993689520784
1.2252099219748565,1.139789044976111,2,1213,-0.08542087699874545
1.2034092274898958,1.125340356496492,2,1214,-0.07806887099340387
1.334450770343661,1.152187870605639,2,1215,-0.182262899738022
1.2866643856844817,1.111930285178211,2,1216,-0.1747341005062708
1.2679685125912132,1.1134811033183507,2,1217,-0.15448740927286253
1.280102555548961,1.126728393346728,2,1218,-0.15337416220223288
1.2817713431180766,1.184211028574919,2,1219,-0.09756031454315761
1.2940951253531132,1.1365175603298951,2,1220,-0.15757756502321807
1.298347613952144,1.116154495428525,2,1221,-0.18219311852361897
1.2226882460123925,1.0871008888641174,2,1222,-0.13558735714827508
1.2117243456540125,1.171630141921706,2,1223,-0.040094203732306655
1.2795443242172504,1.1554182117596925,2,1224,-0.12412611245755789
1.2650551362492732,1.09024403837704,2,1225,-0.17481109787223326
1.2278829078132607,1.16117802288026,2,1226,-0.06670488493300075
1.261295749319066,1.0606004819829682,2,1227,-0.20069526733609777
1.2776848034407131,1.0988036859989858,2,1228,-0.1788811174417273
1.179816010462508,1.1536846322481975,2,1229,-0.02613137821431044
1.2928815082110934,1.1024219930100125,2,1230,-0.19045951520108084
1.200102925077022,1.087608441933102,2,1231,-0.11249448314392008
1.2617524763287613,1.0683040673859032,2,1232,-0.19344840894285809
1.28411734793289,1.08433200409196,2,1233,-0.19978534384093005
1.3011296205954468,1.1914438760396706,2,1234,-0.10968574455577618
1.2626965624284374,1.163226699677152,2,1235,-0.09946986275128533
1.2383621494578958,1.0414225964653325,2,1236,-0.19693955299256327
1.2360399741063433,1.1254162526077711,2,1237,-0.11062372149857214
1.2518520244729914,1.025956589263073,2,1238,-0.22589543520991828
1.3149767722896977,1.2062729563482484,2,1239,-0.10870381594144929
1.2575004771387588,1.1288542482794257,2,1240,-0.12864622885933308
1.3317178965039638,1.148150411219264,2,1241,-0.1835674852846998
1.2598231062368956,1.1317971352195992,2,1242,-0.1280259710172964
1.2913144201610467,1.085081829478654,2,1243,-0.20623259068239275
1.2698300931479218,1.2034023471850306,2,1244,-0.06642774596289125
1.261894678747103,1.1416361518985703,2,1245,-0.12025852684853278
1.2582815698470142,1.1261224179078895,2,1246,-0.13215915193912475
1.285569535561114,1.1958234484323071,2,1247,-0.08974608712880694
1.3239426973632278,1.1097441827907772,2,1248,-0.21419851457245054
1.332945077366177,1.219725507668176,2,1249,-0.11321956969800118
1.3043898492315011,1.1282651856308794,3,0,-0.17612466360062173
1.3316711272889274,1.137265281917077,3,1,-0.19440584537185046
1.3241822864285093,1.164104719019263,3,2,-0.16007756740924628
1.3282988985801638,1.247659786629138,3,3,-0.08063911195102591
1.3247917391860737,1.1183080060452246,3,4,-0.2064837331408491
1.1981649645063255,1.0849082845236224,3,5,-0.11325667998270306
1.2449018944322876,1.1860900993056511,3,6,-0.05881179512663648
1.2578590480522753,1.0236475038369388,3,7,-0.23421154421533652
1.3211957353379649,1.20799221485017,3,8,-0.1132035204877948
1.2396331733110812,1.11647938677677,3,9,-0.1231537865343113
1.2454839293052826,1.0876054040880354,3,10,-0.1578785252172472
1.1452314788786557,1.1083847130943716,3,11,-0.03684676578428414
1.2891521056672728,1.0928819705702792,3,12,-0.19627013509699354
1.215969453248352,1.0478240829941023,3,13,-0.1681453702542497
1.3283390294443433,1.0513412946369556,3,14,-0.27699773480738776
1.337841719695942,1.1036132269455383,3,15,-0.2342284927504037
1.2749357643055994,1.0676276346247688,3,16,-0.20730812968083057
1.2582604796073982,1.0714140965521812,3,17,-0.18684638305521695
1.195600208274515,1.0909892637179524,3,18,-0.10461094455656261
1.2005214185276298,1.1249994124450853,3,19,-0.07552200608254456
1.3561434696947423,1.167777811104821,3,20,-0.18836565858992138
1.2948252842148098,1.127972958161965,3,21,-0.16685232605284472
1.2438132420641361,1.053790322186822,3,22,-0.19002291987731423
1.2213845781588828,1.0840902053814492,3,23,-0.13729437277743362
1.2872142977708725,1.1166430961844513,3,24,-0.17057120158642114
1.242322573777706,1.106645727195822,3,25,-0.13567684658188384
1.2058441888020117,1.1435685402697913,3,26,-0.06227564853222045
1.2237637576757165,1.1233022233432588,3,27,-0.10046153433245775
1.2742659458640375,1.03252424766761,3,28,-0.24174169819642755
1.2837041686392738,1.1256652036108177,3,29,-0.15803896502845616
1.2495132535119868,1.1823793810487495,3,30,-0.06713387246323732
1.2518995467184788,1.1147371141454523,3,31,-0.13716243257302652
1.257726011872433,1.047127951353895,3,32,-0.21059806051853802
1.25844481212073,1.1352212970066269,3,33,-0.12322351511410301
1.3614018809129296,1.147009385772098,3,34,-0.21439249514083158
1.289000988537303,1.1418395156762013,3,35,-0.1471614728611017
1.2400226805734236,1.1804711777241432,3,36,-0.05955150284928035
1.3183750899808435,1.1076128241559848,3,37,-0.21076226582485869
1.2846991439651605,1.1433398619559187,3,38,-0.14135928200924175
1.1373748152980292,1.1565510459247796,3,39,0.019176230626750446
1.2616380839387815,1.2404241329372554,3,40,-0.02121395100152612
1.2314554465612981,1.1224999705055032,3,41,-0.10895547605579492
1.2867440334124698,1.144316623452734,3,42,-0.1424274099597358
1.2927640442585315,1.107218237829941,3,43,-0.18554580642859042
1.2092932366399052,1.1638022930385274,3,44,-0.04549094360137773
1.233824408335159,1.1677944483977547,3,45,-0.06602995993740435
1.2798955882317562,1.0775495061399896,3,46,-0.20234608209176663
1.1294083490200062,1.157772737287865,3,47,0.02836438826785881
1.2132350501647027,1.152174563294033,3,48,-0.06106048687066967
1.2982483209889935,1.1994467405204872,3,49,-0.09880158046850629
1.265093820465325,1.111650415731344,3,50,-0.153443404733981
1.1667897674484964,1.0877756713309001,3,51,-0.07901409611759624
1.1935427881967375,1.138884207248855,3,52,-0.05465858094788256
1.1723266027336035,1.0902685636999991,3,53,-0.08205803903360431
1.2255895877261205,1.0638225835594135,3,54,-0.16176700416670697
1.206857265804226,1.0918056436327848,3,55,-0.11505162217144127
1.2705502352840354,1.2118136444023684,3,56,-0.05873659088166705
1.3216360698382834,1.1467117976047654,3,57,-0.17492427223351803
1.291009342447959,1.1234155413812323,3,58,-0.1675938010667266
1.275375086783418,1.1506302965883235,3,59,-0.12474479019509443
1.2549793250923178,1.088317396759496,3,60,-0.1666619283328219
1.2809785046887707,1.0818332533828878,3,61,-0.1991452513058829
1.2286998845853245,1.1175357026716173,3,62,-0.11116418191370725
1.320649390287718,1.0645512411662283,3,63,-0.25609814912148976
1.3191644314321027,1.1733439990765138,3,64,-0.14582043235558895
1.1785342696111847,1.109099981491131,3,65,-0.06943428812005359
1.2293040801200232,1.1441908751471708,3,66,-0.08511320497285246
1.2636993462745127,1.0479117298466816,3,67,-0.21578761642783117
1.2861885233367452,1.1344471448249729,3,68,-0.15174137851177227
1.267145281999175,1.1143702872061132,3,69,-0.1527749947930619
1.261123113250969,1.1727388603575633,3,70,-0.08838425289340579
1.1833036067478409,1.1111923902719982,3,71,-0.07211121647584262
1.2609678780028037,1.145667985976925,3,72,-0.11529989202587876
1.292211330249429,1.093196859181613,3,73,-0.1990144710678159
1.2272096553614762,1.1895400608198847,3,74,-0.03766959454159147
1.154424849996611,1.1885511601425998,3,75,0.03412631014598877
1.2681102454922024,1.228590276234534,3,76,-0.03951996925766843
1.2853195863022486,1.2567789434353673,3,77,-0.028540642866881294
1.3400360705557874,1.0613436307056714,3,78,-0.27869243985011605
1.337571233936121,1.1445614585913062,3,79,-0.19300977534481478
1.2079769448155961,1.090741414422014,3,80,-0.11723553039358214
1.2420800133462162,1.1489546390752818,3,81,-0.09312537427093437
1.285238019308591,1.0938386047238964,3,82,-0.19139941458469467
1.2312483777968506,1.1594422751346383,3,83,-0.07180610266221232
1.2825913382222125,1.1135000617911552,3,84,-0.16909127643105726
1.287906567883953,1.1106373011961095,3,85,-0.17726926668784349
1.1992737670965221,1.1688476894358677,3,86,-0.030426077660654416
1.2520926487179984,1.1500880562667426,3,87,-0.10200459245125582
1.212472081301149,1.1034830171601056,3,88,-0.10898906414104337
1.2656372471975854,1.221154621563103,3,89,-0.04448262563448235
1.253229463083478,1.1040372304499457,3,90,-0.1491922326335322
1.232519706687586,1.1428606015671956,3,91,-0.08965910512039033
1.2354174058870138,1.042816816551179,3,92,-0.19260058933583468
1.2962394833060582,1.1367137923118638,3,93,-0.15952569099419445
1.1689788368952274,1.0737160763106544,3,94,-0.09526276058457306
1.332635821598747,1.0560862616980613,3,95,-0.27654955990068575
1.2698096921066686,1.0821435473913437,3,96,-0.18766614471532495
1.187139857995287,1.1812112943780329,3,97,-0.0059285636172541345
1.2907069271399474,1.1567606799229568,3,98,-0.13394624721699055
1.2727924812872868,1.1901784102149318,3,99,-0.08261407107235508
1.2265670215617996,1.200405645577341,3,100,-0.026161375984458557
1.2463861436249097,1.207437864361551,3,101,-0.03894827926335864
1.24880241400136,1.132785813853227,3,102,-0.11601660014813309
1.320946323193858,1.1248856469231967,3,103,-0.19606067627066137
1.3077514086907323,1.2064648750105724,3,104,-0.10128653368015983
1.3248440102197538,1.1052838556536964,3,105,-0.21956015456605749
1.3096229305031895,1.1820943055816642,3,106,-0.12752862492152528
1.3125858446114609,1.230734132635695,3,107,-0.0818517119757658
1.0806648778358687,1.0766168069717335,3,108,-0.004048070864135278
1.1922504455528375,1.226127702976473,3,109,0.033877257423635454
1.2953486000982926,1.1174192536879706,3,110,-0.177929346410322
1.3287877684964315,1.2089483509581604,3,111,-0.1198394175382711
1.272408633871077,1.157291304940757,3,112,-0.11511732893032
1.3072491445364227,1.2554627489295596,3,113,-0.051786395606863156
1.1722321905726254,1.1599716756993452,3,114,-0.01226051487328017
1.1684574652518604,1.0826201835754732,3,115,-0.08583728167638727
1.226023737522374,1.1935830285292968,3,116,-0.03244070899307716
1.253545906462146,1.1629375678919376,3,117,-0.09060833857020834
1.2674355594708184,1.1411296643077828,3,118,-0.1263058951630356
1.2610883789526781,1.112070704777964,3,119,-0.149017674174714
1.3169667704214187,1.1125101144225211,3,120,-0.20445665599889762
1.2664969174602303,1.0882668739142516,3,121,-0.1782300435459787
1.2534240073773117,1.0508806055412656,3,122,-0.20254340183604613
1.318715343622144,1.137274507155079,3,123,-0.181440836467065
1.3673367905367457,1.2826050284412815,3,124,-0.08473176209546418
1.1903649727971761,1.04775858119483,3,125,-0.14260639160234612
1.2615932816166893,1.1456867646735323,3,126,-0.11590651694315701
1.2736403599709405,1.1763271666046653,3,127,-0.0973131933662752
1.2113403664379017,1.1350403470926853,3,128,-0.07630001934521635
1.3174047370795068,1.104708934391279,3,129,-0.21269580268822774
1.2397243870000518,1.0904377984575493,3,130,-0.14928658854250254
1.3014962263877974,0.997067545608603,3,131,-0.3044286807791944
1.2650430453672692,1.1663933865602694,3,132,-0.09864965880699983
1.1373089425963647,1.1367137504258709,3,133,-0.0005951921704938634
1.286362915395916,1.162889917417174,3,134,-0.1234729979787419
1.3067385194615344,1.1135119116983825,3,135,-0.19322660776315193
1.2749417809380763,1.187094712566109,3,136,-0.08784706837196721
1.269185737363727,1.084353590894292,3,137,-0.1848321464694349
1.2927642511908766,1.1450494179108244,3,138,-0.1477148332800522
1.25359411107828,1.1787554233143953,3,139,-0.07483868776388469
1.1818781002678689,1.0709469486843566,3,140,-0.1109311515835123
1.2191098452709161,1.1678333674941905,3,141,-0.051276477776725615
1.268119883824367,1.2498700233968698,3,142,-0.01824986042749721
1.3659673568439485,1.069277191533424,3,143,-0.2966901653105245
1.2383195907920708,1.1758538607615288,3,144,-0.06246573003054201
1.3261243665725218,1.1017215206228335,3,145,-0.2244028459496883
1.1341209342779268,1.2110966435035073,3,146,0.0769757092255805
1.341750541708005,1.1559326310640534,3,147,-0.18581791064395148
1.3479740706215373,1.1578178741928546,3,148,-0.19015619642868264
1.2003964781003547,1.1329833956852244,3,149,-0.06741308241513022
1.299748713430379,1.1026505830106277,3,150,-0.19709813041975122
1.2625935759009246,1.2040401709477242,3,151,-0.05855340495320038
1.1984272470830821,1.1218650630692715,3,152,-0.07656218401381065
1.18314545492145,1.1193674247082328,3,153,-0.06377803021321715
1.2766485752359182,1.1156964656696389,3,154,-0.16095210956627937
1.238836010381901,1.0616402176536337,3,155,-0.17719579272826724
1.2381413761623092,1.142106592310413,3,156,-0.09603478385189623
1.2670543827328635,1.0604459904825927,3,157,-0.20660839225027083
1.3593641314749378,1.000335389193974,3,158,-0.35902874228096393
1.3284539106970068,1.0368799046397763,3,159,-0.2915740060572305
1.2919964568093496,1.1463300078140037,3,160,-0.14566644899534587
1.2605920754235744,1.1628468286235585,3,161,-0.09774524680001595
1.208352146459528,1.1020042987070373,3,162,-0.10634784775249062
1.2673879012778066,1.1905086554496176,3,163,-0.07687924582818906
1.3154845203469168,1.1305471468569985,3,164,-0.18493737348991823
1.236832825184274,1.2215659317736223,3,165,-0.015266893410651683
1.2135790769215773,1.0752793412121748,3,166,-0.13829973570940246
1.3220253262941077,1.1327887207815408,3,167,-0.18923660551256694
1.335423670296094,1.176283009940648,3,168,-0.15914066035544594
1.3373369265122714,1.2333913527146805,3,169,-0.10394557379759095
1.3152747506074816,1.191886733219091,3,170,-0.12338801738839056
1.2424772063966034,1.1156266149513525,3,171,-0.1268505914452509
1.2270599617319784,1.1180159918898276,3,172,-0.10904396984215081
1.3198550213509783,1.074161178287276,3,173,-0.24569384306370234
1.2628329555850748,1.1995314828325836,3,174,-0.0633014727524912
1.2653904032432706,1.1151047071428228,3,175,-0.15028569610044773
1.3385850999761653,1.0973607787804238,3,176,-0.24122432119574144
1.2549919044654345,1.204589370701246,3,177,-0.05040253376418846
1.2799161208476182,1.0482302659165814,3,178,-0.23168585493103677
1.245098112151217,1.113218292807377,3,179,-0.13187981934383997
1.307938752962956,1.099873263440995,3,180,-0.20806548952196113
1.296012818883268,1.1624843839629924,3,181,-0.13352843492027566
1.2868825697566915,1.223711089705204,3,182,-0.06317148005148754
1.3495698440073705,1.0914164033106961,3,183,-0.25815344069667434
1.1991443058717624,1.0993327637587784,3,184,-0.09981154211298393
1.2999042767781455,1.1442240911882067,3,185,-0.1556801855899388
1.3269993878418551,1.243088557562786,3,186,-0.0839108302790692
1.3684504442499048,1.178149496595153,3,187,-0.19030094765475192
1.2475161089164954,1.213091646293806,3,188,-0.0344244626226895
1.2932817044736282,1.1633260773684553,3,189,-0.12995562710517294
1.2290255696354206,1.1793791862174297,3,190,-0.04964638341799099
1.324473483026037,1.1270742470701653,3,191,-0.1973992359558716
1.2964488905698752,1.1451798734885568,3,192,-0.15126901708131846
1.2046284957533122,1.0895720302104897,3,193,-0.11505646554282256
1.2663599118030877,1.0878854852739266,3,194,-0.17847442652916112
1.3463212864598109,1.1573698643125185,3,195,-0.18895142214729232
1.2514673112942507,1.1922276448098084,3,196,-0.059239666484442344
1.3677059036440298,1.0482437703588814,3,197,-0.3194621332851484
1.2106198999225493,1.085399008308711,3,198,-0.1252208916138382
1.2461511928948443,1.1308529039238244,3,199,-0.1152982889710199
1.3274060260432592,1.117930505993707,3,200,-0.20947552004955217
1.2188649291180504,1.1047649970968125,3,201,-0.11409993202123792
1.2126111141795184,1.0811681492595586,3,202,-0.13144296491995977
1.232598350988991,1.1366933919565079,3,203,-0.0959049590324832
1.3567256848704958,1.147320640181483,3,204,-0.20940504468901278
1.2551760488807187,1.1575455123630165,3,205,-0.09763053651770215
1.248737329700426,1.1114363014154975,3,206,-0.13730102828492852
1.301635029085547,1.1650977200803003,3,207,-0.13653730900524663
1.2604181806052575,1.0891651098280875,3,208,-0.17125307077717
1.2838321081829172,1.2041772705362273,3,209,-0.0796548376466899
1.2413413496031611,1.196662755146018,3,210,-0.04467859445714306
1.2696265119583936,1.1124029919772405,3,211,-0.15722351998115314
1.346805199378252,1.1157752184604812,3,212,-0.23102998091777072
1.268466446564931,1.0924025144374396,3,213,-0.17606393212749127
1.2245911948852573,1.0968382562580494,3,214,-0.12775293862720782
1.3939487751247488,1.1683814579841647,3,215,-0.2255673171405841
1.2267451948441892,1.12812617985867,3,216,-0.09861901498551928
1.222847489535797,1.024326805324504,3,217,-0.19852068421129299
1.2944483988800226,1.2102411890565645,3,218,-0.08420720982345808
1.2802765242575953,1.1032415433648024,3,219,-0.1770349808927929
1.31549324081992,1.2153578813791002,3,220,-0.10013535944081986
1.2434891222097375,1.2332968163067977,3,221,-0.010192305902939847
1.246546022939666,1.0759375358950058,3,222,-0.17060848704466025
1.2707655138083582,1.2114000502213649,3,223,-0.05936546358699335
1.1752552616678007,1.2390574050763123,3,224,0.06380214340851165
1.2805528337882994,1.198253792180749,3,225,-0.08229904160755042
1.2779927526004542,1.141708684485109,3,226,-0.1362840681153452
1.247006003865884,1.1279990267979447,3,227,-0.11900697706793917
1.2251630276471308,1.1258282457735027,3,228,-0.0993347818736281
1.2800677716689228,1.1030008304584589,3,229,-0.17706694121046396
1.2151660393736736,1.2192397086871802,3,230,0.0040736693135066115
1.3293892465514918,1.23496140459195,3,231,-0.0944278419595419
1.2119705291003535,1.041687450891057,3,232,-0.17028307820929656
1.2490188997530454,1.151643400182064,3,233,-0.09737549957098146
1.188815674971549,1.0730002589893028,3,234,-0.1158154159822462
1.2769044513542382,1.2164410087134283,3,235,-0.06046344264080994
1.2632514170367353,1.0612400545396454,3,236,-0.20201136249708984
1.2491743267087871,1.1027649546604554,3,237,-0.1464093720483317
1.2258955516131014,1.159423928399528,3,238,-0.06647162321357336
1.2023187433634164,1.0650416885515215,3,239,-0.1372770548118949
1.3199612664748699,1.1401206988424506,3,240,-0.1798405676324193
1.2644434466642038,1.1525350050074004,3,241,-0.11190844165680347
1.2460960148827676,1.1412489027077872,3,242,-0.10484711217498033
1.1740709067004396,1.1269183477802414,3,243,-0.047152558920198206
1.2993274740112382,1.0656475082776753,3,244,-0.23367996573356287
1.2504963757517773,1.1265467258775406,3,245,-0.12394964987423673
1.291187701221735,1.1428442832876453,3,246,-0.14834341793408967
1.2898233529127037,1.1204272354864977,3,247,-0.16939611742620597
1.3127683294435366,1.0607740965391517,3,248,-0.25199423290438494
1.3632953964456709,1.0057822346133825,3,249,-0.35751316183228843
1.169266748648388,1.2319822857062586,3,250,0.06271553705787047
1.2823910054011136,1.1087531572424008,3,251,-0.17363784815871286
1.2050338030602976,1.1177810597465327,3,252,-0.08725274331376487
1.2142745363285088,1.113515597479033,3,253,-0.10075893884947584
1.1710338118750168,1.0784101123964522,3,254,-0.09262369947856453
1.274081811072828,1.1285090832125868,3,255,-0.14557272786024122
1.2684986043581103,1.127062433414545,3,256,-0.14143617094356542
1.2493170339093593,1.1134491217481515,3,257,-0.13586791216120786
1.2658320420656817,1.142555967972989,3,258,-0.12327607409269259
1.2603232096732848,1.134429921784641,3,259,-0.12589328788864385
1.2460821517751801,1.0905075720636794,3,260,-0.15557457971150068
1.2206264286103903,1.1448971580103044,3,261,-0.07572927060008583
1.2563798734877014,1.1097167303091746,3,262,-0.1466631431785268
1.2012714905840618,1.1284363719953572,3,263,-0.07283511858870462
1.1950204562674231,1.1336383609508942,3,264,-0.06138209531652894
1.2164347816394203,1.1456881854853584,3,265,-0.07074659615406187
1.280457161944157,1.058544006299216,3,266,-0.22191315564494096
1.1973105450096275,1.0672752436499053,3,267,-0.1300353013597222
1.2511981015441247,1.0932783658411824,3,268,-0.15791973570294227
1.2270327600350244,1.0684252290724383,3,269,-0.15860753096258606
1.2302843733603348,1.1322560115794853,3,270,-0.0980283617808495
1.261946316213621,1.0934854524904463,3,271,-0.16846086372317481
1.3407329402787098,1.099483040884318,3,272,-0.2412498993943919
1.3189184138575858,1.1032917419525226,3,273,-0.21562667190506324
1.1600832720015481,1.1678134719963371,3,274,0.007730199994788967
1.3208564086697994,1.1454714948234193,3,275,-0.1753849138463801
1.1606618616261226,1.0927909260748427,3,276,-0.06787093555127988
1.2756249678143041,1.08682155066991,3,277,-0.1888034171443942
1.2966193450325896,1.1303395753409085,3,278,-0.16627976969168112
1.2038163079163942,1.119969406402578,3,279,-0.08384690151381613
1.3315619412494877,1.18773595108044,3,280,-0.14382599016904773
1.194832720764201,1.1366839351895173,3,281,-0.05814878557468384
1.2684350969634681,1.0665923759662614,3,282,-0.20184272099720668
1.2956909304342836,1.1110554145166303,3,283,-0.18463551591765337
1.243371829828139,1.0904382781883506,3,284,-0.1529335516397885
1.2522694441025484,1.1020286570139848,3,285,-0.1502407870885636
1.2873780332309908,1.1464078762688263,3,286,-0.14097015696216442
1.2651406709895885,1.1718320817614394,3,287,-0.09330858922814911
1.2135544705440862,1.195112941503015,3,288,-0.018441529041071103
1.3533466433344772,1.109775919106133,3,289,-0.24357072422834425
1.3199310450879107,1.2073755702182976,3,290,-0.11255547486961315
1.1768673639836749,1.1131174357168911,3,291,-0.06374992826678372
1.1728256322173916,1.1054033298843682,3,292,-0.06742230233302338
1.1920374288812041,1.0924383312225268,3,293,-0.09959909765867736
1.444026332529326,1.1945039896691292,3,294,-0.24952234286019692
1.2706826353300968,1.0852560506620728,3,295,-0.18542658466802409
1.2396164331942825,1.1378682740130064,3,296,-0.10174815918127611
1.3193682341726607,1.150718794563542,3,297,-0.1686494396091187
1.1842316055975286,1.1973317306459215,3,298,0.013100125048392863
1.2285155289548593,1.1183914521959393,3,299,-0.11012407675892
1.2848065676314002,1.1856749936998636,3,300,-0.0991315739315366
1.3414982917738039,1.1224349367217854,3,301,-0.21906335505201846
1.285339484524477,1.135208446854478,3,302,-0.1501310376699989
1.2314654035828583,1.123142170797304,3,303,-0.10832323278555434
1.3263315281879957,1.1553081978289121,3,304,-0.17102333035908357
1.22786564419162,1.18599037644926,3,305,-0.041875267742359945
1.2644769194379133,1.1788858838776244,3,306,-0.08559103556028891
1.3467448397556807,1.177116976275017,3,307,-0.1696278634806636
1.2192442863581066,1.2032428035064022,3,308,-0.01600148285170433
1.2767941302894956,1.185311091646935,3,309,-0.09148303864256069
1.2965182472298253,1.1869435049485269,3,310,-0.10957474228129849
1.272077504035233,1.2205945655370958,3,311,-0.05148293849813723
1.332095669078687,1.2390912934705556,3,312,-0.09300437560813135
1.3705937096467136,1.0975698786452819,3,313,-0.2730238310014317
1.2927297132154372,1.1718239647843658,3,314,-0.12090574843107138
1.2865479311076304,1.17214001976691,3,315,-0.11440791134072037
1.270622205855819,1.0802631354552592,3,316,-0.19035907040055977
1.305688115274067,1.2439933507060925,3,317,-0.0616947645679744
1.313788612976859,1.1576174570451636,3,318,-0.1561711559316954
1.2550140068259739,1.0906879972332155,3,319,-0.16432600959275834
1.3475213571988935,1.1382856447021004,3,320,-0.20923571249679318
1.3385052905747727,1.072814789180115,3,321,-0.2656905013946578
1.2452800615748312,1.0295498689922837,3,322,-0.21573019258254744
1.2319946776049466,1.134230788966754,3,323,-0.09776388863819263
1.3347161806442873,1.1167242154217827,3,324,-0.21799196522250464
1.314203895801564,1.115267962035909,3,325,-0.1989359337656551
1.2302930472625975,1.1608671247151403,3,326,-0.06942592254745716
1.2005570062920414,1.1142018908774576,3,327,-0.08635511541458385
1.1800778795077127,1.1175955371264277,3,328,-0.06248234238128503
1.252688532624898,1.0626767268186015,3,329,-0.1900118058062965
1.287048700379407,1.1389418373851132,3,330,-0.14810686299429388
1.2578629137053263,1.1094018937097783,3,331,-0.14846101999554806
1.3566904396421327,1.1807410997693077,3,332,-0.1759493398728249
1.2883527033684907,1.0678776896223423,3,333,-0.22047501374614842
1.2767526543073202,1.1550933215033914,3,334,-0.12165933280392882
1.2152359360613012,1.196229220813537,3,335,-0.019006715247764205
1.2999160777321284,1.094476728977804,3,336,-0.20543934875432446
1.1717940323832783,1.210765367805448,3,337,0.038971335422169684
1.2704167547920786,1.1640292940907306,3,338,-0.10638746070134797
1.3136645854252813,1.1199163872507818,3,339,-0.1937481981744995
1.2367812329850805,1.209096793949803,3,340,-0.02768443903527751
1.2668549234372144,0.9659947481611958,3,341,-0.3008601752760186
1.268365990318876,1.1766347119619025,3,342,-0.09173127835697348
1.2378748584926407,1.1365777338657175,3,343,-0.1012971246269232
1.3704217830232064,1.1422891884624566,3,344,-0.22813259456074975
1.3246092079594494,1.2326287827481872,3,345,-0.09198042521126215
1.3163432830905297,1.1286769639036995,3,346,-0.1876663191868302
1.2274448223035581,1.0473412689940547,3,347,-0.18010355330950345
1.1596082837888937,1.1123326454334383,3,348,-0.04727563835545534
1.3216290735941034,1.1306296146113706,3,349,-0.19099945898273285
1.26376067706409,1.1188871567288614,3,350,-0.1448735203352285
1.2778180218916557,1.1487617190790258,3,351,-0.12905630281262992
1.2938529220953585,1.1941548506007396,3,352,-0.09969807149461896
1.2829567532196118,1.0905890874338409,3,353,-0.1923676657857709
1.24797669316872,1.1905071155260167,3,354,-0.05746957764270322
1.2253315585715652,1.1910848719558496,3,355,-0.034246686615715616
1.2844575544663863,1.118854304575252,3,356,-0.1656032498911344
1.2214095705575092,1.0434762667570145,3,357,-0.17793330380049466
1.2315868754011323,1.1333884273890715,3,358,-0.09819844801206079
1.187753000942831,1.1284318465386414,3,359,-0.05932115440418961
1.2578983366238263,1.139252102256679,3,360,-0.11864623436714727
1.344792887871451,1.187689802921225,3,361,-0.15710308495022596
1.420651431367749,1.1719571765211003,3,362,-0.24869425484664864
1.2801347425264904,1.1742022313730043,3,363,-0.10593251115348612
1.2534744982799455,1.0885221350683616,3,364,-0.1649523632115839
1.2329004879366554,1.1260889895221058,3,365,-0.10681149841454962
1.1678550373355996,1.2123545845902883,3,366,0.04449954725468874
1.355134472552948,1.14813516488183,3,367,-0.20699930767111785
1.2474145968445804,1.1171258739218424,3,368,-0.13028872292273808
1.1871887558095346,1.164214696470264,3,369,-0.022974059339270658
1.2173533257008113,1.105807760191846,3,370,-0.11154556550896544
1.2983156035080927,1.1283217230070433,3,371,-0.16999388050104947
1.368990478473497,1.0900537529511591,3,372,-0.27893672552233784
1.2380239864135731,1.2081291506405867,3,373,-0.02989483577298646
1.2848861586119578,1.118086445668753,3,374,-0.16679971294320484
1.3147651078407163,1.128128999060089,3,375,-0.18663610878062742
1.2773811934715809,1.0936944664160542,3,376,-0.1836867270555267
1.2340897714048915,1.1743606424200383,3,377,-0.059729128984853164
1.337758258279999,1.1069455359634877,3,378,-0.2308127223165113
1.2911965806631625,1.2195620463707209,3,379,-0.0716345342924416
1.254831273779585,1.114025868597631,3,380,-0.14080540518195406
1.1479053433165198,1.076351539970485,3,381,-0.07155380334603478
1.1149082151790375,1.1226115868601938,3,382,0.0077033716811563124
1.296028616208788,1.196679560650866,3,383,-0.09934905555792195
1.2671001920406737,1.0824022235845356,3,384,-0.18469796845613806
1.2477275196865831,1.184095409138608,3,385,-0.06363211054797513
1.2385019333080554,1.1308360006912137,3,386,-0.10766593261684165
1.3710230154828507,1.2027388885748633,3,387,-0.16828412690798733
1.3089768229291816,1.187454883974598,3,388,-0.12152193895458363
1.182404469467866,1.1932713993928508,3,389,0.010866929924984836
1.2257046047712585,1.0764739723438794,3,390,-0.1492306324273791
1.2866823876500457,1.120555962250676,3,391,-0.16612642539936973
1.2311840463527757,1.04840755352246,3,392,-0.18277649283031572
1.3605298720397339,1.1990614476530417,3,393,-0.16146842438669218
1.2480865414331,1.1637317796798061,3,394,-0.08435476175329382
1.237091819924113,1.0907019186191023,3,395,-0.14638990130501073
1.2632763597535395,1.1335110623357272,3,396,-0.1297652974178123
1.2504044941448753,1.152378842707485,3,397,-0.09802565143739028
1.3097947581166531,1.1717317103224456,3,398,-0.13806304779420753
1.247221750138253,1.2194727697368963,3,399,-0.02774898040135665
1.3131206196256637,1.1018595237861861,3,400,-0.2112610958394776
1.2171081460336206,1.1597911307416535,3,401,-0.05731701529196709
1.2506243257637908,1.1392976434477782,3,402,-0.11132668231601262
1.2477106453857316,1.1122619938449738,3,403,-0.1354486515407578
1.3096351213614097,1.0937010698909364,3,404,-0.2159340514704733
1.240587247173262,1.085256480054687,3,405,-0.15533076711857507
1.2453100450937917,1.1319717720212967,3,406,-0.113338273072495
1.3029999483599601,1.2124157361925247,3,407,-0.0905842121674354
1.287797186027881,1.175357935472044,3,408,-0.11243925055583692
1.2172027334902389,1.0654935834195467,3,409,-0.1517091500706922
1.2425674016291177,1.1128583453157226,3,410,-0.12970905631339513
1.2072114744259554,1.0779088718561258,3,411,-0.12930260256982962
1.1972139649081242,1.137767685316361,3,412,-0.059446279591763185
1.1659124798023517,1.1661718894723925,3,413,0.00025940967004078885
1.275650290812937,1.1567635565250713,3,414,-0.11888673428786567
1.2380958790707335,1.0305891042555413,3,415,-0.2075067748151922
1.2525411029272466,1.1041989000646757,3,416,-0.14834220286257094
1.3182329569168374,1.0730052161078363,3,417,-0.24522774080900112
1.2227245785080818,1.1245796294071262,3,418,-0.09814494910095561
1.1832833027001683,1.0649053846556928,3,419,-0.1183779180444755
1.2908443258697293,1.1079327291216283,3,420,-0.18291159674810098
1.2325345366138265,1.0795323192037383,3,421,-0.15300221741008824
1.2265514156102126,1.0751075033057491,3,422,-0.15144391230446352
1.2970946259669345,1.1495910858541452,3,423,-0.14750354011278932
1.2552047813782032,1.0618703625272428,3,424,-0.19333441885096048
1.2500799310507846,1.1325828244778646,3,425,-0.11749710657292001
1.2803123473788849,1.2309426015309293,3,426,-0.049369745847955615
1.2473124752265994,1.1689736663221437,3,427,-0.07833880890445566
1.266694205904751,1.1423501838259318,3,428,-0.12434402207881923
1.208816298730253,1.0592919987410871,3,429,-0.14952429998916594
1.2048866713309847,1.114005763101092,3,430,-0.0908809082298927
1.1997537923181771,1.119012201479618,3,431,-0.08074159083855914
1.2578160555179083,1.1026348373221542,3,432,-0.15518121819575414
1.2677110938135434,1.0298192593393454,3,433,-0.23789183447419804
1.2637671826376384,1.1184398609182955,3,434,-0.14532732171934293
1.31066936322721,1.1339945493406605,3,435,-0.1766748138865495
1.2848715502927572,1.0788129609163883,3,436,-0.2060585893763689
1.3355809798315303,1.1473204704502749,3,437,-0.1882605093812555
1.2621245687554592,1.1120109544226175,3,438,-0.15011361433284165
1.2291041559711435,1.0966093398689298,3,439,-0.1324948161022137
1.2626504413820863,1.1766552642762442,3,440,-0.08599517710584204
1.3162940497579074,1.0348186601685438,3,441,-0.2814753895893636
1.3326053887886484,1.076375231429727,3,442,-0.2562301573589214
1.2461919531387686,1.1369202897256903,3,443,-0.10927166341307837
1.2143099737490615,1.0682037451508537,3,444,-0.14610622859820777
1.2036306323399741,1.104336000989088,3,445,-0.09929463135088623
1.300877811122764,1.108315868753168,3,446,-0.1925619423695959
1.2458134848669657,1.1405049015518671,3,447,-0.10530858331509863
1.2756269574708017,1.204367954315357,3,448,-0.07125900315544476
1.2580338047451158,1.1179383191665206,3,449,-0.1400954855785952
1.3542450747973485,1.1884705414663577,3,450,-0.1657745333309908
1.29343876383211,1.1269360069638337,3,451,-0.16650275686827642
1.3216960024735218,1.124496669151368,3,452,-0.19719933332215378
1.2234555344253701,1.1580932979510892,3,453,-0.06536223647428097
1.1897380863399676,1.0793402687373443,3,454,-0.11039781760262324
1.2708133186751558,1.1154777421396704,3,455,-0.15533557653548535
1.2691094177728215,1.1435939618862319,3,456,-0.12551545588658963
1.235168724680451,1.1255541947098242,3,457,-0.10961452997062682
1.256917329485767,1.0828539868448195,3,458,-0.17406334264094747
1.3077320043167742,1.1668164151392233,3,459,-0.14091558917755087
1.272315668764076,1.1333205367161192,3,460,-0.13899513204795677
1.2190428025583455,1.0971526014748672,3,461,-0.12189020108347837
1.37333352631561,1.1397555651324196,3,462,-0.2335779611831903
1.2937978181494145,1.135890966578954,3,463,-0.15790685157046047
1.2397089852173877,1.1680469956590986,3,464,-0.07166198955828906
1.2077479605860026,1.1190566227955379,3,465,-0.08869133779046479
1.2624530218644368,1.2139499770941855,3,466,-0.04850304477025125
1.3030068851499839,1.0812381531082806,3,467,-0.22176873204170322
1.287087967276382,1.1879354727312625,3,468,-0.09915249454511943
1.215642835295173,1.1731528020695778,3,469,-0.04249003322559508
1.275712038568809,1.0394800824313828,3,470,-0.2362319561374262
1.3191193387549933,1.1152391147476413,3,471,-0.20388022400735206
1.1821315371318895,1.1248258942562006,3,472,-0.057305642875688845
1.3384018066908199,1.1641757909863448,3,473,-0.17422601570447505
1.132455664687348,1.0860141031992474,3,474,-0.046441561488100636
1.2358907296861759,1.1266724803398502,3,475,-0.10921824934632562
1.1809449475597682,1.1388068001430955,3,476,-0.042138147416672656
1.2769064252629478,1.14511934887961,3,477,-0.13178707638333775
1.2413311759544299,1.0514932105780563,3,478,-0.18983796537637354
1.3137986344079082,1.0778405551537387,3,479,-0.23595807925416956
1.1336946575073021,1.1275817527658254,3,480,-0.0061129047414767435
1.3364748428776274,1.094289424822617,3,481,-0.24218541805501048
1.2405427588415459,1.1441643000117079,3,482,-0.09637845882983798
1.264345862738081,1.0915985350064057,3,483,-0.17274732773167534
1.2723528966810471,1.201828544356585,3,484,-0.07052435232446208
1.253330134515223,1.1674391780408464,3,485,-0.08589095647437661
1.2175113087089218,1.065634909270134,3,486,-0.15187639943878772
1.2887646791911436,1.1134238419670413,3,487,-0.17534083722410232
1.2856541719115178,1.078963639478219,3,488,-0.20669053243329882
1.1765976960788083,1.0955203995162344,3,489,-0.0810772965625739
1.2719313940406363,1.1293447165475667,3,490,-0.14258667749306952
1.2305185320936394,1.1387201359403631,3,491,-0.09179839615327623
1.3198942015475297,1.133687516374206,3,492,-0.18620668517332373
1.1723889767038667,1.1710499647091976,3,493,-0.0013390119946690149
1.2050134887090167,1.1601271659191834,3,494,-0.04488632278983329
1.3371780140575424,1.1845922956416397,3,495,-0.15258571841590274
1.3162276402062674,1.0702291424402803,3,496,-0.24599849776598703
1.27190217842957,1.1710856280797692,3,497,-0.10081655034980086
1.2711475294364762,1.1221261493018417,3,498,-0.1490213801346345
1.1387296625058765,1.0972369392493224,3,499,-0.041492723256554065
1.2836272860618438,1.1853947283619983,3,500,-0.09823255769984551
1.1701144743881637,1.1397475651703939,3,501,-0.030366909217769855
1.258177930024238,1.1508422847726505,3,502,-0.10733564525158745
1.3018514871178186,1.1709332114846747,3,503,-0.13091827563314395
1.2368285238062189,1.1469713374056916,3,504,-0.08985718640052731
1.2584124270192136,1.1628678805035868,3,505,-0.09554454651562683
1.2534267204308787,1.1752627259573378,3,506,-0.07816399447354083
1.2881978598230284,1.0174709415854692,3,507,-0.2707269182375591
1.1992979678135935,1.0671584737451727,3,508,-0.13213949406842085
1.3600491520977867,1.1075364118750002,3,509,-0.25251274022278647
1.25544857266012,1.1243168077633443,3,510,-0.1311317648967758
1.2688960167245924,1.1251267238475233,3,511,-0.14376929287706908
1.2357734272280543,1.0954933979066472,3,512,-0.14028002932140704
1.3044624983627873,1.2081322479744812,3,513,-0.09633025038830612
1.3380612822716076,1.1083422016369116,3,514,-0.22971908063469604
1.3226495569312828,1.1586819756882047,3,515,-0.1639675812430781
1.3031203301588994,1.126913931545586,3,516,-0.17620639861331333
1.2644260407210957,1.135870247584105,3,517,-0.12855579313699073
1.3860604914894599,1.2106414585018368,3,518,-0.17541903298762307
1.275880557827067,1.147416042548806,3,519,-0.12846451527826108
1.2880785065514266,1.089755971560888,3,520,-0.19832253499053865
1.2450983734996433,1.055051224731835,3,521,-0.19004714876780815
1.2450626656845332,1.1614820170677176,3,522,-0.08358064861681558
1.219542650436392,1.1181291689341495,3,523,-0.1014134815022425
1.2460100507573248,1.0980195401983734,3,524,-0.1479905105589514
1.2487932528822236,1.0597607755931637,3,525,-0.18903247728905992
1.2368025972883292,1.1583419172687277,3,526,-0.07846068001960149
1.2849890387357492,1.0714231893967896,3,527,-0.2135658493389596
1.2891472374327744,1.072131516441897,3,528,-0.2170157209908774
1.2958734126415339,1.1212489135144512,3,529,-0.17462449912708267
1.3271075818146125,1.2272000645189354,3,530,-0.09990751729567715
1.2465373829162005,1.0300527659886147,3,531,-0.2164846169275858
1.264004428377033,1.144308933287321,3,532,-0.119695495089712
1.2527119871110144,1.0894210329245066,3,533,-0.16329095418650774
1.2737241423906354,1.2240407214628526,3,534,-0.04968342092778277
1.2495692333918218,1.1371337563642843,3,535,-0.11243547702753753
1.2559839833013502,1.0800811113829782,3,536,-0.17590287191837195
1.2846548511332025,1.1631832107613742,3,537,-0.12147164037182834
1.1868286687486136,1.1507710937268962,3,538,-0.03605757502171736
1.257007419386434,1.080176756238571,3,539,-0.1768306631478631
1.3403879433799517,1.2068063613488178,3,540,-0.1335815820311339
1.2601947813111194,1.148641096088378,3,541,-0.11155368522274145
1.1800718916510733,1.177663227250917,3,542,-0.0024086644001561908
1.3555632905569486,1.187319028928365,3,543,-0.16824426162858352
1.321366382752889,1.163146284546609,3,544,-0.15822009820628002
1.239755701165461,1.0589860779427571,3,545,-0.18076962322270385
1.1684781894500156,1.0654356635865354,3,546,-0.10304252586348017
1.197003726931678,1.1251898241066933,3,547,-0.07181390282498468
1.299262266865353,1.0762006582199029,3,548,-0.22306160864545022
1.2414033168673015,1.2051361962554523,3,549,-0.036267120611849224
1.27700779955809,1.2278599727568764,3,550,-0.049147826801213546
1.339863267827814,1.072718237310284,3,551,-0.26714503051753
1.3331567548082286,1.0925731438424786,3,552,-0.24058361096574998
1.2898906441462368,1.0638728828846875,3,553,-0.22601776126154927
1.204786547430229,1.1269223448882888,3,554,-0.07786420254194026
1.2465067520616753,1.104858184815243,3,555,-0.14164856724643227
1.311066085938267,1.1773597192749454,3,556,-0.13370636666332159
1.2700169118465343,1.0564416923929487,3,557,-0.2135752194535856
1.2546593870555987,1.1205385829952932,3,558,-0.13412080406030547
1.2210135990417672,1.1708584911636186,3,559,-0.050155107878148586
1.239104004639544,1.125863915360002,3,560,-0.11324008927954199
1.2728514347269255,1.087598854723355,3,561,-0.18525258000357048
1.2613008952664788,1.1325264937418806,3,562,-0.12877440152459818
1.2047417709194093,1.1599042675600366,3,563,-0.044837503359372644
1.3691074441917406,1.1419984092458084,3,564,-0.22710903494593215
1.3104826058368424,1.2432241588375084,3,565,-0.06725844699933403
1.2892044302076333,1.1341625807089064,3,566,-0.1550418494987269
1.2810853298338756,1.1469820083804219,3,567,-0.13410332145345372
1.25375649230114,1.2487027590746318,3,568,-0.00505373322650815
1.306768554981821,1.2650142171963765,3,569,-0.04175433778544457
1.2751827427826066,1.2050832853985511,3,570,-0.07009945738405543
1.2296041487636726,1.195658499158498,3,571,-0.033945649605174655
1.2883569329975233,1.256070468215384,3,572,-0.03228646478213926
1.3501541840276945,1.1696016770898567,3,573,-0.18055250693783775
1.350380649419877,1.176328077722892,3,574,-0.17405257169698496
1.3265789179753682,1.1708021018710912,3,575,-0.15577681610427696
1.1618246049071064,1.1610903701686792,3,576,-0.000734234738427153
1.3220872867893245,1.126874200860108,3,577,-0.1952130859292165
1.347232340910542,1.1997234675981954,3,578,-0.14750887331234663
1.3127948482609648,1.0745992828770008,3,579,-0.23819556538396403
1.246099897425914,1.1409035058996646,3,580,-0.10519639152624949
1.24075454055379,1.1493675519789257,3,581,-0.09138698857486438
1.240604672788234,1.1870011469216202,3,582,-0.05360352586661388
1.2998742706593724,1.1028605580871824,3,583,-0.19701371257219003
1.3001034910324156,1.0997502840101654,3,584,-0.20035320702225023
1.1979332426640252,1.1708572515144162,3,585,-0.027075991149609013
1.3071305064638623,1.1523101148193702,3,586,-0.15482039164449213
1.2745346879889725,1.202140786769166,3,587,-0.07239390121980649
1.2645364818048355,1.1470447132636767,3,588,-0.11749176854115873
1.2384047881729578,1.13472055865,3,589,-0.10368422952295786
1.1953444773153545,1.081725723494091,3,590,-0.11361875382126363
1.1954038023186335,1.0539068936886105,3,591,-0.14149690863002307
1.2876224546171513,1.1417341645228136,3,592,-0.14588829009433768
1.2397337102675294,1.092764313688472,3,593,-0.1469693965790575
1.257647248456037,1.1817743685409368,3,594,-0.07587287991510028
1.2660465256500262,1.0920621457323463,3,595,-0.1739843799176799
1.2965968972077078,1.1478645633855065,3,596,-0.1487323338222013
1.352299968555617,1.0837700594999584,3,597,-0.26852990905565854
1.2536109958683004,1.1542903754497462,3,598,-0.09932062041855416
1.2643252110298138,1.0836134693139257,3,599,-0.1807117417158881
1.3280570945310517,1.188459142567655,3,600,-0.13959795196339675
1.2452763397070874,1.2352831273799336,3,601,-0.009993212327153778
1.2836424271329876,1.2367769987807908,3,602,-0.04686542835219676
1.3096880451255322,1.1268060095895647,3,603,-0.1828820355359675
1.2706438593286404,1.1297063834877004,3,604,-0.14093747584094007
1.3792619779638362,1.0825724737503322,3,605,-0.29668950421350404
1.3002725774377748,1.1331006303302336,3,606,-0.16717194710754124
1.191944156833201,1.0764178215354303,3,607,-0.11552633529777068
1.3707103069058404,1.0530331162552309,3,608,-0.3176771906506095
1.2604241694374627,1.0037085674974664,3,609,-0.2567156019399963
1.2573513874305942,1.1660304912632515,3,610,-0.09132089616734262
1.235237250630263,1.1674241733470483,3,611,-0.06781307728321462
1.232968412472624,1.1647679814025413,3,612,-0.06820043107008256
1.2878403793021609,1.1540185050921672,3,613,-0.1338218742099937
1.2046028905177564,1.109789363397012,3,614,-0.09481352712074442
1.3176064451901763,1.1724426131750585,3,615,-0.14516383201511784
1.325285111049623,1.1568299163467555,3,616,-0.16845519470286763
1.2639299917937599,1.0927969261281116,3,617,-0.17113306566564823
1.2787788693538094,1.0937040358188252,3,618,-0.1850748335349841
1.1761550988488025,1.015068439705603,3,619,-0.16108665914319964
1.2329936721679975,1.0304581719428696,3,620,-0.2025355002251279
1.3089375688804195,1.0281654284751256,3,621,-0.28077214040529386
1.28869590430029,1.2108926550917447,3,622,-0.0778032492085452
1.3488266856775255,1.2375621726941288,3,623,-0.11126451298339668
1.2969610492879515,1.16939276389232,3,624,-0.12756828539563148
1.2555085921720344,1.1273893852774364,3,625,-0.128119206894598
1.3306639356875214,1.2171127822122016,3,626,-0.11355115347531974
1.2873921034097937,1.1212191632601136,3,627,-0.1661729401496801
1.295507845078749,1.0938009652805303,3,628,-0.20170687979821866
1.2875416412684215,1.1327566808831393,3,629,-0.15478496038528222
1.2943796970900892,1.156839811677989,3,630,-0.13753988541210016
1.2174313866892743,1.1304973320364087,3,631,-0.08693405465286563
1.1955460515983651,1.1867092126297685,3,632,-0.00883683896859666
1.1708937586803363,1.0853281301604374,3,633,-0.0855656285198989
1.2200953084633772,1.1238814777366088,3,634,-0.09621383072676837
1.215985912255515,1.0852844351394189,3,635,-0.13070147711609614
1.2286950128015715,1.1209154003247206,3,636,-0.10777961247685086
1.3431367899195963,1.1703836862891874,3,637,-0.17275310363040886
1.2977177555867556,1.1564696231953382,3,638,-0.14124813239141742
1.3676751139537173,1.1604072719730092,3,639,-0.20726784198070813
1.207840144346862,1.1485449245865709,3,640,-0.059295219760291173
1.329776771411714,1.1609174331567724,3,641,-0.16885933825494148
1.2161037632863336,1.1840144837878677,3,642,-0.03208927949846596
1.244006554834406,1.175008394463898,3,643,-0.06899816037050788
1.2275512588519226,1.220252105850634,3,644,-0.007299153001288694
1.2667268777711014,1.1114699157581407,3,645,-0.1552569620129607
1.220737067788737,1.2077254441413587,3,646,-0.01301162364737829
1.245523710495267,1.196446798236372,3,647,-0.04907691225889499
1.318257238384814,1.1287865092524585,3,648,-0.1894707291323554
1.3056900287907183,1.1290122427657485,3,649,-0.17667778602496975
1.2181688986499695,1.0847605393054982,3,650,-0.13340835934447126
1.2494366349727308,1.1580774758876726,3,651,-0.0913591590850582
1.249723931850033,1.1517448429450794,3,652,-0.09797908890495366
1.2240026365110055,1.150535651846697,3,653,-0.07346698466430857
1.2377081274623534,1.176285341772759,3,654,-0.06142278568959436
1.1790964834841406,1.1835975432728612,3,655,0.004501059788720507
1.300596924018503,1.1394824548832936,3,656,-0.16111446913520933
1.2929307745047172,1.0963511988215053,3,657,-0.19657957568321183
1.2346611218635828,1.1066208096327697,3,658,-0.12804031223081314
1.2272693036029616,1.1239114704379956,3,659,-0.10335783316496605
1.218766502690811,1.1235520445097598,3,660,-0.09521445818105123
1.2544457458099658,1.1832269167872642,3,661,-0.0712188290227016
1.1978792120677464,1.1217527450338125,3,662,-0.07612646703393389
1.249641438662713,1.15555380489624,3,663,-0.09408763376647311
1.3090810785360307,1.1356666135551228,3,664,-0.17341446498090796
1.2852938747524765,1.20649473093063,3,665,-0.0787991438218465
1.2007697944376328,1.1522203110395697,3,666,-0.04854948339806309
1.2477248093716287,1.1178153366627086,3,667,-0.12990947270892006
1.28892339344967,1.1625169873526884,3,668,-0.12640640609698162
1.3434831747693297,1.1625844701684496,3,669,-0.1808987046008801
1.3357031358266922,1.1321039409229365,3,670,-0.20359919490375566
1.2058442777040994,1.1774935540655536,3,671,-0.02835072363854585
1.231034911922712,1.1554829809654998,3,672,-0.07555193095721213
1.2643939909990958,1.0585243844116705,3,673,-0.20586960658742526
1.2727035747300182,1.1088155593450852,3,674,-0.16388801538493292
1.1674522828652283,1.1717285387592407,3,675,0.004276255894012371
1.2005419207716703,1.1549611183218123,3,676,-0.04558080244985807
1.227723437289243,1.1524189884832619,3,677,-0.07530444880598108
1.2414034588942933,1.0820830486934285,3,678,-0.15932041020086474
1.1887309537083617,1.1538705675522987,3,679,-0.03486038615606302
1.2218488280366067,1.062755144314473,3,680,-0.15909368372213373
1.2980774506170931,1.1329577711948016,3,681,-0.16511967942229155
1.218977044193504,1.1025832115373415,3,682,-0.11639383265616243
1.288386234692402,1.1522955183721337,3,683,-0.13609071632026826
1.2497129030984693,1.0236863448835654,3,684,-0.22602655821490392
1.2497620483569938,1.0856925924836682,3,685,-0.16406945587332555
1.3786098024288405,1.1705450844270915,3,686,-0.20806471800174897
1.3111845868161458,1.123806644098439,3,687,-0.1873779427177069
1.2160638348086068,1.1799135473228675,3,688,-0.03615028748573934
1.220268683369561,1.1700540807340165,3,689,-0.05021460263554456
1.2170067528200554,1.1232410499798133,3,690,-0.0937657028402421
1.2666440202726008,1.068523339917948,3,691,-0.1981206803546529
1.2294183935189822,1.0927455070614984,3,692,-0.13667288645748377
1.3479701901428003,1.0871365604629717,3,693,-0.2608336296798286
1.2448913957896501,1.1922005933816684,3,694,-0.05269080240798174
1.2086672878838403,1.1213571241944889,3,695,-0.0873101636893514
1.2887560039312116,1.2032634259470962,3,696,-0.08549257798411536
1.2477471089671301,1.1316759471871216,3,697,-0.11607116178000854
1.2049634577954287,1.1291887806920635,3,698,-0.07577467710336516
1.2605323799993295,1.173477763809078,3,699,-0.08705461619025145
1.2016771600546776,1.1348714738873802,3,700,-0.06680568616729743
1.2443479015100578,1.1290761186174254,3,701,-0.1152717828926324
1.269122114908492,1.0861833877955225,3,702,-0.18293872711296943
1.26694919289063,1.1852451799104653,3,703,-0.08170401298016472
1.2338905059551275,1.120384151497601,3,704,-0.11350635445752655
1.209226619158232,1.1133089228535886,3,705,-0.09591769630464331
1.2205850563584693,1.0974534895763108,3,706,-0.12313156678215842
1.2479579577028534,1.1921811915381666,3,707,-0.05577676616468685
1.2881342636349178,1.111473842929971,3,708,-0.1766604207049467
1.2804084769068589,1.1455724671942027,3,709,-0.1348360097126562
1.2856119739784528,1.137517961444639,3,710,-0.14809401253381393
1.2136228458122824,1.154999548754322,3,711,-0.05862329705796032
1.2650215766109785,1.0957415924414773,3,712,-0.16927998416950119
1.2839958075939235,1.2247464465150701,3,713,-0.05924936107885337
1.234209419465557,1.2410272669673361,3,714,0.006817847501779051
1.1957640506142129,1.1199924702687778,3,715,-0.07577158034543507
1.2625672585929175,1.124591117854991,3,716,-0.13797614073792652
1.3038331829092524,1.1748624227967763,3,717,-0.1289707601124761
1.202890155794312,1.1933977428447935,3,718,-0.009492412949518414
1.2493407694326675,1.1789262341117241,3,719,-0.07041453532094333
1.229240445588892,1.115639018182599,3,720,-0.11360142740629287
1.2438552432840808,1.079565446744059,3,721,-0.16428979654002185
1.2932101213722011,1.113897802519545,3,722,-0.1793123188526562
1.2467174318374366,1.194577199189939,3,723,-0.052140232647497564
1.1479593454270567,1.043175169843331,3,724,-0.10478417558372577
1.2128855267845997,1.202143870327401,3,725,-0.010741656457198712
1.2780414683824814,1.0935952880132183,3,726,-0.1844461803692632
1.3349962751688926,1.1792835480228594,3,727,-0.15571272714603324
1.2341495782264622,1.1586016835568997,3,728,-0.07554789466956247
1.2770824351056265,1.0908589624311522,3,729,-0.18622347267447426
1.1700490809194002,1.151633221881586,3,730,-0.018415859037814286
1.2226362183391173,1.162903115548032,3,731,-0.059733102791085235
1.2686503391561699,1.1182829229820728,3,732,-0.1503674161740971
1.3269727037445138,1.1427182232242836,3,733,-0.1842544805202302
1.245457023707325,1.1213131755687022,3,734,-0.12414384813862278
1.3038198054017975,1.1514791762052545,3,735,-0.152340629196543
1.3412004294710331,1.1418109144065165,3,736,-0.19938951506451663
1.2047518723119877,1.094482208340452,3,737,-0.1102696639715357
1.2307445802240302,1.1218825009723665,3,738,-0.10886207925166369
1.2423685878680897,1.1000062277411191,3,739,-0.14236236012697057
1.2767939515160567,1.1695066489288841,3,740,-0.10728730258717256
1.2086320532968404,1.1908461816413085,3,741,-0.017785871655531915
1.2226333604976043,1.2145423629802212,3,742,-0.00809099751738307
1.229564053357294,1.0727075783133233,3,743,-0.1568564750439707
1.2357148123070865,1.212874221163676,3,744,-0.022840591143410416
1.309753239808642,1.1460737602253352,3,745,-0.16367947958330675
1.255318769329412,1.1676831976661444,3,746,-0.08763557166326774
1.2517193854371795,1.2113240759508734,3,747,-0.0403953094863061
1.2604976761063225,1.1973663308194766,3,748,-0.06313134528684583
1.2441462822476417,1.1425489106869307,3,749,-0.10159737156071103
1.2795769530319883,1.1256617964790983,3,750,-0.15391515655289
1.2299345884735071,1.1259668986249283,3,751,-0.10396768984857885
1.251207503650859,1.1406245527875465,3,752,-0.11058295086331249
1.2545210853448578,1.1768499131516057,3,753,-0.07767117219325215
1.207363037338793,1.1529799024636247,3,754,-0.054383134875168215
1.2679602549834637,1.0641150955893646,3,755,-0.20384515939409908
1.275960159774158,1.075073878784683,3,756,-0.20088628098947514
1.2340933677554926,1.1454914266415877,3,757,-0.08860194111390496
1.3178352361351793,1.1731621375671526,3,758,-0.14467309856802668
1.3030840419717222,1.1977751850327412,3,759,-0.10530885693898107
1.3365383099447707,1.111307425243292,3,760,-0.22523088470147878
1.2813925210540322,1.1008420545241613,3,761,-0.18055046652987095
1.2136588410619116,1.0935182411643218,3,762,-0.12014059989758974
1.2481205492959986,1.0848232645103788,3,763,-0.16329728478561978
1.1047042496180195,1.1001393081870134,3,764,-0.004564941431006053
1.2963192086421054,1.1444526168674238,3,765,-0.15186659177468154
1.2757239737667867,1.1276635976240557,3,766,-0.14806037614273104
1.2692483147063323,1.2131269799949131,3,767,-0.05612133471141911
1.3225497330867064,1.1020376407956873,3,768,-0.2205120922910191
1.221525901054537,1.1184335229128304,3,769,-0.10309237814170658
1.2771157188115123,1.1277765197781975,3,770,-0.14933919903331483
1.38043930562347,1.1140668524360844,3,771,-0.26637245318738567
1.1830610123105383,1.1745756004829626,3,772,-0.008485411827575673
1.2757827534283883,1.171651457658168,3,773,-0.10413129577022029
1.3119599586937367,1.1697311531349706,3,774,-0.14222880555876616
1.2373030356421335,1.1322679213786595,3,775,-0.105035114263474
1.1928012783528272,1.2433743977716787,3,776,0.05057311941885145
1.289422559369832,1.1122990676105553,3,777,-0.17712349175927677
1.2358918030977202,1.0453885031862318,3,778,-0.1905032999114884
1.296951270491151,1.1322441358679307,3,779,-0.16470713462322029
1.299807024719839,1.1693970396076334,3,780,-0.13040998511220558
1.2815084294720116,1.1056201059192818,3,781,-0.17588832355272976
1.226525578972894,1.1001592858043703,3,782,-0.12636629316852366
1.3836205504476253,1.1008171332832248,3,783,-0.2828034171644005
1.23026007500161,1.130990881732474,3,784,-0.09926919326913586
1.2971683098721336,1.1083700201331836,3,785,-0.18879828973894996
1.1995554218765945,1.1522335319335872,3,786,-0.047321889943007234
1.2580143089759597,1.0692017193781322,3,787,-0.18881258959782743
1.2549167228333389,1.110209389630336,3,788,-0.14470733320300289
1.276385802016646,1.2277568342205127,3,789,-0.04862896779613335
1.2324220872380987,1.1521453060109557,3,790,-0.08027678122714299
1.2244628227522592,1.1861293817594538,3,791,-0.038333440992805334
1.3148294720242704,1.1396187389895507,3,792,-0.17521073303471968
1.2998041162704168,1.0974435036779573,3,793,-0.20236061259245952
1.2623180827470848,1.1137496078277653,3,794,-0.14856847491931946
1.2693224512993604,1.1049550807075912,3,795,-0.1643673705917692
1.2431394292949192,1.1212296256225076,3,796,-0.12190980367241155
1.2372528201823911,1.1447241619519117,3,797,-0.0925286582304794
1.3447206677128056,1.272694414697371,3,798,-0.07202625301543453
1.2972371616410028,1.1968193943478411,3,799,-0.10041776729316165
1.2907979854756024,1.070157645711714,3,800,-0.22064033976388853
1.3340648301596782,1.1767341831597278,3,801,-0.15733064699995047
1.3043981595725613,1.2615897771359623,3,802,-0.04280838243659901
1.244471524708568,1.1739729388110862,3,803,-0.07049858589748181
1.3281804986552574,1.1954523911468635,3,804,-0.13272810750839392
1.2462951208710906,1.1583408032570839,3,805,-0.08795431761400674
1.2556893230300818,1.2144355195143912,3,806,-0.041253803515690635
1.2574850168125948,1.1567444771303839,3,807,-0.10074053968221097
1.3985757713731064,1.1829832773094173,3,808,-0.21559249406368908
1.1548565203747247,1.1144454013090939,3,809,-0.040411119065630885
1.2647654830395958,1.0829875991904456,3,810,-0.18177788384915017
1.2912486649469657,1.1055124442782445,3,811,-0.1857362206687212
1.301030071188239,1.1381529832617236,3,812,-0.16287708792651534
1.365940033577497,1.1664286803499522,3,813,-0.19951135322754476
1.2275009210427545,1.096092835311666,3,814,-0.13140808573108864
1.2524536803700625,1.0707407049693436,3,815,-0.18171297540071896
1.2581869771493337,1.101956818846269,3,816,-0.15623015830306475
1.2726359827417932,1.2777633438107858,3,817,0.005127361068992586
1.2414934810883462,1.017410992572621,3,818,-0.22408248851572532
1.3291047408644685,1.1465631135460033,3,819,-0.18254162731846524
1.3235293251029407,1.115474891910866,3,820,-0.20805443319207484
1.2729476843532241,1.1004154140095583,3,821,-0.1725322703436658
1.2543344216330476,1.1370948274594728,3,822,-0.11723959417357488
1.235734374538505,1.2292402822981372,3,823,-0.006494092240367788
1.2572923707663999,1.1768736951348804,3,824,-0.0804186756315195
1.2555500220082885,1.174502603033178,3,825,-0.08104741897511047
1.1945847432536387,1.1990215145980891,3,826,0.004436771344450419
1.2534550242182192,1.1377829019242522,3,827,-0.11567212229396695
1.3016775990687048,1.1874422018837536,3,828,-0.11423539718495124
1.2433013789159095,1.1309530531599248,3,829,-0.11234832575598475
1.180480647789898,1.032246891673627,3,830,-0.148233756116271
1.2419849429744132,1.133931986481341,3,831,-0.10805295649307212
1.2741459984562413,1.2003078330705264,3,832,-0.07383816538571497
1.3290463190281212,1.1369701049193313,3,833,-0.19207621410878994
1.2549058517385814,1.0913601282526952,3,834,-0.16354572348588614
1.260935453228956,1.1411903856969379,3,835,-0.11974506753201819
1.2293719876519429,1.0931504542515995,3,836,-0.13622153340034338
1.2912398139684464,1.1246056256679384,3,837,-0.16663418830050802
1.283724629093076,1.1857246997628703,3,838,-0.09799992933020563
1.1979424514624006,1.100668976551156,3,839,-0.09727347491124472
1.217062084889443,1.0406571556134132,3,840,-0.1764049292760297
1.231774016901361,1.1123386265252049,3,841,-0.11943539037615603
1.2400653164166127,1.1197865810357497,3,842,-0.12027873538086298
1.226008825214193,1.0858694927905073,3,843,-0.1401393324236857
1.2345286387745817,1.1600919337948594,3,844,-0.07443670497972232
1.2857958520469426,1.1345456758116814,3,845,-0.15125017623526116
1.3311487019778927,1.1380748092223125,3,846,-0.19307389275558018
1.2151474212805984,1.1870859927632367,3,847,-0.02806142851736171
1.2098725353457809,1.2501708953161352,3,848,0.04029835997035436
1.2777447447137669,1.1532553277862672,3,849,-0.12448941692749971
1.290459043687187,1.1070474549590323,3,850,-0.18341158872815466
1.2752930626078391,1.2123695259533913,3,851,-0.06292353665444783
1.266993318861914,1.2257667161685124,3,852,-0.041226602693401615
1.2723124409695814,1.05315312144529,3,853,-0.21915931952429135
1.2412950515454202,1.0997922299458578,3,854,-0.1415028215995624
1.2608757291414519,1.1398190749451294,3,855,-0.1210566541963225
1.3113317422445006,1.1589149355807917,3,856,-0.15241680666370883
1.2328238227306503,1.1383850285267,3,857,-0.09443879420395018
1.2908903154578575,1.0648321662411009,3,858,-0.2260581492167566
1.2966067077644114,1.0680603989641468,3,859,-0.2285463088002646
1.3006645842251694,1.2052855227030534,3,860,-0.09537906152211595
1.2292789639676163,1.0767468664095046,3,861,-0.1525320975581117
1.267780802639555,1.1091824963286618,3,862,-0.1585983063108931
1.3148598820358153,1.219829089793218,3,863,-0.09503079224259725
1.2123201617144304,1.2272642988246212,3,864,0.014944137110190825
1.198618549021052,1.2213783541212764,3,865,0.02275980510022446
1.3322903835507884,1.158096679739694,3,866,-0.17419370381109434
1.3338804492177474,1.1761797108779963,3,867,-0.15770073833975107
1.2137133286290593,1.1162826330375903,3,868,-0.097430695591469
1.3229038494049714,1.1456152329622245,3,869,-0.17728861644274696
1.2699516580236583,1.062093560397606,3,870,-0.20785809762605223
1.2512685098435647,1.142444903308862,3,871,-0.1088236065347028
1.2394544001025778,1.1418050595990952,3,872,-0.09764934050348262
1.1918818138011842,1.13730219136697,3,873,-0.0545796224342141
1.3156551934971252,1.158199645537276,3,874,-0.15745554795984917
1.2792990002666538,1.0502848429931317,3,875,-0.22901415727352203
1.2016817491929708,1.1002038236518816,3,876,-0.10147792554108914
1.2951185895165562,1.109683959568168,3,877,-0.18543462994838822
1.2717076890010266,1.1442587280584835,3,878,-0.1274489609425431
1.2625152670212716,1.0945137249660157,3,879,-0.16800154205525586
1.2358999519145955,1.1528872796631464,3,880,-0.08301267225144904
1.2290992393516345,1.152601152850102,3,881,-0.07649808650153256
1.2546099662063082,1.136134900555202,3,882,-0.11847506565110622
1.290035683548025,1.1340798683046815,3,883,-0.15595581524334334
1.2556914494303826,1.0647903354316697,3,884,-0.1909011139987129
1.3034749052808956,1.2173777309252007,3,885,-0.08609717435569486
1.2608162582722637,1.1073256178892341,3,886,-0.15349064038302962
1.3034633552636175,1.136095283154517,3,887,-0.16736807210910043
1.2762569713354759,1.078318227333949,3,888,-0.19793874400152678
1.3912840738937502,1.12371159766036,3,889,-0.2675724762333902
1.2609570311329026,1.2103984671073724,3,890,-0.05055856402553016
1.2807190610678096,1.1536153135540936,3,891,-0.127103747513716
1.2842256739503082,1.1477336851424618,3,892,-0.1364919888078464
1.243955720781649,1.2472663095691847,3,893,0.003310588787535762
1.3168547685976024,1.3239423534091874,3,894,0.0070875848115850015
1.2415988158084041,1.213373640864865,3,895,-0.028225174943539155
1.2338816687984289,1.2299788736574686,3,896,-0.003902795140960258
1.1753609883132377,1.0971835967510128,3,897,-0.07817739156222481
1.222575139527393,1.1588227089400824,3,898,-0.0637524305873105
1.2472409019569808,1.0949888845140072,3,899,-0.15225201744297356
1.3089671099422198,1.1895716387430435,3,900,-0.11939547119917626
1.2472157002724007,1.1292254004722637,3,901,-0.11799029980013698
1.3059682466712845,1.101983194484955,3,902,-0.20398505218632956
1.2144369136871433,1.0851720991862153,3,903,-0.12926481450092808
1.2296849648542438,1.194799001689792,3,904,-0.034885963164451805
1.2935150213330262,1.1164241407785291,3,905,-0.17709088055449707
1.2349187555111623,1.1735259975413992,3,906,-0.06139275796976307
1.276118281725306,1.1790424479863124,3,907,-0.09707583373899364
1.276658931550423,1.2249887126587087,3,908,-0.051670218891714415
1.2811830978726615,1.1848959381606874,3,909,-0.0962871597119741
1.27878644270327,1.1266581027269909,3,910,-0.15212833997627917
1.2218491097253383,1.0862954224538912,3,911,-0.13555368727144712
1.3504491959263258,1.1151899651370543,3,912,-0.23525923078927158
1.1968338336218138,1.1829125547413566,3,913,-0.013921278880457244
1.2475776256179485,1.1528386376264916,3,914,-0.09473898799145686
1.2189226893508827,1.168238806292054,3,915,-0.05068388305882876
1.2478389000421486,1.2141922495197393,3,916,-0.03364665052240934
1.3073361272381643,1.1543375180971853,3,917,-0.15299860914097896
1.3413869811944483,1.146602847667758,3,918,-0.19478413352669022
1.282367799543006,1.0271582004064315,3,919,-0.2552095991365746
1.2436626108427467,1.0453883493935838,3,920,-0.19827426144916283
1.3569626728014523,1.1728426371067011,3,921,-0.18412003569475122
1.2485551327360813,1.0898243342426106,3,922,-0.15873079849347072
1.244394547633863,1.146426079557463,3,923,-0.09796846807639992
1.2313984691723534,1.1137225386588296,3,924,-0.11767593051352376
1.2143305581295782,1.1261227441974169,3,925,-0.08820781393216137
1.2919057594047623,1.082633444135969,3,926,-0.2092723152687932
1.300138649576525,1.0945008872069697,3,927,-0.20563776236955533
1.2521179868734096,1.1266279294684647,3,928,-0.1254900574049449
1.2412296015044406,1.090815730808708,3,929,-0.15041387069573253
1.2982946263877304,1.2303556635938913,3,930,-0.06793896279383915
1.2499052246038895,1.0457028399962067,3,931,-0.2042023846076828
1.240898502263215,1.0845856415419024,3,932,-0.15631286072131267
1.2538778864054732,1.051111208652651,3,933,-0.2027666777528221
1.3050124968744747,1.1408516319688895,3,934,-0.16416086490558524
1.2891199437675112,1.1342683847299642,3,935,-0.154851559037547
1.2080778050849272,1.1951053491904207,3,936,-0.012972455894506574
1.2834721240963367,1.2801180238563346,3,937,-0.003354100240002156
1.2477338086757788,1.0972484458566767,3,938,-0.15048536281910208
1.2217454604831244,1.1664861911424982,3,939,-0.055259269340626194
1.2781241066773399,1.2025024320007702,3,940,-0.07562167467656966
1.3103262519594914,1.1235486515746138,3,941,-0.18677760038487756
1.2554048197238936,1.0818253023248083,3,942,-0.17357951739908528
1.2965144625634857,1.1759485400142138,3,943,-0.1205659225492719
1.326619739911929,1.1140592307752086,3,944,-0.21256050913672042
1.3331076107128816,1.163090748118423,3,945,-0.1700168625944587
1.2411195738339702,1.1770112693259391,3,946,-0.06410830450803107
1.3202781256485148,1.161322681266209,3,947,-0.1589554443823058
1.2059023141830885,1.2034694417756266,3,948,-0.002432872407461817
1.3914958434096454,1.1288625308900218,3,949,-0.26263331251962363
1.2808058966503642,1.0633075103338783,3,950,-0.21749838631648588
1.207748476622438,1.147754428251326,3,951,-0.05999404837111211
1.277250296866976,1.1238727978892298,3,952,-0.15337749897774633
1.3161272857553485,1.0972798940197404,3,953,-0.2188473917356082
1.3030463090237778,1.1636237607927724,3,954,-0.13942254823100542
1.2088455197963595,1.2182252027474616,3,955,0.009379682951102142
1.0827812779598198,1.115780613622914,3,956,0.03299933566309421
1.265327427088468,1.1201048014575186,3,957,-0.14522262563094945
1.287724260148852,1.181467941516331,3,958,-0.10625631863252116
1.2751256652466054,1.152350114620961,3,959,-0.12277555062564449
1.2536702459013658,1.0967074217084107,3,960,-0.15696282419295504
1.2958123943552042,1.167504271565249,3,961,-0.12830812278995518
1.1392225177060966,1.1529637420366212,3,962,0.013741224330524604
1.1706857288053678,1.1203418221836168,3,963,-0.05034390662175103
1.229023906033998,1.1914438024668508,3,964,-0.03758010356714725
1.2615796734152718,1.095194056736041,3,965,-0.1663856166792308
1.2390030594406611,1.1066008217204675,3,966,-0.13240223772019366
1.302741473606013,1.1218004257504113,3,967,-0.18094104785560172
1.2102035084620437,1.1432211271899533,3,968,-0.06698238127209044
1.2404176280700367,1.168361621183941,3,969,-0.07205600688609581
1.2778988421997786,1.156007013073864,3,970,-0.12189182912591456
1.3085254995170763,1.1398178277551232,3,971,-0.16870767176195312
1.354614412848405,1.1772799280265733,3,972,-0.17733448482183167
1.3546190573631285,1.159844167277257,3,973,-0.19477489008587145
1.3051756574449838,1.1391107254910557,3,974,-0.16606493195392802
1.3272954645345985,1.209717845450593,3,975,-0.11757761908400544
1.299128800420141,1.124971582352135,3,976,-0.174157218068006
1.309259507788292,1.173065665313477,3,977,-0.13619384247481503
1.2634276974721048,1.0398092260965022,3,978,-0.22361847137560265
1.2340124093122533,1.111543176489854,3,979,-0.1224692328223993
1.3356607762451325,1.0886823093598836,3,980,-0.24697846688524883
1.3268029550354028,1.1370541721488636,3,981,-0.18974878288653918
1.281839387202298,1.1460844840939006,3,982,-0.13575490310839733
1.2903481450815888,1.1250618034687743,3,983,-0.16528634161281452
1.2607726361677793,1.116108213280416,3,984,-0.14466442288736325
1.3513415324334284,1.1424739799000623,3,985,-0.20886755253336609
1.3124327387915082,1.1429203681254436,3,986,-0.16951237066606462
1.3127556497062973,1.1352994112979904,3,987,-0.17745623840830693
1.2719784064704056,1.2781844696202755,3,988,0.006206063149869934
1.3115539454022125,1.1657868654766164,3,989,-0.14576707992559612
1.2092315467163148,1.1569512474903203,3,990,-0.05228029922599453
1.2990748416811961,1.2233179929816338,3,991,-0.07575684869956234
1.2749688987308283,1.2338248536563166,3,992,-0.04114404507451175
1.152514362148564,1.1611244571097514,3,993,0.008610094961187365
1.23919041634074,1.1450758921585904,3,994,-0.0941145241821495
1.2736209551746778,1.1721561637850253,3,995,-0.10146479138965248
1.263846759081412,1.1791006172986354,3,996,-0.08474614178277662
1.2473085229087808,1.049997856783107,3,997,-0.19731066612567383
1.2333329711603223,1.1437089377973413,3,998,-0.08962403336298097
1.2702102283829708,1.1383128721986466,3,999,-0.1318973561843242
1.2596406264533295,1.184141061835813,3,1000,-0.0754995646175165
1.2275521654696209,1.1435433060426774,3,1001,-0.08400885942694347
1.212636439819025,1.1322816317580935,3,1002,-0.08035480806093154
1.1811178768673856,1.1181957166599548,3,1003,-0.0629221602074308
1.2860743791681446,1.1725570303663684,3,1004,-0.11351734880177622
1.3768041838095657,1.1213346765334125,3,1005,-0.25546950727615325
1.1885556912818456,1.1601605436210707,3,1006,-0.02839514766077489
1.312722229352397,1.1074278031944549,3,1007,-0.20529442615794213
1.241448917328643,1.104923102991971,3,1008,-0.13652581433667188
1.210123456426936,1.1380174717562759,3,1009,-0.0721059846706602
1.3983768448927631,1.1146393689276033,3,1010,-0.28373747596515986
1.313267238204197,1.0988960399500225,3,1011,-0.2143711982541745
1.2626644485012803,1.151687596285849,3,1012,-0.1109768522154313
1.2912473416169774,1.167203809721082,3,1013,-0.12404353189589545
1.267948666493024,1.1902092623252343,3,1014,-0.07773940416778968
1.27869365093977,1.1847804301547005,3,1015,-0.09391322078506947
1.3273781540774778,1.157050905160077,3,1016,-0.1703272489174008
1.3105129551889587,1.1987019845949296,3,1017,-0.11181097059402911
1.2670918107534277,1.1785272154935702,3,1018,-0.08856459525985749
1.2949397085177676,1.1908125657711244,3,1019,-0.10412714274664325
1.2956510466111402,1.1411417244002307,3,1020,-0.15450932221090952
1.2333930923824465,1.054705524859892,3,1021,-0.17868756752255455
1.246320556036117,1.1159912666352454,3,1022,-0.13032928940087163
1.3134103210828891,1.2183474475368834,3,1023,-0.09506287354600573
1.1903841247382434,1.1574289355472005,3,1024,-0.0329551891910429
1.2614263328263364,1.1562721448371867,3,1025,-0.10515418798914977
1.2437560229465936,1.1385670528964356,3,1026,-0.10518897005015804
1.281251951646018,1.1124832355497112,3,1027,-0.16876871609630673
1.2462083383935778,1.093146239466618,3,1028,-0.15306209892695977
1.2349803040943825,1.1757322964789472,3,1029,-0.05924800761543536
1.3154440612182636,1.1360586066096878,3,1030,-0.1793854546085758
1.2571194375459553,1.146420217726431,3,1031,-0.11069921981952424
1.2254837444482725,1.1407941532449732,3,1032,-0.08468959120329922
1.2528309392374593,1.1136962510885526,3,1033,-0.13913468814890662
1.221165952366655,1.1476581010774909,3,1034,-0.07350785128916404
1.2809639554510417,1.125659563273194,3,1035,-0.15530439217784764
1.260309216047962,1.1603180295141486,3,1036,-0.09999118653381345
1.2057875441439971,1.2191222399202557,3,1037,0.013334695776258565
1.2837960270492537,1.2203023355307905,3,1038,-0.06349369151846318
1.2202686361669757,1.1442006182065643,3,1039,-0.0760680179604114
1.268753847232038,1.0704428937604629,3,1040,-0.19831095347157524
1.206742953213739,1.1592777566492147,3,1041,-0.0474651965645243
1.2736063454387574,1.105232935805806,3,1042,-0.16837340963295144
1.2514303533887836,1.0923752694662108,3,1043,-0.15905508392257284
1.255144341705877,1.0996983609692688,3,1044,-0.1554459807366082
1.2986651820513457,1.1679722648807733,3,1045,-0.1306929171705724
1.2223936414278098,1.1468093831804707,3,1046,-0.07558425824733916
1.2318983848855916,1.0503657246287879,3,1047,-0.1815326602568037
1.2636074958885357,1.2401997139093184,3,1048,-0.023407781979217335
1.284462606876736,1.2160526847606388,3,1049,-0.0684099221160972
1.2449718024549334,1.1088220840674443,3,1050,-0.13614971838748913
1.3285927362593954,1.095930168976686,3,1051,-0.2326625672827094
1.26567974906645,1.0964732103136083,3,1052,-0.16920653875284164
1.3878673077728827,1.1775576276210962,3,1053,-0.21030968015178653
1.3430701710062514,1.1872516165029825,3,1054,-0.15581855450326887
1.2187582005773083,1.0378710446863524,3,1055,-0.18088715589095594
1.3757087229328409,1.0575285546501307,3,1056,-0.3181801682827101
1.2194651050219127,1.0933419538734959,3,1057,-0.12612315114841688
1.1940131088160502,1.09861493014273,3,1058,-0.09539817867332023
1.2387487407691675,1.1651455892775642,3,1059,-0.07360315149160335
1.3250272498370232,1.160758544951785,3,1060,-0.16426870488523826
1.3043587844942595,1.147703071932412,3,1061,-0.15665571256184752
1.2247357309605065,1.0399416769433285,3,1062,-0.18479405401717797
1.2111647728805532,1.0936489600160226,3,1063,-0.11751581286453061
1.259763185872905,1.0959223750058578,3,1064,-0.16384081086704727
1.2082760855628982,1.1602183687422316,3,1065,-0.04805771682066662
1.3492078613640834,1.2238815788855442,3,1066,-0.12532628247853927
1.375713945921777,1.1823986728042921,3,1067,-0.19331527311748498
1.2559194968513543,1.2236890443778734,3,1068,-0.032230452473480886
1.3188288247301259,1.2521430167320737,3,1069,-0.06668580799805213
1.2895215856670463,1.2385591958008058,3,1070,-0.050962389866240576
1.3242235553230246,1.11661640256338,3,1071,-0.2076071527596446
1.2411994425163435,1.0825355374106036,3,1072,-0.1586639051057399
1.2578405370098353,1.185038947418867,3,1073,-0.07280158959096839
1.2660090155483643,1.1115362472083108,3,1074,-0.15447276834005352
1.1946599381889376,1.0983790089959156,3,1075,-0.096280929193022
1.2501672132470774,1.0968146065622473,3,1076,-0.15335260668483008
1.2423241978007014,1.1224772832950198,3,1077,-0.11984691450568152
1.2519207449699792,1.0196033353395082,3,1078,-0.23231740963047098
1.2259058578821296,1.2157834433408738,3,1079,-0.010122414541255731
1.2022149031787523,1.2150126632123397,3,1080,0.012797760033587346
1.2939766132350081,1.1576708067541082,3,1081,-0.13630580648089996
1.2791571900437846,1.182160393812059,3,1082,-0.09699679623172552
1.2052514075926237,1.103459724753445,3,1083,-0.10179168283917872
1.3761291032618987,1.0753917148918108,3,1084,-0.3007373883700879
1.253133112232752,1.1390759049596424,3,1085,-0.11405720727310964
1.2554348988201922,1.2009486060848928,3,1086,-0.05448629273529937
1.2465957790871476,1.1732828305916838,3,1087,-0.07331294849546377
1.2254760723300306,1.1218427730037246,3,1088,-0.10363329932630605
1.2431912754481487,1.100869043253095,3,1089,-0.1423222321950537
1.3116636688674914,1.156380621251832,3,1090,-0.15528304761565948
1.3296526757800644,1.1430799817677684,3,1091,-0.18657269401229604
1.3500462711174948,1.149265951293623,3,1092,-0.2007803198238718
1.2113653393960413,1.1677839460316006,3,1093,-0.04358139336444067
1.2061821399368624,1.107802380327988,3,1094,-0.09837975960887446
1.281498303517172,1.0383348741091105,3,1095,-0.24316342940806157
1.3140994399184123,1.1403211452984232,3,1096,-0.17377829461998906
1.2715432484064035,1.0702494278554278,3,1097,-0.20129382055097578
1.17199149512291,1.1615934350490056,3,1098,-0.010398060073904425
1.2353404758843038,1.1215636068246053,3,1099,-0.11377686905969853
1.2155289326191168,1.1128235558942128,3,1100,-0.10270537672490399
1.1513653275652003,1.2226761285114827,3,1101,0.0713108009462824
1.2664824813129332,1.1220888351536829,3,1102,-0.14439364615925032
1.3801566565958732,1.2093044691690937,3,1103,-0.17085218742677943
1.214557333794505,1.187928284238342,3,1104,-0.026629049556162965
1.193972868936692,1.1118924417785472,3,1105,-0.08208042715814479
1.2079552205390083,1.1640491636449513,3,1106,-0.04390605689405702
1.2422505028776485,1.0859971501120835,3,1107,-0.15625335276556496
1.3352100854512916,1.102240561919975,3,1108,-0.2329695235313165
1.335060715595495,1.0579595365242551,3,1109,-0.2771011790712399
1.3035667020749124,1.1530290526677813,3,1110,-0.1505376494071311
1.2267745288304621,1.1384412885368822,3,1111,-0.08833324029357992
1.2757624938370016,1.0632875889106592,3,1112,-0.21247490492634236
1.254262053309501,1.0720866343612123,3,1113,-0.1821754189482887
1.2446700679086096,1.1137613106070632,3,1114,-0.13090875730154639
1.306161755692111,1.1596101859097139,3,1115,-0.14655156978239714
1.267617090108107,1.1359149855817856,3,1116,-0.13170210452632136
1.2923966534435516,1.1591772936911167,3,1117,-0.13321935975243493
1.21627798062043,1.1140945880976132,3,1118,-0.10218339252281683
1.232718171073442,1.1182325218701592,3,1119,-0.11448564920328286
1.3225797483168342,1.128147403785996,3,1120,-0.19443234453083824
1.2029506763719342,1.1123178016941098,3,1121,-0.09063287467782444
1.2385507142963574,1.1617398469287106,3,1122,-0.07681086736764686
1.3206124436281732,1.0081148623176097,3,1123,-0.3124975813105635
1.2711259661358154,1.0183192394832612,3,1124,-0.2528067266525542
1.2566881832901025,1.1494174278253269,3,1125,-0.1072707554647756
1.2502261238962762,1.1850824475881714,3,1126,-0.0651436763081048
1.2979026922414598,1.1730896648016786,3,1127,-0.12481302743978118
1.2366856159227084,1.1063739451667503,3,1128,-0.13031167075595818
1.2508040389380919,1.1863943685932923,3,1129,-0.06440967034479961
1.2776142919439382,1.1594973084877025,3,1130,-0.11811698345623567
1.2727921596688705,1.1248922554789722,3,1131,-0.1478999041898983
1.2521380710851964,1.117691372564869,3,1132,-0.13444669852032742
1.2527766329933177,0.9801926529979261,3,1133,-0.2725839799953915
1.2534803266231833,1.1046920533051836,3,1134,-0.1487882733179997
1.2579116934047745,1.144876893104332,3,1135,-0.11303480030044244
1.2936743693728512,1.129153822320712,3,1136,-0.16452054705213914
1.204443789919165,1.1194869574576976,3,1137,-0.08495683246146735
1.298313111084537,1.1592154343571326,3,1138,-0.13909767672740436
1.1717013583498024,1.0197537881507552,3,1139,-0.15194757019904714
1.24952015958897,1.1528553296357675,3,1140,-0.09666482995320247
1.2744486985868408,1.2156111917964707,3,1141,-0.05883750679037014
1.1882435560514675,1.0892007940781627,3,1142,-0.09904276197330475
1.2941316747168257,1.1895570038519037,3,1143,-0.104574670864922
1.2225375422870062,1.1184403355982453,3,1144,-0.10409720668876088
1.1870923462754408,1.1212504689195808,3,1145,-0.06584187735586
1.2000602429058183,1.1255127900315296,3,1146,-0.07454745287428866
1.2523090895336153,1.071634939036365,3,1147,-0.18067415049725022
1.226590459284455,1.2058381239425842,3,1148,-0.02075233534187082
1.2573454061162754,1.2174944579702622,3,1149,-0.0398509481460132
1.1509440775994593,1.1289208881147308,3,1150,-0.022023189484728478
1.2269405018408357,1.1156674423099642,3,1151,-0.11127305953087152
1.2404382169857495,1.1230914189379153,3,1152,-0.11734679804783421
1.2506615705357584,1.1530193478928024,3,1153,-0.09764222264295608
1.3097377260131906,1.1301501450154894,3,1154,-0.17958758099770122
1.3199595369912958,1.1177678467389747,3,1155,-0.2021916902523211
1.2008706853799103,1.1278081301351326,3,1156,-0.07306255524477767
1.1321835551666097,1.188075889709826,3,1157,0.05589233454321629
1.2463704634807653,1.1070939909614945,3,1158,-0.13927647251927078
1.185898628025424,1.1286386111782394,3,1159,-0.057260016847184625
1.199267296241715,1.1287955539657526,3,1160,-0.07047174227596242
1.218948487771391,1.211785026104946,3,1161,-0.007163461666444881
1.2722276103100596,1.195523001121943,3,1162,-0.0767046091881165
1.278311405775085,1.215964456054094,3,1163,-0.062346949720990974
1.3060299981834858,1.1145422519053447,3,1164,-0.19148774627814102
1.3018888500655539,1.1641113639042562,3,1165,-0.1377774861612977
1.2893886282196045,1.131364686696197,3,1166,-0.15802394152340749
1.2861042316403064,1.1378546923610875,3,1167,-0.1482495392792189
1.269540571011773,1.1101959084620223,3,1168,-0.15934466254975077
1.2292568998127584,1.0697272621397163,3,1169,-0.15952963767304218
1.2920494167657377,1.2132002188081599,3,1170,-0.07884919795757783
1.2375162211144901,1.1567558946408676,3,1171,-0.08076032647362252
1.286427759620233,1.1549031707969135,3,1172,-0.1315245888233194
1.2637046105802114,1.0530483102833428,3,1173,-0.21065630029686866
1.2617833019504303,1.1442462283234873,3,1174,-0.11753707362694299
1.207041024451453,1.1244932129885352,3,1175,-0.08254781146291768
1.2095525527931468,1.1062336474990178,3,1176,-0.10331890529412902
1.3431207113402102,1.1034840373567123,3,1177,-0.23963667398349786
1.3055163020664216,1.1423821329611972,3,1178,-0.16313416910522438
1.2371279487662643,1.1988492739296828,3,1179,-0.03827867483658154
1.3075395547634971,1.251583714651531,3,1180,-0.05595584011196619
1.2521102967852382,1.1008670376453287,3,1181,-0.15124325913990955
1.2682038699500877,1.006205039152562,3,1182,-0.2619988307975256
1.321471547643551,1.0971437074324903,3,1183,-0.22432784021106067
1.3021172935590537,1.0442559807536749,3,1184,-0.25786131280537883
1.2875953966694011,1.1591073397507008,3,1185,-0.12848805691870036
1.2908203864127636,1.104462473344257,3,1186,-0.1863579130685067
1.3446649720744621,1.0847271808178482,3,1187,-0.25993779125661387
1.2747030945481312,1.1648936996015369,3,1188,-0.10980939494659436
1.3036453790395937,1.1070167002266542,3,1189,-0.19662867881293944
1.2675751241604347,1.184726716508065,3,1190,-0.08284840765236967
1.1866743107174826,1.0727314582154714,3,1191,-0.1139428525020112
1.2524002257630693,1.1739759805879797,3,1192,-0.07842424517508961
1.2300571540980325,1.1256257615529355,3,1193,-0.10443139254509703
1.4079801204645161,1.1955793693033108,3,1194,-0.21240075116120538
1.2957688953550057,1.140924393211238,3,1195,-0.15484450214376766
1.224657495305899,1.1911483063877617,3,1196,-0.03350918891813737
1.303343711819355,1.1848033545310288,3,1197,-0.11854035728832613
1.227575463959464,1.0643181554201124,3,1198,-0.1632573085393516
1.230821799006176,1.154072204020603,3,1199,-0.07674959498557299
1.2820096624746649,1.1997943872879806,3,1200,-0.08221527518668426
1.3490301314548976,1.1200795410147109,3,1201,-0.22895059044018673
1.2687223785890698,1.050803295898778,3,1202,-0.2179190826902917
1.3005581761250555,1.1559073140365217,3,1203,-0.14465086208853384
1.2783207623544697,1.1126509660437678,3,1204,-0.1656697963107019
1.3068760200852338,1.1314318009460318,3,1205,-0.17544421913920205
1.1582439949374723,1.2014929907549243,3,1206,0.04324899581745201
1.192991853618701,1.252311776826307,3,1207,0.05931992320760604
1.1931002538319424,1.08527014990083,3,1208,-0.10783010393111248
1.186805442087817,1.0062767511855513,3,1209,-0.18052869090226564
1.3219461971081028,1.1577479341984807,3,1210,-0.16419826290962214
1.1578119019694981,1.1489206560965761,3,1211,-0.008891245872922005
1.2388551823093112,1.1086635371271383,3,1212,-0.13019164518217297
1.311447535065838,1.1296439928811113,3,1213,-0.18180354218472683
1.2126787136713988,1.2246168898050778,3,1214,0.01193817613367898
1.23211697361639,1.0816689185861112,3,1215,-0.1504480550302787
1.2340367474978449,1.121685623978198,3,1216,-0.11235112351964682
1.285684080765908,1.0722360681868857,3,1217,-0.21344801257902235
1.2160142474545612,1.1578867096731265,3,1218,-0.05812753778143476
1.2557674481709893,1.1347158457845674,3,1219,-0.12105160238642187
1.279499998009078,1.1397783710725422,3,1220,-0.13972162693653578
1.1682913931234773,1.018074588573672,3,1221,-0.15021680454980535
1.2007765924753333,1.1145008570310004,3,1222,-0.08627573544433287
1.3023180850800267,1.0961113472794177,3,1223,-0.20620673780060894
1.2169109704465007,1.098809159281391,3,1224,-0.11810181116510976
1.3302434742797131,1.1995611144937657,3,1225,-0.13068235978594744
1.2517675861453919,1.028405434579393,3,1226,-0.22336215156599892
1.3046980279493765,1.1037010655571575,3,1227,-0.20099696239221898
1.2080347935496616,1.2034546584891583,3,1228,-0.004580135060503254
1.2838621693348529,1.156412311400545,3,1229,-0.12744985793430796
1.2997643601919775,1.2108399300901584,3,1230,-0.08892443010181905
1.2831044696460592,1.1082501325298766,3,1231,-0.1748543371161826
1.2364826781317277,1.1910475160232652,3,1232,-0.045435162108462546
1.1921104767717088,1.149656867927679,3,1233,-0.04245360884402971
1.222307183877893,1.1325716118668467,3,1234,-0.0897355720110462
1.2283266776541728,1.139097690954048,3,1235,-0.0892289867001248
1.2844101241896748,1.1287743855854748,3,1236,-0.1556357386042
1.2717169053952215,1.1792973304623018,3,1237,-0.09241957493291975
1.1883361558700434,1.0692614090174235,3,1238,-0.11907474685261987
1.2423336298611263,1.2576086181176154,3,1239,0.015274988256489097
1.227863557763372,1.164621755274076,3,1240,-0.063241802489296
1.2456339650942627,1.2241457963818378,3,1241,-0.02148816871242487
1.2597323248879224,1.1175343947148157,3,1242,-0.14219793017310667
1.2558567832231864,1.2110714374541498,3,1243,-0.04478534576903659
1.3495820050304075,1.1864907040296386,3,1244,-0.16309130100076885
1.2839886168882688,1.165295151603424,3,1245,-0.11869346528484481
1.3137763846182158,1.186292694442678,3,1246,-0.12748369017553784
1.2446615880457983,1.1217083899595868,3,1247,-0.12295319808621152
1.2190766618970548,1.1055920562288328,3,1248,-0.11348460566822194
1.1828842855743538,1.2104929124664934,3,1249,0.02760862689213961
1.2509529004016111,1.1641879984201764,4,0,-0.08676490198143472
1.2669029300369141,1.1158716228521173,4,1,-0.15103130718479685
1.1685765548058598,1.1079782415116666,4,2,-0.060598313294193185
1.2213521938193301,1.189289665248073,4,3,-0.03206252857125724
1.265310395618974,1.1408366850584102,4,4,-0.12447371056056378
1.3061692190112708,1.13893486088319,4,5,-0.16723435812808085
1.2296984927345398,1.0648483515410216,4,6,-0.16485014119351815
1.2432543855956895,1.1236211306951736,4,7,-0.1196332549005159
1.157853572141418,1.1270971173610995,4,8,-0.03075645478031852
1.300575029955403,1.1659266543852969,4,9,-0.13464837557010623
1.1631241182366803,1.2086542761472605,4,10,0.04553015791058024
1.2389279625912184,1.1909297336244724,4,11,-0.04799822896674599
1.2240755553243692,1.104856437173733,4,12,-0.11921911815063613
1.2283963736097854,1.1023210908096137,4,13,-0.12607528280017166
1.2535291609144383,1.241625315117397,4,14,-0.01190384579704129
1.4057468350226074,1.1274027299157539,4,15,-0.2783441051068536
1.3571113648272313,1.180014177796507,4,16,-0.1770971870307243
1.3630007363480043,1.178182437817865,4,17,-0.18481829853013942
1.264819264366697,1.1022800563225288,4,18,-0.1625392080441681
1.2850240776445643,1.2644357484741233,4,19,-0.020588329170440955
1.208982353648589,1.1664617298626658,4,20,-0.04252062378592325
1.1702017874673916,1.1045058347486056,4,21,-0.06569595271878592
1.2520620117062276,1.1432439281760984,4,22,-0.10881808353012912
1.3030270443681604,1.0357196443676109,4,23,-0.26730740000054953
1.1587818312357714,1.1319693827425699,4,24,-0.026812448493201524
1.3908668562106752,1.1940263492896381,4,25,-0.19684050692103705
1.2151493077172046,1.0793063253598107,4,26,-0.1358429823573939
1.275241640718448,1.1945100156719406,4,27,-0.08073162504650733
1.2638477280727354,1.1249329522535432,4,28,-0.1389147758191922
1.1376342228853127,1.1820847722252306,4,29,0.04445054933991788
1.258385388146477,1.2339868746729885,4,30,-0.024398513473488537
1.2877328344052987,1.2205792885735214,4,31,-0.06715354583177735
1.2369403179264526,1.1007319194836906,4,32,-0.136208398442762
1.2612313980769183,1.0954924989935027,4,33,-0.16573889908341566
1.2310710798060596,1.2100143793680325,4,34,-0.0210567004380271
1.222816667275717,1.1603078487348317,4,35,-0.0625088185408853
1.3327894598075052,1.1960269539668649,4,36,-0.1367625058406403
1.1800428937793548,1.0589062293094385,4,37,-0.12113666446991633
1.1746437446934974,1.1787275722221597,4,38,0.0040838275286623205
1.2316550218173299,1.0576051490251737,4,39,-0.17404987279215622
1.2188232109937254,1.2278435505918397,4,40,0.009020339598114324
1.3055677105245145,1.1460220160961188,4,41,-0.15954569442839572
1.239821527031559,1.0988531617573438,4,42,-0.14096836527421508
1.3219243981387852,1.126170528868483,4,43,-0.19575386927030225
1.261453671805572,1.2096646835771105,4,44,-0.05178898822846145
1.2289286957503056,1.183737124520804,4,45,-0.04519157122950168
1.2187055710815446,1.0142321026143457,4,46,-0.20447346846719894
1.2421920429808597,1.0377383002326226,4,47,-0.20445374274823713
1.27281790035519,1.0722912762332195,4,48,-0.20052662412197053
1.2574596031806409,1.1607035278044637,4,49,-0.09675607537617714
1.387113834678078,1.1125959145616173,4,50,-0.2745179201164607
1.2912822836057962,1.0661538255028375,4,51,-0.22512845810295867
1.3296310676933147,1.1055501911039578,4,52,-0.22408087658935694
1.2302387190305601,1.23703366779539,4,53,0.006794948764829778
1.2975167658954136,1.1473894461094811,4,54,-0.15012731978593252
1.2807332862821588,1.1979467270355517,4,55,-0.08278655924660705
1.2893603892641887,1.1151195654064057,4,56,-0.17424082385778306
1.324366998422629,1.127677187208795,4,57,-0.196689811213834
1.2218321157064562,1.1524957354695717,4,58,-0.06933638023688449
1.2566608253948373,1.1351707033515464,4,59,-0.1214901220432909
1.2422164761410546,1.196686608576522,4,60,-0.04552986756453259
1.208378353932578,1.1105779961365627,4,61,-0.09780035779601537
1.2731895808767344,1.1697916651095803,4,62,-0.10339791576715407
1.2709553697743572,1.1325885692336508,4,63,-0.13836680054070638
1.3176790967518437,1.079380547038975,4,64,-0.23829854971286868
1.1898642318782087,1.0722052545845175,4,65,-0.11765897729369112
1.2341479723030753,1.1455762201149116,4,66,-0.08857175218816371
1.2208943290654743,1.1140358792444094,4,67,-0.10685844982106496
1.3033253748114233,1.1248979400749826,4,68,-0.17842743473644074
1.2237850605366962,1.1858335197506569,4,69,-0.03795154078603935
1.2571283167018912,1.133221347698118,4,70,-0.12390696900377307
1.2775435178803787,1.1286764536741165,4,71,-0.14886706420626217
1.1924810674437998,1.1155654475711982,4,72,-0.07691561987260154
1.2765169242807874,1.1176242923679858,4,73,-0.15889263191280167
1.2601770172565634,1.0862603538942592,4,74,-0.17391666336230416
1.2701334327734943,1.1024050189343133,4,75,-0.16772841383918102
1.2421207395603315,1.0733082791989725,4,76,-0.168812460361359
1.2936408131571708,1.0779495009286273,4,77,-0.21569131222854354
1.3163338383795846,1.17047060680789,4,78,-0.14586323157169456
1.2462783532269301,1.0401163156278637,4,79,-0.20616203759906648
1.216368865942577,1.1226830604832065,4,80,-0.09368580545937055
1.2884269800193353,1.1348690940430073,4,81,-0.15355788597632802
1.3385863784499619,1.1374383897565332,4,82,-0.20114798869342865
1.15910409865658,1.0372627974313235,4,83,-0.12184130122525638
1.2848671271907117,1.1049563405283378,4,84,-0.17991078666237392
1.3184153227985118,1.1477118843503396,4,85,-0.17070343844817226
1.1652107912863654,1.1580932826347587,4,86,-0.007117508651606652
1.2416099869951174,1.1835393944959232,4,87,-0.05807059249919422
1.2331216067761115,1.1165393524228837,4,88,-0.11658225435322778
1.2456561729168882,1.130339783853933,4,89,-0.11531638906295516
1.3314551783078594,1.153775135323774,4,90,-0.17768004298408546
1.2917941583281574,1.118557135809251,4,91,-0.17323702251890638
1.3882896992048628,1.2844010995929471,4,92,-0.10388859961191566
1.232542756130812,1.0866728794565768,4,93,-0.14586987667423523
1.232954001705165,1.1889509586992684,4,94,-0.044003043005896636
1.3135728141023564,1.1530998186052535,4,95,-0.16047299549710292
1.2516518809365356,1.1500262198113136,4,96,-0.10162566112522198
1.1798598730390477,1.1231647703534815,4,97,-0.05669510268556621
1.2480510547380248,1.128509763879518,4,98,-0.11954129085850673
1.3016100337925685,1.1129680144635092,4,99,-0.18864201932905922
1.3034236732489926,1.1839955295182634,4,100,-0.11942814373072919
1.2330011621078323,1.066250715703199,4,101,-0.1667504464046332
1.2819477565377912,1.1659732246555248,4,102,-0.11597453188226647
1.280010626768944,1.1445058635342693,4,103,-0.13550476323467464
1.3182217915732517,1.1399805841131252,4,104,-0.1782412074601265
1.282082219449867,1.0922789550822274,4,105,-0.18980326436763972
1.3002962326413963,1.124086367802277,4,106,-0.17620986483911927
1.30973482695323,1.2150655758418574,4,107,-0.0946692511113727
1.2337056379663343,1.1818258677103355,4,108,-0.05187977025599877
1.2770474397276148,1.205505960541068,4,109,-0.07154147918654674
1.244232585011931,1.2085202560726591,4,110,-0.03571232893927179
1.2473935678430064,1.1538616987524195,4,111,-0.09353186909058686
1.3662954598443084,1.103285879062218,4,112,-0.26300958078209047
1.2609729245813546,1.1446444807100424,4,113,-0.11632844387131214
1.2187350520912255,1.1508125663526187,4,114,-0.06792248573860671
1.3230440723386243,1.0815380278046942,4,115,-0.2415060445339301
1.290795602938106,1.108759717007565,4,116,-0.1820358859305411
1.1783507636603772,1.1002439796713217,4,117,-0.07810678398905546
1.2154144021958146,1.0982166301329368,4,118,-0.11719777206287785
1.2639651571053419,1.1508440697647273,4,119,-0.11312108734061455
1.2449379150582534,1.1225357894731436,4,120,-0.12240212558510977
1.2567538206179796,1.174480892130701,4,121,-0.08227292848727852
1.2712931159975205,1.1688134918578559,4,122,-0.1024796241396646
1.251893134071044,1.1467878211305895,4,123,-0.10510531294045444
1.2441887108072773,1.110147654540178,4,124,-0.13404105626709928
1.3049468071806967,1.1692629949904654,4,125,-0.1356838121902313
1.299291665915005,1.1578122431872462,4,126,-0.1414794227277587
1.2801823108018233,1.1193015113469968,4,127,-0.16088079945482647
1.326448514821641,1.1179475666110565,4,128,-0.2085009482105844
1.2408154023189688,1.1119800319996191,4,129,-0.12883537031934966
1.2742327222500207,1.1459063808725891,4,130,-0.1283263413774316
1.2902327955461614,1.097105752191608,4,131,-0.19312704335455333
1.2437122518058938,1.2179669636555321,4,132,-0.0257452881503617
1.3448710778951205,1.1360405812462062,4,133,-0.2088304966489143
1.2207052403905414,1.110604392882808,4,134,-0.11010084750773341
1.160488536378258,1.1353288745653682,4,135,-0.025159661812889755
1.2478003159747417,1.1434908862457467,4,136,-0.10430942972899504
1.290477854018187,1.1854046181374298,4,137,-0.10507323588075712
1.3168440726444066,1.0382414807220286,4,138,-0.278602591922378
1.2960520043245194,1.153786925748851,4,139,-0.14226507857566828
1.2623418833268796,1.1211234619627273,4,140,-0.1412184213641523
1.280917642177446,1.0761953905794233,4,141,-0.2047222515980227
1.208335083750713,1.1468010580658006,4,142,-0.0615340256849124
1.1680874894205875,1.0878738071289666,4,143,-0.08021368229162085
1.2371363179739518,0.9902439367962101,4,144,-0.2468923811777417
1.2868371738012185,1.2141313388892105,4,145,-0.072705834912008
1.299882636358723,1.210846502999251,4,146,-0.08903613335947203
1.3146366160028817,1.2070303718571507,4,147,-0.10760624414573106
1.2531119256435064,1.1102226393390229,4,148,-0.1428892863044835
1.3410810790228642,1.1132177020542817,4,149,-0.2278633769685825
1.3522554929524502,1.1719365145811225,4,150,-0.1803189783713277
1.3264458758670221,1.1362615123872144,4,151,-0.19018436347980772
1.2905922765100806,1.2225172187776459,4,152,-0.06807505773243472
1.3341186824715456,1.0973736535185756,4,153,-0.23674502895297
1.2378723370018843,1.1027688810871825,4,154,-0.13510345591470174
1.3452161907333104,1.2647540374679473,4,155,-0.0804621532653631
1.2635556820640512,1.2292659992164265,4,156,-0.03428968284762468
1.2657135693314205,1.236800460719091,4,157,-0.02891310861232954
1.3142014084001559,1.1872132458010205,4,158,-0.12698816259913537
1.2466669627051372,1.1884022259287426,4,159,-0.058264736776394654
1.2701025669819332,1.148180567513003,4,160,-0.12192199946893023
1.2039038809267748,1.1251101865203823,4,161,-0.0787936944063925
1.3165064648963196,1.0952343677063627,4,162,-0.22127209718995688
1.2470091817456463,1.249992943571216,4,163,0.0029837618255696974
1.286826479001345,1.2286895571482335,4,164,-0.05813692185311159
1.3196214792927337,1.1466533585836785,4,165,-0.1729681207090552
1.3439503238073192,1.2029018884102456,4,166,-0.14104843539707357
1.265818750096432,1.1428522615359953,4,167,-0.12296648856043668
1.319382562557392,1.2107309799216135,4,168,-0.10865158263577857
1.265304045528277,1.175829952503884,4,169,-0.08947409302439291
1.290269476245848,1.1082186607078277,4,170,-0.18205081553802027
1.2453312536913028,1.143240452134518,4,171,-0.10209080155678474
1.2343309392602808,1.1425916554294822,4,172,-0.09173928383079866
1.252266785266497,1.072483543449441,4,173,-0.17978324181705596
1.3156972676923204,1.209764716536813,4,174,-0.10593255115550737
1.2228362725228945,1.1883175999905995,4,175,-0.034518672532295014
1.3690094498254868,1.1027381305517057,4,176,-0.2662713192737811
1.243017997710326,1.0878403944388637,4,177,-0.15517760327146224
1.3499679190804796,1.2433933778328838,4,178,-0.1065745412475958
1.252566391448617,1.1143615673349077,4,179,-0.13820482411370927
1.293589992123954,1.1628768695410718,4,180,-0.13071312258288215
1.1898720390865059,1.1840774365999764,4,181,-0.00579460248652941
1.2267359243809304,1.0802950749418416,4,182,-0.14644084943908875
1.2479175305666275,1.1155503645774365,4,183,-0.13236716598919096
1.2690295408360799,1.1235239999276874,4,184,-0.14550554090839252
1.351371117271635,1.1356099672376776,4,185,-0.21576115003395735
1.2342031971580512,1.114990318841253,4,186,-0.11921287831679805
1.2483462723904837,1.071751010704674,4,187,-0.17659526168580975
1.2386068843525466,1.0475581966642467,4,188,-0.19104868768829997
1.2732539680500197,1.0764055530759964,4,189,-0.19684841497402328
1.237080015231863,1.2115225267915692,4,190,-0.02555748844029382
1.329510906017768,1.1142875051340895,4,191,-0.21522340088367842
1.3972006277057254,1.1275969407438204,4,192,-0.26960368696190495
1.303156710026342,1.1054207698309924,4,193,-0.19773594019534957
1.2490816289930688,1.1179219865136318,4,194,-0.131159642479437
1.1901489056498329,1.0551407123466285,4,195,-0.13500819330320435
1.3146255611050122,1.1592988723867905,4,196,-0.15532668871822164
1.3308596933524268,1.1025456185380442,4,197,-0.2283140748143826
1.2467199582184014,1.1489803532812881,4,198,-0.09773960493711331
1.1597453844467476,1.0939191600450267,4,199,-0.06582622440172092
1.3439945458851965,1.2192815933590544,4,200,-0.12471295252614212
1.2771913483944746,1.1497606632170927,4,201,-0.12743068517738187
1.2749593982577365,1.0920599814720278,4,202,-0.18289941678570876
1.3776307405666923,1.0522691765938235,4,203,-0.32536156397286886
1.3485796753815065,1.1313871700528595,4,204,-0.21719250532864698
1.2126521159547263,1.1365033484522897,4,205,-0.0761487675024366
1.2701689956268578,1.1192918341961,4,206,-0.1508771614307578
1.2419766873549964,1.2632252996458553,4,207,0.021248612290858837
1.2725047062342711,1.1636681678402931,4,208,-0.108836538393978
1.262236258891246,1.1462990970796552,4,209,-0.11593716181159075
1.2894280022451143,1.076453035201016,4,210,-0.21297496704409835
1.2066494995905852,1.0718649463533505,4,211,-0.1347845532372347
1.2715463187777847,1.1338778722767198,4,212,-0.1376684465010649
1.2314311041546877,1.089259195407815,4,213,-0.1421719087468727
1.1901409651871195,1.1953341032600098,4,214,0.0051931380728902354
1.1968181511232239,1.0652652324033602,4,215,-0.13155291871986363
1.2806196967232304,1.1654536464769996,4,216,-0.11516605024623083
1.2371749493106545,1.1106811050510985,4,217,-0.126493844259556
1.2174967204360165,1.2006127491679917,4,218,-0.016883971268024878
1.2273217537074534,1.1228511651990942,4,219,-0.10447058850835922
1.3182831791704792,1.1314314076953493,4,220,-0.18685177147512988
1.1772112057948,1.0797057762146618,4,221,-0.0975054295801383
1.2438596904249162,1.1495610587665188,4,222,-0.09429863165839736
1.208544429410503,1.1028711078305231,4,223,-0.10567332157997988
1.2561080212133349,1.1214694445577846,4,224,-0.13463857665555024
1.2203381467324073,1.1151685908540996,4,225,-0.10516955587830767
1.2924516473524428,1.1150291494378965,4,226,-0.17742249791454623
1.2787072838563494,1.1532078850091287,4,227,-0.1254993988472206
1.2788797534261946,1.0823229378242618,4,228,-0.19655681560193283
1.2304430065355758,1.1137767732177395,4,229,-0.11666623331783632
1.2612393120919774,1.0945500152849799,4,230,-0.1666892968069975
1.2789402596013413,1.1554447554172855,4,231,-0.12349550418405575
1.216156112923152,1.1314664525096634,4,232,-0.08468966041348858
1.258836387344416,1.18699325225605,4,233,-0.07184313508836593
1.2853520581666944,1.158702141574007,4,234,-0.12664991659268732
1.2497042324457852,1.1649291103205806,4,235,-0.08477512212520466
1.2857699270567293,1.0900870320021563,4,236,-0.19568289505457304
1.285140170196704,1.0923578584198779,4,237,-0.19278231177682614
1.3813661918838753,1.1312649699465294,4,238,-0.25010122193734596
1.2159912759189229,1.117241795072453,4,239,-0.09874948084646995
1.241080913661729,1.1763630746538731,4,240,-0.06471783900785577
1.2815537783295743,1.1356096202350685,4,241,-0.14594415809450578
1.2962757131022635,1.1268403676232532,4,242,-0.1694353454790103
1.322001617958762,1.1354953255733742,4,243,-0.18650629238538774
1.2559622877178274,1.1687502836037493,4,244,-0.08721200411407803
1.3142707357207999,1.1096317048882847,4,245,-0.20463903083251522
1.224411062499504,1.1737911500004181,4,246,-0.05061991249908582
1.2454096717920542,1.1991987640450479,4,247,-0.04621090774700631
1.2730109220006427,1.1388527998344296,4,248,-0.13415812216621315
1.2570992530939897,1.1288305827232488,4,249,-0.12826867037074097
1.1905510844775162,1.115634965648508,4,250,-0.07491611882900817
1.1746503981962535,1.1338032688340478,4,251,-0.04084712936220569
1.2296099567307248,1.153602619989718,4,252,-0.07600733674100679
1.2281471069155772,1.0858994268390743,4,253,-0.1422476800765029
1.2856233081416892,1.258015961242116,4,254,-0.027607346899573226
1.2824453240369538,1.1158925445957057,4,255,-0.16655277944124802
1.266258614237679,1.1229646860954186,4,256,-0.1432939281422605
1.2436001085875907,1.1429860197409811,4,257,-0.1006140888466096
1.3099154410310692,1.1139932191586834,4,258,-0.19592222187238573
1.2788591743866484,1.1574041945658105,4,259,-0.12145497982083797
1.3028371353243433,1.222300997763865,4,260,-0.08053613756047828
1.3204903736383302,1.110798893959855,4,261,-0.20969147967847523
1.2692412173944747,1.106115819623748,4,262,-0.16312539777072677
1.3041883401905467,1.1247853685959484,4,263,-0.1794029715945984
1.2327902300596871,1.138006824805876,4,264,-0.09478340525381124
1.26779626618249,1.0902173292083306,4,265,-0.17757893697415938
1.2759425412638836,1.1551620566819392,4,266,-0.12078048458194446
1.207595685896097,1.0843901960849498,4,267,-0.1232054898111472
1.2073461145648006,1.1979162069951927,4,268,-0.00942990756960782
1.1247053895472416,1.179022316810383,4,269,0.05431692726314141
1.211003584718818,1.1404326886663905,4,270,-0.07057089605242761
1.2268734263494698,1.1439509203893663,4,271,-0.08292250596010353
1.3527215405991808,1.0631774217487377,4,272,-0.28954411885044307
1.2693060327402794,1.0951654564467137,4,273,-0.17414057629356572
1.291942517585503,1.0131824515682197,4,274,-0.2787600660172833
1.216576626170638,1.1792546441471985,4,275,-0.037321982023439615
1.2399150423231708,1.0722694725911794,4,276,-0.1676455697319914
1.315594910513601,1.0857456162752859,4,277,-0.22984929423831502
1.2796189235278808,1.1114333675920884,4,278,-0.16818555593579232
1.2177774423438639,1.1032539278154394,4,279,-0.11452351452842446
1.1901333190498653,1.0932261882243557,4,280,-0.09690713082550961
1.2965453334434685,1.1865477119916374,4,281,-0.109997621451831
1.2619677378155536,1.157959992569975,4,282,-0.10400774524557854
1.220781048879857,1.0871131181075877,4,283,-0.13366793077226924
1.2152529405701973,1.02382110654261,4,284,-0.19143183402758734
1.2756966531930722,1.1783219005942778,4,285,-0.09737475259879447
1.2379753896934576,1.1577844796691357,4,286,-0.08019091002432188
1.309379403827048,1.0729499547920425,4,287,-0.23642944903500562
1.2648443275815213,1.0655148013947782,4,288,-0.19932952618674316
1.2689628570831541,1.0554250383689223,4,289,-0.21353781871423183
1.391432027683929,1.137083956299458,4,290,-0.254348071384471
1.3491032984956233,1.1486731801073538,4,291,-0.20043011838826952
1.3051408828958053,1.0978899546069159,4,292,-0.20725092828888947
1.2462703538019082,1.057464195076558,4,293,-0.18880615872535023
1.2679275830349739,1.1154788132075035,4,294,-0.15244876982747035
1.2471749628246502,1.0577414135334249,4,295,-0.18943354929122536
1.2914083826941942,1.136399960373351,4,296,-0.15500842232084322
1.251386020225308,1.1670221809238595,4,297,-0.08436383930144853
1.3401973627275996,1.1248867459985323,4,298,-0.21531061672906726
1.2263036930825395,1.1265759776505277,4,299,-0.09972771543201175
1.2392536282175444,1.1304103502310152,4,300,-0.10884327798652915
1.276649531700985,1.1748221850595897,4,301,-0.10182734664139526
1.2621400818568629,1.1881873412684112,4,302,-0.0739527405884517
1.3968716262910998,1.133276290796869,4,303,-0.26359533549423086
1.1975004726860217,1.1585093887306919,4,304,-0.0389910839553298
1.2928072679522367,1.092537499245145,4,305,-0.20026976870709157
1.2209140908914353,1.0935893232835299,4,306,-0.12732476760790545
1.3539742846570237,1.112940117932578,4,307,-0.24103416672444578
1.3301051759039302,1.1605818444558098,4,308,-0.16952333144812037
1.1813461905237097,1.1252571462556888,4,309,-0.05608904426802086
1.302045499894009,1.1240041120815172,4,310,-0.1780413878124918
1.2583750031575478,1.1245926541552846,4,311,-0.13378234900226316
1.203255794451061,1.1789404165364963,4,312,-0.024315377914564618
1.2207049401888552,1.102768519654614,4,313,-0.11793642053424125
1.2337421650344038,1.1582683649245884,4,314,-0.07547380010981541
1.2422375513596133,1.1555518121376385,4,315,-0.08668573922197487
1.3305475341152366,1.1046304636353017,4,316,-0.22591707047993492
1.220314992047943,1.05098628987443,4,317,-0.16932870217351303
1.2258666169048358,1.090459715243007,4,318,-0.13540690166182867
1.243472215803525,1.0514989305191451,4,319,-0.19197328528437985
1.2706214426178581,1.1166583631400229,4,320,-0.15396307947783527
1.2491547410862422,1.1364095391033167,4,321,-0.11274520198292559
1.3407098562921984,1.111706521877324,4,322,-0.2290033344148743
1.3898080908219566,1.2235133902377895,4,323,-0.16629470058416707
1.2846993334687975,1.1672695693042556,4,324,-0.11742976416454187
1.3070649300876012,1.0284864293835665,4,325,-0.27857850070403467
1.2300611705436595,1.2723837403197946,4,326,0.04232256977613513
1.34212133112903,1.2186625776218363,4,327,-0.12345875350719382
1.1933875296474443,1.1030256475329947,4,328,-0.09036188211444962
1.2906305839790537,1.1756146478715175,4,329,-0.11501593610753624
1.263444278906047,1.1468718589143503,4,330,-0.11657241999169665
1.2800243371918876,1.1250610758716124,4,331,-0.15496326132027516
1.2846697953339126,1.1219010587337208,4,332,-0.16276873660019175
1.2763134501883833,1.071086159383848,4,333,-0.20522729080453517
1.2863910997521886,1.1942498421518848,4,334,-0.09214125760030378
1.2753847921453607,1.1026905882186537,4,335,-0.17269420392670698
1.2582559921239422,1.1768593212791787,4,336,-0.08139667084476354
1.3198976921380758,1.1091469012530628,4,337,-0.21075079088501303
1.3342717817609158,1.1399291379378795,4,338,-0.19434264382303623
1.2719536293688904,1.1148929344095522,4,339,-0.15706069495933828
1.3306161400380312,1.1202020447205896,4,340,-0.2104140953174416
1.1961919467387758,1.092043881785432,4,341,-0.10414806495334372
1.2524180547793131,1.1420697558503297,4,342,-0.11034829892898346
1.2697871439717558,1.1006786981839312,4,343,-0.1691084457878247
1.2635603337712906,1.1683890496685398,4,344,-0.09517128410275077
1.2368760835388177,1.132361739750963,4,345,-0.10451434378785462
1.253846661467565,1.168912589446617,4,346,-0.08493407202094794
1.2277671855300087,1.1724646829081675,4,347,-0.05530250262184122
1.281215119023896,1.1149145757363312,4,348,-0.16630054328756483
1.2504861902995854,1.096719246929763,4,349,-0.15376694336982233
1.2469713072771411,1.131097372283555,4,350,-0.11587393499358623
1.2742757154772335,1.064666281313736,4,351,-0.20960943416349753
1.2783463516544382,1.1245788792583447,4,352,-0.15376747239609356
1.245757262352447,1.151360039191565,4,353,-0.09439722316088206
1.265181215323171,1.1658594183996986,4,354,-0.09932179692347232
1.270717305928999,1.1711642224955667,4,355,-0.09955308343343217
1.2577248783791033,1.1701952305394145,4,356,-0.08752964783968875
1.2585594205121318,1.1374506735771088,4,357,-0.12110874693502294
1.2580972698246624,1.1430435607019107,4,358,-0.1150537091227517
1.3072896209454268,1.0929975694414942,4,359,-0.2142920515039326
1.2597849577100555,1.1300779747196958,4,360,-0.12970698299035965
1.1736294380134773,1.1027201916757152,4,361,-0.07090924633776208
1.2463645340503775,1.1331173759345703,4,362,-0.11324715811580721
1.2194371253710796,1.1278181405931709,4,363,-0.09161898477790875
1.2592195128200403,1.0992344947958688,4,364,-0.15998501802417153
1.2431823247374807,1.108334127987482,4,365,-0.1348481967499986
1.2813352707212853,1.1673724899007363,4,366,-0.113962780820549
1.2058804212211824,1.1747931841311277,4,367,-0.031087237090054787
1.2571868380572062,1.1062734393642581,4,368,-0.15091339869294806
1.2750118946272517,1.1952974136259582,4,369,-0.07971448100129352
1.177471845731256,1.04588996371777,4,370,-0.13158188201348597
1.2540903719530354,1.1042777746814045,4,371,-0.14981259727163088
1.2645258339174148,1.0943245996236581,4,372,-0.17020123429375666
1.2740676371549968,1.1622536565282915,4,373,-0.11181398062670533
1.1776524143393017,1.1785505678811208,4,374,0.0008981535418191022
1.2672578521977673,1.0140851233802464,4,375,-0.25317272881752095
1.3225055319432657,1.1350096506000222,4,376,-0.18749588134324346
1.2537048893658782,1.2028477360404042,4,377,-0.050857153325474025
1.244448571168992,1.0676906010558156,4,378,-0.1767579701131765
1.2250427960029604,1.0999874714258495,4,379,-0.12505532457711088
1.196229957313803,1.239811263978837,4,380,0.0435813066650339
1.2614838406050672,1.2305693910898146,4,381,-0.030914449515252684
1.2222782963876009,1.093387280690244,4,382,-0.12889101569735684
1.3167168138799452,1.1532803418117517,4,383,-0.16343647206819356
1.243206233030814,1.2368396681097038,4,384,-0.006366564921110207
1.3631188819926012,1.052496420440424,4,385,-0.3106224615521773
1.2545257754511652,1.0752733033300919,4,386,-0.17925247212107331
1.2780564345886258,1.1191971552730982,4,387,-0.15885927931552768
1.3231072699368112,1.1086566091351102,4,388,-0.21445066080170094
1.333620156674027,1.1393274549688237,4,389,-0.19429270170520319
1.2119230386282078,1.1153225831366194,4,390,-0.09660045549158847
1.2769858992624608,1.056085005617205,4,391,-0.22090089364525567
1.2195265755243294,1.0477376306924744,4,392,-0.17178894483185503
1.223965438621055,1.0937934199845059,4,393,-0.13017201863654915
1.2122691120371947,1.0920204923353234,4,394,-0.12024861970187128
1.1628061889862136,1.0735221474407106,4,395,-0.08928404154550296
1.2685394034102169,1.0846286649561356,4,396,-0.18391073845408124
1.2261361792324337,1.0984704612416023,4,397,-0.12766571799083137
1.1980220893010334,1.1697137650977645,4,398,-0.028308324203268898
1.2272578848337257,1.0863392409204835,4,399,-0.14091864391324216
1.226465425731405,1.0605918250851691,4,400,-0.1658736006462358
1.3040995964820659,1.1313385542028007,4,401,-0.17276104227926514
1.19052378873922,1.1184238189271374,4,402,-0.07209996981208255
1.2727361501863144,1.2028858142844792,4,403,-0.0698503359018352
1.2782322112279878,1.0642227384275347,4,404,-0.21400947280045313
1.2792037296261571,1.2242439268222833,4,405,-0.0549598028038738
1.3048062565439835,1.1806319975476929,4,406,-0.12417425899629064
1.3033472696486816,1.1418024798409454,4,407,-0.16154478980773623
1.3417010803650924,1.0324536942906095,4,408,-0.3092473860744829
1.2245020005306153,1.1407941955904697,4,409,-0.08370780494014562
1.2539172106590724,1.2017876617458303,4,410,-0.05212954891324206
1.277243002535934,1.0595500953765902,4,411,-0.21769290715934386
1.2360492210465384,1.1182926185861668,4,412,-0.11775660246037156
1.268193997316281,1.13800198303636,4,413,-0.1301920142799211
1.2158802637773778,1.1147902407032673,4,414,-0.10109002307411052
1.26167610336882,1.070059496742576,4,415,-0.1916166066262439
1.2241843286652927,1.1907971495545278,4,416,-0.03338717911076494
1.2787157861202105,1.07184773503016,4,417,-0.20686805109005046
1.2263838484568232,1.228916684263361,4,418,0.0025328358065377365
1.2137994763762237,1.062817567934723,4,419,-0.15098190844150072
1.2151709943331865,1.1145381884532937,4,420,-0.10063280587989287
1.1650378632063978,1.1070279243612857,4,421,-0.058009938845112075
1.258137556774398,1.137562517248135,4,422,-0.12057503952626303
1.2163617017654726,1.0881713830606308,4,423,-0.12819031870484188
1.2085688439923419,1.1067567856169067,4,424,-0.10181205837543517
1.2359865933365706,1.1785310615191589,4,425,-0.0574555318174117
1.2428709528065531,1.1401608104003897,4,426,-0.10271014240616338
1.2701801229485192,1.127814580707319,4,427,-0.14236554224120024
1.2264323633438337,1.19766863332388,4,428,-0.028763730019953693
1.2964544847316877,1.114680188311935,4,429,-0.18177429641975262
1.1951706922979943,1.0730207862098564,4,430,-0.12214990608813792
1.2399140455135547,1.2013914320753587,4,431,-0.03852261343819596
1.1677639562385946,1.234218765918377,4,432,0.06645480967978235
1.341091706946581,1.2150541822933054,4,433,-0.12603752465327567
1.2394329945814044,1.089085157579026,4,434,-0.15034783700237853
1.2357074728475146,1.1394458386207131,4,435,-0.09626163422680145
1.2796596126315536,1.1371060815271767,4,436,-0.14255353110437685
1.2928299827336163,1.089933795633353,4,437,-0.20289618710026325
1.2774129058585348,1.0621814526299629,4,438,-0.21523145322857196
1.2812183398668933,1.1713242141750193,4,439,-0.10989412569187396
1.3035444956695146,1.122028685914079,4,440,-0.1815158097554357
1.3023493670288562,1.031311156232531,4,441,-0.2710382107963252
1.1929840342191826,1.028384884812237,4,442,-0.16459914940694564
1.2865048692468846,1.1325819730771323,4,443,-0.1539228961697523
1.2286256406194096,1.1244099614205956,4,444,-0.10421567919881403
1.2007059981848394,1.174606074104602,4,445,-0.026099924080237313
1.2887333061230095,1.1274395434788056,4,446,-0.16129376264420392
1.1906606546769172,1.0767461920088972,4,447,-0.11391446266801997
1.198323331812877,1.057567019845456,4,448,-0.1407563119674209
1.268508393359742,1.0797502403999417,4,449,-0.18875815295980036
1.326060310483421,1.1014441077681945,4,450,-0.22461620271522653
1.2725093917819532,1.066230009525782,4,451,-0.20627938225617126
1.3073778231456912,1.1825401126879242,4,452,-0.12483771045776693
1.2556119267610886,1.0797749936039482,4,453,-0.17583693315714033
1.2857752374748208,1.2411499635160992,4,454,-0.04462527395872162
1.2452465919750162,1.1865540067718452,4,455,-0.058692585203171
1.2745341388716112,1.071150102572716,4,456,-0.20338403629889523
1.2323999660045986,1.101401536966858,4,457,-0.13099842903774062
1.2253384372783913,1.0782539130654365,4,458,-0.14708452421295481
1.2322435785405284,1.1332290501770308,4,459,-0.09901452836349756
1.2519724776958414,1.0143953558911039,4,460,-0.23757712180473756
1.337096234772864,1.0547583039732462,4,461,-0.2823379307996179
1.281393338868467,1.1615370184800897,4,462,-0.11985632038837735
1.2343727860261693,1.0827040503297087,4,463,-0.15166873569646055
1.2186370674529112,1.113159780425282,4,464,-0.10547728702762926
1.2638868140375459,1.13631778317177,4,465,-0.12756903086577598
1.3088135207823004,1.0529554309228024,4,466,-0.255858089859498
1.2458856157572407,1.1343076593363035,4,467,-0.11157795642093715
1.1895233385039847,1.1736825539985491,4,468,-0.01584078450543558
1.2464790582179957,1.0493625333463983,4,469,-0.19711652487159737
1.3097613993077604,1.1761956325505876,4,470,-0.1335657667571728
1.2517415759628083,1.100761499068508,4,471,-0.15098007689430037
1.2348577743394076,1.1136382170226917,4,472,-0.12121955731671585
1.30993261287284,1.1372239246045266,4,473,-0.17270868826831332
1.3455670900125347,1.0674512073751972,4,474,-0.27811588263733755
1.2852159777061944,1.1618418556706018,4,475,-0.12337412203559261
1.284370274452936,1.1891733984532133,4,476,-0.0951968759997226
1.2232222466386713,1.110206997737289,4,477,-0.11301524890138226
1.3917779687891523,1.0711399568117712,4,478,-0.32063801197738107
1.254878802234797,1.071912438397785,4,479,-0.18296636383701204
1.301062000341072,1.104941094842061,4,480,-0.19612090549901096
1.2337123950446696,1.1679713259398405,4,481,-0.06574106910482902
1.2471920308665594,1.0987667750167889,4,482,-0.1484252558497705
1.3444120558347363,1.1142101417265797,4,483,-0.2302019141081566
1.3331084003481637,1.2095706397919281,4,484,-0.12353776055623555
1.231152538582432,1.1579647349540845,4,485,-0.07318780362834754
1.2968988738343257,1.1290753016165536,4,486,-0.1678235722177721
1.2417515397705512,1.1862734740004133,4,487,-0.05547806577013792
1.2554945778992015,1.1386428802456376,4,488,-0.11685169765356385
1.2891279259177375,1.1553423712950264,4,489,-0.13378555462271113
1.2417513292640265,1.1308696712869117,4,490,-0.1108816579771148
1.178848433472463,1.1633260110246542,4,491,-0.01552242244780877
1.3177855072588298,1.1116990582733317,4,492,-0.2060864489854981
1.3022781091105005,1.2093770859739597,4,493,-0.0929010231365408
1.3788069594697205,1.0161697822838887,4,494,-0.3626371771858319
1.2226477826873086,1.1023578838873624,4,495,-0.12028989879994612
1.2171943297526442,1.223387395921926,4,496,0.006193066169281725
1.2889418266757202,1.0994101828926248,4,497,-0.1895316437830954
1.3013118268601382,1.165929385205564,4,498,-0.13538244165457414
1.3213817645399053,1.2490757136979942,4,499,-0.07230605084191111
1.2350347244926219,1.2099137395027788,4,500,-0.025120984989843054
1.2262577491873006,1.068680607274683,4,501,-0.1575771419126175
1.212009114073855,1.1011502232411927,4,502,-0.1108588908326622
1.27523779434813,1.1267138825392637,4,503,-0.14852391180886615
1.3071564457112415,1.151577921185626,4,504,-0.15557852452561538
1.2292212989449967,1.1912902385227666,4,505,-0.037931060422230045
1.3152124056469556,1.213098338540855,4,506,-0.10211406710610071
1.207954801459388,1.196517064394034,4,507,-0.011437737065354003
1.3182816751515283,1.2154752089845429,4,508,-0.10280646616698541
1.2414770092629133,1.1218165449584023,4,509,-0.11966046430451094
1.2591280855515938,1.1239126148731313,4,510,-0.1352154706784625
1.2166755061199028,1.109885102551093,4,511,-0.10679040356880987
1.2569464091737195,1.0453502513888584,4,512,-0.21159615778486107
1.2560715746422562,1.237240119912899,4,513,-0.0188314547293571
1.325884896464883,1.1693791321278737,4,514,-0.15650576433700936
1.24949352169399,1.2515490277970853,4,515,0.0020555061030953503
1.2821407138731618,1.2737622071509789,4,516,-0.008378506722182877
1.2301537835635332,1.1695426029478844,4,517,-0.06061118061564885
1.2850251586014518,1.1757679921946158,4,518,-0.10925716640683603
1.3558352373460436,1.0877497627381791,4,519,-0.26808547460786447
1.237240648757913,1.15500918833258,4,520,-0.08223146042533314
1.2127074287344946,1.0852035895107088,4,521,-0.12750383922378572
1.278107196173445,1.120351561652406,4,522,-0.1577556345210389
1.3539228758971995,1.2526378844339168,4,523,-0.10128499146328274
1.357617434863371,1.1295077744603816,4,524,-0.2281096604029893
1.2594079235895232,1.156221896831077,4,525,-0.10318602675844635
1.2126529391050127,1.1152402786786433,4,526,-0.09741266042636942
1.3662273118178958,1.0923215295077737,4,527,-0.2739057823101221
1.1916088904408544,1.1091575276701788,4,528,-0.08245136277067555
1.308161911498501,1.081175108859441,4,529,-0.22698680263906001
1.2616697677340936,1.0742640262632124,4,530,-0.18740574147088118
1.2439656607479725,1.1535786612315024,4,531,-0.09038699951647011
1.2653699275771826,1.1134376032056141,4,532,-0.15193232437156845
1.27103916056506,1.2114254864277423,4,533,-0.05961367413731766
1.3305087842143704,1.1929981165276362,4,534,-0.13751066768673414
1.3043635719914062,1.161036113110376,4,535,-0.14332745888103027
1.2748726954873628,1.2508432441541366,4,536,-0.024029451333226204
1.2020547104040753,1.1716917288650195,4,537,-0.03036298153905581
1.232231665098707,1.1571998308752771,4,538,-0.07503183422342996
1.2510188651368472,1.1441029479218667,4,539,-0.1069159172149805
1.3552283781459435,1.044402690886958,4,540,-0.31082568725898563
1.2768471116712927,1.1323685109487087,4,541,-0.144478600722584
1.1967423484301096,1.1833353923628227,4,542,-0.013406956067286924
1.2335777516141573,1.020049732108287,4,543,-0.2135280195058702
1.160311704173834,1.1176187066483596,4,544,-0.042692997525474397
1.2951204585139464,1.0996440993935788,4,545,-0.19547635912036765
1.315122691493034,1.0504745122646242,4,546,-0.2646481792284099
1.2789189502210805,1.0959851511138878,4,547,-0.18293379910719265
1.2858282642207755,1.1196412757642342,4,548,-0.16618698845654123
1.2375517953486672,1.1251433367122092,4,549,-0.11240845863645799
1.247030913757755,1.1760734747763428,4,550,-0.07095743898141227
1.2581552566664933,1.1247858973758913,4,551,-0.133369359290602
1.3071704016767547,1.158818049394054,4,552,-0.1483523522827006
1.2515778172286858,1.1482236174131395,4,553,-0.10335419981554628
1.380415949506571,1.1033459914627126,4,554,-0.2770699580438585
1.2864984727644324,1.09792566253593,4,555,-0.18857281022850247
1.2512012307247449,1.0950631900852852,4,556,-0.15613804063945969
1.3499440243190635,1.160580930501449,4,557,-0.18936309381761451
1.2694059790724512,1.143121390343473,4,558,-0.1262845887289783
1.227594509071397,1.2002833208864663,4,559,-0.027311188184930835
1.29708685258015,1.1053713524505997,4,560,-0.1917155001295503
1.2127090761082058,1.1411036664975203,4,561,-0.07160540961068551
1.2802653631954792,1.058719642367387,4,562,-0.2215457208280922
1.244344177520037,1.135844029286157,4,563,-0.1085001482338801
1.2450992147931026,1.0790409055100172,4,564,-0.1660583092830854
1.256297634493205,1.0840013956249694,4,565,-0.17229623886823564
1.3154978056323017,1.0808084706218768,4,566,-0.23468933501042488
1.3109824776710552,1.1103616527844737,4,567,-0.2006208248865815
1.2755461955016152,1.2104748101226008,4,568,-0.06507138537901436
1.3325257018845371,1.1569709282952183,4,569,-0.1755547735893188
1.2849816945247943,1.1443410539765604,4,570,-0.1406406405482339
1.2669015391197975,1.1512965499333256,4,571,-0.11560498918647188
1.3253638519908764,1.0940165121687166,4,572,-0.23134733982215971
1.2066068106269539,1.105545998195721,4,573,-0.10106081243123288
1.2245764709227518,1.0705406273965383,4,574,-0.15403584352621347
1.2941552015750393,1.1624789018684754,4,575,-0.13167629970656392
1.2333694502308588,1.0919894048833725,4,576,-0.14138004534748627
1.232819709666675,1.0590215978004842,4,577,-0.17379811186619087
1.265360678469863,1.1201905437918676,4,578,-0.14517013467799544
1.3715684238452994,1.1278767300924548,4,579,-0.2436916937528446
1.2602138553129698,1.1594470842804752,4,580,-0.10076677103249465
1.336803966667541,1.070296926891022,4,581,-0.266507039776519
1.2435565247576892,1.1712462275681061,4,582,-0.07231029718958304
1.1986452366303562,1.1525139991468278,4,583,-0.04613123748352832
1.2386815418655663,1.1303369244092476,4,584,-0.10834461745631874
1.2648251494446312,1.0673339894126148,4,585,-0.1974911600320164
1.255797951482542,1.1139830493708338,4,586,-0.1418149021117081
1.2141775575449698,1.06543004442221,4,587,-0.1487475131227598
1.1807251380851165,1.1580300965167423,4,588,-0.022695041568374208
1.2579735366204632,1.105377585840683,4,589,-0.15259595077978028
1.2729474584782856,1.1452529570144119,4,590,-0.12769450146387373
1.289525686141749,1.1336402878333387,4,591,-0.1558853983084103
1.1785493876608828,1.0909549817020556,4,592,-0.08759440595882717
1.1600690490923191,1.0916852806637707,4,593,-0.06838376842854843
1.169351562437853,1.1693429578527605,4,594,-8.604585092442107e-06
1.293362362717146,1.0236898229456952,4,595,-0.2696725397714508
1.2641246050823913,1.1414526770538151,4,596,-0.12267192802857618
1.2846119440335568,1.1175094253796967,4,597,-0.16710251865386017
1.2289391743041727,1.1189882326632548,4,598,-0.1099509416409179
1.1862692568784416,1.1847904133885692,4,599,-0.0014788434898724834
1.2630477053190095,1.1386329722576072,4,600,-0.12441473306140227
1.2521747883478,1.0867735957227236,4,601,-0.16540119262507647
1.2273868216081887,1.223537195648615,4,602,-0.0038496259595737214
1.2163283548719184,1.035433884655736,4,603,-0.18089447021618232
1.241201586644505,1.166909947469182,4,604,-0.074291639175323
1.2875395851944074,1.095091193344838,4,605,-0.1924483918495694
1.2683276053635204,1.1546066055471473,4,606,-0.11372099981637307
1.2477996335459638,1.1729774078874085,4,607,-0.07482222565855534
1.177633133054339,1.1593877575964082,4,608,-0.018245375457930813
1.2586285792963325,1.124763669099343,4,609,-0.13386491019698954
1.2792936885352575,1.1439848672891462,4,610,-0.13530882124611132
1.1545235319262415,1.188120371873212,4,611,0.0335968399469706
1.2838608233163442,1.1402577606709225,4,612,-0.14360306264542166
1.1737803851602946,1.1372844023356288,4,613,-0.03649598282466582
1.285089137200226,1.0882580682648095,4,614,-0.19683106893541646
1.330552747519035,1.1518511889919578,4,615,-0.17870155852707725
1.3020092358157327,1.1207179592633127,4,616,-0.18129127655241994
1.2926542366248295,1.1255981004807472,4,617,-0.16705613614408232
1.2355613556974487,1.1531398833174107,4,618,-0.08242147238003805
1.2247631771129577,1.1593086519612181,4,619,-0.06545452515173955
1.2834011025728618,1.1453116908649503,4,620,-0.13808941170791145
1.2592278590389396,1.0752117680768756,4,621,-0.18401609096206406
1.2928863890598543,1.165964861075023,4,622,-0.12692152798483125
1.2991266175774616,1.1346975882038408,4,623,-0.1644290293736208
1.2474307362103463,1.1229305752879422,4,624,-0.12450016092240412
1.2295862739960075,1.0822672681477972,4,625,-0.14731900584821034
1.2418200288874595,1.1850790350922435,4,626,-0.05674099379521591
1.242469796431107,1.122229541935543,4,627,-0.12024025449556408
1.2320758808673264,1.1234075374962913,4,628,-0.10866834337103515
1.1839374675780567,1.2198286691035947,4,629,0.03589120152553793
1.159625165207037,1.1112707501849308,4,630,-0.048354415022106245
1.1540290266947615,1.0415189448232018,4,631,-0.11251008187155964
1.4047242040463552,1.1391715322912102,4,632,-0.2655526717551451
1.2737694502023236,1.1339525559843044,4,633,-0.13981689421801913
1.2668740724345402,1.1003431481020058,4,634,-0.16653092433253436
1.1938070200247866,1.032592613563169,4,635,-0.16121440646161767
1.2770315350332138,1.105882940274299,4,636,-0.17114859475891486
1.2346244954328351,1.048672799803632,4,637,-0.1859516956292031
1.2418241287976648,1.1195301830961717,4,638,-0.1222939457014931
1.2297618460123738,1.0364384841324639,4,639,-0.19332336187990995
1.2986636721401126,1.0318471682456853,4,640,-0.26681650389442724
1.239079238311369,1.0990602226605197,4,641,-0.14001901565084918
1.2733267534545911,1.1390952987170389,4,642,-0.13423145473755227
1.2827677340398496,1.149800703122427,4,643,-0.13296703091742246
1.2813296015893458,1.1087521735760073,4,644,-0.17257742801333853
1.2295546822819552,1.0790594869520764,4,645,-0.15049519532987876
1.2439218498901634,1.0979305595437712,4,646,-0.14599129034639224
1.2563892024844072,1.1252350866813032,4,647,-0.131154115803104
1.3136958686533844,1.1533546983940626,4,648,-0.16034117025932182
1.2913570678150137,1.1047652194351298,4,649,-0.18659184837988385
1.2056347810074501,1.2086604507102972,4,650,0.0030256697028470114
1.3041449447353495,1.0671331198958482,4,651,-0.23701182483950123
1.2540989380732563,1.1933212621815157,4,652,-0.06077767589174066
1.2778568367491094,1.1655218001413417,4,653,-0.11233503660776778
1.2297551565039004,1.1467875802029632,4,654,-0.0829675763009372
1.2269409161742724,1.1669764688329884,4,655,-0.05996444734128392
1.3174875045876024,1.113091137886688,4,656,-0.20439636670091454
1.2310059534796942,1.1334388902334043,4,657,-0.09756706324628994
1.1687775984674817,1.121254487392675,4,658,-0.04752311107480667
1.2614232407540273,1.1299142697663618,4,659,-0.13150897098766556
1.3382007188482847,1.1345883182572443,4,660,-0.20361240059104047
1.209832557622727,1.1891765574387543,4,661,-0.020656000183972623
1.2053152200676052,1.1411531032029574,4,662,-0.06416211686464779
1.2411708911414658,1.1526917511165968,4,663,-0.08847914002486901
1.1662759776803375,1.111651739900978,4,664,-0.05462423777935954
1.249821517554146,1.1591050848444546,4,665,-0.09071643270969143
1.203785427683422,1.084237686377771,4,666,-0.11954774130565093
1.2517079178177022,1.1502713346592248,4,667,-0.10143658315847737
1.1564582815643731,1.1017839522246726,4,668,-0.05467432933970051
1.1978794204448222,1.1047306242181971,4,669,-0.09314879622662509
1.251403264220665,1.1278789660702535,4,670,-0.12352429815041144
1.2156900186210315,1.1474634120559795,4,671,-0.06822660656505208
1.219561874767113,1.1236168982132195,4,672,-0.09594497655389356
1.223434794382577,1.0107042407596243,4,673,-0.21273055362295268
1.2543239339774173,1.037497238559795,4,674,-0.21682669541762234
1.2260268511516161,1.0889606158784815,4,675,-0.13706623527313466
1.2318082110835331,1.1812242358515677,4,676,-0.05058397523196545
1.1584812859777203,1.1403460753228685,4,677,-0.018135210654851797
1.2128221770952992,1.0844581257075392,4,678,-0.12836405138775997
1.1805442856242538,1.055655782121086,4,679,-0.12488850350316794
1.2580746610483549,1.0950231498115377,4,680,-0.16305151123681716
1.2573842997883429,1.1278684824583007,4,681,-0.12951581733004214
1.240782419344284,1.1429251371696894,4,682,-0.09785728217459466
1.3013559718274625,1.1067072601206185,4,683,-0.19464871170684406
1.283624157546347,1.1529192865286753,4,684,-0.1307048710176717
1.2477167582304394,1.1355929644773883,4,685,-0.11212379375305104
1.250913216873485,1.1224418556400728,4,686,-0.12847136123341207
1.3472198151581511,1.118240284119794,4,687,-0.2289795310383571
1.2510826470163552,1.1909888781999258,4,688,-0.06009376881642936
1.2989862532427208,1.1919035393025847,4,689,-0.10708271394013602
1.23435205074444,1.1788488258402388,4,690,-0.05550322490420134
1.2779290432814645,1.1414099771477824,4,691,-0.13651906613368214
1.2995097356091996,1.1032349699104456,4,692,-0.19627476569875402
1.335008636076072,1.1853640815989177,4,693,-0.1496445544771543
1.2897894492034405,1.1071512469565084,4,694,-0.18263820224693217
1.2805623575267773,1.2009370176031955,4,695,-0.07962533992358178
1.2777298884839725,1.0996750916914966,4,696,-0.17805479679247593
1.2985820999681814,1.0335815146738896,4,697,-0.2650005852942918
1.3404100769272835,1.0450061396812385,4,698,-0.2954039372460451
1.2943155483615232,1.2122581667937316,4,699,-0.08205738156779163
1.220302738386637,1.1491570652913659,4,700,-0.07114567309527109
1.2794990285029464,1.1191047116442119,4,701,-0.1603943168587345
1.2767087335681817,1.137348155928794,4,702,-0.1393605776393878
1.3323345186161002,1.128666201252057,4,703,-0.20366831736404323
1.236856459404371,1.0815517563456603,4,704,-0.1553047030587107
1.2501140622171836,1.135227185225512,4,705,-0.11488687699167155
1.2220546304728495,1.146784583168938,4,706,-0.0752700473039114
1.165829774787954,1.1473672913685817,4,707,-0.01846248341937229
1.296031599610399,1.1776948352428607,4,708,-0.11833676436753837
1.2303229061741463,1.1745034179386995,4,709,-0.0558194882354468
1.236845717864509,1.081867173093535,4,710,-0.15497854477097395
1.2116913415358586,1.1101744865575343,4,711,-0.1015168549783243
1.3721054134973194,1.1725793200030954,4,712,-0.199526093494224
1.2827269143126996,1.1086294842152618,4,713,-0.17409743009743783
1.187208303762754,1.132919822261763,4,714,-0.05428848150099119
1.281189595158317,1.1284687866988607,4,715,-0.15272080845945624
1.2784910259603113,1.2087431739724546,4,716,-0.06974785198785671
1.2679073980025701,1.0907197654429892,4,717,-0.17718763255958092
1.2344616217662645,1.0688787432263007,4,718,-0.16558287853996378
1.1975233898035658,1.1610066406227135,4,719,-0.03651674918085224
1.2276260945881554,1.1476027639729112,4,720,-0.08002333061524425
1.3302711278462696,1.1325935161191256,4,721,-0.19767761172714393
1.2806173662871652,1.1464302970324207,4,722,-0.13418706925474444
1.244538046331203,1.1330422729302576,4,723,-0.11149577340094541
1.218567412282873,1.1052786546354134,4,724,-0.11328875764745949
1.248782658239719,1.134899727199444,4,725,-0.11388293104027492
1.1946907646195046,1.1712374061290811,4,726,-0.023453358490423515
1.3814249433974386,1.1563863966105958,4,727,-0.22503854678684276
1.362149559409675,1.1158874468118702,4,728,-0.24626211259780484
1.2091593480403304,1.1539804971276726,4,729,-0.05517885091265784
1.2265010160498253,1.1193063671071142,4,730,-0.10719464894271113
1.279235276343998,1.1493416729115884,4,731,-0.12989360343240963
1.307787102583152,1.2204963312522747,4,732,-0.08729077133087726
1.2749155274279227,1.1310921319533491,4,733,-0.14382339547457357
1.355543510615452,1.1197351490127114,4,734,-0.23580836160274066
1.2475546271438742,1.077066325904724,4,735,-0.17048830123915026
1.2593228553789526,1.1679324275907583,4,736,-0.09139042778819428
1.2036810300557985,1.0707231498210787,4,737,-0.13295788023471977
1.2755004301419606,1.1243630399611582,4,738,-0.1511373901808024
1.2949170002667147,1.126561612367761,4,739,-0.16835538789895366
1.2988818487043061,1.1690784520496698,4,740,-0.12980339665463636
1.2206929508965698,1.0798123095654415,4,741,-0.14088064133112832
1.1832253926256002,1.1178654674021145,4,742,-0.06535992522348577
1.1629886329895676,1.13939948783653,4,743,-0.02358914515303767
1.2628236070139047,1.1282848381822839,4,744,-0.13453876883162086
1.231957050747364,1.1227136121617156,4,745,-0.10924343858564844
1.2687889242642627,1.1625245256206658,4,746,-0.10626439864359694
1.1644843376261633,1.0513812381976009,4,747,-0.11310309942856245
1.2547370777116535,1.0311032144605745,4,748,-0.22363386325107903
1.3008427265194344,1.2210630592917844,4,749,-0.07977966722765006
1.2684691422898455,1.1591086330203706,4,750,-0.10936050926947494
1.406278566237711,1.124764296611273,4,751,-0.2815142696264381
1.2778089109490338,1.1514676411964104,4,752,-0.1263412697526234
1.323131970659182,1.2329709795724053,4,753,-0.09016099108677667
1.2768025998536117,1.1438976649688612,4,754,-0.13290493488475041
1.3490725652709883,1.0720605722559609,4,755,-0.27701199301502744
1.2810568007814194,1.2001476504056403,4,756,-0.08090915037577906
1.2368823197634176,1.2544383196569546,4,757,0.017555999893537066
1.2859027567719323,1.2262996338675696,4,758,-0.05960312290436276
1.292590230033297,1.1857145236979698,4,759,-0.10687570633532717
1.263399028811866,1.190298243192259,4,760,-0.07310078561960687
1.2600806633150081,1.138648457238719,4,761,-0.12143220607628913
1.2648647474786447,1.1119024771047719,4,762,-0.1529622703738729
1.3339422148269862,1.1320775242733638,4,763,-0.20186469055362233
1.2259185769600471,1.1589214805741508,4,764,-0.06699709638589635
1.241927449834499,1.0730945914749745,4,765,-0.16883285835952444
1.249912456955269,1.2052866225765475,4,766,-0.044625834378721585
1.2081715110964544,1.1960801913754315,4,767,-0.012091319721022842
1.1991098857272253,1.1637153790749344,4,768,-0.035394506652290936
1.2487726220839213,1.2735744684942354,4,769,0.024801846410314132
1.2966710753687523,1.1774204435143052,4,770,-0.11925063185444706
1.2590770091400199,1.1138862901680362,4,771,-0.14519071897198366
1.2000453267272133,1.200944031314744,4,772,0.0008987045875306077
1.2611281784777808,1.0531932051441677,4,773,-0.2079349733336131
1.2740008438581159,1.2155831479774533,4,774,-0.05841769588066259
1.2795319461229182,1.095459687620822,4,775,-0.1840722585020962
1.372963651304345,1.1898133258531047,4,776,-0.18315032545124033
1.061433421400792,1.1600663999795273,4,777,0.09863297857873521
1.3040938472971446,1.142829191559266,4,778,-0.16126465573787852
1.189856337768916,1.1586722461146906,4,779,-0.03118409165422542
1.3118856715258311,1.0976244020574901,4,780,-0.214261269468341
1.32312722538405,1.1485673348880854,4,781,-0.17455989049596465
1.2738559854672444,1.1297360835518158,4,782,-0.14411990191542867
1.2531947659495755,1.0806773009960597,4,783,-0.17251746495351572
1.2494041002979668,1.181000808100834,4,784,-0.0684032921971327
1.2381253609338818,1.1527792095498024,4,785,-0.08534615138407942
1.2236452697515676,1.1676797958781562,4,786,-0.05596547387341144
1.344416654255247,1.1237080294550008,4,787,-0.2207086248002461
1.2019072187666977,1.2271777241661108,4,788,0.025270505399413112
1.3709946504827268,1.2157832775384028,4,789,-0.15521137294432408
1.267258390932747,1.1063367637043824,4,790,-0.16092162722836467
1.2366556882529354,1.1737598527833197,4,791,-0.06289583546961564
1.237389421192653,1.1124746754711452,4,792,-0.12491474572150785
1.2598685661802946,1.044304721461906,4,793,-0.21556384471838874
1.2430258629924507,1.1876008914469605,4,794,-0.0554249715454902
1.2387921002661977,1.0078363253390512,4,795,-0.23095577492714647
1.1672461993086236,1.0130985774958154,4,796,-0.15414762181280817
1.2297607409056983,1.1457535958790963,4,797,-0.084007145026602
1.224371488808228,1.1338136375702499,4,798,-0.0905578512379781
1.2372630412712036,1.161267825973826,4,799,-0.07599521529737752
1.2546719996840319,1.0841694618064832,4,800,-0.17050253787754865
1.2638175202449748,1.2130933238795825,4,801,-0.05072419636539238
1.2688644566545058,1.1151121850420103,4,802,-0.1537522716124955
1.3159064920673234,1.178725565626669,4,803,-0.13718092644065427
1.249308497131325,1.2289513636989988,4,804,-0.020357133432326258
1.2662557713039493,1.0963910470071627,4,805,-0.16986472429678656
1.2142206401066435,1.090197077701875,4,806,-0.12402356240476853
1.269957163511388,1.1287448968766125,4,807,-0.14121226663477549
1.2274897669481117,1.2065263110263509,4,808,-0.020963455921760854
1.1983892535327116,1.066402627723662,4,809,-0.13198662580904963
1.2298406486085518,1.0424860632971424,4,810,-0.18735458531140936
1.220768381931554,1.229656725525634,4,811,0.008888343594080084
1.2417379935401796,1.0419693057899857,4,812,-0.19976868775019385
1.281362812993547,1.2082654334259664,4,813,-0.07309737956758067
1.1994128557801167,1.0879742794277778,4,814,-0.11143857635233889
1.2314281175533954,1.1820553497171353,4,815,-0.0493727678362601
1.2256905282979365,1.1474290694098879,4,816,-0.07826145888804859
1.294800166563775,1.1637230410956798,4,817,-0.13107712546809513
1.2536777240905586,1.1316318240036083,4,818,-0.12204590008695027
1.3174348229936643,1.1599059083365288,4,819,-0.15752891465713548
1.246454584930504,1.2059266097362702,4,820,-0.04052797519423379
1.2074973045752873,1.0941889240179785,4,821,-0.11330838055730874
1.3030938048768794,1.1112454308084818,4,822,-0.1918483740683976
1.3196992191873802,1.1264688901110511,4,823,-0.1932303290763291
1.307467017926879,1.2375858741165089,4,824,-0.06988114381037014
1.2973071010284847,1.038265775869803,4,825,-0.2590413251586816
1.3028534176799165,1.2296718922619914,4,826,-0.07318152541792511
1.2123543643507326,1.1329538207411836,4,827,-0.07940054360954907
1.25746951163658,1.1098873490688828,4,828,-0.14758216256769718
1.2926641206040441,1.1095179417566137,4,829,-0.18314617884743045
1.2670567191476747,1.1842077940704017,4,830,-0.08284892507727304
1.3131002756404746,1.1670159353211682,4,831,-0.1460843403193064
1.2824672949896305,1.14564418811457,4,832,-0.1368231068750605
1.3783749122332074,1.034433744437967,4,833,-0.3439411677952404
1.175549116752642,1.1019875138943354,4,834,-0.0735616028583066
1.2039314948814375,1.1227661790738033,4,835,-0.0811653158076342
1.2737211217210735,1.0907074416010112,4,836,-0.18301368012006236
1.2955819550644698,1.1330205734844063,4,837,-0.1625613815800635
1.1912297648158598,1.1233391108784065,4,838,-0.0678906539374533
1.343271494698714,1.112352293608422,4,839,-0.23091920109029207
1.2427942006677235,1.2380676042955963,4,840,-0.004726596372127245
1.2472909142076298,1.0565564816006252,4,841,-0.19073443260700462
1.268023990521753,1.1319468983818326,4,842,-0.13607709213992036
1.2887429614846198,1.1396989013849517,4,843,-0.14904406009966809
1.3423950420350228,1.0615371026545672,4,844,-0.28085793938045556
1.181703964701013,1.082567606763992,4,845,-0.09913635793702102
1.1912942978531906,1.187331508449157,4,846,-0.0039627894040337175
1.1545331308367122,1.15194434145674,4,847,-0.0025887893799720896
1.273221263593867,1.100371074154209,4,848,-0.1728501894396579
1.2611502969896693,1.1007564660544373,4,849,-0.16039383093523196
1.2126979738528758,1.1184868599928222,4,850,-0.09421111386005365
1.2431175124559763,1.1371503432599441,4,851,-0.10596716919603222
1.2102790526887954,1.1334708731005985,4,852,-0.07680817958819697
1.2147430345368935,1.125021436418744,4,853,-0.08972159811814939
1.3396145424780896,1.1339936082662703,4,854,-0.20562093421181937
1.3129158971625958,1.1666561846010814,4,855,-0.14625971256151438
1.1930544383612982,1.1174572360536874,4,856,-0.0755972023076108
1.310793004871674,1.0962917496806024,4,857,-0.21450125519107166
1.2740621612170528,1.151841349584528,4,858,-0.12222081163252474
1.233178062752871,1.121858891007677,4,859,-0.11131917174519401
1.2380009761571598,1.0629714159158177,4,860,-0.17502956024134209
1.301414932659089,1.0486142394485243,4,861,-0.25280069321056464
1.171826065049523,1.1046192027149433,4,862,-0.06720686233457962
1.22856057889295,1.1480826464168246,4,863,-0.08047793247612534
1.2932660510930851,1.1676444993773125,4,864,-0.1256215517157726
1.287971139643238,1.1940043937039762,4,865,-0.09396674593926191
1.3267181575162594,1.2164240563601951,4,866,-0.1102941011560643
1.1855821229020127,1.195119381227911,4,867,0.009537258325898357
1.1895713596429331,1.1466405662088652,4,868,-0.042930793434067915
1.2911686601821732,1.2133659533001868,4,869,-0.07780270688198643
1.2964907501929583,1.1194166529322744,4,870,-0.1770740972606839
1.2444820795621312,1.264901113394159,4,871,0.02041903383202781
1.2917731282576757,1.0342638139076712,4,872,-0.25750931435000446
1.25075428428677,1.155018303528555,4,873,-0.09573598075821499
1.2689517689243917,1.0942265698954567,4,874,-0.1747251990289349
1.1902406209949794,1.1387739080108703,4,875,-0.0514667129841091
1.3373195185756872,1.0669117824854877,4,876,-0.2704077360901995
1.2360004253369117,1.1480753959136887,4,877,-0.087925029423223
1.2009084540762665,1.1331103086864813,4,878,-0.06779814538978512
1.2475518267266645,1.141178369802398,4,879,-0.10637345692426647
1.2239622991590293,1.1229444647948583,4,880,-0.101017834364171
1.242220291800387,1.1326293881897165,4,881,-0.10959090361067059
1.2989865502486309,1.1998463986359473,4,882,-0.09914015161268352
1.2122168787934762,1.0620403982163658,4,883,-0.15017648057711042
1.2826254444865945,1.0504764938106772,4,884,-0.23214895067591734
1.2208801227582367,1.1154482755909338,4,885,-0.1054318471673028
1.2518764667794906,1.1693021408722353,4,886,-0.08257432590725533
1.2938339989901098,1.1264261057384695,4,887,-0.1674078932516403
1.3825830846382665,1.1991480426733931,4,888,-0.18343504196487337
1.32399884078026,1.0911569412515618,4,889,-0.23284189952869827
1.3287450278386543,1.1422694116015293,4,890,-0.18647561623712505
1.2766237406134677,1.216700385741704,4,891,-0.0599233548717637
1.3466406937720627,1.075552960461128,4,892,-0.2710877333109347
1.3035948982512828,1.1775773634026585,4,893,-0.12601753484862432
1.2113586458868406,1.1551403404994114,4,894,-0.056218305387429224
1.2812334198959545,1.2273835446920143,4,895,-0.053849875203940245
1.2189769089921165,1.1515215763499416,4,896,-0.06745533264217496
1.24217028832246,1.0932699894821365,4,897,-0.1489002988403234
1.2457961588104198,1.1497631979582896,4,898,-0.0960329608521302
1.1935410780179878,1.1066797358045786,4,899,-0.08686134221340924
1.2425331124894647,1.1790248380398238,4,900,-0.06350827444964091
1.2405592060720696,1.2897753514820745,4,901,0.04921614541000485
1.2699230308752716,1.2272157310708531,4,902,-0.04270729980441845
1.3142025300710243,1.138014262134034,4,903,-0.17618826793699038
1.2464578291921753,1.1024865637294474,4,904,-0.14397126546272787
1.2814577258209032,1.208571403259668,4,905,-0.07288632256123528
1.2522132250639701,1.1777583725101954,4,906,-0.07445485255377471
1.2045465811933314,1.116283403688746,4,907,-0.08826317750458545
1.3306296528819204,1.1386553480364117,4,908,-0.1919743048455087
1.3116681420837148,1.0519810647412184,4,909,-0.2596870773424964
1.252921282234976,1.0600879372629033,4,910,-0.19283334497207272
1.2294274593250156,1.0319233435883017,4,911,-0.1975041157367139
1.2839068416065886,1.1331710943590492,4,912,-0.15073574724753946
1.3078153283519356,1.0594534880990643,4,913,-0.24836184025287134
1.312867118852946,1.1202831353000267,4,914,-0.19258398355291928
1.3267012008116772,1.1589322383463732,4,915,-0.16776896246530404
1.2065414245417283,1.0782211773917694,4,916,-0.12832024714995893
1.2560370742554707,1.1762887607673065,4,917,-0.07974831348816425
1.214181995639667,1.100141120820653,4,918,-0.11404087481901404
1.2773782347533549,1.1451632163486922,4,919,-0.13221501840466265
1.3128816972522543,1.2285173397571592,4,920,-0.08436435749509519
1.236427093755594,1.1804720331557939,4,921,-0.055955060599800044
1.2365456403948878,1.1416198323940792,4,922,-0.09492580800080863
1.241879506889845,1.1497908426273862,4,923,-0.09208866426245876
1.309119627043288,1.1471819406586654,4,924,-0.1619376863846227
1.200402510747089,1.1517204553098574,4,925,-0.048682055437231586
1.3147226691565488,1.2219650990626028,4,926,-0.09275757009394603
1.2050870798676694,1.192649203446619,4,927,-0.012437876421050431
1.3031974590369535,1.0724611692256059,4,928,-0.23073628981134764
1.2487679478133453,1.1949356855817737,4,929,-0.05383226223157167
1.2933803500254164,1.144955652719736,4,930,-0.14842469730568042
1.2224147132141734,1.1166728552465959,4,931,-0.10574185796757751
1.287707449615176,1.101193336670301,4,932,-0.18651411294487485
1.206035253054478,1.1606687392843753,4,933,-0.0453665137701027
1.2814428271974623,1.1053391685056813,4,934,-0.17610365869178102
1.190865179111213,1.092359513009407,4,935,-0.098505666101806
1.263605349660759,1.0722412271239503,4,936,-0.1913641225368088
1.287403666547546,1.247252201974878,4,937,-0.04015146457266794
1.3286748878463275,1.1215175521865288,4,938,-0.20715733565979866
1.351643854668196,1.2297010793989704,4,939,-0.12194277526922548
1.2992699186927918,1.2311950766001054,4,940,-0.06807484209268644
1.2476319723082405,1.0704137222310146,4,941,-0.17721825007722591
1.2424063490500539,1.121628352807863,4,942,-0.12077799624219088
1.250644165360974,1.1596892194990154,4,943,-0.09095494586195851
1.2037506065432952,1.1168994711170468,4,944,-0.08685113542624845
1.2454856205178173,1.262433724525923,4,945,0.016948104008105647
1.2671708026556479,1.1933776642733607,4,946,-0.07379313838228718
1.2621054994843386,1.060767340872494,4,947,-0.20133815861184456
1.3062727856157583,1.1496603401419858,4,948,-0.1566124454737725
1.275608591744716,1.1445711425035197,4,949,-0.1310374492411963
1.3548699330263736,1.1220160965180774,4,950,-0.23285383650829616
1.1708650053763052,1.106815529925313,4,951,-0.06404947545099215
1.3123750383141843,1.0568037109792594,4,952,-0.25557132733492494
1.3324022809833056,1.2138364798370918,4,953,-0.11856580114621385
1.3400027144892155,1.1335946478912016,4,954,-0.20640806659801392
1.2833819427863298,1.085137877146355,4,955,-0.19824406563997488
1.273647111433812,1.1926401138435236,4,956,-0.08100699759028829
1.3075951603179687,1.1122757061806388,4,957,-0.19531945413732998
1.2849101997934118,1.0737244686245324,4,958,-0.2111857311688794
1.3358696970208515,1.1694340061412927,4,959,-0.16643569087955878
1.2489325749573121,1.1891507561300583,4,960,-0.05978181882725386
1.316444915400366,1.1392855862146294,4,961,-0.1771593291857365
1.3276138434746507,1.0804457387054056,4,962,-0.2471681047692451
1.2123771433493165,1.077702188225436,4,963,-0.1346749551238804
1.215511291562846,1.147362358788105,4,964,-0.0681489327747411
1.2118983891866708,1.1082646514127206,4,965,-0.10363373777395024
1.246098705279746,1.09805299659478,4,966,-0.14804570868496603
1.3292998597422443,1.0775731767604644,4,967,-0.2517266829817799
1.3147277143381992,1.1054067784479376,4,968,-0.20932093589026168
1.2769159764235212,1.146765841876014,4,969,-0.13015013454750712
1.33432307344808,1.1682491293304549,4,970,-0.1660739441176251
1.295526742734289,1.0293747409548566,4,971,-0.2661520017794323
1.3120736875147092,1.2113734712826014,4,972,-0.10070021623210779
1.2159175886231148,1.1467913156901406,4,973,-0.06912627293297424
1.2227913925281828,1.1797090779335995,4,974,-0.04308231459458334
1.2771159130495935,1.1766383246268308,4,975,-0.10047758842276266
1.2817872234976526,1.1556419595004104,4,976,-0.12614526399724224
1.265099169967249,1.1795085265588183,4,977,-0.08559064340843059
1.281791013955633,1.1497921844925776,4,978,-0.1319988294630554
1.268533008827556,1.1857752466592903,4,979,-0.08275776216826558
1.2152469462871218,1.201844395431976,4,980,-0.013402550855145856
1.227459313532122,1.1978359889865582,4,981,-0.029623324545563712
1.2638461642180554,1.098917157590664,4,982,-0.1649290066273914
1.2513743853718193,1.1894144029129543,4,983,-0.061959982458865026
1.27466859707818,1.122594558717354,4,984,-0.1520740383608259
1.1593671280218796,1.181028466420064,4,985,0.021661338398184515
1.2522961552040293,1.155533004200497,4,986,-0.09676315100353228
1.3006773564535594,1.1835052665753882,4,987,-0.11717208987817118
1.242276044476573,1.1716747819094473,4,988,-0.07060126256712573
1.2330241829667332,1.0992298070358908,4,989,-0.13379437593084242
1.2827968988666587,1.126574554068055,4,990,-0.15622234479860375
1.2015878155124695,1.0716545090070293,4,991,-0.12993330650544022
1.29956961932026,1.0909973736170497,4,992,-0.2085722457032102
1.1453369408267557,1.1426203568042657,4,993,-0.0027165840224900872
1.2089912870222674,1.172494698665483,4,994,-0.03649658835678449
1.2175275569862287,1.1827080507526202,4,995,-0.03481950623360852
1.2629233201323598,1.2244384004958877,4,996,-0.03848491963647205
1.3542720518090463,1.1863189930632299,4,997,-0.16795305874581645
1.3967699778292255,1.1333641437851565,4,998,-0.26340583404406903
1.1901018766664742,1.2022535889707733,4,999,0.012151712304299123
1.2557298189203714,1.1148660610282755,4,1000,-0.14086375789209593
1.1931502003904946,1.1792955477180915,4,1001,-0.013854652672403045
1.2212730762384254,1.1586326245997187,4,1002,-0.06264045163870668
1.2774510151127787,1.101307811185607,4,1003,-0.17614320392717175
1.3159410673804337,1.1408057904214222,4,1004,-0.17513527695901154
1.2258741988239223,1.1450036081500794,4,1005,-0.08087059067384295
1.1985768682248343,1.1857220765811072,4,1006,-0.01285479164372716
1.1990408146198919,1.1689449361970092,4,1007,-0.030095878422882638
1.3274155404815302,1.1514110447531805,4,1008,-0.17600449572834975
1.225074108742114,1.076254720189122,4,1009,-0.14881938855299204
1.1469809703503246,1.0717052347386402,4,1010,-0.07527573561168444
1.2181657306008562,1.1997429210296633,4,1011,-0.01842280957119291
1.213077725436821,1.1099181946924201,4,1012,-0.10315953074440087
1.3203862042663883,1.145501774106939,4,1013,-0.1748844301594492
1.3041495257603333,1.1471891598981543,4,1014,-0.15696036586217899
1.3461448176571367,1.0448642883957615,4,1015,-0.30128052926137516
1.227060023580386,1.2096841087453964,4,1016,-0.01737591483498946
1.3726594104863732,1.1007977890668834,4,1017,-0.2718616214194898
1.219399990417158,1.1168451910939214,4,1018,-0.10255479932323652
1.2837494995175265,1.2297415946981998,4,1019,-0.05400790481932671
1.2494888264267379,1.1520985813449791,4,1020,-0.09739024508175875
1.222047845273222,1.031264109672195,4,1021,-0.1907837356010269
1.235883451647219,1.085122758380114,4,1022,-0.15076069326710506
1.1841250853102807,1.106519147144518,4,1023,-0.07760593816576278
1.3323579311464444,1.1311153263219134,4,1024,-0.20124260482453105
1.234436859437239,1.1172496445870395,4,1025,-0.11718721485019956
1.2487453542712665,1.0304985869735932,4,1026,-0.21824676729767334
1.236375312693105,1.159881887978101,4,1027,-0.07649342471500398
1.291605736647488,1.195644709836627,4,1028,-0.09596102681086105
1.2855946860945902,1.1307817971764633,4,1029,-0.15481288891812683
1.1752965726437334,1.0959743281947287,4,1030,-0.07932224444900471
1.2552949469487464,1.1519060175106897,4,1031,-0.10338892943805678
1.2554292028686787,1.1869682046772372,4,1032,-0.06846099819144147
1.3164877199016938,1.2031537252490043,4,1033,-0.11333399465268945
1.2731457306124805,1.062382637740204,4,1034,-0.21076309287227657
1.298631187307394,1.1240970868431601,4,1035,-0.1745341004642338
1.2196296147687393,1.1280935557695702,4,1036,-0.09153605899916917
1.310061920746522,1.1590652910816677,4,1037,-0.1509966296648544
1.3004726917447234,1.1401835427713405,4,1038,-0.16028914897338287
1.264844496152547,1.261586347517099,4,1039,-0.0032581486354479328
1.2627790411367066,1.1944123232316546,4,1040,-0.068366717905052
1.3239952235357157,1.106524764200212,4,1041,-0.21747045933550369
1.2871164895872147,1.1414830212203373,4,1042,-0.1456334683668774
1.2457171437379924,1.1440781351634384,4,1043,-0.10163900857455399
1.2000172900411512,1.0703011079129108,4,1044,-0.12971618212824043
1.1833439256610279,1.0889509627276477,4,1045,-0.09439296293338018
1.2760812847756946,1.087117120868649,4,1046,-0.18896416390704562
1.2506233024887128,1.0860285115294892,4,1047,-0.16459479095922358
1.260451008131295,1.0972811680545402,4,1048,-0.16316984007675472
1.2015182983683592,1.1231744188274946,4,1049,-0.07834387954086464
1.1947042327855573,1.1650149496888207,4,1050,-0.029689283096736574
1.2275371448028338,1.1155075245053367,4,1051,-0.11202962029749708
1.2408475132801688,1.1306237552087484,4,1052,-0.11022375807142049
1.288248784432619,1.0798998881662922,4,1053,-0.2083488962663267
1.2811746297865283,1.1629452043319133,4,1054,-0.11822942545461501
1.1469822076742495,1.190629697647581,4,1055,0.043647489973331455
1.3593259745009236,1.018097250619056,4,1056,-0.34122872388186765
1.2248026536836192,1.1639364733448696,4,1057,-0.060866180338749576
1.316449610852712,1.1233463807454427,4,1058,-0.19310323010726926
1.2001717170241282,1.0734972698909884,4,1059,-0.1266744471331398
1.3106949379135333,1.1899319085268312,4,1060,-0.12076302938670214
1.2632706144673433,1.1582131636844197,4,1061,-0.10505745078292361
1.3207480774838913,1.1486587212385675,4,1062,-0.17208935624532384
1.2490506715306107,1.1005879342855491,4,1063,-0.14846273724506154
1.2501218981161737,1.148901730409427,4,1064,-0.1012201677067468
1.23366223492894,1.130605331141474,4,1065,-0.10305690378746579
1.279155496663665,1.0911051339214886,4,1066,-0.18805036274217635
1.3854024253635173,1.081113051458874,4,1067,-0.3042893739046433
1.1659527136061254,1.0667460625257885,4,1068,-0.09920665108033688
1.3001535949797212,1.144572963022729,4,1069,-0.15558063195699212
1.3018183861328434,1.0898326773269085,4,1070,-0.21198570880593492
1.2469991973480392,1.1107332590453631,4,1071,-0.13626593830267608
1.2396507580840488,1.129015012781959,4,1072,-0.11063574530208986
1.2361067608278897,1.0606005814980797,4,1073,-0.17550617932981005
1.2050295220489609,1.1265767276520298,4,1074,-0.07845279439693109
1.2441125931847568,1.1605812790743206,4,1075,-0.08353131411043613
1.2620047073267264,1.1970133612606135,4,1076,-0.0649913460661129
1.1942180725405147,1.148559202676592,4,1077,-0.045658869863922646
1.3272701393895772,1.1549175469469668,4,1078,-0.17235259244261036
1.1925944295583741,1.1353070602279307,4,1079,-0.05728736933044343
1.1890110420773548,1.0765812113499507,4,1080,-0.11242983072740409
1.2081171669932207,1.1981168347199855,4,1081,-0.010000332273235157
1.187877634777466,1.095832791099872,4,1082,-0.09204484367759402
1.1681612567987965,1.1393448678818803,4,1083,-0.02881638891691618
1.1987050433027964,1.0852063084227714,4,1084,-0.11349873488002493
1.3485055983593177,1.0565126935038527,4,1085,-0.29199290485546503
1.2422204506186425,1.0942094665181674,4,1086,-0.14801098410047508
1.2243217806389992,1.1177449303895362,4,1087,-0.10657685024946306
1.2748688581520595,1.188652701661476,4,1088,-0.08621615649058345
1.1807198489756607,1.0862492279883131,4,1089,-0.0944706209873476
1.2580574065160348,1.1452716757694628,4,1090,-0.11278573074657205
1.2693088786341278,1.0953316226334606,4,1091,-0.17397725600066716
1.312473680578523,1.1680074597061294,4,1092,-0.1444662208723937
1.2548648481632918,1.1516943347758666,4,1093,-0.10317051338742522
1.2688121047832062,1.2111595287560595,4,1094,-0.057652576027146685
1.2910077505026925,1.1545019509412626,4,1095,-0.13650579956142983
1.2059058838309036,1.1130501778774258,4,1096,-0.09285570595347781
1.3719146317506117,1.1777674438496681,4,1097,-0.19414718790094354
1.31263887479539,1.1446906289200578,4,1098,-0.1679482458753323
1.2499012635512268,1.1721884504372841,4,1099,-0.07771281311394262
1.2852744597843992,1.0582859088346515,4,1100,-0.2269885509497478
1.288590728511977,1.1473885625801792,4,1101,-0.1412021659317979
1.2737950101272786,1.0903555643552099,4,1102,-0.18343944577206872
1.300402981354288,1.1317289869724088,4,1103,-0.16867399438187913
1.2513252316796837,1.0364824722289798,4,1104,-0.21484275945070386
1.1693560113247474,1.1305756223508285,4,1105,-0.03878038897391889
1.2807268011041295,1.1376288562903178,4,1106,-0.14309794481381166
1.314532993561675,1.1359513635054808,4,1107,-0.1785816300561942
1.2713811255850662,1.0751250907529235,4,1108,-0.1962560348321427
1.3002724802474364,1.126578418482693,4,1109,-0.17369406176474333
1.2403387838893307,1.0474773327750504,4,1110,-0.19286145111428032
1.22857714397083,1.082744125774059,4,1111,-0.14583301819677086
1.3426351756610564,1.1882744000244956,4,1112,-0.1543607756365608
1.3386585794731782,1.1558103009038203,4,1113,-0.18284827856935792
1.2469678770482509,1.1580567788214857,4,1114,-0.08891109822676513
1.195713231565292,1.1350884236227006,4,1115,-0.06062480794259151
1.3460713931570347,1.2153851687354316,4,1116,-0.13068622442160316
1.2624398928218787,1.0630533004509983,4,1117,-0.1993865923708804
1.320135164493783,1.0896706424241294,4,1118,-0.23046452206965373
1.1861954856803056,1.1322497366992357,4,1119,-0.05394574898106996
1.2344698711832174,1.1005539362245327,4,1120,-0.1339159349586847
1.3190963770505015,1.1361480969767943,4,1121,-0.18294828007370723
1.3140238512946891,1.1241635695690684,4,1122,-0.18986028172562075
1.1530361627521177,1.107564438799782,4,1123,-0.045471723952335674
1.2374752940398177,1.0650036786679764,4,1124,-0.1724716153718413
1.250421420865457,1.1530981867616392,4,1125,-0.09732323410381771
1.1979709169396096,1.0805559730403755,4,1126,-0.11741494389923401
1.3221843369075181,1.1437299600643414,4,1127,-0.17845437684317678
1.2433837111399602,1.111033518728497,4,1128,-0.13235019241146317
1.2901449229803903,1.117620758278325,4,1129,-0.17252416470206522
1.224075515475926,1.1651372834304399,4,1130,-0.058938232045486094
1.2385578021276287,1.1532554241411215,4,1131,-0.0853023779865072
1.344784255282919,1.195712290127088,4,1132,-0.149071965155831
1.2989525241555626,1.1376494081362822,4,1133,-0.16130311601928038
1.2545517381954,1.0884948548434663,4,1134,-0.16605688335193358
1.2722421031100126,1.105637103563197,4,1135,-0.1666049995468155
1.1704959352179207,1.1586045335160915,4,1136,-0.01189140170182923
1.3841923832103833,1.1428816888849882,4,1137,-0.2413106943253951
1.2971367383822576,1.0393322345272353,4,1138,-0.2578045038550223
1.2808995377814396,1.224806939558511,4,1139,-0.05609259822292856
1.3143844426363105,1.1851173445683592,4,1140,-0.12926709806795134
1.2527005107114797,1.112347324200642,4,1141,-0.1403531865108376
1.3272881927580162,1.1273842400188592,4,1142,-0.19990395273915706
1.2241640588891474,1.1608105053250293,4,1143,-0.06335355356411809
1.2084858020739466,1.0596929170853033,4,1144,-0.1487928849886433
1.2762349592533888,1.0960316980159066,4,1145,-0.1802032612374822
1.3508959613105336,1.025561195563766,4,1146,-0.32533476574676756
1.2134464272069005,1.0033846504256583,4,1147,-0.21006177678124227
1.3659063415349357,1.2230595763282837,4,1148,-0.14284676520665207
1.267586944800332,1.1616616655894585,4,1149,-0.10592527921087358
1.2082683747485725,1.0268390638265195,4,1150,-0.18142931092205306
1.1557716647118363,1.084707570411556,4,1151,-0.07106409430028027
1.2145714103366716,1.0532794643129717,4,1152,-0.1612919460236999
1.2541240068749566,1.0828525231954071,4,1153,-0.17127148367954947
1.28592545824962,1.1435371346623089,4,1154,-0.14238832358731113
1.2354641180453005,1.1860836405206368,4,1155,-0.04938047752466379
1.1945017100823623,1.1521888886989167,4,1156,-0.04231282138344561
1.3061115602042779,1.1391228236738278,4,1157,-0.1669887365304501
1.2323344595341195,1.0922877412849565,4,1158,-0.14004671824916293
1.3046389369705276,1.1715592651711524,4,1159,-0.1330796717993752
1.2705325116844581,1.1335361684889116,4,1160,-0.13699634319554654
1.2510864148438285,1.1426149646295378,4,1161,-0.10847145021429072
1.2788614236461604,1.137533550919662,4,1162,-0.14132787272649838
1.251887074665067,1.1215825832766395,4,1163,-0.13030449138842748
1.1603981132709307,1.003280679343365,4,1164,-0.1571174339275656
1.2137621053901633,1.1042393859373714,4,1165,-0.1095227194527919
1.3028242234148943,1.1246688244352703,4,1166,-0.17815539897962407
1.1667474115473502,1.1113302977665116,4,1167,-0.05541711378083858
1.249544838009454,1.1449987524165621,4,1168,-0.10454608559289191
1.2541382392700569,1.111112312105629,4,1169,-0.14302592716442786
1.1910174741433175,1.075392650869351,4,1170,-0.1156248232739665
1.1502371114777075,1.212214637864022,4,1171,0.061977526386314485
1.2150109265867266,1.133824596828444,4,1172,-0.08118632975828266
1.265562216806754,1.096162494571131,4,1173,-0.16939972223562294
1.3027891621913688,1.2501209514798632,4,1174,-0.052668210711505514
1.238642446552948,1.1829756779421392,4,1175,-0.05566676861080877
1.2840697350447468,1.0730283177732578,4,1176,-0.21104141727148895
1.238857476303358,1.0571285351253592,4,1177,-0.18172894117799876
1.2664897299156022,1.0620073436041995,4,1178,-0.2044823863114027
1.2816599520269942,1.10225138979776,4,1179,-0.1794085622292343
1.2321983823119722,1.1240605447228533,4,1180,-0.10813783758911888
1.2068473883464317,1.166854795131136,4,1181,-0.03999259321529558
1.3274480999641378,1.1186476373394525,4,1182,-0.20880046262468532
1.205483897330867,1.132706754358137,4,1183,-0.07277714297272997
1.3076634786993175,1.10948969193328,4,1184,-0.19817378676603759
1.2735073157834285,1.1703706281610737,4,1185,-0.10313668762235473
1.2848499544357856,1.2100476606555073,4,1186,-0.07480229378027836
1.195638361762465,1.1202515723236046,4,1187,-0.07538678943886046
1.2684954832527147,1.205001592285371,4,1188,-0.0634938909673437
1.2559615494769227,1.0804620155468219,4,1189,-0.17549953393010087
1.2122706719033396,1.1011690315633555,4,1190,-0.11110164033998404
1.2406537647256146,1.1695452973310045,4,1191,-0.07110846739461008
1.3027975530027358,1.2165057345371548,4,1192,-0.08629181846558098
1.2821310090784035,1.2095403437079915,4,1193,-0.07259066537041203
1.194347734283979,1.1629312982406337,4,1194,-0.03141643604334532
1.2744073622069563,1.0946324522172368,4,1195,-0.17977490998971946
1.2398623829074082,1.1292857223915547,4,1196,-0.11057666051585358
1.2453696647850283,1.073465804731383,4,1197,-0.17190386005364533
1.1872901073253688,1.0643531731841185,4,1198,-0.12293693414125029
1.3450581819646978,1.1410546671315576,4,1199,-0.20400351483314028
1.2985357044276469,1.1558011041238718,4,1200,-0.14273460030377505
1.2045651559078971,1.0898329782660066,4,1201,-0.11473217764189059
1.2878814204752576,1.1479002249158912,4,1202,-0.1399811955593664
1.2298240194918229,1.0916320010127933,4,1203,-0.1381920184790295
1.3089020727953278,1.1656436076643146,4,1204,-0.14325846513101315
1.2455465852890149,1.1554942606159173,4,1205,-0.09005232467309754
1.2108479441228472,1.1204654850663927,4,1206,-0.09038245905645459
1.2594381789981963,1.1154801192201533,4,1207,-0.143958059778043
1.2777705084719895,1.1314322667037877,4,1208,-0.14633824176820176
1.2744627258655157,1.102616268447359,4,1209,-0.17184645741815663
1.244912836437098,1.153684709627997,4,1210,-0.09122812680910108
1.26259291775156,1.1424750043401846,4,1211,-0.12011791341137545
1.2871428798093467,1.1710397165630055,4,1212,-0.11610316324634118
1.3398833859171182,1.1731487979317938,4,1213,-0.16673458798532437
1.2447454911428415,1.0901737278463894,4,1214,-0.15457176329645206
1.24308038709164,1.1292981551673509,4,1215,-0.11378223192428916
1.2676823716517023,1.2075506552139834,4,1216,-0.06013171643771886
1.2717241540851796,1.2014316930342235,4,1217,-0.0702924610509561
1.223306168425543,1.116441554348808,4,1218,-0.10686461407673509
1.2105735321715658,1.194762596760046,4,1219,-0.0158109354115199
1.2863530343224738,1.090639917150318,4,1220,-0.19571311717215578
1.2364273550755835,1.1954113809694147,4,1221,-0.04101597410616886
1.2802971534102627,1.1659819133133515,4,1222,-0.11431524009691119
1.2106609424714043,1.176936446482693,4,1223,-0.0337244959887113
1.2588995383669819,1.0937084453358845,4,1224,-0.16519109303109736
1.2379753128993782,1.15322236984793,4,1225,-0.0847529430514482
1.2108780382968876,1.0668019737779229,4,1226,-0.1440760645189647
1.2463960582234026,1.1767553845244099,4,1227,-0.06964067369899274
1.1836716761215782,1.1556600269987325,4,1228,-0.028011649122845705
1.3495665532699408,1.1396209399901325,4,1229,-0.20994561327980832
1.2987748907782275,1.1342884823903825,4,1230,-0.164486408387845
1.312815215676141,1.1604439848396448,4,1231,-0.15237123083649617
1.3204892791662746,1.1500549961744075,4,1232,-0.17043428299186703
1.217007438183745,1.1619236680012666,4,1233,-0.05508377018247845
1.2892116550248371,1.0332598181401442,4,1234,-0.2559518368846929
1.2713443344946223,1.1046255013088118,4,1235,-0.1667188331858105
1.2890928180355439,1.208115759707761,4,1236,-0.0809770583277829
1.3911949800694845,1.1208603243060684,4,1237,-0.2703346557634161
1.200198343331957,1.1254355534818967,4,1238,-0.07476278985006024
1.3212464492785918,1.185045684827645,4,1239,-0.13620076445094687
1.2070516507233744,1.1824844261010716,4,1240,-0.024567224622302763
1.2160711421575152,1.0462114914009846,4,1241,-0.16985965075653064
1.2651617893510716,1.2205354391948546,4,1242,-0.044626350156216965
1.1918829957278618,1.1132459658637825,4,1243,-0.07863702986407928
1.2520850174300282,1.1887206514866926,4,1244,-0.06336436594333561
1.3322448433393657,1.1186295654732608,4,1245,-0.2136152778661049
1.2774581776875753,1.1796259329175562,4,1246,-0.09783224477001906
1.210690431701496,1.1366073216514985,4,1247,-0.07408311004999746
1.1497335755905107,1.2349829143022788,4,1248,0.0852493387117681
1.3143184207176002,1.1857476444409294,4,1249,-0.1285707762766708
