analysis_id,chain,source_draw,a_R,v_RI,v_RC,t,q_relative,q_points,a_star,gap_aR_minus_astar,utility_star,utility_at_aR,efficiency,accuracy_at_astar,p_correct_fast_at_astar,p_wrong_at_astar,p_timeout_at_astar,p_noncorrect_at_astar,mean_cycle_s_at_astar,accuracy_at_aR,p_correct_fast_at_aR,p_wrong_at_aR,p_timeout_at_aR,p_noncorrect_at_aR,mean_cycle_s_at_aR,coarse_peak,fine_grid_min,fine_grid_max,fine_on_edge_after_all_refinement,edge_refined,refine_attempts,refine_grid_min,refine_grid_max,original_q0_a_star_intended,q0_abs_difference_from_original,seed_draw,n_sim_coarse,n_sim_fine,n_sim_refine
1,4,499,1.2490757136979942,2.361474678971963,2.719779780920377,0.3046810358426569,0.0,0.0,0.575,0.6740757136979942,2.8135566302890944,1.9554698027169624,0.6950170405903778,0.81335,0.7648900900900901,0.18665,0.0,0.18665,2.718587860843936,0.9596875,0.5479136261261262,0.0403125,0.0,0.0403125,2.801953910844575,0.59,0.56,0.62,False,False,0,,,0.575,0.0,20270820,15000,40000,80000
1,4,499,1.2490757136979942,2.361474678971963,2.719779780920377,0.3046810358426569,0.5,5.0,0.655,0.5940757136979942,2.4983634997275037,1.883533394619784,0.7539068653641559,0.841925,0.7590121621621622,0.158075,0.0,0.158075,2.7216802608440567,0.9596875,0.5479136261261262,0.0403125,0.0,0.0403125,2.801953910844575,0.65,0.62,0.68,False,False,0,,,,,20270820,15000,40000,80000
1,4,499,1.2490757136979942,2.361474678971963,2.719779780920377,0.3046810358426569,1.0,10.0,0.75,0.4990757136979942,2.2404697947299868,1.8115969865226056,0.8085790715785716,0.871525,0.7397804617117117,0.128475,0.0,0.128475,2.728469998344182,0.9596875,0.5479136261261262,0.0403125,0.0,0.0403125,2.801953910844575,0.75,0.72,0.78,False,False,0,,,,,20270820,15000,40000,80000
1,4,499,1.2490757136979942,2.361474678971963,2.719779780920377,0.3046810358426569,2.0,20.0,0.94,0.3090757136979942,1.860082963014772,1.667724170328249,0.8965859069131235,0.9173625,0.676851463963964,0.0826375,0.0,0.0826375,2.7502884233443807,0.9596875,0.5479136261261262,0.0403125,0.0,0.0403125,2.801953910844575,0.95,0.92,0.98,False,False,0,,,,,20270820,15000,40000,80000
1,4,499,1.2490757136979942,2.361474678971963,2.719779780920377,0.3046810358426569,3.0,30.0,1.0850000000000002,0.164075713697994,1.5771945644357868,1.531316430694365,0.9709115572828304,0.939825,0.6178427364864865,0.0601749999999999,0.0,0.0601749999999999,2.772757060844482,0.95980625,0.5495005912162163,0.04019375,0.0,0.04019375,2.8009843858445755,1.1,1.07,1.13,False,True,1,0.98,1.2200000000000002,,,20270820,15000,40000,80000
1,4,499,1.2490757136979942,2.361474678971963,2.719779780920377,0.3046810358426569,4.0,40.0,1.245,0.004075713697994,1.3820449029786652,1.3799785379395362,0.9985048495640948,0.9593625,0.5496844031531531,0.0406375,0.0,0.0406375,2.801170948344573,0.9596875,0.5479136261261262,0.0403125,0.0,0.0403125,2.801953910844575,1.25,1.22,1.28,False,False,0,,,,,20270820,15000,40000,80000
2,1,628,1.1311373297388476,2.2388574861670154,2.4288548684785285,0.3299328232905975,0.0,0.0,0.515,0.6161373297388476,2.6043101921839518,1.797889275788774,0.6903514340129661,0.7678499999999999,0.7175976914414415,0.23215,0.0,0.23215,2.7554232732916906,0.932475,0.5077212837837838,0.067525,0.0,0.067525,2.8239852732924007,0.51,0.48,0.54,False,False,0,,,0.515,0.0,20280820,15000,40000,80000
2,1,628,1.1311373297388476,2.2388574861670154,2.4288548684785285,0.3299328232905975,0.5,5.0,0.595,0.5361373297388476,2.2126648556925463,1.6783330574213982,0.7585120959929982,0.7993125,0.7103661599099098,0.2006875,0.0,0.2006875,2.7569580107918226,0.932475,0.5077212837837838,0.067525,0.0,0.067525,2.8239852732924007,0.61,0.58,0.64,False,False,0,,,,,20280820,15000,40000,80000
2,1,628,1.1311373297388476,2.2388574861670154,2.4288548684785285,0.3299328232905975,1.0,10.0,0.71,0.4211373297388476,1.887464194201106,1.5587768390540222,0.8258577004231834,0.8394125,0.6822325450450449,0.1605875,0.0,0.1605875,2.7637347857919927,0.932475,0.5077212837837838,0.067525,0.0,0.067525,2.8239852732924007,0.71,0.68,0.74,False,False,0,,,,,20280820,15000,40000,80000
2,1,628,1.1311373297388476,2.2388574861670154,2.4288548684785285,0.3299328232905975,2.0,20.0,0.93,0.2011373297388475,1.4023527959106667,1.3288307486923416,0.9475723602272416,0.897425,0.5964041948198198,0.102575,0.0,0.102575,2.789984060792243,0.9333375,0.5085614864864865,0.0666625,0.0,0.0666625,2.823809479542404,0.95,0.92,0.98,False,True,1,0.83,1.0700000000000005,,,20280820,15000,40000,80000
2,1,628,1.1311373297388476,2.2388574861670154,2.4288548684785285,0.3299328232905975,3.0,30.0,1.185,-0.0538626702611524,1.0729064730451647,1.0805519655845186,1.0071259636617291,0.9397875,0.4847098536036036,0.0602125,0.0,0.0602125,2.8340993482924346,0.932475,0.5077212837837838,0.067525,0.0,0.067525,2.8239852732924007,1.2,1.17,1.23,False,False,0,,,,,20280820,15000,40000,80000
2,1,628,1.1311373297388476,2.2388574861670154,2.4288548684785285,0.3299328232905975,4.0,40.0,1.27,-0.1388626702611524,0.8791373442643521,0.8414395288497668,0.9571195380783988,0.9502,0.4497959459459459,0.0498,0.0,0.0498,2.850475498292484,0.932475,0.5077212837837838,0.067525,0.0,0.067525,2.8239852732924007,1.25,1.22,1.28,False,False,0,,,,,20280820,15000,40000,80000
3,1,788,1.1038925619637872,2.4227711235161062,2.883789554429087,0.3124281049535508,0.0,0.0,0.58,0.5238925619637872,2.820417355691375,2.183493055207676,0.7741737409187199,0.8247249999999999,0.767381418918919,0.175275,0.0,0.175275,2.720808029954876,0.9485625,0.6061077702702702,0.0514375,0.0,0.0514375,2.775863054955411,0.57,0.54,0.6,False,False,0,,,0.58,0.0,20290820,15000,40000,80000
3,1,788,1.1038925619637872,2.4227711235161062,2.883789554429087,0.3124281049535508,0.5,5.0,0.64,0.4638925619637871,2.5187322349537995,2.0908416906020357,0.8301166998167977,0.8465374999999999,0.762472240990991,0.1534625,0.0,0.1534625,2.7225640799549677,0.9485625,0.6061077702702702,0.0514375,0.0,0.0514375,2.775863054955411,0.63,0.6,0.66,False,False,0,,,,,20290820,15000,40000,80000
3,1,788,1.1038925619637872,2.4227711235161062,2.883789554429087,0.3124281049535508,1.0,10.0,0.7250000000000001,0.378892561963787,2.2587353752767108,1.9888658692597965,0.8805218579516632,0.87208125,0.7442040822072072,0.12791875,0.0,0.12791875,2.728453004955076,0.94773125,0.6044418918918919,0.05226875,0.0,0.05226875,2.776321673705408,0.71,0.68,0.74,False,True,1,0.59,0.8300000000000002,,,20290820,15000,40000,80000
3,1,788,1.1038925619637872,2.4227711235161062,2.883789554429087,0.3124281049535508,2.0,20.0,0.93,0.1738925619637871,1.8911817618761315,1.8128875967851144,0.9586004017861584,0.9213875,0.6773056306306307,0.0786125,0.0,0.0786125,2.7500298549552893,0.9485625,0.6061077702702702,0.0514375,0.0,0.0514375,2.775863054955411,0.95,0.92,0.98,False,False,0,,,,,20290820,15000,40000,80000
3,1,788,1.1038925619637872,2.4227711235161062,2.883789554429087,0.3124281049535508,3.0,30.0,1.01,0.0938925619637871,1.639166182947422,1.6275848675738345,0.9929346301222718,0.935625,0.6457158783783783,0.064375,0.0,0.064375,2.7611042924553524,0.9485625,0.6061077702702702,0.0514375,0.0,0.0514375,2.775863054955411,1.0,0.97,1.03,False,False,0,,,,,20290820,15000,40000,80000
3,1,788,1.1038925619637872,2.4227711235161062,2.883789554429087,0.3124281049535508,4.0,40.0,1.144999999999999,-0.0411074380362115,1.4329160484841037,1.424067303282681,0.99382465901559,0.9528625,0.5873247184684685,0.0471375,0.0,0.0471375,2.782959398705432,0.94773125,0.6044418918918919,0.05226875,0.0,0.05226875,2.776321673705408,1.2,1.17,1.23,False,True,1,1.08,1.319999999999995,,,20290820,15000,40000,80000
4,3,445,1.104336000989088,2.390390990729731,2.428031902729429,0.3034532038403738,0.0,0.0,0.5700000000000001,0.5343360009890878,2.7529287220172516,2.131263781303567,0.774180517010208,0.7973375,0.750267849099099,0.2026625,0.0,0.2026625,2.725344260091589,0.93415625,0.5937105574324324,0.06584375,0.0,0.06584375,2.7857206725921797,0.59,0.56,0.62,False,True,1,0.47,0.7100000000000002,0.5699999999999998,2.220446049250313e-16,20300820,15000,40000,80000
4,3,445,1.104336000989088,2.390390990729731,2.428031902729429,0.3034532038403738,0.5,5.0,0.66,0.4443360009890879,2.420250432068854,2.0138644923900895,0.8320893018779955,0.8303499999999999,0.7451965090090089,0.16965,0.0,0.16965,2.7285255288417276,0.9341875,0.5937338400900901,0.0658125,0.0,0.0658125,2.78483280384218,0.65,0.62,0.68,False,False,0,,,,,20300820,15000,40000,80000
4,3,445,1.104336000989088,2.390390990729731,2.428031902729429,0.3034532038403738,1.0,10.0,0.735,0.3693360009890879,2.1349876386869946,1.8957021023370855,0.8879218164948869,0.85395,0.7298090653153153,0.14605,0.0,0.14605,2.7342503288418283,0.9341875,0.5937338400900901,0.0658125,0.0,0.0658125,2.78483280384218,0.73,0.7,0.76,False,False,0,,,,,20300820,15000,40000,80000
4,3,445,1.104336000989088,2.390390990729731,2.428031902729429,0.3034532038403738,2.0,20.0,0.925,0.17933600098908786,1.7127884763360857,1.6593773222310777,0.9688162579075366,0.9024125,0.6672696509009008,0.0975875,0.0,0.0975875,2.7562927788420373,0.9341875,0.5937338400900901,0.0658125,0.0,0.0658125,2.78483280384218,0.9,0.87,0.93,False,False,0,,,,,20300820,15000,40000,80000
4,3,445,1.104336000989088,2.390390990729731,2.428031902729429,0.3034532038403738,3.0,30.0,1.0850000000000002,0.01933600098908772,1.4251183052135075,1.4221788685790167,0.9979374086882911,0.931475,0.6020804898648648,0.068525,0.0,0.068525,2.7822636788421677,0.93415625,0.5937105574324324,0.06584375,0.0,0.06584375,2.7857206725921797,1.1,1.07,1.13,False,True,1,0.9800000000000001,1.2200000000000002,,,20300820,15000,40000,80000
4,3,445,1.104336000989088,2.390390990729731,2.428031902729429,0.3034532038403738,4.0,40.0,1.2349999999999968,-0.13066399901090886,1.2248602527714718,1.1858172310041668,0.9681245091601569,0.9512750000000001,0.5390036880630631,0.048725000000000004,0.0,0.048725000000000004,2.8093301850922594,0.93415625,0.5937105574324324,0.06584375,0.0,0.06584375,2.7857206725921797,1.2,1.17,1.23,False,True,1,1.08,1.319999999999995,,,20300820,15000,40000,80000
5,2,676,1.1685764460586352,2.3169663266836427,2.763533931445743,0.3267618615658413,0.0,0.0,0.53,0.6385764460586352,2.693548480069412,1.8879155596438781,0.7009027584293664,0.7900750000000001,0.7387276463963964,0.209925,0.0,0.209925,2.7425815865670238,0.9502125,0.5302041666666668,0.0497875,0.0,0.0497875,2.808410386567715,0.53,0.5,0.56,False,False,0,,,0.53,0.0,20310820,15000,40000,80000
5,2,676,1.1685764460586352,2.3169663266836427,2.763533931445743,0.3267618615658413,0.5,5.0,0.645,0.5235764460586352,2.3471522177187047,1.7992755584565026,0.7665781302438466,0.8344125,0.7269974662162162,0.1655875,0.0,0.1655875,2.7446183990672095,0.9502125,0.5302041666666668,0.0497875,0.0,0.0497875,2.808410386567715,0.63,0.6,0.66,False,False,0,,,,,20310820,15000,40000,80000
5,2,676,1.1685764460586352,2.3169663266836427,2.763533931445743,0.3267618615658413,1.0,10.0,0.7300000000000001,0.4385764460586351,2.07430153623141,1.6915780772976523,0.8154928527753542,0.8641125000000001,0.7062324887387388,0.1358875,0.0,0.1358875,2.7495760803173352,0.9488875000000001,0.5265247184684685,0.051112500000000005,0.0,0.051112500000000005,2.81046571156771,0.71,0.68,0.74,False,True,1,0.59,0.8300000000000002,,,20310820,15000,40000,80000
5,2,676,1.1685764460586352,2.3169663266836427,2.763533931445743,0.3267618615658413,2.0,20.0,0.89,0.2785764460586352,1.6583732382451124,1.533355554894376,0.9246142662775783,0.9047875,0.6490661599099099,0.0952125,0.0,0.0952125,2.7656087865675105,0.9502125,0.5302041666666668,0.0497875,0.0,0.0497875,2.808410386567715,0.9,0.87,0.93,False,False,0,,,,,20310820,15000,40000,80000
5,2,676,1.1685764460586352,2.3169663266836427,2.763533931445743,0.3267618615658413,3.0,30.0,1.065,0.10357644605863525,1.3850577447201766,1.356075552519625,0.9790751018785814,0.9370375,0.5754204954954956,0.0629625,0.0,0.0629625,2.790735599067654,0.9502125,0.5302041666666668,0.0497875,0.0,0.0497875,2.808410386567715,1.05,1.02,1.08,False,False,0,,,,,20310820,15000,40000,80000
5,2,676,1.1685764460586352,2.3169663266836427,2.763533931445743,0.3267618615658413,4.0,40.0,1.275,-0.10642355394136471,1.1759135697263514,1.178795550144874,1.002450843746274,0.9616625,0.4858124436936937,0.0383375,0.0,0.0383375,2.8272693865677683,0.9502125,0.5302041666666668,0.0497875,0.0,0.0497875,2.808410386567715,1.3,1.27,1.33,False,False,0,,,,,20310820,15000,40000,80000
6,1,113,1.153801893948942,2.402482330166279,2.558761892263026,0.3640540769664973,0.0,0.0,0.43,0.7238018939489421,2.465882856123605,1.4844672765306193,0.6020023509406356,0.74505,0.6864494369369369,0.25495,0.0,0.25495,2.7837877019674933,0.94575,0.42286694819819826,0.05425000000000001,0.0,0.05425000000000001,2.848610776968353,0.43,0.4,0.46,False,False,0,,,0.43,0.0,20320820,15000,40000,80000
6,1,113,1.153801893948942,2.402482330166279,2.558761892263026,0.3640540769664973,0.5,5.0,0.52,0.633801893948942,2.046664518103349,1.3892454223576602,0.6787851208976245,0.7849250000000001,0.6767390202702703,0.21507500000000002,0.0,0.21507500000000002,2.781117839467659,0.94575,0.42286694819819826,0.05425000000000001,0.0,0.05425000000000001,2.848610776968353,0.51,0.48,0.54,False,False,0,,,,,20320820,15000,40000,80000
6,1,113,1.153801893948942,2.402482330166279,2.558761892263026,0.3640540769664973,1.0,10.0,0.64,0.513801893948942,1.699535948588098,1.2940235681847012,0.7613981741661426,0.830825,0.6422929054054054,0.169175,0.0,0.169175,2.783806401967852,0.94575,0.42286694819819826,0.05425000000000001,0.0,0.05425000000000001,2.848610776968353,0.63,0.6,0.66,False,False,0,,,,,20320820,15000,40000,80000
6,1,113,1.153801893948942,2.402482330166279,2.558761892263026,0.3640540769664973,2.0,20.0,0.8250000000000001,0.328801893948942,1.2099040836418535,1.1000827423070314,0.9092313656763137,0.88644375,0.5657945945945946,0.11355625,0.0,0.11355625,2.7992474707180888,0.9454125,0.42260059121621624,0.0545875,0.0,0.0545875,2.849109245718352,0.9,0.87,0.93,False,True,1,0.78,1.0200000000000002,,,20320820,15000,40000,80000
6,1,113,1.153801893948942,2.402482330166279,2.558761892263026,0.3640540769664973,3.0,30.0,1.075,0.0788018939489421,0.919940258334643,0.913136151492865,0.9926037514065366,0.9351375,0.4553907094594595,0.06486249999999999,0.0,0.06486249999999999,2.8350015894683045,0.94575,0.42286694819819826,0.05425000000000001,0.0,0.05425000000000001,2.848610776968353,1.05,1.02,1.08,False,False,0,,,,,20320820,15000,40000,80000
6,1,113,1.153801893948942,2.402482330166279,2.558761892263026,0.3640540769664973,4.0,40.0,1.32,-0.166198106051058,0.7443392900667474,0.722692443146947,0.970918038038998,0.963375,0.36079977477477476,0.036625000000000005,0.0,0.036625000000000005,2.8790603644684367,0.94575,0.42286694819819826,0.05425000000000001,0.0,0.05425000000000001,2.848610776968353,1.3,1.27,1.33,False,False,0,,,,,20320820,15000,40000,80000
7,3,38,1.1433398619559187,2.333563797423241,2.737674543202974,0.2922953419018217,0.0,0.0,0.58,0.5633398619559188,2.8530465103029194,2.2334460849680586,0.7828284876894365,0.8134625,0.772458445945946,0.18653750000000002,0.0,0.18653750000000002,2.7074863419031017,0.9471375,0.6190741554054054,0.05286249999999999,0.0,0.05286249999999999,2.7718338919036816,0.59,0.56,0.62,False,False,0,,,0.58,0.0,20330820,15000,40000,80000
7,3,38,1.1433398619559187,2.333563797423241,2.737674543202974,0.2922953419018217,0.5,5.0,0.685,0.4583398619559187,2.5476323794906617,2.138089541139066,0.8392457084277308,0.8495874999999999,0.7662618806306306,0.1504125,0.0,0.1504125,2.712540616903255,0.9471375,0.6190741554054054,0.05286249999999999,0.0,0.05286249999999999,2.7718338919036816,0.69,0.66,0.72,False,False,0,,,,,20330820,15000,40000,80000
7,3,38,1.1433398619559187,2.333563797423241,2.737674543202974,0.2922953419018217,1.0,10.0,0.78,0.3633398619559187,2.2988603884927628,2.0427329973100736,0.8885850604652779,0.87775,0.7476207770270271,0.12225,0.0,0.12225,2.7203512669033745,0.9471375,0.6190741554054054,0.05286249999999999,0.0,0.05286249999999999,2.7718338919036816,0.8,0.77,0.83,False,False,0,,,,,20330820,15000,40000,80000
7,3,38,1.1433398619559187,2.333563797423241,2.737674543202974,0.2922953419018217,2.0,20.0,0.905,0.23833986195591872,1.921548254192066,1.8520199096520888,0.9638164982907436,0.9077124999999999,0.7101061936936937,0.0922875,0.0,0.0922875,2.734936229403505,0.9471375,0.6190741554054054,0.05286249999999999,0.0,0.05286249999999999,2.7718338919036816,0.9,0.87,0.93,False,False,0,,,,,20330820,15000,40000,80000
7,3,38,1.1433398619559187,2.333563797423241,2.737674543202974,0.2922953419018217,3.0,30.0,1.08,0.06333986195591867,1.6656977186314634,1.6490953552028995,0.9900327873161738,0.93811875,0.6454717905405405,0.06188125,0.0,0.06188125,2.760573154403639,0.9459875,0.6190926238738739,0.054012500000000005,0.0,0.054012500000000005,2.771550610653677,1.05,1.02,1.08,False,True,1,0.93,1.1700000000000004,,,20330820,15000,40000,80000
7,3,38,1.1433398619559187,2.333563797423241,2.737674543202974,0.2922953419018217,4.0,40.0,1.2199999999999958,-0.07666013804407701,1.4667147332104997,1.4542134728646186,0.9914766927318462,0.955125,0.5879579110360362,0.044875,0.0,0.044875,2.7848490356537194,0.9459875,0.6190926238738739,0.054012500000000005,0.0,0.054012500000000005,2.771550610653677,1.15,1.12,1.18,False,True,1,1.0299999999999998,1.2699999999999947,,,20330820,15000,40000,80000
8,1,1049,1.077029096701764,2.258225662642531,2.506846208333509,0.3229141594648486,0.0,0.0,0.53,0.5470290967017639,2.649469910970838,1.9810961114283638,0.7477330099976248,0.777075,0.7277409346846847,0.222925,0.0,0.222925,2.7467416469659796,0.9269875000000001,0.5554277027027026,0.07301250000000001,0.0,0.07301250000000001,2.8036383469666246,0.53,0.5,0.56,False,False,0,,,0.53,0.0,20340820,15000,40000,80000
8,1,1049,1.077029096701764,2.258225662642531,2.506846208333509,0.3229141594648486,0.5,5.0,0.6150000000000001,0.46202909670176384,2.2965137162657876,1.8573644057599463,0.8087756640008605,0.813125,0.7242874718468468,0.186875,0.0,0.186875,2.7469897844661304,0.92873125,0.5561856981981982,0.07126874999999999,0.0,0.07126874999999999,2.802634321966631,0.59,0.56,0.62,False,True,1,0.47,0.7100000000000002,,,20340820,15000,40000,80000
8,1,1049,1.077029096701764,2.258225662642531,2.506846208333509,0.3229141594648486,1.0,10.0,0.705,0.372029096701764,1.9760587735709516,1.7206755758090129,0.8707613350485351,0.842125,0.7019945945945945,0.157875,0.0,0.157875,2.7535597719662537,0.9269875000000001,0.5554277027027026,0.07301250000000001,0.0,0.07301250000000001,2.8036383469666246,0.73,0.7,0.76,False,False,0,,,,,20340820,15000,40000,80000
8,1,1049,1.077029096701764,2.258225662642531,2.506846208333509,0.3229141594648486,2.0,20.0,0.9,0.17702909670176392,1.5082957272757154,1.460255040189662,0.968149026601816,0.8937625,0.6311268018018017,0.1062375,0.0,0.1062375,2.7756612594664762,0.9269875000000001,0.5554277027027026,0.07301250000000001,0.0,0.07301250000000001,2.8036383469666246,0.9,0.87,0.93,False,False,0,,,,,20340820,15000,40000,80000
8,1,1049,1.077029096701764,2.258225662642531,2.506846208333509,0.3229141594648486,3.0,30.0,1.175,-0.0979709032982361,1.1939313946277412,1.199834504570311,1.0049442622659321,0.9410875,0.5135633445945946,0.0589125,0.0,0.0589125,2.8211490719666887,0.9269875000000001,0.5554277027027026,0.07301250000000001,0.0,0.07301250000000001,2.8036383469666246,1.2,1.17,1.23,False,False,0,,,,,20340820,15000,40000,80000
8,1,1049,1.077029096701764,2.258225662642531,2.506846208333509,0.3229141594648486,4.0,40.0,1.28,-0.20297090329823608,1.001983927627112,0.93941396895096,0.9375539298077069,0.9536374999999999,0.4701060810810811,0.0463625,0.0,0.0463625,2.8409246219667477,0.9269875000000001,0.5554277027027026,0.07301250000000001,0.0,0.07301250000000001,2.8036383469666246,1.3,1.27,1.33,False,False,0,,,,,20340820,15000,40000,80000
9,2,369,1.109663261117456,2.570338626222709,2.8177018051807226,0.340498674212132,0.0,0.0,0.51,0.5996632611174559,2.6872833955782474,1.9033341576417637,0.7082744457743378,0.79755,0.7385275900900901,0.20245000000000002,0.0,0.20245000000000002,2.7482311367133434,0.9509624999999999,0.5332133445945947,0.0490375,0.0,0.0490375,2.8014699492140016,0.51,0.48,0.54,False,False,0,,,0.51,0.0,20350820,15000,40000,80000
9,2,369,1.109663261117456,2.570338626222709,2.8177018051807226,0.340498674212132,0.5,5.0,0.5950000000000001,0.5146632611174559,2.357927768005913,1.8234469045689197,0.7733260235155545,0.83316875,0.7311502533783785,0.16683125,0.0,0.16683125,2.747050342963492,0.952275,0.5344751407657657,0.047725000000000004,0.0,0.047725000000000004,2.8002605367140068,0.61,0.58,0.64,False,True,1,0.49,0.7300000000000002,,,20350820,15000,40000,80000
9,2,369,1.109663261117456,2.570338626222709,2.8177018051807226,0.340498674212132,1.0,10.0,0.665,0.4446632611174559,2.08211958253109,1.7382316194654783,0.8348375540238805,0.85784375,0.714615625,0.14215624999999998,0.0,0.14215624999999998,2.749406805463596,0.952275,0.5344751407657657,0.047725000000000004,0.0,0.047725000000000004,2.8002605367140068,0.71,0.68,0.74,False,True,1,0.59,0.8300000000000002,,,20350820,15000,40000,80000
9,2,369,1.109663261117456,2.570338626222709,2.8177018051807226,0.340498674212132,2.0,20.0,0.875,0.23466326111745595,1.6653547800290316,1.5532500882855442,0.9326841985336404,0.912775,0.6355131193693693,0.087225,0.0,0.087225,2.7685579367138313,0.9509624999999999,0.5332133445945947,0.0490375,0.0,0.0490375,2.8014699492140016,0.85,0.82,0.88,False,False,0,,,,,20350820,15000,40000,80000
9,2,369,1.109663261117456,2.570338626222709,2.8177018051807226,0.340498674212132,3.0,30.0,1.005,0.10466326111745605,1.3981632643319237,1.3782080536074341,0.9857275532596512,0.93675,0.5792112049549549,0.06325,0.0,0.06325,2.7855202242139367,0.9509624999999999,0.5332133445945947,0.0490375,0.0,0.0490375,2.8014699492140016,1.0,0.97,1.03,False,False,0,,,,,20350820,15000,40000,80000
9,2,369,1.109663261117456,2.570338626222709,2.8177018051807226,0.340498674212132,4.0,40.0,1.125,-0.015336738882544054,1.2060387752212602,1.2031660189293243,0.9976180232750734,0.952875,0.5266568130630631,0.047125,0.0,0.047125,2.80386352421401,0.9509624999999999,0.5332133445945947,0.0490375,0.0,0.0490375,2.8014699492140016,1.1,1.07,1.13,False,False,0,,,,,20350820,15000,40000,80000
10,2,383,1.1241517871257989,2.501447223453006,2.759727576797149,0.3151401752872842,0.0,0.0,0.56,0.5641517871257988,2.7893026582957834,2.1113554387064215,0.7569474156656861,0.8121750000000001,0.7602843468468468,0.18782500000000002,0.0,0.18782500000000002,2.7257147752885578,0.949125,0.5875353603603604,0.050875000000000004,0.0,0.050875000000000004,2.782740175289148,0.57,0.54,0.6,False,False,0,,,0.56,0.0,20360820,15000,40000,80000
10,2,383,1.1241517871257989,2.501447223453006,2.759727576797149,0.3151401752872842,0.5,5.0,0.64,0.48415178712579887,2.4727180172782792,2.0199437423292816,0.8168920710791899,0.84145,0.7537936936936936,0.15855,0.0,0.15855,2.7278431627886803,0.949125,0.5875353603603604,0.050875000000000004,0.0,0.050875000000000004,2.782740175289148,0.63,0.6,0.66,False,False,0,,,,,20360820,15000,40000,80000
10,2,383,1.1241517871257989,2.501447223453006,2.759727576797149,0.3151401752872842,1.0,10.0,0.7400000000000001,0.3841517871257988,2.224477349155091,1.9278976553523837,0.8666744375188378,0.8748687500000001,0.7331667229729728,0.12513125,0.0,0.12513125,2.7333857690388217,0.9500875,0.5864611768018018,0.0499125,0.0,0.0499125,2.783076556539152,0.71,0.68,0.74,False,True,1,0.59,0.8300000000000002,,,20360820,15000,40000,80000
10,2,383,1.1241517871257989,2.501447223453006,2.759727576797149,0.3151401752872842,2.0,20.0,0.9300000000000002,0.19415178712579872,1.8424229178293314,1.7485547627441123,0.9490517870914182,0.9200250000000001,0.6673523930180181,0.07997499999999999,0.0,0.07997499999999999,2.753995231539017,0.9500875,0.5864611768018018,0.0499125,0.0,0.0499125,2.783076556539152,0.9,0.87,0.93,False,True,1,0.78,1.0200000000000002,,,20360820,15000,40000,80000
10,2,383,1.1241517871257989,2.501447223453006,2.759727576797149,0.3151401752872842,3.0,30.0,1.03,0.09415178712579886,1.5761448763342398,1.5628852604435834,0.9915873114903655,0.9363,0.6273720157657656,0.0637,0.0,0.0637,2.7679690002890895,0.949125,0.5875353603603604,0.050875000000000004,0.0,0.050875000000000004,2.782740175289148,1.05,1.02,1.08,False,False,0,,,,,20360820,15000,40000,80000
10,2,383,1.1241517871257989,2.501447223453006,2.759727576797149,0.3151401752872842,4.0,40.0,1.185,-0.06084821287420117,1.401394844522135,1.380061867689304,0.9847773260218426,0.9571125,0.5628601914414414,0.0428875,0.0,0.0428875,2.7922907877891845,0.949125,0.5875353603603604,0.050875000000000004,0.0,0.050875000000000004,2.782740175289148,1.2,1.17,1.23,False,False,0,,,,,20360820,15000,40000,80000
11,2,290,1.1136727066966468,2.6231799551546784,2.5021215070019127,0.3241189591195035,0.0,0.0,0.555,0.5586727066966467,2.7186443525446995,2.0013817584530154,0.7361690235722398,0.8048875,0.7443249436936936,0.19511250000000002,0.0,0.19511250000000002,2.737853309120747,0.946025,0.5593243806306305,0.053975,0.0,0.053975,2.794691109121355,0.53,0.5,0.56,False,False,0,,,0.555,0.0,20370820,15000,40000,80000
11,2,290,1.1136727066966468,2.6231799551546784,2.5021215070019127,0.3241189591195035,0.5,5.0,0.63,0.48367270669664675,2.385568912878577,1.9048147356721512,0.79847399309613,0.833975,0.7364712274774775,0.16602499999999998,0.0,0.16602499999999998,2.739215471620869,0.946025,0.5593243806306305,0.053975,0.0,0.053975,2.794691109121355,0.63,0.6,0.66,False,False,0,,,,,20370820,15000,40000,80000
11,2,290,1.1136727066966468,2.6231799551546784,2.5021215070019127,0.3241189591195035,1.0,10.0,0.705,0.4086727066966468,2.1059371606674104,1.8082477128912873,0.8586427680103332,0.858775,0.7189768581081081,0.141225,0.0,0.141225,2.7434430091209743,0.946025,0.5593243806306305,0.053975,0.0,0.053975,2.794691109121355,0.71,0.68,0.74,False,False,0,,,,,20370820,15000,40000,80000
11,2,290,1.1136727066966468,2.6231799551546784,2.5021215070019127,0.3241189591195035,2.0,20.0,0.885,0.22867270669664674,1.699895622082126,1.615113667329559,0.9501251996585994,0.90655,0.6562509572072073,0.09345,0.0,0.09345,2.761057509121179,0.946025,0.5593243806306305,0.053975,0.0,0.053975,2.794691109121355,0.9,0.87,0.93,False,False,0,,,,,20370820,15000,40000,80000
11,2,290,1.1136727066966468,2.6231799551546784,2.5021215070019127,0.3241189591195035,3.0,30.0,1.06,0.0536727066966467,1.4284916887701775,1.421979621767831,0.9954412986413993,0.9385,0.5824769144144144,0.0615,0.0,0.0615,2.785993909121321,0.946025,0.5593243806306305,0.053975,0.0,0.053975,2.794691109121355,1.05,1.02,1.08,False,False,0,,,,,20370820,15000,40000,80000
11,2,290,1.1136727066966468,2.6231799551546784,2.5021215070019127,0.3241189591195035,4.0,40.0,1.185,-0.0713272933033533,1.2466495482370064,1.228845576206103,0.9857185429088059,0.9551375,0.5293297297297297,0.0448625,0.0,0.0448625,2.8065604341213977,0.946025,0.5593243806306305,0.053975,0.0,0.053975,2.794691109121355,1.2,1.17,1.23,False,False,0,,,,,20370820,15000,40000,80000
12,1,431,1.0953972495648454,2.473497627989929,2.648865962008605,0.3161185473936492,0.0,0.0,0.5500000000000002,0.5453972495648453,2.7645520249071076,2.11351098812101,0.7645039663133222,0.80369375,0.7545137105855856,0.19630625000000002,0.0,0.19630625000000002,2.729244028644888,0.94329375,0.5882748592342344,0.05670625,0.0,0.05670625,2.7834009973954883,0.53,0.5,0.56,False,True,1,0.41000000000000003,0.6500000000000002,0.5499999999999999,2.220446049250313e-16,20380820,15000,40000,80000
12,1,431,1.0953972495648454,2.473497627989929,2.648865962008605,0.3161185473936492,0.5,5.0,0.6450000000000001,0.4503972495648453,2.4390803227991222,2.0116459495350107,0.8247559257197475,0.8391187499999999,0.7467239583333334,0.16088125,0.0,0.16088125,2.731699022395037,0.94329375,0.5882748592342344,0.05670625,0.0,0.05670625,2.7834009973954883,0.61,0.58,0.64,False,True,1,0.49,0.7300000000000002,,,20380820,15000,40000,80000
12,1,431,1.0953972495648454,2.473497627989929,2.648865962008605,0.3161185473936492,1.0,10.0,0.74,0.3553972495648454,2.185222487111735,1.9203242540444847,0.8787774541816229,0.8714375000000001,0.726645045045045,0.1285625,0.0,0.1285625,2.736941197395173,0.9448875,0.5895763513513514,0.055112499999999995,0.0,0.055112499999999995,2.7831958598954953,0.73,0.7,0.76,False,False,0,,,,,20380820,15000,40000,80000
12,1,431,1.0953972495648454,2.473497627989929,2.648865962008605,0.3161185473936492,2.0,20.0,0.94,0.15539724956484546,1.7975606167298503,1.7223054915342912,0.958134860935892,0.9200625,0.6558556869369369,0.0799375,0.0,0.0799375,2.7591875473953835,0.9448875,0.5895763513513514,0.055112499999999995,0.0,0.055112499999999995,2.7831958598954953,0.95,0.92,0.98,False,False,0,,,,,20380820,15000,40000,80000
12,1,431,1.0953972495648454,2.473497627989929,2.648865962008605,0.3161185473936492,3.0,30.0,1.05,0.045397249564845366,1.5327981818816643,1.5242867290240976,0.9944471144615281,0.9386875,0.6093956644144144,0.0613125,0.0,0.0613125,2.775695909895467,0.9448875,0.5895763513513514,0.055112499999999995,0.0,0.055112499999999995,2.7831958598954953,1.05,1.02,1.08,False,False,0,,,,,20380820,15000,40000,80000
12,1,431,1.0953972495648454,2.473497627989929,2.648865962008605,0.3161185473936492,4.0,40.0,1.14,-0.04460275043515449,1.340747691198579,1.3262679665139039,0.9892002613319955,0.9509000000000001,0.5705432432432433,0.049100000000000005,0.0,0.049100000000000005,2.790556684895523,0.9448875,0.5895763513513514,0.055112499999999995,0.0,0.055112499999999995,2.7831958598954953,1.15,1.12,1.18,False,False,0,,,,,20380820,15000,40000,80000
13,4,283,1.0871131181075877,2.4481355345978115,2.9434443298428272,0.3129766698395846,0.0,0.0,0.555,0.5321131181075877,2.8375905722619166,2.2285405831451386,0.785363683164732,0.81815,0.7716031531531531,0.18185,0.0,0.18185,2.719219469840881,0.9486125000000001,0.6174719031531531,0.0513875,0.0,0.0513875,2.7707456073414436,0.57,0.54,0.6,False,False,0,,,0.555,0.0,20390820,15000,40000,80000
13,4,283,1.0871131181075877,2.4481355345978115,2.9434443298428272,0.3129766698395846,0.5,5.0,0.675,0.41211311810758766,2.5445784545602956,2.135808323886399,0.8393564443095419,0.8618625,0.7618179617117118,0.1381375,0.0,0.1381375,2.7224517698410646,0.9486125000000001,0.6174719031531531,0.0513875,0.0,0.0513875,2.7707456073414436,0.67,0.64,0.7,False,False,0,,,,,20390820,15000,40000,80000
13,4,283,1.0871131181075877,2.4481355345978115,2.9434443298428272,0.3129766698395846,1.0,10.0,0.71,0.37711311810758774,2.3025847055886115,2.04307606462766,0.8872968102623554,0.8727625,0.7546030405405405,0.1272375,0.0,0.1272375,2.7246143823411115,0.9486125000000001,0.6174719031531531,0.0513875,0.0,0.0513875,2.7707456073414436,0.73,0.7,0.76,False,False,0,,,,,20390820,15000,40000,80000
13,4,283,1.0871131181075877,2.4481355345978115,2.9434443298428272,0.3129766698395846,2.0,20.0,0.895,0.1921131181075877,1.9314167510883375,1.857611546110181,0.961787012079828,0.9173875,0.6951000563063063,0.0826125,0.0,0.0826125,2.7434527323413036,0.9486125000000001,0.6174719031531531,0.0513875,0.0,0.0513875,2.7707456073414436,0.9,0.87,0.93,False,False,0,,,,,20390820,15000,40000,80000
13,4,283,1.0871131181075877,2.4481355345978115,2.9434443298428272,0.3129766698395846,3.0,30.0,1.05,0.03711311810758766,1.6770306460832363,1.6721470275927024,0.9970879372407775,0.943575,0.6329774211711712,0.056425,0.0,0.056425,2.76502055734142,0.9486125000000001,0.6174719031531531,0.0513875,0.0,0.0513875,2.7707456073414436,1.05,1.02,1.08,False,False,0,,,,,20390820,15000,40000,80000
13,4,283,1.0871131181075877,2.4481355345978115,2.9434443298428272,0.3129766698395846,4.0,40.0,1.18,-0.09288688189241223,1.4904941238204519,1.4866825090752236,0.997442717361771,0.9592625,0.5781804617117117,0.040737499999999996,0.0,0.040737499999999996,2.7858577573414927,0.9486125000000001,0.6174719031531531,0.0513875,0.0,0.0513875,2.7707456073414436,1.2,1.17,1.23,False,False,0,,,,,20390820,15000,40000,80000
14,4,622,1.165964861075023,2.6437236832804167,2.3481190708832784,0.3137865005993283,0.0,0.0,0.545,0.620964861075023,2.737220609174657,1.9784526106339446,0.7227961838379184,0.7936000000000001,0.7477616554054054,0.2064,0.0,0.2064,2.7318282381005266,0.945325,0.5541880630630631,0.054675,0.0,0.054675,2.801118713101183,0.57,0.54,0.6,False,False,0,,,0.545,0.0,20400820,15000,40000,80000
14,4,622,1.165964861075023,2.6437236832804167,2.3481190708832784,0.3137865005993283,0.5,5.0,0.6400000000000001,0.5259648610750229,2.4179623003957165,1.8900530563050266,0.7816718465774699,0.83226875,0.7446278153153152,0.16773125,0.0,0.16773125,2.7327232943506887,0.94751875,0.5554237894144144,0.05248125,0.0,0.05248125,2.7998323256011926,0.61,0.58,0.64,False,True,1,0.49,0.7300000000000002,,,20400820,15000,40000,80000
14,4,622,1.165964861075023,2.6437236832804167,2.3481190708832784,0.3137865005993283,1.0,10.0,0.725,0.4409648610750231,2.12233076664313,1.783262739728873,0.8402378968238972,0.8573625,0.7241132882882882,0.1426375,0.0,0.1426375,2.739798138100796,0.945325,0.5541880630630631,0.054675,0.0,0.054675,2.801118713101183,0.75,0.72,0.78,False,False,0,,,,,20400820,15000,40000,80000
14,4,622,1.165964861075023,2.6437236832804167,2.3481190708832784,0.3137865005993283,2.0,20.0,0.89,0.27596486107502305,1.709158189179241,1.5880728688238013,0.92915499506012,0.9006125,0.6700402027027028,0.09938749999999999,0.0,0.09938749999999999,2.7572942381009815,0.945325,0.5541880630630631,0.054675,0.0,0.054675,2.801118713101183,0.9,0.87,0.93,False,False,0,,,,,20400820,15000,40000,80000
14,4,622,1.165964861075023,2.6437236832804167,2.3481190708832784,0.3137865005993283,3.0,30.0,1.05,0.11596486107502302,1.4096365884682724,1.39288299791873,0.9881149576517824,0.92945,0.603724268018018,0.07055,0.0,0.07055,2.7813854381011103,0.945325,0.5541880630630631,0.054675,0.0,0.054675,2.801118713101183,1.05,1.02,1.08,False,False,0,,,,,20400820,15000,40000,80000
14,4,622,1.165964861075023,2.6437236832804167,2.3481190708832784,0.3137865005993283,4.0,40.0,1.27,-0.10403513892497696,1.1975365172790349,1.1976931270136584,1.0001307765837315,0.956775,0.5105863738738738,0.043225,0.0,0.043225,2.8198419756012374,0.945325,0.5541880630630631,0.054675,0.0,0.054675,2.801118713101183,1.25,1.22,1.28,False,False,0,,,,,20400820,15000,40000,80000
15,1,356,1.1178157340307422,2.24483457997138,2.588962334542912,0.310726832959328,0.0,0.0,0.55,0.5678157340307421,2.7288731115935128,2.047303622546685,0.7502377497322226,0.7907375,0.7453884009009009,0.20926250000000002,0.0,0.20926250000000002,2.7314879454605157,0.936275,0.572205349099099,0.063725,0.0,0.063725,2.7949217829611444,0.57,0.54,0.6,False,False,0,,,0.55,0.0,20410820,15000,40000,80000
15,1,356,1.1178157340307422,2.24483457997138,2.588962334542912,0.310726832959328,0.5,5.0,0.645,0.4728157340307422,2.3833271807444043,1.9333022211684951,0.811177851193998,0.8261625,0.7386788288288288,0.1738375,0.0,0.1738375,2.734664732960664,0.936275,0.572205349099099,0.063725,0.0,0.063725,2.7949217829611444,0.67,0.64,0.7,False,False,0,,,,,20410820,15000,40000,80000
15,1,356,1.1178157340307422,2.24483457997138,2.588962334542912,0.310726832959328,1.0,10.0,0.75,0.3678157340307422,2.0917821044024323,1.8193008197903051,0.8697372522507701,0.8592,0.7145167792792793,0.14079999999999998,0.0,0.14079999999999998,2.7427176954608052,0.936275,0.572205349099099,0.063725,0.0,0.063725,2.7949217829611444,0.73,0.7,0.76,False,False,0,,,,,20410820,15000,40000,80000
15,1,356,1.1178157340307422,2.24483457997138,2.588962334542912,0.310726832959328,2.0,20.0,0.925,0.19281573403074215,1.6519886679695914,1.58856215638431,0.961605964486889,0.90235,0.6519633164414415,0.09765,0.0,0.09765,2.7643247517109923,0.93625,0.5715618243243243,0.06375,0.0,0.06375,2.795369526711144,0.95,0.92,0.98,False,True,1,0.83,1.0700000000000003,,,20410820,15000,40000,80000
15,1,356,1.1178157340307422,2.24483457997138,2.588962334542912,0.310726832959328,3.0,30.0,1.085,0.03281573403074223,1.3650458835621435,1.3632952142775447,0.9987175015098904,0.9315,0.5862354166666667,0.0685,0.0,0.0685,2.789176695461122,0.936275,0.572205349099099,0.063725,0.0,0.063725,2.7949217829611444,1.1,1.07,1.13,False,False,0,,,,,20410820,15000,40000,80000
15,1,356,1.1178157340307422,2.24483457997138,2.588962334542912,0.310726832959328,4.0,40.0,1.2999999999999985,-0.1821842659692563,1.157954680523778,1.132450723596358,0.9779749956052824,0.95808125,0.4952869087837838,0.041918750000000005,0.0,0.041918750000000005,2.829229107961246,0.93625,0.5715618243243243,0.06375,0.0,0.06375,2.795369526711144,1.35,1.32,1.38,False,True,1,1.23,1.4699999999999949,,,20410820,15000,40000,80000
16,1,1020,1.1382711013693778,2.299500633219378,2.463200477040219,0.3300901918329274,0.0,0.0,0.505,0.6332711013693778,2.623174314471554,1.7998822511987793,0.6861466435033201,0.7690625,0.7220737612612613,0.23093750000000002,0.0,0.23093750000000002,2.752671666834025,0.936475,0.5077890765765766,0.063525,0.0,0.063525,2.8212349793347467,0.49,0.46,0.52,False,False,0,,,0.505,0.0,20420820,15000,40000,80000
16,1,1020,1.1382711013693778,2.299500633219378,2.463200477040219,0.3300901918329274,0.5,5.0,0.6050000000000001,0.5332711013693777,2.240007057748403,1.7001484300973393,0.758992443446265,0.80803125,0.7129701013513513,0.19196875,0.0,0.19196875,2.7543918855841882,0.93795625,0.5104900056306307,0.06204375,0.0,0.06204375,2.8201545355847526,0.63,0.6,0.66,False,True,1,0.51,0.7500000000000002,,,20420820,15000,40000,80000
16,1,1020,1.1382711013693778,2.299500633219378,2.463200477040219,0.3300901918329274,1.0,10.0,0.69,0.44827110136937787,1.9228490538772705,1.574714902625144,0.8189487882316389,0.838025,0.6925108671171172,0.16197499999999998,0.0,0.16197499999999998,2.759113441834315,0.936475,0.5077890765765766,0.063525,0.0,0.063525,2.8212349793347467,0.69,0.66,0.72,False,False,0,,,,,20420820,15000,40000,80000
16,1,1020,1.1382711013693778,2.299500633219378,2.463200477040219,0.3300901918329274,2.0,20.0,0.91,0.22827110136937778,1.444136423750254,1.3495475540515085,0.9345014306521614,0.8968375,0.6083197635135135,0.1031625,0.0,0.1031625,2.783634266834569,0.936475,0.5077890765765766,0.063525,0.0,0.063525,2.8212349793347467,0.9,0.87,0.93,False,False,0,,,,,20420820,15000,40000,80000
16,1,1020,1.1382711013693778,2.299500633219378,2.463200477040219,0.3300901918329274,3.0,30.0,1.0950000000000002,0.04327110136937762,1.1526068679870962,1.150145325505631,0.9978643694135156,0.93164375,0.5292344031531531,0.06835625000000001,0.0,0.06835625000000001,2.812456373084723,0.93795625,0.5104900056306307,0.06204375,0.0,0.06204375,2.8201545355847526,1.0,0.97,1.03,False,True,1,0.88,1.12,,,20420820,15000,40000,80000
16,1,1020,1.1382711013693778,2.299500633219378,2.463200477040219,0.3300901918329274,4.0,40.0,1.32,-0.18172889863062225,0.9445623942396558,0.8992128569042377,0.9519888388401031,0.9589,0.4340795608108109,0.0411,0.0,0.0411,2.8550740793348517,0.936475,0.5077890765765766,0.063525,0.0,0.063525,2.8212349793347467,1.3,1.27,1.33,False,False,0,,,,,20420820,15000,40000,80000
17,2,13,1.194607015818923,2.550313793504615,2.739608972655316,0.3715795862641714,0.0,0.0,0.42,0.7746070158189231,2.460307938988013,1.4232255827193168,0.5784745722946882,0.7520249999999999,0.6853587837837838,0.247975,0.0,0.247975,2.7856626112651948,0.959175,0.4055444256756757,0.040825,0.0,0.040825,2.849473973766081,0.41,0.38,0.44,False,False,0,,,0.42,0.0,20430820,15000,40000,80000
17,2,13,1.194607015818923,2.550313793504615,2.739608972655316,0.3715795862641714,0.5,5.0,0.51,0.684607015818923,2.0598156572939903,1.3515895537963318,0.6561701524164228,0.7940499999999999,0.6758665540540539,0.20595,0.0,0.20595,2.781275848765369,0.959175,0.4055444256756757,0.040825,0.0,0.040825,2.849473973766081,0.49,0.46,0.52,False,False,0,,,,,20430820,15000,40000,80000
17,2,13,1.194607015818923,2.550313793504615,2.739608972655316,0.3715795862641714,1.0,10.0,0.63,0.564607015818923,1.7275492342235779,1.279953524873347,0.740907118313536,0.840275,0.6404560247747747,0.159725,0.0,0.159725,2.782734148765562,0.959175,0.4055444256756757,0.040825,0.0,0.040825,2.849473973766081,0.65,0.62,0.68,False,False,0,,,,,20430820,15000,40000,80000
17,2,13,1.194607015818923,2.550313793504615,2.739608972655316,0.3715795862641714,2.0,20.0,0.88,0.31460701581892303,1.2680636519804143,1.1366814670273768,0.8963914904840544,0.9100125,0.5354591216216216,0.0899875,0.0,0.0899875,2.8033618112658605,0.959175,0.4055444256756757,0.040825,0.0,0.040825,2.849473973766081,0.9,0.87,0.93,False,False,0,,,,,20430820,15000,40000,80000
17,2,13,1.194607015818923,2.550313793504615,2.739608972655316,0.3715795862641714,3.0,30.0,1.025,0.16960701581892312,1.0175439211721788,0.9934094091814066,0.976281601719,0.9378124999999999,0.4737429617117117,0.0621875,0.0,0.0621875,2.822290573765983,0.959175,0.4055444256756757,0.040825,0.0,0.040825,2.849473973766081,1.05,1.02,1.08,False,False,0,,,,,20430820,15000,40000,80000
17,2,13,1.194607015818923,2.550313793504615,2.739608972655316,0.3715795862641714,4.0,40.0,1.2300000000000004,-0.03539298418107739,0.8602362042185181,0.8569590159425914,0.9961903622983366,0.96303125,0.39343569819819824,0.03696875,0.0,0.03696875,2.854572930016099,0.9594,0.4065151463963964,0.0406,0.0,0.0406,2.8486210175160815,1.05,1.02,1.08,False,True,2,0.8400000000000001,1.2600000000000005,,,20430820,15000,40000,80000
18,1,702,1.1243141082328207,2.390510532418225,2.417967046956281,0.3092634787153826,0.0,0.0,0.55,0.5743141082328207,2.7258719206451145,2.042691328911039,0.7493717197202752,0.7897875000000001,0.7443811936936937,0.2102125,0.0,0.2102125,2.7308003287165663,0.9378,0.5710417792792792,0.062200000000000005,0.0,0.062200000000000005,2.795536316217205,0.57,0.54,0.6,False,False,0,,,0.55,0.0,20440820,15000,40000,80000
18,1,702,1.1243141082328207,2.390510532418225,2.417967046956281,0.3092634787153826,0.5,5.0,0.65,0.4743141082328207,2.384505402467295,1.9314425505654114,0.8099971375895855,0.8278625,0.7379731418918918,0.1721375,0.0,0.1721375,2.7339187037167263,0.9378,0.5710417792792792,0.062200000000000005,0.0,0.062200000000000005,2.795536316217205,0.67,0.64,0.7,False,False,0,,,,,20440820,15000,40000,80000
18,1,702,1.1243141082328207,2.390510532418225,2.417967046956281,0.3092634787153826,1.0,10.0,0.725,0.39931410823282076,2.1016832355654,1.8201937722197838,0.8660647529645974,0.8528249999999999,0.7228333896396397,0.147175,0.0,0.147175,2.7390349787168318,0.9378,0.5710417792792792,0.062200000000000005,0.0,0.062200000000000005,2.795536316217205,0.75,0.72,0.78,False,False,0,,,,,20440820,15000,40000,80000
18,1,702,1.1243141082328207,2.390510532418225,2.417967046956281,0.3092634787153826,2.0,20.0,0.925,0.1993141082328207,1.6688625071843088,1.5976962155285288,0.9573564081226492,0.903375,0.6543420045045045,0.09662499999999999,0.0,0.09662499999999999,2.76291187871705,0.9378,0.5710417792792792,0.062200000000000005,0.0,0.062200000000000005,2.795536316217205,0.9,0.87,0.93,False,False,0,,,,,20440820,15000,40000,80000
18,1,702,1.1243141082328207,2.390510532418225,2.417967046956281,0.3092634787153826,3.0,30.0,1.095,0.029314108232820768,1.3780131217631304,1.3751986588372735,0.9979575935225814,0.9336125,0.5836726351351351,0.0663875,0.0,0.0663875,2.790322741217187,0.9378,0.5710417792792792,0.062200000000000005,0.0,0.062200000000000005,2.795536316217205,1.1,1.07,1.13,False,False,0,,,,,20440820,15000,40000,80000
18,1,702,1.1243141082328207,2.390510532418225,2.417967046956281,0.3092634787153826,4.0,40.0,1.225,-0.10068589176717935,1.1699405554094213,1.1527011021460183,0.9852646758985374,0.9502999999999999,0.5280478040540542,0.049699999999999994,0.0,0.049699999999999994,2.814226778717264,0.9378,0.5710417792792792,0.062200000000000005,0.0,0.062200000000000005,2.795536316217205,1.25,1.22,1.28,False,False,0,,,,,20440820,15000,40000,80000
19,3,502,1.1508422847726505,2.510765296962239,2.477070233855776,0.3294842885113499,0.0,0.0,0.525,0.6258422847726505,2.6621537974249656,1.8563149191297494,0.697298150439436,0.7847124999999999,0.7314599099099099,0.2152875,0.0,0.2152875,2.747624538512511,0.9451375,0.5221164414414414,0.054862499999999995,0.0,0.054862499999999995,2.8126501385132023,0.53,0.5,0.56,False,False,0,,,0.525,0.0,20450820,15000,40000,80000
19,3,502,1.1508422847726505,2.510765296962239,2.477070233855776,0.3294842885113499,0.5,5.0,0.61,0.5408422847726505,2.3037694659115555,1.7587867920997007,0.7634387112617554,0.8185375,0.7239519144144144,0.1814625,0.0,0.1814625,2.7486286010126526,0.9451375,0.5221164414414414,0.054862499999999995,0.0,0.054862499999999995,2.8126501385132023,0.63,0.6,0.66,False,False,0,,,,,20450820,15000,40000,80000
19,3,502,1.1508422847726505,2.510765296962239,2.477070233855776,0.3294842885113499,1.0,10.0,0.73,0.4208422847726505,2.011139062917569,1.661258665069652,0.8260287394844075,0.85955,0.6945522522522523,0.14045000000000002,0.0,0.14045000000000002,2.755166276012826,0.9451375,0.5221164414414414,0.054862499999999995,0.0,0.054862499999999995,2.8126501385132023,0.75,0.72,0.78,False,False,0,,,,,20450820,15000,40000,80000
19,3,502,1.1508422847726505,2.510765296962239,2.477070233855776,0.3294842885113499,2.0,20.0,0.9,0.25084228477265047,1.5849679255094256,1.4662024110095542,0.9250675596720994,0.90415,0.631230686936937,0.09584999999999999,0.0,0.09584999999999999,2.773120388513018,0.9451375,0.5221164414414414,0.054862499999999995,0.0,0.054862499999999995,2.8126501385132023,0.9,0.87,0.93,False,False,0,,,,,20450820,15000,40000,80000
19,3,502,1.1508422847726505,2.510765296962239,2.477070233855776,0.3294842885113499,3.0,30.0,1.04,0.11084228477265046,1.2987160290209228,1.284955233464132,0.9894043076012816,0.93110625,0.5694809121621622,0.06889375,0.0,0.06889375,2.7935257135131377,0.9467625,0.5210665259009009,0.0532375,0.0,0.0532375,2.8121915572632092,1.1,1.07,1.13,False,True,1,0.9800000000000001,1.2200000000000002,,,20450820,15000,40000,80000
19,3,502,1.1508422847726505,2.510765296962239,2.477070233855776,0.3294842885113499,4.0,40.0,1.225,-0.0741577152273496,1.0870984870658134,1.0760899028893591,0.9898734251703657,0.9540625,0.49092657657657657,0.0459375,0.0,0.0459375,2.825655451013244,0.9451375,0.5221164414414414,0.054862499999999995,0.0,0.054862499999999995,2.8126501385132023,1.2,1.17,1.23,False,False,0,,,,,20450820,15000,40000,80000
20,4,79,1.0401163156278637,2.2375832813847207,2.709275403110854,0.3613176213974125,0.0,0.0,0.44,0.6001163156278637,2.472401510331486,1.6924076863359168,0.6845197591345137,0.7464,0.687900900900901,0.2536,0.0,0.2536,2.7823187213984144,0.9282874999999999,0.4786471283783783,0.0717125,0.0,0.0717125,2.8282022838991896,0.45,0.42,0.48,False,False,0,,,0.44,0.0,20460820,15000,40000,80000
20,4,79,1.0401163156278637,2.2375832813847207,2.709275403110854,0.3613176213974125,0.5,5.0,0.53,0.5101163156278636,2.0557093827550927,1.5656266204831388,0.761599199583777,0.7862750000000001,0.6783293355855855,0.213725,0.0,0.213725,2.7799008963985807,0.9282874999999999,0.4786471283783783,0.0717125,0.0,0.0717125,2.8282022838991896,0.53,0.5,0.56,False,False,0,,,,,20460820,15000,40000,80000
20,4,79,1.0401163156278637,2.2375832813847207,2.709275403110854,0.3613176213974125,1.0,10.0,0.655,0.38511631562786364,1.7120496479886662,1.438845554630361,0.8404227975051609,0.8338125000000001,0.6426841216216217,0.1661875,0.0,0.1661875,2.7831939463987796,0.9282874999999999,0.4786471283783783,0.0717125,0.0,0.0717125,2.8282022838991896,0.63,0.6,0.66,False,False,0,,,,,20460820,15000,40000,80000
20,4,79,1.0401163156278637,2.2375832813847207,2.709275403110854,0.3613176213974125,2.0,20.0,0.8400000000000002,0.20011631562786347,1.212001065316309,1.170452660647203,0.9657191681937486,0.88660625,0.5661370777027028,0.11339375000000002,0.0,0.11339375000000002,2.7999115463990054,0.92674375,0.47756010698198204,0.07325625,0.0,0.07325625,2.8283724588991825,0.8,0.77,0.83,False,True,1,0.68,0.9200000000000003,,,20460820,15000,40000,80000
20,4,79,1.0401163156278637,2.2375832813847207,2.709275403110854,0.3613176213974125,3.0,30.0,1.08,-0.03988368437213641,0.9203706096291194,0.9114476990852746,0.9903050896557415,0.93333125,0.460908643018018,0.06666875,0.0,0.06666875,2.8347536338992128,0.92674375,0.47756010698198204,0.07325625,0.0,0.07325625,2.8283724588991825,1.1,1.07,1.13,False,True,1,0.9800000000000001,1.2200000000000002,,,20460820,15000,40000,80000
20,4,79,1.0401163156278637,2.2375832813847207,2.709275403110854,0.3613176213974125,4.0,40.0,1.375,-0.33488368437213634,0.7482696446784295,0.6781591595136935,0.9063031813954365,0.9667250000000001,0.34930726351351354,0.033275,0.0,0.033275,2.8894298338993702,0.9282874999999999,0.4786471283783783,0.0717125,0.0,0.0717125,2.8282022838991896,1.4,1.37,1.43,False,False,0,,,,,20460820,15000,40000,80000
21,3,1180,1.251583714651531,2.1851814987751816,2.444821200568642,0.2991576541630036,0.0,0.0,0.58,0.671583714651531,2.7341616572229874,1.8754900891122337,0.6859470376075412,0.7933250000000001,0.7452782094594594,0.206675,0.0,0.206675,2.725801554164204,0.9474374999999999,0.5284055743243243,0.0525625,0.0,0.0525625,2.817426641664878,0.59,0.56,0.62,False,False,0,,,0.58,0.0,20470820,15000,40000,80000
21,3,1180,1.251583714651531,2.1851814987751816,2.444821200568642,0.2991576541630036,0.5,5.0,0.65,0.6015837146515309,2.380798776609201,1.7822090445897405,0.7485760922340575,0.8185374999999999,0.7404911036036037,0.1814625,0.0,0.1814625,2.72916745416431,0.9474374999999999,0.5284055743243243,0.0525625,0.0,0.0525625,2.817426641664878,0.67,0.64,0.7,False,False,0,,,,,20470820,15000,40000,80000
21,3,1180,1.251583714651531,2.1851814987751816,2.444821200568642,0.2991576541630036,1.0,10.0,0.7450000000000001,0.5065837146515308,2.0746281078632656,1.6834591261999778,0.8114510354021152,0.8474625,0.7204880067567567,0.1525375,0.0,0.1525375,2.7376015229144337,0.9464250000000001,0.5279677083333334,0.053575,0.0,0.053575,2.817963922914873,0.73,0.7,0.76,False,True,1,0.61,0.8500000000000002,,,20470820,15000,40000,80000
21,3,1180,1.251583714651531,2.1851814987751816,2.444821200568642,0.2991576541630036,2.0,20.0,0.96,0.291583714651531,1.6344784075395502,1.5023659110222611,0.9191714641760464,0.9015,0.6489462274774775,0.0985,0.0,0.0985,2.7650792166646685,0.9474374999999999,0.5284055743243243,0.0525625,0.0,0.0525625,2.817426641664878,0.95,0.92,0.98,False,False,0,,,,,20470820,15000,40000,80000
21,3,1180,1.251583714651531,2.1851814987751816,2.444821200568642,0.2991576541630036,3.0,30.0,1.155,0.09658371465153093,1.3384640821914753,1.3158038219772745,0.9830699527049699,0.9351875000000001,0.5690332207207207,0.0648125,0.0,0.0648125,2.7986983416648203,0.9474374999999999,0.5284055743243243,0.0525625,0.0,0.0525625,2.817426641664878,1.15,1.12,1.18,False,False,0,,,,,20470820,15000,40000,80000
21,3,1180,1.251583714651531,2.1851814987751816,2.444821200568642,0.2991576541630036,4.0,40.0,1.255,-0.0034162853484689393,1.1298338222345117,1.1292417329322881,0.9994759500994115,0.9478500000000001,0.5269980292792793,0.05215,0.0,0.05215,2.8180961041648795,0.9474374999999999,0.5284055743243243,0.0525625,0.0,0.0525625,2.817426641664878,1.25,1.22,1.28,False,False,0,,,,,20470820,15000,40000,80000
22,4,925,1.1517204553098574,2.4033627269668965,2.417655468602424,0.3460290585167478,0.0,0.0,0.48,0.6717204553098575,2.555752610755258,1.6392582119568389,0.6413994081658854,0.76205,0.7071367680180181,0.23795,0.0,0.23795,2.766843571017815,0.9413875,0.46488817567567564,0.0586125,0.0,0.0586125,2.835966733518587,0.47,0.44,0.5,False,False,0,,,0.48,0.0,20480820,15000,40000,80000
22,4,925,1.1517204553098574,2.4033627269668965,2.417655468602424,0.3460290585167478,0.5,5.0,0.565,0.5867204553098575,2.157728736633925,1.5359204342120356,0.7118227644352016,0.7974,0.6982622184684686,0.2026,0.0,0.2026,2.7666231085179627,0.9413875,0.46488817567567564,0.0586125,0.0,0.0586125,2.835966733518587,0.59,0.56,0.62,False,False,0,,,,,20480820,15000,40000,80000
22,4,925,1.1517204553098574,2.4033627269668965,2.417655468602424,0.3460290585167478,1.0,10.0,0.655,0.4967204553098574,1.8243808869322684,1.432582656467232,0.7852431839911167,0.8302625,0.6751273648648648,0.16973749999999999,0.0,0.16973749999999999,2.7701992960181006,0.9413875,0.46488817567567564,0.0586125,0.0,0.0586125,2.835966733518587,0.65,0.62,0.68,False,False,0,,,,,20480820,15000,40000,80000
22,4,925,1.1517204553098574,2.4033627269668965,2.417655468602424,0.3460290585167478,2.0,20.0,0.8800000000000001,0.27172045530985733,1.3286603581535352,1.2303126357520688,0.9259797872361134,0.89295625,0.5851325168918919,0.10704375,0.0,0.10704375,2.7926250272683704,0.94151875,0.46583175675675675,0.05848125,0.0,0.05848125,2.835614677268587,0.9,0.87,0.93,False,True,1,0.78,1.0200000000000002,,,20480820,15000,40000,80000
22,4,925,1.1517204553098574,2.4033627269668965,2.417655468602424,0.3460290585167478,3.0,30.0,1.135,0.01672045530985744,1.0201307616238344,1.019231545488018,0.9991185285557069,0.9390375,0.47189234234234234,0.0609625,0.0,0.0609625,2.833017621018576,0.9413875,0.46488817567567564,0.0586125,0.0,0.0586125,2.835966733518587,1.15,1.12,1.18,False,False,0,,,,,20480820,15000,40000,80000
22,4,925,1.1517204553098574,2.4033627269668965,2.417655468602424,0.3460290585167478,4.0,40.0,1.27,-0.11827954469014257,0.8364711588601551,0.8125559899984113,0.9714094519477126,0.9555125,0.417001463963964,0.0444875,0.0,0.0444875,2.8578566210186533,0.9413875,0.46488817567567564,0.0586125,0.0,0.0586125,2.835966733518587,1.25,1.22,1.28,False,False,0,,,,,20480820,15000,40000,80000
23,3,194,1.0878854852739266,2.187771277434756,2.667873856156935,0.3211679145258608,0.0,0.0,0.5400000000000001,0.5478854852739264,2.684067301036629,1.9959049023970263,0.7436120925977439,0.7872625,0.7358230855855856,0.21273750000000002,0.0,0.21273750000000002,2.7414479707770334,0.9312625,0.5588753941441441,0.0687375,0.0,0.0687375,2.800110333277654,0.51,0.48,0.54,False,True,1,0.39,0.6300000000000002,0.5399999999999999,2.220446049250313e-16,20490820,15000,40000,80000
23,3,194,1.0878854852739266,2.187771277434756,2.667873856156935,0.3211679145258608,0.5,5.0,0.625,0.4628854852739266,2.3122761004744206,1.8683748954545247,0.8080241347783603,0.81835,0.7255134009009009,0.18165,0.0,0.18165,2.744864252027164,0.93125,0.5577305743243244,0.06875,0.0,0.06875,2.8011272020276543,0.63,0.6,0.66,False,False,0,,,,,20490820,15000,40000,80000
23,3,194,1.0878854852739266,2.187771277434756,2.667873856156935,0.3211679145258608,1.0,10.0,0.7300000000000001,0.3578854852739265,2.023017204248334,1.7504235040996252,0.8652538893014541,0.8541000000000001,0.7023763231981983,0.1459,0.0,0.1459,2.7507246207773153,0.9312625,0.5588753941441441,0.0687375,0.0,0.0687375,2.800110333277654,0.75,0.72,0.78,False,True,1,0.63,0.8700000000000002,,,20490820,15000,40000,80000
23,3,194,1.0878854852739266,2.187771277434756,2.667873856156935,0.3211679145258608,2.0,20.0,0.915,0.17288548527392655,1.5538124327894938,1.5002195331227075,0.9655087714991615,0.8998375000000001,0.6313118243243243,0.1001625,0.0,0.1001625,2.773737777027514,0.93125,0.5577305743243244,0.06875,0.0,0.06875,2.8011272020276543,0.9,0.87,0.93,False,False,0,,,,,20490820,15000,40000,80000
23,3,194,1.0878854852739266,2.187771277434756,2.667873856156935,0.3211679145258608,3.0,30.0,1.1050000000000002,-0.017114514726073615,1.2611728668669517,1.2594607075048234,0.998642407074312,0.93395625,0.5516379504504505,0.06604375,0.0,0.06604375,2.8029995707776663,0.9312625,0.5588753941441441,0.0687375,0.0,0.0687375,2.800110333277654,1.1,1.07,1.13,False,True,1,0.9800000000000001,1.2200000000000002,,,20490820,15000,40000,80000
23,3,194,1.0878854852739266,2.187771277434756,2.667873856156935,0.3211679145258608,4.0,40.0,1.2399999999999967,-0.15211451472607007,1.0632699001018937,1.0139793092074223,0.9536424468615655,0.95149375,0.4946588400900901,0.04850625,0.0,0.04850625,2.827446164527748,0.9312625,0.5588753941441441,0.0687375,0.0,0.0687375,2.800110333277654,1.2,1.17,1.23,False,True,1,1.08,1.319999999999995,,,20490820,15000,40000,80000
24,1,1126,1.1497401756233636,2.4250885170977896,2.4942152299090936,0.3259073269179904,0.0,0.0,0.53,0.6197401756233636,2.6775741239436126,1.8812731220728316,0.7026035638938859,0.7861125,0.7348372184684684,0.2138875,0.0,0.2138875,2.7444141019191575,0.9440124999999999,0.5288048423423424,0.055987499999999996,0.0,0.055987499999999996,2.8108882019198393,0.51,0.48,0.54,False,False,0,,,0.53,0.0,20500820,15000,40000,80000
24,1,1126,1.1497401756233636,2.4250885170977896,2.4942152299090936,0.3259073269179904,0.5,5.0,0.6,0.5497401756233636,2.3160393877815975,1.7816827150944246,0.7692799718751749,0.8132625,0.7292749999999999,0.1867375,0.0,0.1867375,2.7456625019192713,0.9440124999999999,0.5288048423423424,0.055987499999999996,0.0,0.055987499999999996,2.8108882019198393,0.61,0.58,0.64,False,False,0,,,,,20500820,15000,40000,80000
24,1,1126,1.1497401756233636,2.4250885170977896,2.4942152299090936,0.3259073269179904,1.0,10.0,0.71,0.43974017562336365,2.015314622431855,1.6820923081160173,0.8346549414136922,0.8502875000000001,0.7043149774774774,0.14971250000000003,0.0,0.14971250000000003,2.751939926919428,0.9440124999999999,0.5288048423423424,0.055987499999999996,0.0,0.055987499999999996,2.8108882019198393,0.73,0.7,0.76,False,False,0,,,,,20500820,15000,40000,80000
24,1,1126,1.1497401756233636,2.4250885170977896,2.4942152299090936,0.3259073269179904,2.0,20.0,0.93,0.21974017562336357,1.5848863295493258,1.482911494159203,0.9356579500442027,0.9079625,0.6239775337837838,0.0920375,0.0,0.0920375,2.775609364419677,0.9440124999999999,0.5288048423423424,0.055987499999999996,0.0,0.055987499999999996,2.8108882019198393,0.95,0.92,0.98,False,False,0,,,,,20500820,15000,40000,80000
24,1,1126,1.1497401756233636,2.4250885170977896,2.4942152299090936,0.3259073269179904,3.0,30.0,1.11,0.039740175623363516,1.2965968486970854,1.2837306802023887,0.9900769707194449,0.93905,0.5463869932432431,0.060950000000000004,0.0,0.060950000000000004,2.803778164419816,0.9440124999999999,0.5288048423423424,0.055987499999999996,0.0,0.055987499999999996,2.8108882019198393,1.1,1.07,1.13,False,False,0,,,,,20500820,15000,40000,80000
24,1,1126,1.1497401756233636,2.4250885170977896,2.4942152299090936,0.3259073269179904,4.0,40.0,1.25,-0.10025982437663639,1.0969754894489399,1.0845498662455744,0.9886728342402551,0.9559249999999999,0.486622804054054,0.044075,0.0,0.044075,2.828894601919895,0.9440124999999999,0.5288048423423424,0.055987499999999996,0.0,0.055987499999999996,2.8108882019198393,1.25,1.22,1.28,False,False,0,,,,,20500820,15000,40000,80000
25,4,1152,1.0532794643129717,2.2626128880263017,2.6242790694893694,0.3181172028747238,0.0,0.0,0.545,0.5082794643129717,2.7070651864489426,2.1032952792615323,0.7769651391441298,0.791125,0.741006081081081,0.208875,0.0,0.208875,2.737304165375912,0.9295374999999999,0.5864166103603604,0.0704625,0.0,0.0704625,2.7880850403765063,0.55,0.52,0.58,False,False,0,,,0.545,0.0,20510820,15000,40000,80000
25,4,1152,1.0532794643129717,2.2626128880263017,2.6242790694893694,0.3181172028747238,0.5,5.0,0.655,0.3982794643129717,2.351767447898607,1.9769316659219536,0.8406152860430213,0.8316874999999999,0.7287877815315316,0.16831249999999998,0.0,0.16831249999999998,2.7410513403760826,0.9295374999999999,0.5864166103603604,0.0704625,0.0,0.0704625,2.7880850403765063,0.63,0.6,0.66,False,False,0,,,,,20510820,15000,40000,80000
25,4,1152,1.0532794643129717,2.2626128880263017,2.6242790694893694,0.3181172028747238,1.0,10.0,0.75,0.3032794643129717,2.0578749756778576,1.8505680525823751,0.8992616531394497,0.8615125,0.7040346846846846,0.1384875,0.0,0.1384875,2.7482096403762095,0.9295374999999999,0.5864166103603604,0.0704625,0.0,0.0704625,2.7880850403765063,0.75,0.72,0.78,False,False,0,,,,,20510820,15000,40000,80000
25,4,1152,1.0532794643129717,2.2626128880263017,2.6242790694893694,0.3181172028747238,2.0,20.0,0.92,0.13327946431297166,1.6265052845156618,1.597840825903218,0.9823766581729985,0.9041874999999999,0.6418416103603604,0.0958125,0.0,0.0958125,2.767999677876394,0.9295374999999999,0.5864166103603604,0.0704625,0.0,0.0704625,2.7880850403765063,0.9,0.87,0.93,False,False,0,,,,,20510820,15000,40000,80000
25,4,1152,1.0532794643129717,2.2626128880263017,2.6242790694893694,0.3181172028747238,3.0,30.0,1.08,-0.02672053568702837,1.3497659273551783,1.345113599224061,0.9965532333889674,0.9339375,0.575103322072072,0.0660625,0.0,0.0660625,2.7924532278765266,0.9295374999999999,0.5864166103603604,0.0704625,0.0,0.0704625,2.7880850403765063,1.1,1.07,1.13,False,False,0,,,,,20510820,15000,40000,80000
25,4,1152,1.0532794643129717,2.2626128880263017,2.6242790694893694,0.3181172028747238,4.0,40.0,1.21,-0.15672053568702826,1.1355045538309,1.0923863725449041,0.9620272933820244,0.9502999999999999,0.5185597972972973,0.0497,0.0,0.0497,2.8160151028766025,0.9295374999999999,0.5864166103603604,0.0704625,0.0,0.0704625,2.7880850403765063,1.2,1.17,1.23,False,False,0,,,,,20510820,15000,40000,80000
26,4,719,1.1610066406227135,2.350618503403965,2.908641818585162,0.2967442643355308,0.0,0.0,0.61,0.5510066406227135,2.876793356646624,2.2226109376728935,0.7726001356815257,0.8324375,0.7789445945945945,0.1675625,0.0,0.1675625,2.707683514336889,0.95275,0.6161171734234234,0.04725,0.0,0.04725,2.772042389337412,0.61,0.58,0.64,False,False,0,,,0.61,0.0,20520820,15000,40000,80000
26,4,719,1.1610066406227135,2.350618503403965,2.908641818585162,0.2967442643355308,0.5,5.0,0.695,0.4660066406227136,2.5819047651677365,2.1373849682184836,0.8278326129816124,0.8599625,0.7703221283783784,0.1400375,0.0,0.1400375,2.7123517018370054,0.95275,0.6161171734234234,0.04725,0.0,0.04725,2.772042389337412,0.69,0.66,0.72,False,False,0,,,,,20520820,15000,40000,80000
26,4,719,1.1610066406227135,2.350618503403965,2.908641818585162,0.2967442643355308,1.0,10.0,0.78,0.3810066406227135,2.345513235166376,2.0521589987640736,0.8749296179599286,0.8846499999999999,0.7531088963963964,0.11535000000000001,0.0,0.11535000000000001,2.71905903933711,0.95275,0.6161171734234234,0.04725,0.0,0.04725,2.772042389337412,0.8,0.77,0.83,False,False,0,,,,,20520820,15000,40000,80000
26,4,719,1.1610066406227135,2.350618503403965,2.908641818585162,0.2967442643355308,2.0,20.0,0.93,0.23100664062271348,1.9884959334182437,1.8865291637829065,0.9487216604662322,0.918775,0.7065554898648649,0.08122499999999999,0.0,0.08122499999999999,2.736266545587259,0.9532499999999999,0.6164003378378378,0.04675,0.0,0.04675,2.771758570587414,0.95,0.92,0.98,False,True,1,0.83,1.0700000000000003,,,20520820,15000,40000,80000
26,4,719,1.1610066406227135,2.350618503403965,2.908641818585162,0.2967442643355308,3.0,30.0,1.06,0.10100664062271347,1.727882217965463,1.7112551209464335,0.9903771814732792,0.9397500000000001,0.6568894144144145,0.06025,0.0,0.06025,2.755624251837353,0.95275,0.6161171734234234,0.04725,0.0,0.04725,2.772042389337412,1.05,1.02,1.08,False,False,0,,,,,20520820,15000,40000,80000
26,4,719,1.1610066406227135,2.350618503403965,2.908641818585162,0.2967442643355308,4.0,40.0,1.22,-0.05899335937728645,1.5436596291679092,1.5408031820376134,0.9981495615507963,0.9593,0.5922495495495496,0.0407,0.0,0.0407,2.7820222893374433,0.95275,0.6161171734234234,0.04725,0.0,0.04725,2.772042389337412,1.2,1.17,1.23,False,False,0,,,,,20520820,15000,40000,80000
27,2,277,1.0734888372321747,2.6321654350773827,2.6051896645633343,0.331006633653652,0.0,0.0,0.53,0.5434888372321747,2.7158021180169527,2.024491429004308,0.7454487996653335,0.8016875,0.7443914977477477,0.1983125,0.0,0.1983125,2.740963683654882,0.944225,0.5650114301801802,0.055775,0.0,0.055775,2.7908808211554934,0.51,0.48,0.54,False,False,0,,,0.53,0.0,20530820,15000,40000,80000
27,2,277,1.0734888372321747,2.6321654350773827,2.6051896645633343,0.331006633653652,0.5,5.0,0.605,0.4684888372321747,2.3774286918095795,1.9245677784184192,0.8095165104420166,0.8306875,0.7365270833333334,0.1693125,0.0,0.1693125,2.7419153961550027,0.944225,0.5650114301801802,0.055775,0.0,0.055775,2.7908808211554934,0.61,0.58,0.64,False,False,0,,,,,20530820,15000,40000,80000
27,2,277,1.0734888372321747,2.6321654350773827,2.6051896645633343,0.331006633653652,1.0,10.0,0.72,0.3534888372321747,2.1000769445510277,1.8246441278325303,0.8688463213535341,0.8690625000000001,0.707995213963964,0.1309375,0.0,0.1309375,2.7477931961551647,0.944225,0.5650114301801802,0.055775,0.0,0.055775,2.7908808211554934,0.71,0.68,0.74,False,False,0,,,,,20530820,15000,40000,80000
27,2,277,1.0734888372321747,2.6321654350773827,2.6051896645633343,0.331006633653652,2.0,20.0,0.91,0.16348883723217467,1.6998545578572248,1.6247968266607529,0.9558446157351914,0.9170375,0.6362807432432434,0.0829625,0.0,0.0829625,2.7670352211553717,0.944225,0.5650114301801802,0.055775,0.0,0.055775,2.7908808211554934,0.9,0.87,0.93,False,False,0,,,,,20530820,15000,40000,80000
27,2,277,1.0734888372321747,2.6321654350773827,2.6051896645633343,0.331006633653652,3.0,30.0,1.0350000000000001,0.038488837232174555,1.430784004184124,1.4234271207097176,0.994858145287554,0.93846875,0.583009375,0.061531249999999996,0.0,0.061531249999999996,2.7845965836554667,0.9437875,0.5658715934684684,0.0562125,0.0,0.0562125,2.7906879649054908,1.1,1.07,1.13,False,True,1,0.9800000000000001,1.2200000000000002,,,20530820,15000,40000,80000
27,2,277,1.0734888372321747,2.6321654350773827,2.6051896645633343,0.331006633653652,4.0,40.0,1.165,-0.09151116276782534,1.2307811707932603,1.2251022243171976,0.9953859007508195,0.9551499999999999,0.5247684684684685,0.04485,0.0,0.04485,2.806091583655544,0.944225,0.5650114301801802,0.055775,0.0,0.055775,2.7908808211554934,1.15,1.12,1.18,False,False,0,,,,,20530820,15000,40000,80000
28,1,968,1.147944287106649,2.3385695829214668,3.0026134105638773,0.3485762949360438,0.0,0.0,0.485,0.662944287106649,2.630230761859456,1.7424523827951517,0.6624712964589143,0.7839750000000001,0.7255047297297297,0.21602500000000002,0.0,0.21602500000000002,2.7583310949371995,0.9523999999999999,0.49124352477477484,0.0476,0.0,0.0476,2.819265132437923,0.49,0.46,0.52,False,False,0,,,0.485,0.0,20540820,15000,40000,80000
28,1,968,1.147944287106649,2.3385695829214668,3.0026134105638773,0.3485762949360438,0.5,5.0,0.57,0.577944287106649,2.274539996093877,1.6580332207725317,0.7289532053162013,0.8200375,0.7170796734234235,0.1799625,0.0,0.1799625,2.7570340574373495,0.9523999999999999,0.49124352477477484,0.0476,0.0,0.0476,2.819265132437923,0.59,0.56,0.62,False,False,0,,,,,20540820,15000,40000,80000
28,1,968,1.147944287106649,2.3385695829214668,3.0026134105638773,0.3485762949360438,1.0,10.0,0.68,0.4679442871066489,1.9791726548932158,1.573614058749912,0.7950868029928468,0.8587125,0.6877288851351351,0.1412875,0.0,0.1412875,2.760958644937512,0.9523999999999999,0.49124352477477484,0.0476,0.0,0.0476,2.819265132437923,0.69,0.66,0.72,False,False,0,,,,,20540820,15000,40000,80000
28,1,968,1.147944287106649,2.3385695829214668,3.0026134105638773,0.3485762949360438,2.0,20.0,0.8650000000000002,0.28294428710664876,1.543974899278833,1.403279114589472,0.9088743056930021,0.90720625,0.6144974943693693,0.09279375000000001,0.0,0.09279375000000001,2.7779596324377205,0.95238125,0.4908530686936937,0.047618749999999994,0.0,0.047618749999999994,2.8192222386879227,0.8,0.77,0.83,False,True,1,0.68,0.9200000000000003,,,20540820,15000,40000,80000
28,1,968,1.147944287106649,2.3385695829214668,3.0026134105638773,0.3485762949360438,3.0,30.0,1.025,0.12294428710664906,1.2587251574796925,1.2359374106594323,0.9818961695610443,0.936125,0.5440403153153153,0.063875,0.0,0.063875,2.799779707437848,0.9523999999999999,0.49124352477477484,0.0476,0.0,0.0476,2.819265132437923,1.0,0.97,1.03,False,False,0,,,,,20540820,15000,40000,80000
28,1,968,1.147944287106649,2.3385695829214668,3.0026134105638773,0.3485762949360438,4.0,40.0,1.14,0.007944287106649073,1.0706233281563526,1.0670990866141925,0.9967082339330033,0.9517125,0.4948335022522523,0.0482875,0.0,0.0482875,2.8178304574379194,0.9523999999999999,0.49124352477477484,0.0476,0.0,0.0476,2.819265132437923,1.15,1.12,1.18,False,False,0,,,,,20540820,15000,40000,80000
29,2,20,1.1710441846293156,2.5692365308104987,2.6301960682688024,0.3352336087885494,0.0,0.0,0.515,0.6560441846293156,2.6805595637251054,1.8151564135352272,0.6771557842246753,0.7912375,0.73645365990991,0.20876250000000002,0.0,0.20876250000000002,2.747387783789736,0.953275,0.5105449324324325,0.046725,0.0,0.046725,2.8126773462904344,0.51,0.48,0.54,False,False,0,,,0.515,0.0,20550820,15000,40000,80000
29,2,20,1.1710441846293156,2.5692365308104987,2.6301960682688024,0.3352336087885494,0.5,5.0,0.6,0.5710441846293156,2.3380156794945943,1.7320949844281446,0.7408397640868556,0.8261,0.7292764076576577,0.1739,0.0,0.1739,2.7473143712898813,0.953275,0.5105449324324325,0.046725,0.0,0.046725,2.8126773462904344,0.61,0.58,0.64,False,False,0,,,,,20550820,15000,40000,80000
29,2,20,1.1710441846293156,2.5692365308104987,2.6301960682688024,0.3352336087885494,1.0,10.0,0.685,0.48604418462931553,2.0446515409525716,1.6480689496557661,0.8060390323956894,0.85508125,0.7074870213963964,0.14491874999999999,0.0,0.14491874999999999,2.7514139212900037,0.9541062499999999,0.5094530123873874,0.04589375,0.0,0.04589375,2.8127419212904377,0.71,0.68,0.74,False,True,1,0.59,0.8300000000000002,,,20550820,15000,40000,80000
29,2,20,1.1710441846293156,2.5692365308104987,2.6301960682688024,0.3352336087885494,2.0,20.0,0.8600000000000001,0.3110441846293155,1.6208808008853453,1.4849052066453703,0.9161100593173147,0.90255625,0.6434406531531531,0.09744375,0.0,0.09744375,2.767342008790207,0.9541062499999999,0.5094530123873874,0.04589375,0.0,0.04589375,2.8127419212904377,0.9,0.87,0.93,False,True,1,0.78,1.0200000000000002,,,20550820,15000,40000,80000
29,2,20,1.1710441846293156,2.5692365308104987,2.6301960682688024,0.3352336087885494,3.0,30.0,1.04,0.13104418462931555,1.3495834846762458,1.3217414636349747,0.9793699157129578,0.93685,0.5661974662162161,0.06315,0.0,0.06315,2.791583258790358,0.9541062499999999,0.5094530123873874,0.04589375,0.0,0.04589375,2.8127419212904377,1.05,1.02,1.08,False,True,1,0.93,1.1700000000000004,,,20550820,15000,40000,80000
29,2,20,1.1710441846293156,2.5692365308104987,2.6301960682688024,0.3352336087885494,4.0,40.0,1.174999999999998,-0.003955815370682458,1.1601968777002678,1.1585777206245789,0.9986044117969888,0.9546375,0.5078559684684685,0.0453625,0.0,0.0453625,2.81336706504044,0.9541062499999999,0.5094530123873874,0.04589375,0.0,0.04589375,2.8127419212904377,1.2,1.17,1.23,False,True,1,1.08,1.319999999999995,,,20550820,15000,40000,80000
30,3,57,1.1467117976047654,2.3435170206743,2.7416587032957023,0.3005866225797224,0.0,0.0,0.595,0.5517117976047654,2.826077025010944,2.163466651674236,0.7655370439402153,0.8196,0.7674068130630631,0.1804,0.0,0.1804,2.7154490350810283,0.94755,0.6012819256756758,0.05245,0.0,0.05245,2.7792521100815835,0.61,0.58,0.64,False,False,0,,,0.595,0.0,20560820,15000,40000,80000
30,3,57,1.1467117976047654,2.3435170206743,2.7416587032957023,0.3005866225797224,0.5,5.0,0.69,0.45671179760476543,2.515181681646948,2.06910673410911,0.8226470275317261,0.85225,0.7580087837837837,0.14775,0.0,0.14775,2.7200173600811652,0.94755,0.6012819256756758,0.05245,0.0,0.05245,2.7792521100815835,0.69,0.66,0.72,False,False,0,,,,,20560820,15000,40000,80000
30,3,57,1.1467117976047654,2.3435170206743,2.7416587032957023,0.3005866225797224,1.0,10.0,0.755,0.3917117976047654,2.260683468880937,1.9747468165439845,0.8735176081601136,0.8717874999999999,0.7442690315315315,0.1282125,0.0,0.1282125,2.7250897350812497,0.94755,0.6012819256756758,0.05245,0.0,0.05245,2.7792521100815835,0.75,0.72,0.78,False,False,0,,,,,20560820,15000,40000,80000
30,3,57,1.1467117976047654,2.3435170206743,2.7416587032957023,0.3005866225797224,2.0,20.0,0.935,0.21171179760476533,1.8668693249023383,1.786026981413733,0.9566963030511875,0.9135875,0.6855429617117118,0.0864125,0.0,0.0864125,2.7464051975814305,0.94755,0.6012819256756758,0.05245,0.0,0.05245,2.7792521100815835,0.95,0.92,0.98,False,False,0,,,,,20560820,15000,40000,80000
30,3,57,1.1467117976047654,2.3435170206743,2.7416587032957023,0.3005866225797224,3.0,30.0,1.095,0.05171179760476541,1.6079165973959073,1.5973071462834814,0.9934017404076751,0.9408875,0.6228073198198196,0.0591125,0.0,0.0591125,2.770478397581553,0.94755,0.6012819256756758,0.05245,0.0,0.05245,2.7792521100815835,1.1,1.07,1.13,False,False,0,,,,,20560820,15000,40000,80000
30,3,57,1.1467117976047654,2.3435170206743,2.7416587032957023,0.3005866225797224,4.0,40.0,1.23,-0.0832882023952346,1.4133542780713844,1.40858731115323,0.9966271960313736,0.9570375,0.5667210022522523,0.0429625,0.0,0.0429625,2.793857197581628,0.94755,0.6012819256756758,0.05245,0.0,0.05245,2.7792521100815835,1.25,1.22,1.28,False,False,0,,,,,20560820,15000,40000,80000
31,1,653,1.1338401857721236,2.5304713343458127,2.432303580591698,0.3573964651412329,0.0,0.0,0.455,0.6788401857721236,2.5204473756531773,1.5814011113474173,0.6274287361138001,0.758525,0.6994248310810811,0.241475,0.0,0.241475,2.775002715142284,0.9433625,0.44892691441441446,0.0566375,0.0,0.0566375,2.838792202643077,0.45,0.42,0.48,False,False,0,,,0.455,0.0,20570820,15000,40000,80000
31,1,653,1.1338401857721236,2.5304713343458127,2.432303580591698,0.3573964651412329,0.5,5.0,0.54,0.5938401857721236,2.122601867789307,1.4816447784476945,0.6980323540329444,0.7960875000000001,0.69055884009009,0.2039125,0.0,0.2039125,2.7730239901424403,0.9433625,0.44892691441441446,0.0566375,0.0,0.0566375,2.838792202643077,0.53,0.5,0.56,False,False,0,,,,,20570820,15000,40000,80000
31,1,653,1.1338401857721236,2.5304713343458127,2.432303580591698,0.3573964651412329,1.0,10.0,0.63,0.5038401857721236,1.7867120297060854,1.3818884455479719,0.7734253884076063,0.8298875,0.6660155968468469,0.1701125,0.0,0.1701125,2.775506565142582,0.9433625,0.44892691441441446,0.0566375,0.0,0.0566375,2.838792202643077,0.65,0.62,0.68,False,False,0,,,,,20570820,15000,40000,80000
31,1,653,1.1338401857721236,2.5304713343458127,2.432303580591698,0.3573964651412329,2.0,20.0,0.865,0.26884018577212365,1.295049961944777,1.1823757797485264,0.912996266161772,0.8968125,0.5686095157657658,0.1031875,0.0,0.1031875,2.7970698151428692,0.9433625,0.44892691441441446,0.0566375,0.0,0.0566375,2.838792202643077,0.85,0.82,0.88,False,False,0,,,,,20570820,15000,40000,80000
31,1,653,1.1338401857721236,2.5304713343458127,2.432303580591698,0.3573964651412329,3.0,30.0,1.035,0.09884018577212372,0.9914291982499999,0.9828631139490808,0.9913598627960127,0.92935,0.4917291103603604,0.07065,0.0,0.07065,2.8219777151430128,0.9433625,0.44892691441441446,0.0566375,0.0,0.0566375,2.838792202643077,1.05,1.02,1.08,False,False,0,,,,,20570820,15000,40000,80000
31,1,653,1.1338401857721236,2.5304713343458127,2.432303580591698,0.3573964651412329,4.0,40.0,1.27,-0.13615981422787637,0.811010315813058,0.7833504481496354,0.9658945550702485,0.959225,0.3953118243243243,0.040775000000000006,0.0,0.040775000000000006,2.8632413151431515,0.9433625,0.44892691441441446,0.0566375,0.0,0.0566375,2.838792202643077,1.25,1.22,1.28,False,False,0,,,,,20570820,15000,40000,80000
32,3,137,1.084353590894292,2.4181777390893244,2.738018786397008,0.3083009707557061,0.0,0.0,0.5700000000000001,0.514353590894292,2.8050556410427143,2.2134104613836674,0.78907898616973,0.81328125,0.7632030123873874,0.18671875,0.0,0.18671875,2.720812383256984,0.94185,0.6139150619369369,0.05815000000000001,0.0,0.05815000000000001,2.7736159770075393,0.61,0.58,0.64,False,True,1,0.49,0.7300000000000002,0.5699999999999998,2.220446049250313e-16,20580820,15000,40000,80000
32,3,137,1.084353590894292,2.4181777390893244,2.738018786397008,0.3083009707557061,0.5,5.0,0.67,0.414353590894292,2.495059004618304,2.112885798376753,0.8468279886230522,0.8497375,0.7548216779279279,0.1502625,0.0,0.1502625,2.724145708257138,0.9433374999999999,0.6142604166666665,0.056662500000000005,0.0,0.056662500000000005,2.7731227457575454,0.69,0.66,0.72,False,False,0,,,,,20580820,15000,40000,80000
32,3,137,1.084353590894292,2.4181777390893244,2.738018786397008,0.3083009707557061,1.0,10.0,0.7450000000000001,0.33935359089429196,2.238477338581287,2.003756347468668,0.8951425654094932,0.8724937500000001,0.7385157657657657,0.12750625,0.0,0.12750625,2.729576508257235,0.94185,0.6139150619369369,0.05815000000000001,0.0,0.05815000000000001,2.7736159770075393,0.73,0.7,0.76,False,True,1,0.61,0.8500000000000002,,,20580820,15000,40000,80000
32,3,137,1.084353590894292,2.4181777390893244,2.738018786397008,0.3083009707557061,2.0,20.0,0.895,0.18935359089429205,1.8655342398770909,1.8063946770225776,0.9682988596025932,0.910775,0.6905825450450451,0.089225,0.0,0.089225,2.7452326207574003,0.9433374999999999,0.6142604166666665,0.056662500000000005,0.0,0.056662500000000005,2.7731227457575454,0.9,0.87,0.93,False,False,0,,,,,20580820,15000,40000,80000
32,3,137,1.084353590894292,2.4181777390893244,2.738018786397008,0.3083009707557061,3.0,30.0,1.0650000000000002,0.019353590894291894,1.58610026037335,1.5844481196386702,0.9989583629887994,0.9391375,0.622015259009009,0.0608625,0.0,0.0608625,2.7704916895075264,0.94185,0.6139150619369369,0.05815000000000001,0.0,0.05815000000000001,2.7736159770075393,1.1,1.07,1.13,False,True,1,0.9800000000000001,1.2200000000000002,,,20580820,15000,40000,80000
32,3,137,1.084353590894292,2.4181777390893244,2.738018786397008,0.3083009707557061,4.0,40.0,1.2299999999999978,-0.1456464091057057,1.396613455542255,1.3747940057236712,0.9843768870105064,0.95943125,0.5530738175675676,0.04056875,0.0,0.04056875,2.798188833257621,0.94185,0.6139150619369369,0.05815000000000001,0.0,0.05815000000000001,2.7736159770075393,1.25,1.22,1.28,False,True,1,1.13,1.3699999999999948,,,20580820,15000,40000,80000
33,3,472,1.1248258942562006,2.346206273470341,2.510198610240564,0.3335771088895369,0.0,0.0,0.52,0.6048258942562006,2.6337302843074153,1.8222680885108404,0.6918962428949087,0.7810874999999999,0.7249947072072072,0.2189125,0.0,0.2189125,2.7527295088906834,0.93865,0.5133617117117117,0.06135,0.0,0.06135,2.817157996391362,0.53,0.5,0.56,False,False,0,,,0.52,0.0,20590820,15000,40000,80000
33,3,472,1.1248258942562006,2.346206273470341,2.510198610240564,0.3335771088895369,0.5,5.0,0.58,0.5448258942562006,2.260097961709362,1.7133817568273029,0.7581006601729043,0.80515,0.719704054054054,0.19485,0.0,0.19485,2.753327796390784,0.93865,0.5133617117117117,0.06135,0.0,0.06135,2.817157996391362,0.59,0.56,0.62,False,False,0,,,,,20590820,15000,40000,80000
33,3,472,1.1248258942562006,2.346206273470341,2.510198610240564,0.3335771088895369,1.0,10.0,0.68,0.44482589425620056,1.9373156765478081,1.6034856722115014,0.8276842497185726,0.83963125,0.6948510698198196,0.16036875,0.0,0.16036875,2.7588808901409303,0.9389625,0.512873170045045,0.061037499999999995,0.0,0.061037499999999995,2.8178341588913645,0.71,0.68,0.74,False,True,1,0.59,0.8300000000000002,,,20590820,15000,40000,80000
33,3,472,1.1248258942562006,2.346206273470341,2.510198610240564,0.3335771088895369,2.0,20.0,0.87,0.2548258942562006,1.4722196225753936,1.3867227617766902,0.9419265580436013,0.89205,0.624847972972973,0.10795,0.0,0.10795,2.777764721391155,0.93865,0.5133617117117117,0.06135,0.0,0.06135,2.817157996391362,0.85,0.82,0.88,False,False,0,,,,,20590820,15000,40000,80000
33,3,472,1.1248258942562006,2.346206273470341,2.510198610240564,0.3335771088895369,3.0,30.0,1.1049999999999982,0.019825894256202403,1.173191119915284,1.1702628737199512,0.9975040331062647,0.9362062499999999,0.5215559966216217,0.06379375,0.0,0.06379375,2.8143304276413517,0.9389625,0.512873170045045,0.061037499999999995,0.0,0.061037499999999995,2.8178341588913645,1.15,1.12,1.18,False,True,1,1.0299999999999998,1.2699999999999947,,,20590820,15000,40000,80000
33,3,472,1.1248258942562006,2.346206273470341,2.510198610240564,0.3335771088895369,4.0,40.0,1.2599999999999962,-0.13517410574379563,0.9720768404631545,0.9536514744741763,0.9810453605908364,0.95510625,0.45591500563063064,0.04489375,0.0,0.04489375,2.84277944014144,0.9389625,0.512873170045045,0.061037499999999995,0.0,0.061037499999999995,2.8178341588913645,1.2,1.17,1.23,False,True,1,1.08,1.319999999999995,,,20590820,15000,40000,80000
34,1,1112,1.118202585649587,2.49550804055745,2.420650207473177,0.3218289049854663,0.0,0.0,0.535,0.5832025856495869,2.6941410800628702,1.9626695565857843,0.7284954641425028,0.788025,0.7383756193693694,0.211975,0.0,0.211975,2.740671692486641,0.9383125,0.5500987612612613,0.0616875,0.0,0.0616875,2.8028088549872896,0.55,0.52,0.58,False,False,0,,,0.535,0.0,20600820,15000,40000,80000
34,1,1112,1.118202585649587,2.49550804055745,2.420650207473177,0.3218289049854663,0.5,5.0,0.6400000000000001,0.47820258564958684,2.34743782838408,1.869021785332294,0.7961965010246442,0.82896875,0.7293335304054053,0.17103125,0.0,0.17103125,2.742640923736813,0.94093125,0.5530891891891891,0.05906875,0.0,0.05906875,2.8012237112372995,0.65,0.62,0.68,False,True,1,0.53,0.7700000000000002,,,20600820,15000,40000,80000
34,1,1112,1.118202585649587,2.49550804055745,2.420650207473177,0.3218289049854663,1.0,10.0,0.7400000000000001,0.37820258564958686,2.0548341025070256,1.7635879533912,0.8582629377425228,0.8610187499999999,0.703984206081081,0.13898125,0.0,0.13898125,2.749628086236949,0.94093125,0.5530891891891891,0.05906875,0.0,0.05906875,2.8012237112372995,0.71,0.68,0.74,False,True,1,0.59,0.8300000000000002,,,20600820,15000,40000,80000
34,1,1112,1.118202585649587,2.49550804055745,2.420650207473177,0.3218289049854663,2.0,20.0,0.885,0.23320258564958696,1.599614578315184,1.5224861320883636,0.9517831062104616,0.8966875000000001,0.6492270833333333,0.1033125,0.0,0.1033125,2.7669295424871034,0.9383125,0.5500987612612613,0.0616875,0.0,0.0616875,2.8028088549872896,0.9,0.87,0.93,False,False,0,,,,,20600820,15000,40000,80000
34,1,1112,1.118202585649587,2.49550804055745,2.420650207473177,0.3218289049854663,3.0,30.0,1.095,0.023202585649586993,1.309763188169242,1.302394419839653,0.9943739689768738,0.9353625,0.5604719031531531,0.0646375,0.0,0.0646375,2.7986693049872757,0.9383125,0.5500987612612613,0.0616875,0.0,0.0616875,2.8028088549872896,1.1,1.07,1.13,False,False,0,,,,,20600820,15000,40000,80000
34,1,1112,1.118202585649587,2.49550804055745,2.420650207473177,0.3218289049854663,4.0,40.0,1.215,-0.09679741435041311,1.1161366952600031,1.0823027075909428,0.9696865197491077,0.95125,0.5097086711711711,0.04875,0.0,0.04875,2.8196248049873494,0.9383125,0.5500987612612613,0.0616875,0.0,0.0616875,2.8028088549872896,1.2,1.17,1.23,False,False,0,,,,,20600820,15000,40000,80000
35,2,138,1.0705225140140662,2.60280221056059,2.71621308550519,0.3045034926725766,0.0,0.0,0.585,0.4855225140140662,2.8602202928563747,2.3206708083201804,0.81136086409716,0.8263125,0.7759440878378379,0.1736875,0.0,0.1736875,2.7128822551739082,0.945425,0.6407032657657659,0.054575,0.0,0.054575,2.7608537301744214,0.59,0.56,0.62,False,False,0,,,0.585,0.0,20610820,15000,40000,80000
35,2,138,1.0705225140140662,2.60280221056059,2.71621308550519,0.3045034926725766,0.5,5.0,0.66,0.41052251401406614,2.565460566054953,2.2217053522914876,0.8660064324075437,0.8529875,0.770151266891892,0.1470125,0.0,0.1470125,2.7154773926740203,0.94541875,0.6406952702702704,0.05458125,0.0,0.05458125,2.760963080174421,0.71,0.68,0.74,False,True,1,0.59,0.8300000000000002,,,20610820,15000,40000,80000
35,2,138,1.0705225140140662,2.60280221056059,2.71621308550519,0.3045034926725766,1.0,10.0,0.735,0.3355225140140662,2.3249312199845935,2.1229964462070083,0.913143764408255,0.8758125,0.7566518018018018,0.1241875,0.0,0.1241875,2.7203570426741175,0.945425,0.6407032657657659,0.054575,0.0,0.054575,2.7608537301744214,0.71,0.68,0.74,False,False,0,,,,,20610820,15000,40000,80000
35,2,138,1.0705225140140662,2.60280221056059,2.71621308550519,0.3045034926725766,2.0,20.0,0.9200000000000002,0.15052251401406602,1.9717566146727272,1.9251715971395431,0.9763738500043443,0.92034375,0.6995133445945947,0.07965625,0.0,0.07965625,2.7396933301743096,0.94541875,0.6406952702702704,0.05458125,0.0,0.05458125,2.760963080174421,0.9,0.87,0.93,False,True,1,0.78,1.0200000000000002,,,20610820,15000,40000,80000
35,2,138,1.0705225140140662,2.60280221056059,2.71621308550519,0.3045034926725766,3.0,30.0,1.0,0.07052251401406617,1.7320437064199372,1.7276477219806645,0.9974619667950765,0.9355,0.6698155405405406,0.0645,0.0,0.0645,2.7500203301743764,0.945425,0.6407032657657659,0.054575,0.0,0.054575,2.7608537301744214,1.0,0.97,1.03,False,False,0,,,,,20610820,15000,40000,80000
35,2,138,1.0705225140140662,2.60280221056059,2.71621308550519,0.3045034926725766,4.0,40.0,1.125,-0.05447748598593383,1.53992238733749,1.5299733598674925,0.9935392669450054,0.9521375000000001,0.6179491554054053,0.0478625,0.0,0.0478625,2.7696146176744523,0.945425,0.6407032657657659,0.054575,0.0,0.054575,2.7608537301744214,1.15,1.12,1.18,False,False,0,,,,,20610820,15000,40000,80000
36,1,448,1.0678061799092324,2.396180728086448,2.82713121007979,0.3433937588781672,0.0,0.0,0.49,0.5778061799092324,2.6404731038064435,1.9011637388912062,0.7200087500041312,0.7818375,0.7275425675675675,0.2181625,0.0,0.2181625,2.7553492838793145,0.9403999999999999,0.5330937499999999,0.0596,0.0,0.0596,2.8040391213799927,0.49,0.46,0.52,False,False,0,,,0.49,0.0,20620820,15000,40000,80000
36,1,448,1.0678061799092324,2.396180728086448,2.82713121007979,0.3433937588781672,0.5,5.0,0.6,0.46780617990923246,2.2816814882909884,1.794888474139072,0.7866516353618965,0.8269124999999999,0.7151456644144144,0.1730875,0.0,0.1730875,2.7549941463795022,0.9403999999999999,0.5330937499999999,0.0596,0.0,0.0596,2.8040391213799927,0.61,0.58,0.64,False,False,0,,,,,20620820,15000,40000,80000
36,1,448,1.0678061799092324,2.396180728086448,2.82713121007979,0.3433937588781672,1.0,10.0,0.675,0.3928061799092324,1.992637441741559,1.688613209386938,0.8474262171401814,0.8537,0.6958241554054054,0.14629999999999999,0.0,0.14629999999999999,2.7577729088796152,0.9403999999999999,0.5330937499999999,0.0596,0.0,0.0596,2.8040391213799927,0.67,0.64,0.7,False,False,0,,,,,20620820,15000,40000,80000
36,1,448,1.0678061799092324,2.396180728086448,2.82713121007979,0.3433937588781672,2.0,20.0,0.88,0.18780617990923243,1.5634551046240972,1.47606267988267,0.9441030161448486,0.9086375,0.6168532094594595,0.0913625,0.0,0.0913625,2.776723221379851,0.9403999999999999,0.5330937499999999,0.0596,0.0,0.0596,2.8040391213799927,0.9,0.87,0.93,False,False,0,,,,,20620820,15000,40000,80000
36,1,448,1.0678061799092324,2.396180728086448,2.82713121007979,0.3433937588781672,3.0,30.0,1.045,0.022806179909232505,1.2668415774773727,1.2635121503784017,0.9973718678340185,0.9371875000000001,0.5432074887387387,0.0628125,0.0,0.0628125,2.8004289963799778,0.9403999999999999,0.5330937499999999,0.0596,0.0,0.0596,2.8040391213799927,1.05,1.02,1.08,False,False,0,,,,,20620820,15000,40000,80000
36,1,448,1.0678061799092324,2.396180728086448,2.82713121007979,0.3433937588781672,4.0,40.0,1.195,-0.12719382009076763,1.0848887036323047,1.050961620874134,0.9687275914620735,0.95675,0.47944735360360363,0.04325,0.0,0.04325,2.8246893213800677,0.9403999999999999,0.5330937499999999,0.0596,0.0,0.0596,2.8040391213799927,1.2,1.17,1.23,False,False,0,,,,,20620820,15000,40000,80000
37,1,945,1.123949762561982,2.160765211428032,2.4745742221154536,0.3325018569004834,0.0,0.0,0.5,0.6239497625619821,2.5803983856886017,1.7749768060926483,0.6878692902371276,0.7594875,0.7119869369369369,0.2405125,0.0,0.2405125,2.7592132319015423,0.9312875,0.5017168355855856,0.0687125,0.0,0.0687125,2.8266106569022824,0.49,0.46,0.52,False,False,0,,,0.5,0.0,20630820,15000,40000,80000
37,1,945,1.123949762561982,2.160765211428032,2.4745742221154536,0.3325018569004834,0.5,5.0,0.5800000000000001,0.543949762561982,2.195402905665152,1.6530511824072678,0.7529602781073276,0.794325,0.7085038006756756,0.205675,0.0,0.205675,2.7587933819016874,0.930975,0.501791356981982,0.069025,0.0,0.069025,2.8267658131522806,0.59,0.56,0.62,False,True,1,0.47,0.7100000000000002,,,20630820,15000,40000,80000
37,1,945,1.123949762561982,2.160765211428032,2.4745742221154536,0.3325018569004834,1.0,10.0,0.69,0.43394976256198214,1.8520016701565074,1.5318853147611082,0.8271511518840331,0.8317,0.6804984797297298,0.1683,0.0,0.1683,2.7656480444018463,0.9312875,0.5017168355855856,0.0687125,0.0,0.0687125,2.8266106569022824,0.69,0.66,0.72,False,False,0,,,,,20630820,15000,40000,80000
37,1,945,1.123949762561982,2.160765211428032,2.4745742221154536,0.3325018569004834,2.0,20.0,0.9050000000000001,0.21894976256198195,1.3649528372600992,1.286775704197279,0.9427253961244939,0.89115,0.5984966216216216,0.10885,0.0,0.10885,2.7898152319021023,0.930975,0.501791356981982,0.069025,0.0,0.069025,2.8267658131522806,0.85,0.82,0.88,False,True,1,0.73,0.9700000000000002,,,20630820,15000,40000,80000
37,1,945,1.123949762561982,2.160765211428032,2.4745742221154536,0.3325018569004834,3.0,30.0,1.15,-0.02605023743801782,1.0482907093837621,1.045702332098028,0.9975308592716083,0.9353125,0.4908710022522522,0.0646875,0.0,0.0646875,2.8313567944023004,0.9312875,0.5017168355855856,0.0687125,0.0,0.0687125,2.8266106569022824,1.15,1.12,1.18,False,False,0,,,,,20630820,15000,40000,80000
37,1,945,1.123949762561982,2.160765211428032,2.4745742221154536,0.3325018569004834,4.0,40.0,1.295,-0.17105023743801784,0.8424512110865544,0.802610840766488,0.9527089880152441,0.9525625,0.430700731981982,0.0474375,0.0,0.0474375,2.8601149694023817,0.9312875,0.5017168355855856,0.0687125,0.0,0.0687125,2.8266106569022824,1.3,1.27,1.33,False,False,0,,,,,20630820,15000,40000,80000
38,1,459,1.0829430172776648,2.4310199200253115,2.8982420129610835,0.3458765202996292,0.0,0.0,0.495,0.5879430172776648,2.646719254613848,1.8835716561570501,0.7116628077849761,0.7884125,0.7292521959459458,0.2115875,0.0,0.2115875,2.755306195300803,0.9462875,0.5283045045045045,0.053712499999999996,0.0,0.053712499999999996,2.8048017328014785,0.49,0.46,0.52,False,False,0,,,0.495,0.0,20640820,15000,40000,80000
38,1,459,1.0829430172776648,2.4310199200253115,2.8982420129610835,0.3458765202996292,0.5,5.0,0.575,0.5079430172776649,2.2974245877450272,1.787820681370053,0.7781847077404348,0.822175,0.7216865990990992,0.177825,0.0,0.177825,2.7542758203009434,0.9462875,0.5283045045045045,0.053712499999999996,0.0,0.053712499999999996,2.8048017328014785,0.59,0.56,0.62,False,False,0,,,,,20640820,15000,40000,80000
38,1,459,1.0829430172776648,2.4310199200253115,2.8982420129610835,0.3458765202996292,1.0,10.0,0.675,0.4079430172776648,2.0104128115004074,1.692069706583056,0.8416528669652845,0.857775,0.6966204391891891,0.142225,0.0,0.142225,2.757619907801094,0.9462875,0.5283045045045045,0.053712499999999996,0.0,0.053712499999999996,2.8048017328014785,0.67,0.64,0.7,False,False,0,,,,,20640820,15000,40000,80000
38,1,459,1.0829430172776648,2.4310199200253115,2.8982420129610835,0.3458765202996292,2.0,20.0,0.865,0.21794301727766485,1.5920497933613682,1.5005677570090619,0.9425382065725746,0.9089125,0.6238668918918919,0.0910875,0.0,0.0910875,2.7743597828013122,0.9462875,0.5283045045045045,0.053712499999999996,0.0,0.053712499999999996,2.8048017328014785,0.85,0.82,0.88,False,False,0,,,,,20640820,15000,40000,80000
38,1,459,1.0829430172776648,2.4310199200253115,2.8982420129610835,0.3458765202996292,3.0,30.0,1.02,0.06294301727766483,1.3099971848614427,1.3090658074350678,0.9992890233375018,0.9369125,0.5554552364864864,0.0630875,0.0,0.0630875,2.7953704078014363,0.9462875,0.5283045045045045,0.053712499999999996,0.0,0.053712499999999996,2.8048017328014785,1.0,0.97,1.03,False,False,0,,,,,20640820,15000,40000,80000
38,1,459,1.0829430172776648,2.4310199200253115,2.8982420129610835,0.3458765202996292,4.0,40.0,1.145,-0.062056982722335174,1.1378890097008405,1.1175638578610736,0.98213784326372,0.9545250000000001,0.502161036036036,0.045475,0.0,0.045475,2.814519107801516,0.9462875,0.5283045045045045,0.053712499999999996,0.0,0.053712499999999996,2.8048017328014785,1.15,1.12,1.18,False,False,0,,,,,20640820,15000,40000,80000
39,2,660,1.2367594464708245,2.670582908395716,2.6530639533131413,0.3367250405200959,0.0,0.0,0.52,0.7167594464708245,2.6985796522824015,1.7203959215912201,0.6375190445596615,0.7999624999999999,0.7408872184684685,0.20003749999999998,0.0,0.20003749999999998,2.745471003021318,0.9634750000000001,0.48537111486486484,0.036525,0.0,0.036525,2.821275665522026,0.53,0.5,0.56,False,False,0,,,0.52,0.0,20650820,15000,40000,80000
39,2,660,1.2367594464708245,2.670582908395716,2.6530639533131413,0.3367250405200959,0.5,5.0,0.605,0.6317594464708245,2.3636440991862866,1.6556645654065671,0.7004711775248016,0.83415,0.7319070382882882,0.16585,0.0,0.16585,2.7456842530214605,0.9634750000000001,0.48537111486486484,0.036525,0.0,0.036525,2.821275665522026,0.63,0.6,0.66,False,False,0,,,,,20650820,15000,40000,80000
39,2,660,1.2367594464708245,2.670582908395716,2.6530639533131413,0.3367250405200959,1.0,10.0,0.705,0.5317594464708245,2.0900000808484505,1.5909332092219144,0.761212032382345,0.8682125,0.7065789414414414,0.1317875,0.0,0.1317875,2.7501981780216047,0.9634750000000001,0.48537111486486484,0.036525,0.0,0.036525,2.821275665522026,0.73,0.7,0.76,False,False,0,,,,,20650820,15000,40000,80000
39,2,660,1.2367594464708245,2.670582908395716,2.6530639533131413,0.3367250405200959,2.0,20.0,0.86,0.3767594464708245,1.6824477314901605,1.4614704968526084,0.8686572958543977,0.9084625,0.6482291103603603,0.0915375,0.0,0.0915375,2.7647462780217773,0.9634750000000001,0.48537111486486484,0.036525,0.0,0.036525,2.821275665522026,0.85,0.82,0.88,False,False,0,,,,,20650820,15000,40000,80000
39,2,660,1.2367594464708245,2.670582908395716,2.6530639533131413,0.3367250405200959,3.0,30.0,1.025,0.21175944647082456,1.4065065908900403,1.3320077844833027,0.9470327356520992,0.9384874999999999,0.5765220157657658,0.0615125,0.0,0.0615125,2.78693692802191,0.9634750000000001,0.48537111486486484,0.036525,0.0,0.036525,2.821275665522026,1.0,0.97,1.03,False,False,0,,,,,20650820,15000,40000,80000
39,2,660,1.2367594464708245,2.670582908395716,2.6530639533131413,0.3367250405200959,4.0,40.0,1.13,0.10675944647082458,1.224410546288284,1.2025450721139965,0.982142040314361,0.9530125,0.5311624436936937,0.0469875,0.0,0.0469875,2.803083040521976,0.9634750000000001,0.48537111486486484,0.036525,0.0,0.036525,2.821275665522026,1.15,1.12,1.18,False,False,0,,,,,20650820,15000,40000,80000
40,3,346,1.1286769639036995,2.3604344622357054,2.8165577174195997,0.3144528107221536,0.0,0.0,0.56,0.5686769639036995,2.779746173578106,2.088019608440747,0.7511547738738447,0.8086625000000001,0.7580361486486488,0.1913375,0.0,0.1913375,2.7269977232234126,0.946625,0.5818757319819821,0.053375000000000006,0.0,0.053375000000000006,2.7867349982240084,0.55,0.52,0.58,False,False,0,,,0.56,0.0,20660820,15000,40000,80000
40,3,346,1.1286769639036995,2.3604344622357054,2.8165577174195997,0.3144528107221536,0.5,5.0,0.655,0.4736769639036995,2.461339347030397,1.9922534160435226,0.8094184243416797,0.8436125,0.7500676801801802,0.1563875,0.0,0.1563875,2.729708648223559,0.946625,0.5818757319819821,0.053375000000000006,0.0,0.053375000000000006,2.7867349982240084,0.65,0.62,0.68,False,False,0,,,,,20660820,15000,40000,80000
40,3,346,1.1286769639036995,2.3604344622357054,2.8165577174195997,0.3144528107221536,1.0,10.0,0.735,0.39367696390369955,2.2019498497864647,1.8964872236462975,0.8612763019240471,0.8692124999999999,0.7329595720720721,0.1307875,0.0,0.1307875,2.7347220107236683,0.946625,0.5818757319819821,0.053375000000000006,0.0,0.053375000000000006,2.7867349982240084,0.75,0.72,0.78,False,False,0,,,,,20660820,15000,40000,80000
40,3,346,1.1286769639036995,2.3604344622357054,2.8165577174195997,0.3144528107221536,2.0,20.0,0.9,0.22867696390369951,1.7927827741654063,1.7049548388518483,0.9510102748759148,0.9086624999999999,0.6762098536036036,0.0913375,0.0,0.0913375,2.7528982357238387,0.946625,0.5818757319819821,0.053375000000000006,0.0,0.053375000000000006,2.7867349982240084,0.9,0.87,0.93,False,False,0,,,,,20660820,15000,40000,80000
40,3,346,1.1286769639036995,2.3604344622357054,2.8165577174195997,0.3144528107221536,3.0,30.0,1.075,0.05367696390369958,1.5253280056438139,1.5134224540573988,0.9921947597222606,0.9395875,0.6049616554054055,0.0604125,0.0,0.0604125,2.7779215607239767,0.946625,0.5818757319819821,0.053375000000000006,0.0,0.053375000000000006,2.7867349982240084,1.05,1.02,1.08,False,False,0,,,,,20660820,15000,40000,80000
40,3,346,1.1286769639036995,2.3604344622357054,2.8165577174195997,0.3144528107221536,4.0,40.0,1.1499999999999986,-0.02132303609629904,1.34601605490321,1.3407620925815311,0.9960966570179159,0.9507375,0.5725807150900901,0.0492625,0.0,0.0492625,2.789942316974027,0.94801875,0.5815157939189188,0.05198125000000001,0.0,0.05198125000000001,2.7864062982240148,1.2,1.17,1.23,False,True,1,1.08,1.319999999999995,,,20660820,15000,40000,80000
41,1,171,1.1305715026589946,2.393410675871632,2.635551096085466,0.320560688935611,0.0,0.0,0.555,0.5755715026589946,2.719049637808282,1.9838482465253722,0.7296108974768382,0.8005500000000001,0.7441952702702702,0.19945000000000002,0.0,0.19945000000000002,2.7369683139368375,0.94465,0.5552293918918918,0.055349999999999996,0.0,0.055349999999999996,2.79874931393746,0.55,0.52,0.58,False,False,0,,,0.555,0.0,20670820,15000,40000,80000
41,1,171,1.1305715026589946,2.393410675871632,2.635551096085466,0.320560688935611,0.5,5.0,0.625,0.5055715026589946,2.380175097737318,1.8849647921831718,0.7919437498422232,0.8275250000000001,0.7380460022522523,0.172475,0.0,0.172475,2.738489713936951,0.94465,0.5552293918918918,0.055349999999999996,0.0,0.055349999999999996,2.79874931393746,0.63,0.6,0.66,False,False,0,,,,,20670820,15000,40000,80000
41,1,171,1.1305715026589946,2.393410675871632,2.635551096085466,0.320560688935611,1.0,10.0,0.725,0.40557150265899466,2.099614626187163,1.7860813378409712,0.8506710305616614,0.8607125,0.7155202702702703,0.1392875,0.0,0.1392875,2.7444692139370916,0.94465,0.5552293918918918,0.055349999999999996,0.0,0.055349999999999996,2.79874931393746,0.75,0.72,0.78,False,False,0,,,,,20670820,15000,40000,80000
41,1,171,1.1305715026589946,2.393410675871632,2.635551096085466,0.320560688935611,2.0,20.0,0.925,0.2055715026589946,1.6757742910750895,1.5883144291565698,0.9478092829181608,0.9104875,0.642681813063063,0.0895125,0.0,0.0895125,2.7668213764373064,0.94465,0.5552293918918918,0.055349999999999996,0.0,0.055349999999999996,2.79874931393746,0.95,0.92,0.98,False,False,0,,,,,20670820,15000,40000,80000
41,1,171,1.1305715026589946,2.393410675871632,2.635551096085466,0.320560688935611,3.0,30.0,1.06,0.07057150265899459,1.4007965824492934,1.390547520472169,0.9926834044960304,0.9348625,0.585797635135135,0.0651375,0.0,0.0651375,2.7868795514374147,0.94465,0.5552293918918918,0.055349999999999996,0.0,0.055349999999999996,2.79874931393746,1.05,1.02,1.08,False,False,0,,,,,20670820,15000,40000,80000
41,1,171,1.1305715026589946,2.393410675871632,2.635551096085466,0.320560688935611,4.0,40.0,1.204999999999996,-0.07442849734100143,1.2001453398507145,1.1938964089498814,0.9947931882136788,0.95365,0.5229213963963963,0.04635,0.0,0.04635,2.8123376826875024,0.94485,0.5547911036036036,0.055150000000000005,0.0,0.055150000000000005,2.7991633201874606,1.15,1.12,1.18,False,True,1,1.0299999999999998,1.2699999999999947,,,20670820,15000,40000,80000
42,1,160,1.1542217277751177,2.482909634950604,2.612261268391844,0.3408999795210943,0.0,0.0,0.49,0.6642217277751177,2.633039014367795,1.7625931961388528,0.6694140065987817,0.776725,0.7256016891891892,0.223275,0.0,0.223275,2.7557574545222208,0.9494750000000001,0.4970198198198198,0.050525,0.0,0.050525,2.819821504522963,0.49,0.46,0.52,False,False,0,,,0.49,0.0,20680820,15000,40000,80000
42,1,160,1.1542217277751177,2.482909634950604,2.612261268391844,0.3408999795210943,0.5,5.0,0.57,0.5842217277751177,2.2752630093155486,1.673004192155873,0.7353014509997906,0.8113875,0.7210407657657657,0.1886125,0.0,0.1886125,2.7545585420223655,0.9494750000000001,0.4970198198198198,0.050525,0.0,0.050525,2.819821504522963,0.59,0.56,0.62,False,False,0,,,,,20680820,15000,40000,80000
42,1,160,1.1542217277751177,2.482909634950604,2.612261268391844,0.3408999795210943,1.0,10.0,0.675,0.4792217277751176,1.9677466671613197,1.583415188172893,0.8046844721414952,0.8478749999999999,0.6950472972972973,0.152125,0.0,0.152125,2.759106679522519,0.9494750000000001,0.4970198198198198,0.050525,0.0,0.050525,2.819821504522963,0.67,0.64,0.7,False,False,0,,,,,20680820,15000,40000,80000
42,1,160,1.1542217277751177,2.482909634950604,2.612261268391844,0.3408999795210943,2.0,20.0,0.8750000000000001,0.27922172777511756,1.5198312478397533,1.399722071465387,0.9209720312402537,0.90223125,0.6177798704954955,0.09776874999999999,0.0,0.09776874999999999,2.7782187732727524,0.94935,0.49603583896396397,0.05065,0.0,0.05065,2.820101554522963,0.85,0.82,0.88,False,True,1,0.73,0.9700000000000002,,,20680820,15000,40000,80000
42,1,160,1.1542217277751177,2.482909634950604,2.612261268391844,0.3408999795210943,3.0,30.0,1.08,0.0742217277751176,1.2462777833479166,1.2250591722409738,0.9829744127750215,0.940125,0.5294831081081082,0.059875,0.0,0.059875,2.8072241420229203,0.9494750000000001,0.4970198198198198,0.050525,0.0,0.050525,2.819821504522963,1.1,1.07,1.13,False,False,0,,,,,20680820,15000,40000,80000
42,1,160,1.1542217277751177,2.482909634950604,2.612261268391844,0.3408999795210943,4.0,40.0,1.215,-0.06077827222488241,1.0561245378322808,1.045881164275014,0.9903009794864804,0.95675,0.4719033783783784,0.04325,0.0,0.04325,2.8301906420229974,0.9494750000000001,0.4970198198198198,0.050525,0.0,0.050525,2.819821504522963,1.2,1.17,1.23,False,False,0,,,,,20680820,15000,40000,80000
43,4,767,1.1960801913754315,2.471710372565095,2.5698311097394693,0.3499693581386723,0.0,0.0,0.48,0.7160801913754316,2.580905778691923,1.5877813915304062,0.6152031603165069,0.7717499999999999,0.7137204954954954,0.22825,0.0,0.22825,2.765387645639778,0.9526874999999999,0.4506591779279279,0.0473125,0.0,0.0473125,2.838294870640558,0.49,0.46,0.52,False,False,0,,,0.48,0.0,20690820,15000,40000,80000
43,4,767,1.1960801913754315,2.471710372565095,2.5698311097394693,0.3499693581386723,0.5,5.0,0.57,0.6260801913754316,2.197764543233268,1.504434695439379,0.6845295143519385,0.809325,0.7029594594594594,0.19067499999999998,0.0,0.19067499999999998,2.764727283139935,0.9526874999999999,0.4506591779279279,0.0473125,0.0,0.0473125,2.838294870640558,0.59,0.56,0.62,False,False,0,,,,,20690820,15000,40000,80000
43,4,767,1.1960801913754315,2.471710372565095,2.5698311097394693,0.3499693581386723,1.0,10.0,0.675,0.5210801913754315,1.8872003006310765,1.4210879993483518,0.753013868677926,0.8479625,0.6744726351351351,0.1520375,0.0,0.1520375,2.7683078206400973,0.9526874999999999,0.4506591779279279,0.0473125,0.0,0.0473125,2.838294870640558,0.67,0.64,0.7,False,False,0,,,,,20690820,15000,40000,80000
43,4,767,1.1960801913754315,2.471710372565095,2.5698311097394693,0.3499693581386723,2.0,20.0,0.865,0.33108019137543154,1.419213890904573,1.2543946071662972,0.8838657902134653,0.8994875,0.5965133445945946,0.1005125,0.0,0.1005125,2.7866718831403188,0.9526874999999999,0.4506591779279279,0.0473125,0.0,0.0473125,2.838294870640558,0.85,0.82,0.88,False,False,0,,,,,20690820,15000,40000,80000
43,4,767,1.1960801913754315,2.471710372565095,2.5698311097394693,0.3499693581386723,3.0,30.0,1.085,0.11108019137543157,1.1138208052310845,1.0877012149842429,0.9765495579502821,0.938775,0.4976873873873874,0.061225,0.0,0.061225,2.8192361456404935,0.9526874999999999,0.4506591779279279,0.0473125,0.0,0.0473125,2.838294870640558,1.1,1.07,1.13,False,False,0,,,,,20690820,15000,40000,80000
43,4,767,1.1960801913754315,2.471710372565095,2.5698311097394693,0.3499693581386723,4.0,40.0,1.26,-0.06391980862456847,0.9267147524179096,0.9210078228021884,0.9938417624184452,0.9596875,0.4253251689189189,0.0403125,0.0,0.0403125,2.8495841706405907,0.9526874999999999,0.4506591779279279,0.0473125,0.0,0.0473125,2.838294870640558,1.25,1.22,1.28,False,False,0,,,,,20690820,15000,40000,80000
44,1,884,1.086319672119067,2.25587484939981,2.7918220325920444,0.3289501925959569,0.0,0.0,0.515,0.5713196721190671,2.6894927324600966,1.9784485883446732,0.7356214666306138,0.786025,0.7380563626126124,0.213975,0.0,0.213975,2.744221442597123,0.9361375000000001,0.5540612612612613,0.0638625,0.0,0.0638625,2.8004834925977677,0.53,0.5,0.56,False,False,0,,,0.515,0.0,20700820,15000,40000,80000
44,1,884,1.086319672119067,2.25587484939981,2.7918220325920444,0.3289501925959569,0.5,5.0,0.61,0.4763196721190671,2.3352256544446277,1.8644280983671369,0.7983931209468245,0.8226249999999999,0.7298900337837837,0.177375,0.0,0.177375,2.7457840425972755,0.9361375000000001,0.5540612612612613,0.0638625,0.0,0.0638625,2.8004834925977677,0.61,0.58,0.64,False,False,0,,,,,20700820,15000,40000,80000
44,1,884,1.086319672119067,2.25587484939981,2.7918220325920444,0.3289501925959569,1.0,10.0,0.72,0.36631967211906713,2.037183451599939,1.7504076083896,0.859229249587162,0.8584499999999999,0.7022852477477477,0.14155,0.0,0.14155,2.7525024675974277,0.9361375000000001,0.5540612612612613,0.0638625,0.0,0.0638625,2.8004834925977677,0.71,0.68,0.74,False,False,0,,,,,20700820,15000,40000,80000
44,1,884,1.086319672119067,2.25587484939981,2.7918220325920444,0.3289501925959569,2.0,20.0,0.875,0.2113196721190671,1.604562248319796,1.5223666284345276,0.9487738042127447,0.8992,0.6458237612612614,0.1008,0.0,0.1008,2.7685043800976032,0.9361375000000001,0.5540612612612613,0.0638625,0.0,0.0638625,2.8004834925977677,0.9,0.87,0.93,False,False,0,,,,,20700820,15000,40000,80000
44,1,884,1.086319672119067,2.25587484939981,2.7918220325920444,0.3289501925959569,3.0,30.0,1.0850000000000002,0.001319672119066917,1.317156121672491,1.317014883468637,0.9998927703394229,0.93770625,0.5556760698198198,0.06229375,0.0,0.06229375,2.7999324738477744,0.93789375,0.5551031531531532,0.06210625,0.0,0.06210625,2.8001536488477754,1.0,0.97,1.03,False,True,1,0.88,1.12,,,20700820,15000,40000,80000
44,1,884,1.086319672119067,2.25587484939981,2.7918220325920444,0.3289501925959569,4.0,40.0,1.1850000000000003,-0.09868032788093317,1.1174610374452778,1.0952190187111588,0.9800959335593764,0.95051875,0.5127465653153154,0.049481250000000004,0.0,0.049481250000000004,2.8172934425978333,0.93789375,0.5551031531531532,0.06210625,0.0,0.06210625,2.8001536488477754,1.1,1.07,1.13,False,True,1,0.9800000000000001,1.2200000000000002,,,20700820,15000,40000,80000
45,1,210,1.038614802092089,2.323233486529684,2.702391344643235,0.3261063917470718,0.0,0.0,0.5150000000000001,0.5236148020920888,2.6910490440920487,2.0766230577671427,0.7716778935434782,0.78415625,0.7380017173423423,0.21584375,0.0,0.21584375,2.74243131674823,0.9301875,0.5793139921171171,0.0698125,0.0,0.0698125,2.7896925729988555,0.55,0.52,0.58,False,True,1,0.43000000000000005,0.6700000000000003,0.5149999999999999,2.220446049250313e-16,20710820,15000,40000,80000
45,1,210,1.038614802092089,2.323233486529684,2.702391344643235,0.3261063917470718,0.5,5.0,0.625,0.4136148020920889,2.3429698871475524,1.9536592261491155,0.8338388115297534,0.8269500000000001,0.7294301801801801,0.17305,0.0,0.17305,2.743975429248409,0.92955,0.5801762950450451,0.07045,0.0,0.07045,2.789387666748853,0.63,0.6,0.66,False,False,0,,,,,20710820,15000,40000,80000
45,1,210,1.038614802092089,2.323233486529684,2.702391344643235,0.3261063917470718,1.0,10.0,0.7350000000000001,0.3036148020920888,2.0550627993969917,1.8263714684855568,0.8887180815211395,0.8639125,0.7013560247747748,0.1360875,0.0,0.1360875,2.7506143604985653,0.9301875,0.5793139921171171,0.0698125,0.0,0.0698125,2.7896925729988555,0.71,0.68,0.74,False,True,1,0.59,0.8300000000000002,,,20710820,15000,40000,80000
45,1,210,1.038614802092089,2.323233486529684,2.702391344643235,0.3261063917470718,2.0,20.0,0.895,0.14361480209208888,1.6089817483452808,1.5748126382054304,0.9787635191169876,0.9023375,0.6408122184684684,0.0976625,0.0,0.0976625,2.768752466748732,0.92955,0.5801762950450451,0.07045,0.0,0.07045,2.789387666748853,0.9,0.87,0.93,False,False,0,,,,,20710820,15000,40000,80000
45,1,210,1.038614802092089,2.323233486529684,2.702391344643235,0.3261063917470718,3.0,30.0,1.075,-0.03638519790791106,1.3236926994743536,1.3222482462429734,0.998908769964544,0.935175,0.564477195945946,0.064825,0.0,0.064825,2.7952272917488785,0.92955,0.5801762950450451,0.07045,0.0,0.07045,2.789387666748853,1.05,1.02,1.08,False,False,0,,,,,20710820,15000,40000,80000
45,1,210,1.038614802092089,2.323233486529684,2.702391344643235,0.3261063917470718,4.0,40.0,1.225,-0.1863851979079112,1.1337397838997545,1.0696838542805167,0.9435003247403889,0.9547,0.5010043918918918,0.0453,0.0,0.0453,2.820791829248968,0.92955,0.5801762950450451,0.07045,0.0,0.07045,2.789387666748853,1.2,1.17,1.23,False,False,0,,,,,20710820,15000,40000,80000
46,2,739,1.1982377303780103,2.223596346023092,2.806997838160489,0.3099092427210647,0.0,0.0,0.5750000000000001,0.6232377303780102,2.776708310283565,1.9774945905425263,0.7121722448191108,0.8099625,0.7568193130630632,0.19003750000000003,0.0,0.19003750000000003,2.7255989052223306,0.95113125,0.5539633445945946,0.04886875,0.0,0.04886875,2.801339367722946,0.59,0.56,0.62,False,True,1,0.47,0.7100000000000002,0.5749999999999998,2.220446049250313e-16,20720820,15000,40000,80000
46,2,739,1.1982377303780103,2.223596346023092,2.806997838160489,0.3099092427210647,0.5,5.0,0.63,0.5682377303780103,2.4406847105718263,1.8944597034109671,0.776200094672251,0.8289500000000001,0.7513677364864866,0.17105,0.0,0.17105,2.7280981177224106,0.9513375,0.5550252815315315,0.0486625,0.0,0.0486625,2.801294905222946,0.65,0.62,0.68,False,False,0,,,,,20720820,15000,40000,80000
46,2,739,1.1982377303780103,2.223596346023092,2.806997838160489,0.3099092427210647,1.0,10.0,0.755,0.4432377303780103,2.1639258822512866,1.807602550475605,0.835334779856243,0.8674625,0.724863963963964,0.1325375,0.0,0.1325375,2.7372770427225745,0.9513375,0.5550252815315315,0.0486625,0.0,0.0486625,2.801294905222946,0.75,0.72,0.78,False,False,0,,,,,20720820,15000,40000,80000
46,2,739,1.1982377303780103,2.223596346023092,2.806997838160489,0.3099092427210647,2.0,20.0,0.945,0.25323773037801034,1.7670136371288494,1.6338882446048808,0.9246608007280132,0.9135875,0.6604166103603604,0.0864125,0.0,0.0864125,2.7594105677227745,0.9513375,0.5550252815315315,0.0486625,0.0,0.0486625,2.801294905222946,0.95,0.92,0.98,False,False,0,,,,,20720820,15000,40000,80000
46,2,739,1.1982377303780103,2.223596346023092,2.806997838160489,0.3099092427210647,3.0,30.0,1.085,0.11323773037801033,1.4978938916302318,1.460173938734157,0.9748180073990272,0.9376625000000001,0.603586768018018,0.062337500000000004,0.0,0.062337500000000004,2.781066605222882,0.9513375,0.5550252815315315,0.0486625,0.0,0.0486625,2.801294905222946,1.1,1.07,1.13,False,False,0,,,,,20720820,15000,40000,80000
46,2,739,1.1982377303780103,2.223596346023092,2.806997838160489,0.3099092427210647,4.0,40.0,1.1999999999999962,-0.0017622696219858902,1.2804579530689106,1.2797033759104666,0.9994106974331836,0.95136875,0.5532628096846847,0.04863125,0.0,0.04863125,2.801636780222946,0.95113125,0.5539633445945946,0.04886875,0.0,0.04886875,2.801339367722946,1.15,1.12,1.18,False,True,1,1.0299999999999998,1.2699999999999947,,,20720820,15000,40000,80000
47,3,212,1.1157752184604812,2.193185048858953,2.7830095962964587,0.3280254232267398,0.0,0.0,0.535,0.5807752184604812,2.664081949788967,1.9214939541071339,0.7212593269735352,0.7880125,0.7316838963963963,0.2119875,0.0,0.2119875,2.746476685727915,0.938525,0.539341891891892,0.061475,0.0,0.061475,2.806888310728563,0.51,0.48,0.54,False,False,0,,,0.535,0.0,20730820,15000,40000,80000
47,3,212,1.1157752184604812,2.193185048858953,2.7830095962964587,0.3280254232267398,0.5,5.0,0.605,0.5107752184604812,2.3036862455407396,1.8119865687134424,0.7865596160158166,0.815375,0.7252717342342343,0.18462499999999998,0.0,0.18462499999999998,2.7475930607280294,0.938525,0.539341891891892,0.061475,0.0,0.061475,2.806888310728563,0.61,0.58,0.64,False,False,0,,,,,20730820,15000,40000,80000
47,3,212,1.1157752184604812,2.193185048858953,2.7830095962964587,0.3280254232267398,1.0,10.0,0.71,0.40577521846048126,2.005109759134655,1.7024791833197512,0.8490703192499995,0.851075,0.7009949324324324,0.148925,0.0,0.148925,2.7533152732281803,0.938525,0.539341891891892,0.061475,0.0,0.061475,2.806888310728563,0.71,0.68,0.74,False,False,0,,,,,20730820,15000,40000,80000
47,3,212,1.1157752184604812,2.193185048858953,2.7830095962964587,0.3280254232267398,2.0,20.0,0.9200000000000002,0.19577521846048107,1.5578331021203387,1.4829060274068069,0.9519030154054694,0.90501875,0.6224809403153153,0.09498125,0.0,0.09498125,2.7764106419784134,0.938825,0.5385929335585585,0.06117499999999999,0.0,0.06117499999999999,2.8069407357285647,0.85,0.82,0.88,False,True,1,0.73,0.9700000000000002,,,20730820,15000,40000,80000
47,3,212,1.1157752184604812,2.193185048858953,2.7830095962964587,0.3280254232267398,3.0,30.0,1.1050000000000002,0.010775218460481018,1.2671414928262064,1.2649641263850828,0.9982816706315353,0.93738125,0.5432966216216216,0.06261875,0.0,0.06261875,2.805056685728558,0.938825,0.5385929335585585,0.06117499999999999,0.0,0.06117499999999999,2.8069407357285647,1.05,1.02,1.08,False,True,1,0.93,1.1700000000000004,,,20730820,15000,40000,80000
47,3,212,1.1157752184604812,2.193185048858953,2.7830095962964587,0.3280254232267398,4.0,40.0,1.2099999999999982,-0.09422478153951697,1.0627811677959489,1.0470222253633588,0.9851719780984906,0.95044375,0.49833274211711714,0.049556249999999996,0.0,0.049556249999999996,2.8237961982286186,0.938825,0.5385929335585585,0.06117499999999999,0.0,0.06117499999999999,2.8069407357285647,1.25,1.22,1.28,False,True,1,1.13,1.3699999999999948,,,20730820,15000,40000,80000
48,3,1083,1.103459724753445,2.6125544068172712,2.7122044812445685,0.3423131808370537,0.0,0.0,0.495,0.608459724753445,2.6792979887672344,1.8754182084055766,0.6999662658905929,0.7925,0.736764695945946,0.2075,0.0,0.2075,2.7498423058382437,0.9501625,0.5259118243243244,0.0498375,0.0,0.0498375,2.80423759333892,0.49,0.46,0.52,False,False,0,,,0.495,0.0,20740820,15000,40000,80000
48,3,1083,1.103459724753445,2.6125544068172712,2.7122044812445685,0.3423131808370537,0.5,5.0,0.59,0.513459724753445,2.3313439452190448,1.7865571573334742,0.76632071428037,0.8304625,0.725865427927928,0.1695375,0.0,0.1695375,2.7499017433384023,0.9501625,0.5259118243243244,0.0498375,0.0,0.0498375,2.80423759333892,0.59,0.56,0.62,False,False,0,,,,,20740820,15000,40000,80000
48,3,1083,1.103459724753445,2.6125544068172712,2.7122044812445685,0.3423131808370537,1.0,10.0,0.66,0.443459724753445,2.0464023443693335,1.6976961062613714,0.8296003525076944,0.85495,0.7083277027027027,0.14505,0.0,0.14505,2.752526668338505,0.9501625,0.5259118243243244,0.0498375,0.0,0.0498375,2.80423759333892,0.67,0.64,0.7,False,False,0,,,,,20740820,15000,40000,80000
48,3,1083,1.103459724753445,2.6125544068172712,2.7122044812445685,0.3423131808370537,2.0,20.0,0.8300000000000002,0.2734597247534448,1.61808689356183,1.5132877989212696,0.9352327152160103,0.9013125,0.6451093468468468,0.09868750000000001,0.0,0.09868750000000001,2.7670599683387036,0.949225,0.5259632882882883,0.050775,0.0,0.050775,2.8045774808389163,0.8,0.77,0.83,False,True,1,0.68,0.9200000000000003,,,20740820,15000,40000,80000
48,3,1083,1.103459724753445,2.6125544068172712,2.7122044812445685,0.3423131808370537,3.0,30.0,1.04,0.06345972475344497,1.3572725933346776,1.3422519019729608,0.9889331800881557,0.941775,0.5539300112612613,0.058225,0.0,0.058225,2.794243493338882,0.9501625,0.5259118243243244,0.0498375,0.0,0.0498375,2.80423759333892,1.05,1.02,1.08,False,False,0,,,,,20740820,15000,40000,80000
48,3,1083,1.103459724753445,2.6125544068172712,2.7122044812445685,0.3423131808370537,4.0,40.0,1.17,-0.06654027524655493,1.1776476143153913,1.1645297998287554,0.9888610019438949,0.958425,0.4977884009009008,0.041575,0.0,0.041575,2.814835243338958,0.9501625,0.5259118243243244,0.0498375,0.0,0.0498375,2.80423759333892,1.15,1.12,1.18,False,False,0,,,,,20740820,15000,40000,80000
49,2,799,1.061322460037603,2.1583365644492067,2.6436444694036227,0.3586671036023014,0.0,0.0,0.44,0.621322460037603,2.478422400486822,1.6478706473779985,0.6648869244622373,0.743725,0.6893403153153153,0.256275,0.0,0.256275,2.781367353603293,0.9253750000000001,0.467409740990991,0.074625,0.0,0.074625,2.83644679110407,0.45,0.42,0.48,False,False,0,,,0.44,0.0,20750820,15000,40000,80000
49,2,799,1.061322460037603,2.1583365644492067,2.6436444694036227,0.3586671036023014,0.5,5.0,0.53,0.531322460037603,2.0569865807822683,1.5163240232106672,0.7371579559036364,0.7829125,0.6803023085585586,0.2170875,0.0,0.2170875,2.779593041103456,0.9253750000000001,0.467409740990991,0.074625,0.0,0.074625,2.83644679110407,0.55,0.52,0.58,False,False,0,,,,,20750820,15000,40000,80000
49,2,799,1.061322460037603,2.1583365644492067,2.6436444694036227,0.3586671036023014,1.0,10.0,0.63,0.431322460037603,1.7030681822530371,1.384777399043336,0.8131074336738385,0.820775,0.6531149774774774,0.179225,0.0,0.179225,2.7825660911036154,0.9253750000000001,0.467409740990991,0.074625,0.0,0.074625,2.83644679110407,0.63,0.6,0.66,False,False,0,,,,,20750820,15000,40000,80000
49,2,799,1.061322460037603,2.1583365644492067,2.6436444694036227,0.3586671036023014,2.0,20.0,0.83,0.23132246003760304,1.1785021159311284,1.1216841507086734,0.9517879820032709,0.8795625,0.5709925112612613,0.1204375,0.0,0.1204375,2.8011618036038666,0.9253750000000001,0.467409740990991,0.074625,0.0,0.074625,2.83644679110407,0.85,0.82,0.88,False,False,0,,,,,20750820,15000,40000,80000
49,2,799,1.061322460037603,2.1583365644492067,2.6436444694036227,0.3586671036023014,3.0,30.0,1.135,-0.07367753996239701,0.8632609690935937,0.8585909023740106,0.9945902028624245,0.9364375,0.4366717905405405,0.0635625,0.0,0.0635625,2.8494777286041204,0.9253750000000001,0.467409740990991,0.074625,0.0,0.074625,2.83644679110407,1.15,1.12,1.18,False,False,0,,,,,20750820,15000,40000,80000
49,2,799,1.061322460037603,2.1583365644492067,2.6436444694036227,0.3586671036023014,4.0,40.0,1.37,-0.3086775399623971,0.6814619189804821,0.5954976540393481,0.8738531639893495,0.9621875,0.3485287162162162,0.0378125,0.0,0.0378125,2.894933828604243,0.9253750000000001,0.467409740990991,0.074625,0.0,0.074625,2.83644679110407,1.35,1.32,1.38,False,False,0,,,,,20750820,15000,40000,80000
50,3,532,1.144308933287321,2.5215324113540416,2.8966237759754523,0.2854513326405626,0.0,0.0,0.62,0.5243089332873211,2.956302600412782,2.3896764106159387,0.8083328175817568,0.8429625000000001,0.7959936936936938,0.1570375,0.0,0.1570375,2.6925311826419627,0.9557374999999999,0.6574554617117118,0.044262499999999996,0.0,0.044262499999999996,2.7512321701424534,0.63,0.6,0.66,False,False,0,,,0.62,0.0,20760820,15000,40000,80000
50,3,532,1.144308933287321,2.5215324113540416,2.8966237759754523,0.2854513326405626,0.5,5.0,0.72,0.4243089332873211,2.6974961725902284,2.309235180536639,0.856066156460653,0.876,0.7896221846846847,0.124,0.0,0.124,2.697398395142103,0.9557374999999999,0.6574554617117118,0.044262499999999996,0.0,0.044262499999999996,2.7512321701424534,0.71,0.68,0.74,False,False,0,,,,,20760820,15000,40000,80000
50,3,532,1.144308933287321,2.5215324113540416,2.8966237759754523,0.2854513326405626,1.0,10.0,0.805,0.33930893328732104,2.4803814458219144,2.2287939504573395,0.8985690302641305,0.89835,0.7725727477477478,0.10164999999999999,0.0,0.10164999999999999,2.704917620142198,0.9557374999999999,0.6574554617117118,0.044262499999999996,0.0,0.044262499999999996,2.7512321701424534,0.8,0.77,0.83,False,False,0,,,,,20760820,15000,40000,80000
50,3,532,1.144308933287321,2.5215324113540416,2.8966237759754523,0.2854513326405626,2.0,20.0,0.935,0.20930893328732103,2.1634677918899454,2.06791149029874,0.9558318815979552,0.9265125000000001,0.7353784346846847,0.0734875,0.0,0.0734875,2.719723570142321,0.9557374999999999,0.6574554617117118,0.044262499999999996,0.0,0.044262499999999996,2.7512321701424534,0.95,0.92,0.98,False,False,0,,,,,20760820,15000,40000,80000
50,3,532,1.144308933287321,2.5215324113540416,2.8966237759754523,0.2854513326405626,3.0,30.0,1.0550000000000002,0.08930893328732092,1.929009711868544,1.9141049867868696,0.9922733799679853,0.94504375,0.6928182150900901,0.05495625,0.0,0.05495625,2.736893763892404,0.95599375,0.6585775056306307,0.04400625,0.0,0.04400625,2.7509397826424538,1.1,1.07,1.13,False,True,1,0.9800000000000001,1.2200000000000002,,,20760820,15000,40000,80000
50,3,532,1.144308933287321,2.5215324113540416,2.8966237759754523,0.2854513326405626,4.0,40.0,1.135,0.009308933287321075,1.7482974882008806,1.7461465699815413,0.9987697069670032,0.9548625,0.6612697635135134,0.0451375,0.0,0.0451375,2.7496451076424493,0.9557374999999999,0.6574554617117118,0.044262499999999996,0.0,0.044262499999999996,2.7512321701424534,1.15,1.12,1.18,False,False,0,,,,,20760820,15000,40000,80000
51,1,41,1.1213989473322026,2.377982656944151,2.6044889253258345,0.3155268938292591,0.0,0.0,0.54,0.5813989473322025,2.7430760382807486,2.034012094232773,0.7415077328689769,0.7947625,0.7493515765765766,0.20523750000000002,0.0,0.20523750000000002,2.7317929438304613,0.942,0.568317454954955,0.057999999999999996,0.0,0.057999999999999996,2.7940711688310964,0.53,0.5,0.56,False,False,0,,,0.54,0.0,20770820,15000,40000,80000
51,1,41,1.1213989473322026,2.377982656944151,2.6044889253258345,0.3155268938292591,0.5,5.0,0.635,0.48639894733220257,2.407330816419609,1.9302208940532435,0.8018095730291174,0.8308,0.7428127815315315,0.16920000000000002,0.0,0.16920000000000002,2.7342016188306126,0.942,0.568317454954955,0.057999999999999996,0.0,0.057999999999999996,2.7940711688310964,0.65,0.62,0.68,False,False,0,,,,,20770820,15000,40000,80000
51,1,41,1.1213989473322026,2.377982656944151,2.6044889253258345,0.3155268938292591,1.0,10.0,0.73,0.3913989473322026,2.1253287228781605,1.8264296938737141,0.8593633889257039,0.8612,0.7212849099099099,0.1388,0.0,0.1388,2.7406814938307416,0.942,0.568317454954955,0.057999999999999996,0.0,0.057999999999999996,2.7940711688310964,0.71,0.68,0.74,False,False,0,,,,,20770820,15000,40000,80000
51,1,41,1.1213989473322026,2.377982656944151,2.6044889253258345,0.3155268938292591,2.0,20.0,0.895,0.22639894733220256,1.7065575956667713,1.6246756941763927,0.9520192569542978,0.90319375,0.664427561936937,0.09680625,0.0,0.09680625,2.7588583188309226,0.9421937499999999,0.5695269988738739,0.05780625,0.0,0.05780625,2.7938775750810976,0.95,0.92,0.98,False,True,1,0.83,1.0700000000000003,,,20770820,15000,40000,80000
51,1,41,1.1213989473322026,2.377982656944151,2.6044889253258345,0.3155268938292591,3.0,30.0,1.075,0.04639894733220262,1.419365058882029,1.4112648931555967,0.9942931061493,0.9356625000000001,0.588461768018018,0.0643375,0.0,0.0643375,2.7860997813310675,0.942,0.568317454954955,0.057999999999999996,0.0,0.057999999999999996,2.7940711688310964,1.05,1.02,1.08,False,False,0,,,,,20770820,15000,40000,80000
51,1,41,1.1213989473322026,2.377982656944151,2.6044889253258345,0.3155268938292591,4.0,40.0,1.23,-0.1086010526677974,1.2198108206100615,1.2036824927965377,0.9867780089002182,0.955225,0.5222644707207207,0.044775,0.0,0.044775,2.8132597688311582,0.942,0.568317454954955,0.057999999999999996,0.0,0.057999999999999996,2.7940711688310964,1.25,1.22,1.28,False,False,0,,,,,20770820,15000,40000,80000
52,2,172,1.132338039006971,2.3283265228633234,2.438304006436631,0.3179808451830286,0.0,0.0,0.54,0.592338039006971,2.695650440063635,1.9395438136724097,0.7195086517325383,0.7866875,0.7383097972972972,0.21331250000000002,0.0,0.21331250000000002,2.7388929451841992,0.9381625,0.5444234234234235,0.0618375,0.0,0.0618375,2.8069663576848543,0.53,0.5,0.56,False,False,0,,,0.54,0.0,20780820,15000,40000,80000
52,2,172,1.132338039006971,2.3283265228633234,2.438304006436631,0.3179808451830286,0.5,5.0,0.64,0.49233803900697104,2.3340729572186776,1.829393758202912,0.7837774532904275,0.8237375,0.7282348536036035,0.1762625,0.0,0.1762625,2.7424318576843554,0.9381625,0.5444234234234235,0.0618375,0.0,0.0618375,2.8069663576848543,0.63,0.6,0.66,False,False,0,,,,,20780820,15000,40000,80000
52,2,172,1.132338039006971,2.3283265228633234,2.438304006436631,0.3179808451830286,1.0,10.0,0.725,0.4073380390069711,2.035857898554511,1.7192437027334146,0.844481190928946,0.8516375,0.707907545045045,0.1483625,0.0,0.1483625,2.7484484326844734,0.9381625,0.5444234234234235,0.0618375,0.0,0.0618375,2.8069663576848543,0.75,0.72,0.78,False,False,0,,,,,20780820,15000,40000,80000
52,2,172,1.132338039006971,2.3283265228633234,2.438304006436631,0.3179808451830286,2.0,20.0,0.915,0.21733803900697102,1.5894222973369319,1.4989435917944198,0.943074470709195,0.9008625,0.6386682432432433,0.09913749999999999,0.0,0.09913749999999999,2.7707755451846863,0.9381625,0.5444234234234235,0.0618375,0.0,0.0618375,2.8069663576848543,0.9,0.87,0.93,False,False,0,,,,,20780820,15000,40000,80000
52,2,172,1.132338039006971,2.3283265228633234,2.438304006436631,0.3179808451830286,3.0,30.0,1.105,0.02733803900697107,1.2816366948976177,1.2786434808554248,0.9976645378100445,0.9342625,0.556332545045045,0.0657375,0.0,0.0657375,2.802042470184836,0.9381625,0.5444234234234235,0.0618375,0.0,0.0618375,2.8069663576848543,1.1,1.07,1.13,False,False,0,,,,,20780820,15000,40000,80000
52,2,172,1.132338039006971,2.3283265228633234,2.438304006436631,0.3179808451830286,4.0,40.0,1.215,-0.08266196099302903,1.0795126430030015,1.0583433699164297,0.9803899720639836,0.9488875,0.5091211711711712,0.0511125,0.0,0.0511125,2.822302945184904,0.9381625,0.5444234234234235,0.0618375,0.0,0.0618375,2.8069663576848543,1.2,1.17,1.23,False,False,0,,,,,20780820,15000,40000,80000
53,3,236,1.0612400545396454,2.311630438698111,2.349076488463516,0.3267086539348178,0.0,0.0,0.51,0.5512400545396454,2.6246039699377586,1.9464254820266744,0.7416073069769963,0.76735,0.7221146959459459,0.23265,0.0,0.23265,2.7513282164359087,0.9220625,0.5465533783783785,0.07793749999999999,0.0,0.07793749999999999,2.8079851164365737,0.51,0.48,0.54,False,False,0,,,0.51,0.0,20790820,15000,40000,80000
53,3,236,1.0612400545396454,2.311630438698111,2.349076488463516,0.3267086539348178,0.5,5.0,0.605,0.45624005453964545,2.2405501023165293,1.8076471467288981,0.8067872014376969,0.8045,0.7146399211711711,0.1955,0.0,0.1955,2.7532967039360643,0.9220625,0.5465533783783785,0.07793749999999999,0.0,0.07793749999999999,2.8079851164365737,0.59,0.56,0.62,False,False,0,,,,,20790820,15000,40000,80000
53,3,236,1.0612400545396454,2.311630438698111,2.349076488463516,0.3267086539348178,1.0,10.0,0.7150000000000001,0.34624005453964535,1.9264974080894093,1.6691857896428801,0.8664355231592467,0.8429125,0.6887605011261261,0.1570875,0.0,0.1570875,2.7597908976862273,0.9221375,0.5465422578828829,0.0778625,0.0,0.0778625,2.807834578936574,0.69,0.66,0.72,False,True,1,0.57,0.8100000000000002,,,20790820,15000,40000,80000
53,3,236,1.0612400545396454,2.311630438698111,2.349076488463516,0.3267086539348178,2.0,20.0,0.915,0.1462400545396454,1.440567726310495,1.3913121408355695,0.9658082125711116,0.8948625,0.6113219031531532,0.1051375,0.0,0.1051375,2.7839503539364516,0.9220625,0.5465533783783785,0.07793749999999999,0.0,0.07793749999999999,2.8079851164365737,0.9,0.87,0.93,False,False,0,,,,,20790820,15000,40000,80000
53,3,236,1.0612400545396454,2.311630438698111,2.349076488463516,0.3267086539348178,3.0,30.0,1.055,0.00624005453964549,1.1142941920221578,1.1137554702400172,0.9995165354122837,0.921125,0.549390259009009,0.078875,0.0,0.078875,2.806846353936569,0.9220625,0.5465533783783785,0.07793749999999999,0.0,0.07793749999999999,2.8079851164365737,1.05,1.02,1.08,False,False,0,,,,,20790820,15000,40000,80000
53,3,236,1.0612400545396454,2.311630438698111,2.349076488463516,0.3267086539348178,4.0,40.0,1.2999999999999954,-0.23875994546034995,0.91245951017873,0.8372724648612334,0.917599581703336,0.9537875,0.445163597972973,0.046212500000000004,0.0,0.046212500000000004,2.8528783476867208,0.9221375,0.5465422578828829,0.0778625,0.0,0.0778625,2.807834578936574,1.2,1.17,1.23,False,True,1,1.08,1.319999999999995,,,20790820,15000,40000,80000
54,4,71,1.1286764536741165,2.181028622092332,2.7512090708690504,0.3241205099034636,0.0,0.0,0.535,0.5936764536741165,2.684696545135122,1.9265107407744593,0.7175897567512596,0.787875,0.736307545045045,0.212125,0.0,0.212125,2.742609947404638,0.9398875,0.5406166103603605,0.0601125,0.0,0.0601125,2.806195672405294,0.53,0.5,0.56,False,False,0,,,0.535,0.0,20800820,15000,40000,80000
54,4,71,1.1286764536741165,2.181028622092332,2.7512090708690504,0.3241205099034636,0.5,5.0,0.615,0.5136764536741165,2.3236179402378556,1.8194039901812704,0.7830047955280585,0.8181499999999999,0.7286425675675675,0.18185,0.0,0.18185,2.744502684904765,0.9398875,0.5406166103603605,0.0601125,0.0,0.0601125,2.806195672405294,0.61,0.58,0.64,False,False,0,,,,,20800820,15000,40000,80000
54,4,71,1.1286764536741165,2.181028622092332,2.7512090708690504,0.3241205099034636,1.0,10.0,0.72,0.40867645367411654,2.0273280016710364,1.7122972395880816,0.8446078967866625,0.8534625,0.7041851351351351,0.1465375,0.0,0.1465375,2.750653247404914,0.9398875,0.5406166103603605,0.0601125,0.0,0.0601125,2.806195672405294,0.73,0.7,0.76,False,False,0,,,,,20800820,15000,40000,80000
54,4,71,1.1286764536741165,2.181028622092332,2.7512090708690504,0.3241205099034636,2.0,20.0,0.915,0.21367645367411647,1.5797006260274895,1.4980837384017034,0.9483339524710894,0.9030374999999999,0.6318992117117117,0.09696250000000001,0.0,0.09696250000000001,2.772514009905129,0.9398875,0.5406166103603605,0.0601125,0.0,0.0601125,2.806195672405294,0.9,0.87,0.93,False,False,0,,,,,20800820,15000,40000,80000
54,4,71,1.1286764536741165,2.181028622092332,2.7512090708690504,0.3241205099034636,3.0,30.0,1.07,0.05867645367411645,1.282182757433093,1.2838702372153254,1.0013160992631118,0.931,0.5655438626126127,0.069,0.0,0.069,2.7963553599052533,0.9398875,0.5406166103603605,0.0601125,0.0,0.0601125,2.806195672405294,1.05,1.02,1.08,False,False,0,,,,,20800820,15000,40000,80000
54,4,71,1.1286764536741165,2.181028622092332,2.7512090708690504,0.3241205099034636,4.0,40.0,1.2099999999999982,-0.08132354632588168,1.0727101739862313,1.0519681015109685,0.9806638615179863,0.94939375,0.5051309684684684,0.050606250000000005,0.0,0.050606250000000005,2.821880278655339,0.9389624999999999,0.5394767736486485,0.061037499999999995,0.0,0.061037499999999995,2.80737384740529,1.25,1.22,1.28,False,True,1,1.13,1.3699999999999948,,,20800820,15000,40000,80000
55,4,524,1.1295077744603816,2.5402148397129403,2.6958328665662847,0.3410149056682273,0.0,0.0,0.495,0.6345077744603816,2.6558373687864134,1.827709732827345,0.6881858634523688,0.7849,0.7309788851351351,0.2151,0.0,0.2151,2.7523480681693866,0.950725,0.5135448761261261,0.049275,0.0,0.049275,2.8097726181700984,0.51,0.48,0.54,False,False,0,,,0.495,0.0,20810820,15000,40000,80000
55,4,524,1.1295077744603816,2.5402148397129403,2.6958328665662847,0.3410149056682273,0.5,5.0,0.6,0.5295077744603817,2.3048986794391877,1.7400247015167134,0.754924594750553,0.828125,0.7202246058558558,0.171875,0.0,0.171875,2.751908843169567,0.950725,0.5135448761261261,0.049275,0.0,0.049275,2.8097726181700984,0.59,0.56,0.62,False,False,0,,,,,20810820,15000,40000,80000
55,4,524,1.1295077744603816,2.5402148397129403,2.6958328665662847,0.3410149056682273,1.0,10.0,0.665,0.4645077744603816,2.0156596972863117,1.6523396702060822,0.8197513064485199,0.8511625,0.7040166103603602,0.1488375,0.0,0.1488375,2.7543295681696636,0.950725,0.5135448761261261,0.049275,0.0,0.049275,2.8097726181700984,0.67,0.64,0.7,False,False,0,,,,,20810820,15000,40000,80000
55,4,524,1.1295077744603816,2.5402148397129403,2.6958328665662847,0.3410149056682273,2.0,20.0,0.875,0.25450777446038164,1.594195944026758,1.4769696075848193,0.9264667954518576,0.9085,0.6250547297297298,0.0915,0.0,0.0915,2.77290085566991,0.950725,0.5135448761261261,0.049275,0.0,0.049275,2.8097726181700984,0.9,0.87,0.93,False,False,0,,,,,20810820,15000,40000,80000
55,4,524,1.1295077744603816,2.5402148397129403,2.6958328665662847,0.3410149056682273,3.0,30.0,1.045,0.08450777446038171,1.3235486746343759,1.3015995449635565,0.9834164544973136,0.9397625000000001,0.5507912725225226,0.0602375,0.0,0.0602375,2.796110030670048,0.950725,0.5135448761261261,0.049275,0.0,0.049275,2.8097726181700984,1.05,1.02,1.08,False,False,0,,,,,20810820,15000,40000,80000
55,4,524,1.1295077744603816,2.5402148397129403,2.6958328665662847,0.3410149056682273,4.0,40.0,1.18,-0.050492225539618296,1.1356153035132195,1.1262294823422934,0.9917350346178944,0.9569125,0.49236661036036034,0.0430875,0.0,0.0430875,2.8180019181701264,0.950725,0.5135448761261261,0.049275,0.0,0.049275,2.8097726181700984,1.2,1.17,1.23,False,False,0,,,,,20810820,15000,40000,80000
56,4,196,1.1592988723867903,2.4440797677147104,2.740671396985996,0.3215358244080545,0.0,0.0,0.565,0.5942988723867904,2.752786403937351,1.9689613453618269,0.7152612140722551,0.81355,0.7522845720720721,0.18645,0.0,0.18645,2.7328112744093342,0.95245,0.5509681869369369,0.04755,0.0,0.04755,2.7982681744099356,0.57,0.54,0.6,False,False,0,,,0.565,0.0,20820820,15000,40000,80000
56,4,196,1.1592988723867903,2.4440797677147104,2.740671396985996,0.3215358244080545,0.5,5.0,0.64,0.5192988723867903,2.430466059261897,1.8839980805203025,0.7751591812363962,0.8416125,0.7438587837837838,0.15838750000000001,0.0,0.15838750000000001,2.7347225494094514,0.95245,0.5509681869369369,0.04755,0.0,0.04755,2.7982681744099356,0.65,0.62,0.68,False,False,0,,,,,20820820,15000,40000,80000
56,4,196,1.1592988723867903,2.4440797677147104,2.740671396985996,0.3215358244080545,1.0,10.0,0.715,0.44429887238679033,2.16403121949679,1.799034815678778,0.8313349638722467,0.8660749999999999,0.726678716216216,0.133925,0.0,0.133925,2.739118136909555,0.95245,0.5509681869369369,0.04755,0.0,0.04755,2.7982681744099356,0.69,0.66,0.72,False,False,0,,,,,20820820,15000,40000,80000
56,4,196,1.1592988723867903,2.4440797677147104,2.740671396985996,0.3215358244080545,2.0,20.0,0.885,0.2742988723867903,1.7572847156293543,1.6232253995676407,0.9237122391895946,0.908425,0.6675831925675675,0.09157499999999999,0.0,0.09157499999999999,2.756714311909738,0.95174375,0.5507383445945946,0.04825625,0.0,0.04825625,2.7982918744099328,0.95,0.92,0.98,False,True,1,0.83,1.0700000000000003,,,20820820,15000,40000,80000
56,4,196,1.1592988723867903,2.4440797677147104,2.740671396985996,0.3215358244080545,3.0,30.0,1.065,0.09429887238679036,1.4848284585907112,1.4591817563126812,0.9827274981634094,0.9404874999999999,0.5917095157657657,0.059512499999999996,0.0,0.059512499999999996,2.7826245744098808,0.95245,0.5509681869369369,0.04755,0.0,0.04755,2.7982681744099356,1.05,1.02,1.08,False,False,0,,,,,20820820,15000,40000,80000
56,4,196,1.1592988723867903,2.4440797677147104,2.740671396985996,0.3215358244080545,4.0,40.0,1.175,-0.015701127613209742,1.2908864542495802,1.2892552266296327,0.9987363508118181,0.9543125,0.5443160472972972,0.0456875,0.0,0.0456875,2.8009128619099446,0.95245,0.5509681869369369,0.04755,0.0,0.04755,2.7982681744099356,1.15,1.12,1.18,False,False,0,,,,,20820820,15000,40000,80000
57,1,923,1.1266843274253442,2.6763609127262136,2.6190543508392747,0.3056884064341108,0.0,0.0,0.57,0.5566843274253442,2.84592736711144,2.2088581955314113,0.7761470728514617,0.8188124999999999,0.7726492680180181,0.1811875,0.0,0.1811875,2.7149296814354114,0.9513875,0.6123322072072072,0.0486125,0.0,0.0486125,2.7721662189359835,0.59,0.56,0.62,False,False,0,,,0.57,0.0,20830820,15000,40000,80000
57,1,923,1.1266843274253442,2.6763609127262136,2.6190543508392747,0.3056884064341108,0.5,5.0,0.675,0.45168432742534415,2.55071318717831,2.1211785685524447,0.8316021492400594,0.856275,0.7652541103603604,0.143725,0.0,0.143725,2.7184224939355683,0.9513875,0.6123322072072072,0.0486125,0.0,0.0486125,2.7721662189359835,0.67,0.64,0.7,False,False,0,,,,,20830820,15000,40000,80000
57,1,923,1.1266843274253442,2.6763609127262136,2.6190543508392747,0.3056884064341108,1.0,10.0,0.76,0.3666843274253442,2.314733176784686,2.0334989415734777,0.8785025254608997,0.8825000000000001,0.7480460585585584,0.1175,0.0,0.1175,2.7240550439356803,0.9513875,0.6123322072072072,0.0486125,0.0,0.0486125,2.7721662189359835,0.75,0.72,0.78,False,False,0,,,,,20830820,15000,40000,80000
57,1,923,1.1266843274253442,2.6763609127262136,2.6190543508392747,0.3056884064341108,2.0,20.0,0.95,0.17668432742534423,1.9448386848356596,1.858139687615544,0.9554209827806661,0.924925,0.6841491554054053,0.075075,0.0,0.075075,2.7457246689358645,0.9513875,0.6123322072072072,0.0486125,0.0,0.0486125,2.7721662189359835,0.95,0.92,0.98,False,False,0,,,,,20830820,15000,40000,80000
57,1,923,1.1266843274253442,2.6763609127262136,2.6190543508392747,0.3056884064341108,3.0,30.0,1.0700000000000003,0.056684327425343906,1.7178640019521145,1.7049094742648043,0.992458932911692,0.94550625,0.6380080236486486,0.054493749999999994,0.0,0.054493749999999994,2.762306987685956,0.9527,0.6143947916666667,0.0473,0.0,0.0473,2.7713775939359895,1.05,1.02,1.08,False,True,1,0.93,1.1700000000000004,,,20830820,15000,40000,80000
57,1,923,1.1266843274253442,2.6763609127262136,2.6190543508392747,0.3056884064341108,4.0,40.0,1.225,-0.0983156725746559,1.5154221170257045,1.5074211796996764,0.9947203243003134,0.96265,0.5719294481981982,0.037349999999999994,0.0,0.037349999999999994,2.7881963939360364,0.9513875,0.6123322072072072,0.0486125,0.0,0.0486125,2.7721662189359835,1.2,1.17,1.23,False,False,0,,,,,20830820,15000,40000,80000
58,4,35,1.1603078487348315,2.8304190869875154,2.6673054039571524,0.3245589948518462,0.0,0.0,0.54,0.6203078487348315,2.795249349413049,2.020302375479448,0.7227628461495482,0.81540625,0.7627854729729729,0.18459375,0.0,0.18459375,2.728863788603131,0.960725,0.5634274774774776,0.039275000000000004,0.0,0.039275000000000004,2.7888274761037577,0.57,0.54,0.6,False,True,1,0.44999999999999996,0.6900000000000002,0.5399999999999999,1.1102230246251565e-16,20840820,15000,40000,80000
58,4,35,1.1603078487348315,2.8304190869875154,2.6673054039571524,0.3245589948518462,0.5,5.0,0.635,0.5253078487348315,2.4937046087384864,1.9584250696928134,0.7853476561859266,0.8511375,0.7551835022522523,0.1488625,0.0,0.1488625,2.7298832823532804,0.961025,0.565488795045045,0.038975,0.0,0.038975,2.787961119853758,0.63,0.6,0.66,False,False,0,,,,,20840820,15000,40000,80000
58,4,35,1.1603078487348315,2.8304190869875154,2.6673054039571524,0.3245589948518462,1.0,10.0,0.75,0.4103078487348315,2.255544506674797,1.888526318733825,0.8372817796967159,0.88815,0.728911373873874,0.11185,0.0,0.11185,2.7357534823534366,0.961025,0.565488795045045,0.038975,0.0,0.038975,2.787961119853758,0.75,0.72,0.78,False,False,0,,,,,20840820,15000,40000,80000
58,4,35,1.1603078487348315,2.8304190869875154,2.6673054039571524,0.3245589948518462,2.0,20.0,0.9,0.2603078487348315,1.8895136003626958,1.7487288168158486,0.9254915214583143,0.9225625,0.6747063626126125,0.07743749999999999,0.0,0.07743749999999999,2.751138507353585,0.961025,0.565488795045045,0.038975,0.0,0.038975,2.787961119853758,0.9,0.87,0.93,False,False,0,,,,,20840820,15000,40000,80000
58,4,35,1.1603078487348315,2.8304190869875154,2.6673054039571524,0.3245589948518462,3.0,30.0,1.025,0.1353078487348316,1.6521431276934992,1.608931314897872,0.973844994376514,0.9445,0.6236935810810811,0.0555,0.0,0.0555,2.767275869853682,0.961025,0.565488795045045,0.038975,0.0,0.038975,2.787961119853758,1.0,0.97,1.03,False,False,0,,,,,20840820,15000,40000,80000
58,4,35,1.1603078487348315,2.8304190869875154,2.6673054039571524,0.3245589948518462,4.0,40.0,1.125,0.035307848734831504,1.4744514950827576,1.4691338129798952,0.9963934506353063,0.9573624999999999,0.5807860360360361,0.042637499999999995,0.0,0.042637499999999995,2.782295907353741,0.961025,0.565488795045045,0.038975,0.0,0.038975,2.787961119853758,1.15,1.12,1.18,False,False,0,,,,,20840820,15000,40000,80000
59,3,916,1.2141922495197393,2.5225797314845417,2.680949523744325,0.3235834571870811,0.0,0.0,0.555,0.6591922495197392,2.746461426538721,1.8674554320735632,0.679949630469436,0.8095,0.7510427364864865,0.1905,0.0,0.1905,2.734583232188344,0.9597875,0.5243451576576577,0.0402125,0.0,0.0402125,2.8078054696889954,0.53,0.5,0.56,False,False,0,,,0.555,0.0,20850820,15000,40000,80000
59,3,916,1.2141922495197393,2.5225797314845417,2.680949523744325,0.3235834571870811,0.5,5.0,0.65,0.5641922495197392,2.4243696219259467,1.7958470168288025,0.7407480281006661,0.84585,0.740496509009009,0.15415,0.0,0.15415,2.7364701446884956,0.9597875,0.5243451576576577,0.0402125,0.0,0.0402125,2.8078054696889954,0.63,0.6,0.66,False,False,0,,,,,20850820,15000,40000,80000
59,3,916,1.2141922495197393,2.5225797314845417,2.680949523744325,0.3235834571870811,1.0,10.0,0.71,0.5041922495197393,2.1577353506582897,1.7242386015840419,0.7990964235062492,0.8652124999999999,0.7260119369369369,0.1347875,0.0,0.1347875,2.7400229446885778,0.9597875,0.5243451576576577,0.0402125,0.0,0.0402125,2.8078054696889954,0.71,0.68,0.74,False,False,0,,,,,20850820,15000,40000,80000
59,3,916,1.2141922495197393,2.5225797314845417,2.680949523744325,0.3235834571870811,2.0,20.0,0.9050000000000001,0.3091922495197391,1.7392055067377654,1.5753050008843572,0.9057612770782695,0.91244375,0.655320213963964,0.08755625,0.0,0.08755625,2.761075169688782,0.95893125,0.5245441441441441,0.04106875,0.0,0.04106875,2.808387225938992,0.9,0.87,0.93,False,True,1,0.78,1.0200000000000002,,,20850820,15000,40000,80000
59,3,916,1.2141922495197393,2.5225797314845417,2.680949523744325,0.3235834571870811,3.0,30.0,1.045,0.16919224951973932,1.4827713129084252,1.437804940604999,0.969674101520601,0.9384874999999999,0.5967595157657658,0.0615125,0.0,0.0615125,2.780078169688897,0.9597875,0.5243451576576577,0.0402125,0.0,0.0402125,2.8078054696889954,1.05,1.02,1.08,False,False,0,,,,,20850820,15000,40000,80000
59,3,916,1.2141922495197393,2.5225797314845417,2.680949523744325,0.3235834571870811,4.0,40.0,1.174999999999998,0.03919224951974121,1.2866330970946236,1.282832868689207,0.9970463775461723,0.95481875,0.5411922860360361,0.04518125,0.0,0.04518125,2.801632313438973,0.95893125,0.5245441441441441,0.04106875,0.0,0.04106875,2.808387225938992,1.2,1.17,1.23,False,True,1,1.08,1.319999999999995,,,20850820,15000,40000,80000
60,3,401,1.1597911307416535,2.5461328871064604,2.436778449576956,0.3137612210578896,0.0,0.0,0.545,0.6147911307416535,2.7487589645639803,1.9830678514501845,0.7214411583609868,0.7967375000000001,0.7505057432432433,0.2032625,0.0,0.2032625,2.730343958559101,0.9465125,0.5552271396396397,0.0534875,0.0,0.0534875,2.7998393460597493,0.55,0.52,0.58,False,False,0,,,0.545,0.0,20860820,15000,40000,80000
60,3,401,1.1597911307416535,2.5461328871064604,2.436778449576956,0.3137612210578896,0.5,5.0,0.645,0.5147911307416535,2.4149172836774113,1.887548978063264,0.7816205510728399,0.8343499999999999,0.7428821509009009,0.16565,0.0,0.16565,2.7332495210592582,0.9465125,0.5552271396396397,0.0534875,0.0,0.0534875,2.7998393460597493,0.65,0.62,0.68,False,False,0,,,,,20860820,15000,40000,80000
60,3,401,1.1597911307416535,2.5461328871064604,2.436778449576956,0.3137612210578896,1.0,10.0,0.725,0.43479113074165354,2.137528495182862,1.792030104676343,0.838365480841479,0.8601875,0.7252143581081081,0.1398125,0.0,0.1398125,2.738685633559369,0.9465125,0.5552271396396397,0.0534875,0.0,0.0534875,2.7998393460597493,0.75,0.72,0.78,False,False,0,,,,,20860820,15000,40000,80000
60,3,401,1.1597911307416535,2.5461328871064604,2.436778449576956,0.3137612210578896,2.0,20.0,0.955,0.20479113074165356,1.7128241384340663,1.6009923579025018,0.9347091286126983,0.9154875,0.6428021396396397,0.08451249999999999,0.0,0.08451249999999999,2.766058283559608,0.9465125,0.5552271396396397,0.0534875,0.0,0.0534875,2.7998393460597493,0.95,0.92,0.98,False,False,0,,,,,20860820,15000,40000,80000
60,3,401,1.1597911307416535,2.5461328871064604,2.436778449576956,0.3137612210578896,3.0,30.0,1.0700000000000003,0.08979113074165324,1.4510759815958187,1.4394815167707473,0.992009746579693,0.93565,0.5968819256756757,0.06435,0.0,0.06435,2.782982633559698,0.9480437500000001,0.5586736486486487,0.051956249999999995,0.0,0.051956249999999995,2.798263777309755,1.1,1.07,1.13,False,True,1,0.9800000000000001,1.2200000000000002,,,20860820,15000,40000,80000
60,3,401,1.1597911307416535,2.5461328871064604,2.436778449576956,0.3137612210578896,4.0,40.0,1.204999999999996,-0.045208869258342554,1.2577659724347772,1.2538083489253964,0.9968534500088918,0.953375,0.539470974099099,0.046625,0.0,0.046625,2.80633267105978,0.9480437500000001,0.5586736486486487,0.051956249999999995,0.0,0.051956249999999995,2.798263777309755,1.15,1.12,1.18,False,True,1,1.0299999999999998,1.2699999999999947,,,20860820,15000,40000,80000
61,2,510,1.2070694288367536,2.421865301944921,3.24963515871504,0.3038901701974142,0.0,0.0,0.585,0.6220694288367536,2.917014280201646,2.193033188583054,0.7518074914708525,0.836625,0.7892441441441442,0.163375,0.0,0.163375,2.705657457698787,0.9645874999999999,0.6080689752252253,0.0354125,0.0,0.0354125,2.7727303826993435,0.59,0.56,0.62,False,False,0,,,0.585,0.0,20870820,15000,40000,80000
61,2,510,1.2070694288367536,2.421865301944921,3.24963515871504,0.3038901701974142,0.5,5.0,0.68,0.5270694288367536,2.6494370791534116,2.124573040740881,0.8018960168775765,0.8698937499999999,0.782703125,0.13010624999999998,0.0,0.13010624999999998,2.708688595198926,0.9647812499999999,0.6067761261261262,0.03521875,0.0,0.03521875,2.7731065951993443,0.69,0.66,0.72,False,True,1,0.57,0.8100000000000002,,,20870820,15000,40000,80000
61,2,510,1.2070694288367536,2.421865301944921,3.24963515871504,0.3038901701974142,1.0,10.0,0.765,0.4420694288367536,2.4379473063774184,2.065316118719504,0.8471537154707366,0.89415,0.7675367117117118,0.10585,0.0,0.10585,2.7141140826990293,0.9645874999999999,0.6080689752252253,0.0354125,0.0,0.0354125,2.7727303826993435,0.75,0.72,0.78,False,False,0,,,,,20870820,15000,40000,80000
61,2,510,1.2070694288367536,2.421865301944921,3.24963515871504,0.3038901701974142,2.0,20.0,0.925,0.28206942883675357,2.1037982152916563,1.937599048855954,0.9210004242670861,0.9282125,0.7181852477477477,0.0717875,0.0,0.0717875,2.7312992451991773,0.9645874999999999,0.6080689752252253,0.0354125,0.0,0.0354125,2.7727303826993435,0.95,0.92,0.98,False,False,0,,,,,20870820,15000,40000,80000
61,2,510,1.2070694288367536,2.421865301944921,3.24963515871504,0.3038901701974142,3.0,30.0,1.01,0.1970694288367536,1.8776222624171686,1.8098819789924037,0.9639223049381833,0.9425125,0.6873623310810811,0.057487500000000004,0.0,0.057487500000000004,2.742297220199241,0.9645874999999999,0.6080689752252253,0.0354125,0.0,0.0354125,2.7727303826993435,1.0,0.97,1.03,False,False,0,,,,,20870820,15000,40000,80000
61,2,510,1.2070694288367536,2.421865301944921,3.24963515871504,0.3038901701974142,4.0,40.0,1.155,0.052069428836753584,1.702124833689505,1.6821649091288537,0.9882735248522364,0.960175,0.62978125,0.039825,0.0,0.039825,2.7640819326993222,0.9645874999999999,0.6080689752252253,0.0354125,0.0,0.0354125,2.7727303826993435,1.15,1.12,1.18,False,False,0,,,,,20870820,15000,40000,80000
62,2,53,1.094142002676362,2.3971059362493685,2.570296711676923,0.350931940670723,0.0,0.0,0.465,0.6291420026763619,2.5473286633367747,1.7232332621143645,0.6764864255313964,0.7590874999999999,0.7056790540540541,0.24091249999999997,0.0,0.24091249999999997,2.7702709281717777,0.9368125,0.4869371058558558,0.06318750000000001,0.0,0.06318750000000001,2.8257178906725375,0.45,0.42,0.48,False,False,0,,,0.465,0.0,20880820,15000,40000,80000
62,2,53,1.094142002676362,2.3971059362493685,2.570296711676923,0.350931940670723,0.5,5.0,0.5500000000000002,0.5441420026763618,2.1512190424363204,1.6165615344991107,0.7514630089311156,0.7954625,0.6979296452702703,0.20453749999999998,0.0,0.20453749999999998,2.7689458094219286,0.9380375000000001,0.4876352759009009,0.061962500000000004,0.0,0.061962500000000004,2.824847778172543,0.55,0.52,0.58,False,True,1,0.43000000000000005,0.6700000000000003,,,20880820,15000,40000,80000
62,2,53,1.094142002676362,2.3971059362493685,2.570296711676923,0.350931940670723,1.0,10.0,0.665,0.42914200267636193,1.819615579078566,1.4996175211071792,0.8241397459712725,0.837325,0.6672983671171171,0.16267500000000001,0.0,0.16267500000000001,2.773241628172105,0.9368125,0.4869371058558558,0.06318750000000001,0.0,0.06318750000000001,2.8257178906725375,0.67,0.64,0.7,False,False,0,,,,,20880820,15000,40000,80000
62,2,53,1.094142002676362,2.3971059362493685,2.570296711676923,0.350931940670723,2.0,20.0,0.885,0.20914200267636196,1.3447934069954914,1.276001780099994,0.9488459516996071,0.8985624999999999,0.5786690878378379,0.1014375,0.0,0.1014375,2.7944373156723676,0.9368125,0.4869371058558558,0.06318750000000001,0.0,0.06318750000000001,2.8257178906725375,0.9,0.87,0.93,False,False,0,,,,,20880820,15000,40000,80000
62,2,53,1.094142002676362,2.3971059362493685,2.570296711676923,0.350931940670723,3.0,30.0,1.1,-0.00585799732363812,1.069485246994922,1.0681912782433476,0.9987901013546373,0.9389875,0.485250168918919,0.0610125,0.0,0.0610125,2.825776884422547,0.9380375000000001,0.4876352759009009,0.061962500000000004,0.0,0.061962500000000004,2.824847778172543,1.05,1.02,1.08,False,True,1,0.93,1.1700000000000004,,,20880820,15000,40000,80000
62,2,53,1.094142002676362,2.3971059362493685,2.570296711676923,0.350931940670723,4.0,40.0,1.31,-0.21585799732363808,0.8751032349034293,0.8287702980856234,0.9470543188851097,0.962475,0.40073186936936933,0.037525,0.0,0.037525,2.8640263156726578,0.9368125,0.4869371058558558,0.06318750000000001,0.0,0.06318750000000001,2.8257178906725375,1.3,1.27,1.33,False,False,0,,,,,20880820,15000,40000,80000
63,3,732,1.1182829229820728,2.2115870966977376,2.7373056978877397,0.3035017057515931,0.0,0.0,0.575,0.5432829229820728,2.782435428774486,2.144929501286348,0.7708820406413077,0.8049999999999999,0.7573605855855856,0.195,0.0,0.195,2.7219340932528393,0.9390375,0.5970465090090089,0.0609625,0.0,0.0609625,2.7835250932534183,0.59,0.56,0.62,False,False,0,,,0.575,0.0,20890820,15000,40000,80000
63,3,732,1.1182829229820728,2.2115870966977376,2.7373056978877397,0.3035017057515931,0.5,5.0,0.67,0.44828292298207273,2.457908190564992,2.0354235727287824,0.8281121241802387,0.8392625,0.7503384009009009,0.1607375,0.0,0.1607375,2.725771668252983,0.9390375,0.5970465090090089,0.0609625,0.0,0.0609625,2.7835250932534183,0.65,0.62,0.68,False,False,0,,,,,20890820,15000,40000,80000
63,3,732,1.1182829229820728,2.2115870966977376,2.7373056978877397,0.3035017057515931,1.0,10.0,0.755,0.36328292298207276,2.1854266419301713,1.9259176441712162,0.8812547661038137,0.8651249999999999,0.7320556869369369,0.134875,0.0,0.134875,2.732558830753094,0.9390375,0.5970465090090089,0.0609625,0.0,0.0609625,2.7835250932534183,0.73,0.7,0.76,False,False,0,,,,,20890820,15000,40000,80000
63,3,732,1.1182829229820728,2.2115870966977376,2.7373056978877397,0.3035017057515931,2.0,20.0,0.915,0.20328292298207273,1.7761792025521543,1.706905787056085,0.9609986338109737,0.9044875,0.6797069256756756,0.0955125,0.0,0.0955125,2.751309805753264,0.9390375,0.5970465090090089,0.0609625,0.0,0.0609625,2.7835250932534183,0.9,0.87,0.93,False,False,0,,,,,20890820,15000,40000,80000
63,3,732,1.1182829229820728,2.2115870966977376,2.7373056978877397,0.3035017057515931,3.0,30.0,1.0900000000000003,0.028282922982072467,1.484824199719062,1.4825451016764148,0.9984650721323922,0.9347937500000001,0.6082596283783783,0.06520625,0.0,0.06520625,2.7790554495033994,0.9387687499999999,0.5964254786036036,0.06123125,0.0,0.06123125,2.7839404557534184,1.05,1.02,1.08,False,True,1,0.93,1.1700000000000004,,,20890820,15000,40000,80000
63,3,732,1.1182829229820728,2.2115870966977376,2.7373056978877397,0.3035017057515931,4.0,40.0,1.22,-0.1017170770179272,1.286268841102488,1.2688820728258225,0.9864827882623954,0.9515374999999999,0.554238963963964,0.0484625,0.0,0.0484625,2.8018167932534777,0.9390375,0.5970465090090089,0.0609625,0.0,0.0609625,2.7835250932534183,1.2,1.17,1.23,False,False,0,,,,,20890820,15000,40000,80000
64,3,385,1.184095409138608,2.590712094760744,2.7865049456829887,0.3207011440475587,0.0,0.0,0.54,0.644095409138608,2.791566871234333,1.9925552894522518,0.7137766642757204,0.8101624999999999,0.7615144144144145,0.1898375,0.0,0.1898375,2.7279103440488224,0.960525,0.5565606418918918,0.039474999999999996,0.0,0.039474999999999996,2.7932004940494717,0.55,0.52,0.58,False,False,0,,,0.54,0.0,20900820,15000,40000,80000
64,3,385,1.184095409138608,2.590712094760744,2.7865049456829887,0.3207011440475587,0.5,5.0,0.655,0.529095409138608,2.4846467185055574,1.9218926211545482,0.7735073991969814,0.853375,0.7516337274774774,0.146625,0.0,0.146625,2.7300510065490027,0.960525,0.5565606418918918,0.039474999999999996,0.0,0.039474999999999996,2.7932004940494717,0.65,0.62,0.68,False,False,0,,,,,20900820,15000,40000,80000
64,3,385,1.184095409138608,2.590712094760744,2.7865049456829887,0.3207011440475587,1.0,10.0,0.735,0.449095409138608,2.234483500440552,1.8512299528568443,0.8284822655848005,0.8783875000000001,0.732715427927928,0.12161249999999998,0.0,0.12161249999999998,2.734873306549109,0.960525,0.5565606418918918,0.039474999999999996,0.0,0.039474999999999996,2.7932004940494717,0.71,0.68,0.74,False,False,0,,,,,20900820,15000,40000,80000
64,3,385,1.184095409138608,2.590712094760744,2.7865049456829887,0.3207011440475587,2.0,20.0,0.9000000000000001,0.28409540913860787,1.8772092919466326,1.7064233229308623,0.9090213490054333,0.9198500000000001,0.6766731418918919,0.08015,0.0,0.08015,2.7507489127992875,0.9604125,0.5558306587837838,0.0395875,0.0,0.0395875,2.7933025315494713,0.9,0.87,0.93,False,True,1,0.78,1.0200000000000002,,,20900820,15000,40000,80000
64,3,385,1.184095409138608,2.590712094760744,2.7865049456829887,0.3207011440475587,3.0,30.0,1.0450000000000002,0.13909540913860785,1.6193569589600096,1.5647003997856903,0.9662479857378566,0.94418125,0.6161628941441442,0.05581875,0.0,0.05581875,2.770893975299396,0.9604125,0.5558306587837838,0.0395875,0.0,0.0395875,2.7933025315494713,1.0,0.97,1.03,False,True,1,0.88,1.12,,,20900820,15000,40000,80000
64,3,385,1.184095409138608,2.590712094760744,2.7865049456829887,0.3207011440475587,4.0,40.0,1.1350000000000002,0.04909540913860777,1.4336996359689864,1.422977476640518,0.9925213349717972,0.9555125,0.577242483108108,0.0444875,0.0,0.0444875,2.785049762799448,0.9604125,0.5558306587837838,0.0395875,0.0,0.0395875,2.7933025315494713,1.1,1.07,1.13,False,True,1,0.9800000000000001,1.2200000000000002,,,20900820,15000,40000,80000
65,1,155,1.148473370371321,2.3436844562980896,2.8514501266210357,0.3117677756023704,0.0,0.0,0.57,0.5784733703713211,2.7949984761901443,2.0909669129126285,0.7481102157031657,0.813375,0.7613456644144143,0.18662499999999999,0.0,0.18662499999999999,2.7239573506036496,0.9496625000000001,0.5826759572072073,0.0503375,0.0,0.0503375,2.786634038104239,0.57,0.54,0.6,False,False,0,,,0.57,0.0,20910820,15000,40000,80000
65,1,155,1.148473370371321,2.3436844562980896,2.8514501266210357,0.3117677756023704,0.5,5.0,0.65,0.498473370371321,2.4747346891772977,2.0006473745166846,0.8084290341369001,0.841575,0.7540374436936937,0.15842499999999998,0.0,0.15842499999999998,2.726857738103768,0.9496625000000001,0.5826759572072073,0.0503375,0.0,0.0503375,2.786634038104239,0.67,0.64,0.7,False,False,0,,,,,20910820,15000,40000,80000
65,1,155,1.148473370371321,2.3436844562980896,2.8514501266210357,0.3117677756023704,1.0,10.0,0.735,0.41347337037132104,2.213545112514628,1.9103278361207408,0.8630173495540703,0.8682875000000001,0.7365286036036036,0.1317125,0.0,0.1317125,2.732341438103881,0.9496625000000001,0.5826759572072073,0.0503375,0.0,0.0503375,2.786634038104239,0.75,0.72,0.78,False,False,0,,,,,20910820,15000,40000,80000
65,1,155,1.148473370371321,2.3436844562980896,2.8514501266210357,0.3117677756023704,2.0,20.0,0.9000000000000001,0.2484733703713209,1.8313000381971494,1.722354846719002,0.9405093708263119,0.91041875,0.6827374718468469,0.08958125,0.0,0.08958125,2.7498223193540627,0.94975625,0.580635472972973,0.050243750000000004,0.0,0.050243750000000004,2.78774129435424,0.9,0.87,0.93,False,True,1,0.78,1.0200000000000002,,,20910820,15000,40000,80000
65,1,155,1.148473370371321,2.3436844562980896,2.8514501266210357,0.3117677756023704,3.0,30.0,1.06,0.08847337037132097,1.5620092617844625,1.5421238112862876,0.9872693133231121,0.9383250000000001,0.6181804054054054,0.061675,0.0,0.061675,2.773065538104187,0.94975625,0.580635472972973,0.050243750000000004,0.0,0.050243750000000004,2.78774129435424,1.0,0.97,1.03,False,True,1,0.88,1.12,,,20910820,15000,40000,80000
65,1,155,1.148473370371321,2.3436844562980896,2.8514501266210357,0.3117677756023704,4.0,40.0,1.18,-0.031526629628678915,1.3720980896364376,1.3684106057450776,0.9973125216635662,0.9534,0.5694814752252253,0.0466,0.0,0.0466,2.791939425604256,0.9496625000000001,0.5826759572072073,0.0503375,0.0,0.0503375,2.786634038104239,1.2,1.17,1.23,False,False,0,,,,,20910820,15000,40000,80000
66,1,666,1.1103128594943468,2.7102025302892896,2.6639445461403466,0.3295571003689443,0.0,0.0,0.535,0.5753128594943467,2.744514799826778,2.015006759047558,0.7341941676447643,0.8079000000000001,0.7512054617117117,0.1921,0.0,0.1921,2.7371157253701988,0.9510625,0.5624206644144144,0.0489375,0.0,0.0489375,2.7911601878708145,0.55,0.52,0.58,False,False,0,,,0.535,0.0,20920820,15000,40000,80000
66,1,666,1.1103128594943468,2.7102025302892896,2.6639445461403466,0.3295571003689443,0.5,5.0,0.615,0.4953128594943468,2.427865849310372,1.9273416006437851,0.7938418842998433,0.8398875,0.744675,0.1601125,0.0,0.1601125,2.737460762870333,0.9510625,0.5624206644144144,0.0489375,0.0,0.0489375,2.7911601878708145,0.61,0.58,0.64,False,False,0,,,,,20920820,15000,40000,80000
66,1,666,1.1103128594943468,2.7102025302892896,2.6639445461403466,0.3295571003689443,1.0,10.0,0.71,0.4003128594943468,2.162757831447702,1.8396764422400123,0.8506160123385492,0.870975,0.7221196509009008,0.129025,0.0,0.129025,2.742307262870464,0.9510625,0.5624206644144144,0.0489375,0.0,0.0489375,2.7911601878708145,0.69,0.66,0.72,False,False,0,,,,,20920820,15000,40000,80000
66,1,666,1.1103128594943468,2.7102025302892896,2.6639445461403466,0.3295571003689443,2.0,20.0,0.9,0.21031285949434675,1.7713520883630987,1.664346125432466,0.9395907997999898,0.9180625,0.6529375,0.0819375,0.0,0.0819375,2.760955900370667,0.9510625,0.5624206644144144,0.0489375,0.0,0.0489375,2.7911601878708145,0.9,0.87,0.93,False,False,0,,,,,20920820,15000,40000,80000
66,1,666,1.1103128594943468,2.7102025302892896,2.6639445461403466,0.3295571003689443,3.0,30.0,1.035,0.07531285949434685,1.506577719659067,1.4890158086249201,0.9883431761899936,0.9411624999999999,0.5952662725225224,0.0588375,0.0,0.0588375,2.77950328787077,0.9510625,0.5624206644144144,0.0489375,0.0,0.0489375,2.7911601878708145,1.05,1.02,1.08,False,False,0,,,,,20920820,15000,40000,80000
66,1,666,1.1103128594943468,2.7102025302892896,2.6639445461403466,0.3295571003689443,4.0,40.0,1.129999999999999,-0.019687140505652234,1.3266434143645043,1.3226219141099287,0.9969686652712915,0.953875,0.5550985641891892,0.046125,0.0,0.046125,2.7935054753708277,0.9514,0.5634695664414414,0.048600000000000004,0.0,0.048600000000000004,2.790438919120816,1.2,1.17,1.23,False,True,1,1.08,1.319999999999995,,,20920820,15000,40000,80000
67,2,1113,1.034252106337568,2.646254220232508,2.5719050041051537,0.3271433117854594,0.0,0.0,0.525,0.509252106337568,2.7257443286004657,2.12327830238318,0.7789719234134398,0.7977,0.7463827702702703,0.2023,0.0,0.2023,2.738271386786672,0.9369000000000001,0.5907696509009008,0.0631,0.0,0.0631,2.7823467617872684,0.53,0.5,0.56,False,False,0,,,0.525,0.0,20930820,15000,40000,80000
67,2,1113,1.034252106337568,2.646254220232508,2.5719050041051537,0.3271433117854594,0.5,5.0,0.615,0.41925210633756804,2.3945792058567514,2.0098848158727725,0.8393478114889334,0.8333625,0.7392108671171171,0.1666375,0.0,0.1666375,2.739070461786821,0.9369000000000001,0.5907696509009008,0.0631,0.0,0.0631,2.7823467617872684,0.61,0.58,0.64,False,False,0,,,,,20930820,15000,40000,80000
67,2,1113,1.034252106337568,2.646254220232508,2.5719050041051537,0.3271433117854594,1.0,10.0,0.7,0.3342521063375681,2.120348143430163,1.896491329362365,0.8944245006361753,0.861875,0.7198216779279278,0.138125,0.0,0.138125,2.743401736786942,0.9369000000000001,0.5907696509009008,0.0631,0.0,0.0631,2.7823467617872684,0.71,0.68,0.74,False,False,0,,,,,20930820,15000,40000,80000
67,2,1113,1.034252106337568,2.646254220232508,2.5719050041051537,0.3271433117854594,2.0,20.0,0.91,0.124252106337568,1.7133782130578519,1.6697043563415506,0.9745100898427108,0.915,0.6436984797297298,0.08499999999999999,0.0,0.08499999999999999,2.7647046992871704,0.9369000000000001,0.5907696509009008,0.0631,0.0,0.0631,2.7823467617872684,0.9,0.87,0.93,False,False,0,,,,,20930820,15000,40000,80000
67,2,1113,1.034252106337568,2.646254220232508,2.5719050041051537,0.3271433117854594,3.0,30.0,1.07,-0.03574789366243203,1.4449782820026813,1.4429173833207363,0.9985737511022735,0.942425,0.5755496621621621,0.057575,0.0,0.057575,2.787755824287293,0.9369000000000001,0.5907696509009008,0.0631,0.0,0.0631,2.7823467617872684,1.05,1.02,1.08,False,False,0,,,,,20930820,15000,40000,80000
67,2,1113,1.034252106337568,2.646254220232508,2.5719050041051537,0.3271433117854594,4.0,40.0,1.1699999999999982,-0.13574789366243012,1.253253701805762,1.2139259477969662,0.9686194790790325,0.95460625,0.5329478322072072,0.04539375,0.0,0.04539375,2.803684774287349,0.93658125,0.5913806024774775,0.06341875,0.0,0.06341875,2.7819291867872664,1.2,1.17,1.23,False,True,1,1.08,1.319999999999995,,,20930820,15000,40000,80000
68,4,898,1.1497631979582896,2.4293366292634646,2.568861833891237,0.3295532674901933,0.0,0.0,0.53,0.6197631979582896,2.677885582596518,1.8577420631929602,0.6937346671068992,0.7905125,0.7352801238738739,0.2094875,0.0,0.2094875,2.745748842491378,0.9466749999999999,0.5223323198198198,0.053325,0.0,0.053325,2.8116514674920516,0.51,0.48,0.54,False,False,0,,,0.53,0.0,20940820,15000,40000,80000
68,4,898,1.1497631979582896,2.4293366292634646,2.568861833891237,0.3295532674901933,0.5,5.0,0.625,0.5247631979582896,2.321821091715364,1.762913453358959,0.759280488772077,0.827175,0.7243579391891892,0.172825,0.0,0.172825,2.7476080799915312,0.9466749999999999,0.5223323198198198,0.053325,0.0,0.053325,2.8116514674920516,0.61,0.58,0.64,False,False,0,,,,,20940820,15000,40000,80000
68,4,898,1.1497631979582896,2.4293366292634646,2.568861833891237,0.3295532674901933,1.0,10.0,0.685,0.4647631979582896,2.02861319216867,1.6680848435249582,0.8222784165874953,0.8478875,0.7101256193693694,0.15211249999999998,0.0,0.15211249999999998,2.750712267491619,0.9466749999999999,0.5223323198198198,0.053325,0.0,0.053325,2.8116514674920516,0.69,0.66,0.72,False,False,0,,,,,20940820,15000,40000,80000
68,4,898,1.1497631979582896,2.4293366292634646,2.568861833891237,0.3295532674901933,2.0,20.0,0.87,0.27976319795828963,1.586391794185798,1.4784276238569565,0.93194356480881,0.8980625,0.6431441441441441,0.1019375,0.0,0.1019375,2.768982704991835,0.9466749999999999,0.5223323198198198,0.053325,0.0,0.053325,2.8116514674920516,0.85,0.82,0.88,False,False,0,,,,,20940820,15000,40000,80000
68,4,898,1.1497631979582896,2.4293366292634646,2.568861833891237,0.3295532674901933,3.0,30.0,1.08,0.06976319795828956,1.3003767126078243,1.2887704041889543,0.9910746568234106,0.93715,0.5526314752252253,0.06285,0.0,0.06285,2.7998154049920085,0.9466749999999999,0.5223323198198198,0.053325,0.0,0.053325,2.8116514674920516,1.1,1.07,1.13,False,False,0,,,,,20940820,15000,40000,80000
68,4,898,1.1497631979582896,2.4293366292634646,2.568861833891237,0.3295532674901933,4.0,40.0,1.19,-0.04023680204171032,1.1100491582270147,1.0991131845209525,0.9901482077392597,0.9518375,0.5055274211711712,0.0481625,0.0,0.0481625,2.8185906799920755,0.9466749999999999,0.5223323198198198,0.053325,0.0,0.053325,2.8116514674920516,1.2,1.17,1.23,False,False,0,,,,,20940820,15000,40000,80000
69,3,249,1.0057822346133825,2.468271773139074,2.5393732790989683,0.33271855137898,0.0,0.0,0.51,0.49578223461338244,2.661004925778312,2.0699721899132233,0.7778911530228684,0.78215,0.7315414414414414,0.21785,0.0,0.21785,2.7491172013801304,0.9251,0.5777443130630631,0.0749,0.0,0.0749,2.7910728263807405,0.53,0.5,0.56,False,False,0,,,0.51,0.0,20950820,15000,40000,80000
69,3,249,1.0057822346133825,2.468271773139074,2.5393732790989683,0.33271855137898,0.5,5.0,0.595,0.4107822346133825,2.2979196342741575,1.9357943940276086,0.8424117036795618,0.8156875,0.7240927927927927,0.1843125,0.0,0.1843125,2.75003761388027,0.9251,0.5777443130630631,0.0749,0.0,0.0749,2.7910728263807405,0.61,0.58,0.64,False,False,0,,,,,20950820,15000,40000,80000
69,3,249,1.0057822346133825,2.468271773139074,2.5393732790989683,0.33271855137898,1.0,10.0,0.685,0.3207822346133824,1.9960875886639948,1.8016165981419943,0.902573919287699,0.8467625000000001,0.7030545045045044,0.1532375,0.0,0.1532375,2.7544733388804015,0.9251,0.5777443130630631,0.0749,0.0,0.0749,2.7910728263807405,0.69,0.66,0.72,False,False,0,,,,,20950820,15000,40000,80000
69,3,249,1.0057822346133825,2.468271773139074,2.5393732790989683,0.33271855137898,2.0,20.0,0.875,0.13078223461338245,1.554018938430479,1.5332610063707652,0.9866424201492172,0.898675,0.6335799549549548,0.101325,0.0,0.101325,2.7730032388806247,0.9251,0.5777443130630631,0.0749,0.0,0.0749,2.7910728263807405,0.85,0.82,0.88,False,False,0,,,,,20950820,15000,40000,80000
69,3,249,1.0057822346133825,2.468271773139074,2.5393732790989683,0.33271855137898,3.0,30.0,1.1,-0.09421776538661764,1.271263534503335,1.2628321942134157,0.993367747865738,0.940025,0.5367057713963963,0.059975,0.0,0.059975,2.806505195130808,0.9249875,0.5775596565315315,0.07501250000000001,0.0,0.07501250000000001,2.7915201888807406,1.1,1.07,1.13,False,True,1,0.9800000000000001,1.2200000000000002,,,20950820,15000,40000,80000
69,3,249,1.0057822346133825,2.468271773139074,2.5393732790989683,0.33271855137898,4.0,40.0,1.165,-0.15921776538661758,1.0722144617352212,0.9965498228283077,0.9294314322300211,0.9484,0.5084770833333334,0.0516,0.0,0.0516,2.817319613880847,0.9251,0.5777443130630631,0.0749,0.0,0.0749,2.7910728263807405,1.15,1.12,1.18,False,False,0,,,,,20950820,15000,40000,80000
70,1,797,1.120092151907888,2.337756344438392,2.688524352066872,0.3117021445619325,0.0,0.0,0.56,0.5600921519078879,2.7573429468306165,2.076478614377149,0.7530723070787854,0.8024374999999999,0.7523262387387386,0.1975625,0.0,0.1975625,2.728446382063167,0.9418375,0.5792664414414415,0.0581625,0.0,0.0581625,2.7896576320637694,0.57,0.54,0.6,False,False,0,,,0.56,0.0,20960820,15000,40000,80000
70,1,797,1.120092151907888,2.337756344438392,2.688524352066872,0.3117021445619325,0.5,5.0,0.64,0.4800921519078879,2.427384438544679,1.972231951038444,0.8124926236327369,0.8325625,0.7465721846846849,0.16743750000000002,0.0,0.16743750000000002,2.7307311695632936,0.9418375,0.5792664414414415,0.0581625,0.0,0.0581625,2.7896576320637694,0.65,0.62,0.68,False,False,0,,,,,20960820,15000,40000,80000
70,1,797,1.120092151907888,2.337756344438392,2.688524352066872,0.3117021445619325,1.0,10.0,0.74,0.3800921519078879,2.1495799167761938,1.8679852876997396,0.8690001581803145,0.864025,0.7244930180180181,0.135975,0.0,0.135975,2.737828044563427,0.9418375,0.5792664414414415,0.0581625,0.0,0.0581625,2.7896576320637694,0.75,0.72,0.78,False,False,0,,,,,20960820,15000,40000,80000
70,1,797,1.120092151907888,2.337756344438392,2.688524352066872,0.3117021445619325,2.0,20.0,0.925,0.19509215190788787,1.7428366427720103,1.6594919610223302,0.9521787184729379,0.9099625,0.6608908220720721,0.0900375,0.0,0.0900375,2.7588117570636257,0.9418375,0.5792664414414415,0.0581625,0.0,0.0581625,2.7896576320637694,0.9,0.87,0.93,False,False,0,,,,,20960820,15000,40000,80000
70,1,797,1.120092151907888,2.337756344438392,2.688524352066872,0.3117021445619325,3.0,30.0,1.055,0.06509215190788797,1.4653851424721738,1.4509986343449204,0.9901824389300258,0.9331875000000001,0.6075846846846846,0.0668125,0.0,0.0668125,2.77843123206373,0.9418375,0.5792664414414415,0.0581625,0.0,0.0581625,2.7896576320637694,1.05,1.02,1.08,False,False,0,,,,,20960820,15000,40000,80000
70,1,797,1.120092151907888,2.337756344438392,2.688524352066872,0.3117021445619325,4.0,40.0,1.255,-0.13490784809211198,1.261153693487154,1.2425053076675112,0.9852132329977332,0.9579375,0.5230648648648649,0.0420625,0.0,0.0420625,2.8134149445638448,0.9418375,0.5792664414414415,0.0581625,0.0,0.0581625,2.7896576320637694,1.25,1.22,1.28,False,False,0,,,,,20960820,15000,40000,80000
71,4,420,1.1145381884532937,2.471082081717288,2.679448820727937,0.3386733058914543,0.0,0.0,0.51,0.6045381884532937,2.6593160747426734,1.8642385465184463,0.7010218018927434,0.7890874999999999,0.7316002252252252,0.2109125,0.0,0.2109125,2.7510841308926315,0.946125,0.5236157657657656,0.053875,0.0,0.053875,2.8087380058933062,0.51,0.48,0.54,False,False,0,,,0.51,0.0,20970820,15000,40000,80000
71,4,420,1.1145381884532937,2.471082081717288,2.679448820727937,0.3386733058914543,0.5,5.0,0.61,0.5045381884532937,2.3068745997528075,1.7683324849937345,0.7665490292290789,0.8292999999999999,0.720108108108108,0.1707,0.0,0.1707,2.7515934683928,0.946125,0.5236157657657656,0.053875,0.0,0.053875,2.8087380058933062,0.61,0.58,0.64,False,False,0,,,,,20970820,15000,40000,80000
71,4,420,1.1145381884532937,2.471082081717288,2.679448820727937,0.3386733058914543,1.0,10.0,0.685,0.4295381884532936,2.0163889803034145,1.6724264234690225,0.8294165658539582,0.854975,0.7005752252252253,0.14502500000000002,0.0,0.14502500000000002,2.7551738808929085,0.946125,0.5236157657657656,0.053875,0.0,0.053875,2.8087380058933062,0.69,0.66,0.72,False,False,0,,,,,20970820,15000,40000,80000
71,4,420,1.1145381884532937,2.471082081717288,2.679448820727937,0.3386733058914543,2.0,20.0,0.89,0.22453818845329365,1.5785534938187984,1.4851999455606033,0.9408613337313286,0.908175,0.6217638795045044,0.09182499999999999,0.0,0.09182499999999999,2.775413574643137,0.94655625,0.5239787162162162,0.05344375,0.0,0.05344375,2.8083169371433083,0.95,0.92,0.98,False,True,1,0.83,1.0700000000000003,,,20970820,15000,40000,80000
71,4,420,1.1145381884532937,2.471082081717288,2.679448820727937,0.3386733058914543,3.0,30.0,1.0900000000000003,0.024538188453293364,1.2997708040272835,1.2948946801785401,0.9962484740897126,0.9432875000000001,0.5346318975225226,0.0567125,0.0,0.0567125,2.804297468393293,0.94655625,0.5239787162162162,0.05344375,0.0,0.05344375,2.8083169371433083,1.0,0.97,1.03,False,True,1,0.88,1.12,,,20970820,15000,40000,80000
71,4,420,1.1145381884532937,2.471082081717288,2.679448820727937,0.3386733058914543,4.0,40.0,1.18,-0.06546181154670627,1.1129300242069724,1.0969900543207514,0.9856774733904954,0.95445,0.49599859234234234,0.04555,0.0,0.04555,2.8195716308933454,0.946125,0.5236157657657656,0.053875,0.0,0.053875,2.8087380058933062,1.2,1.17,1.23,False,False,0,,,,,20970820,15000,40000,80000
72,3,523,1.1181291689341497,2.426877279281192,2.4608057157850545,0.3318307455544956,0.0,0.0,0.505,0.6131291689341497,2.6411733365473125,1.854465546414035,0.7021370088637555,0.7748625,0.7267002815315315,0.2251375,0.0,0.2251375,2.751429720555616,0.9385125000000001,0.5218886261261261,0.0614875,0.0,0.0614875,2.8142265955563204,0.53,0.5,0.56,False,False,0,,,0.505,0.0,20980820,15000,40000,80000
72,3,523,1.1181291689341497,2.426877279281192,2.4608057157850545,0.3318307455544956,0.5,5.0,0.6,0.5181291689341497,2.271099349940936,1.7452215002929994,0.7684478886132334,0.812825,0.7187171734234233,0.187175,0.0,0.187175,2.752542170555775,0.9385125000000001,0.5218886261261261,0.0614875,0.0,0.0614875,2.8142265955563204,0.61,0.58,0.64,False,False,0,,,,,20980820,15000,40000,80000
72,3,523,1.1181291689341497,2.426877279281192,2.4608057157850545,0.3318307455544956,1.0,10.0,0.7000000000000002,0.41812916893414953,1.972557673427733,1.6531609027815222,0.8380798823026594,0.847925,0.6959120777027027,0.152075,0.0,0.152075,2.7570148393059233,0.93973125,0.5252208896396396,0.060268749999999996,0.0,0.060268749999999996,2.812503845556325,0.67,0.64,0.7,False,True,1,0.55,0.7900000000000003,,,20980820,15000,40000,80000
72,3,523,1.1181291689341497,2.426877279281192,2.4608057157850545,0.3318307455544956,2.0,20.0,0.87,0.2481291689341497,1.4927177543283205,1.417489361929892,0.9496030698500809,0.8926000000000001,0.6292189752252253,0.1074,0.0,0.1074,2.776271495556116,0.9385125000000001,0.5218886261261261,0.0614875,0.0,0.0614875,2.8142265955563204,0.85,0.82,0.88,False,False,0,,,,,20980820,15000,40000,80000
72,3,523,1.1181291689341497,2.426877279281192,2.4608057157850545,0.3318307455544956,3.0,30.0,1.0650000000000002,0.05312916893414954,1.2300651756500776,1.2245837110011595,0.9955437608043646,0.932075,0.5486052927927927,0.067925,0.0,0.067925,2.8033497705562898,0.93973125,0.5252208896396396,0.060268749999999996,0.0,0.060268749999999996,2.812503845556325,1.05,1.02,1.08,False,True,1,0.93,1.1700000000000004,,,20980820,15000,40000,80000
72,3,523,1.1181291689341497,2.426877279281192,2.4608057157850545,0.3318307455544956,4.0,40.0,1.219999999999997,-0.10187083106584738,1.0309646173547056,1.0102951151109785,0.9799512981378916,0.95253125,0.4817214808558558,0.047468750000000004,0.0,0.047468750000000004,2.830809864306384,0.93973125,0.5252208896396396,0.060268749999999996,0.0,0.060268749999999996,2.812503845556325,1.2,1.17,1.23,False,True,1,1.08,1.319999999999995,,,20980820,15000,40000,80000
73,1,480,1.1859094533972456,2.441119589290094,2.881568575342232,0.317966587814996,0.0,0.0,0.54,0.6459094533972456,2.7932074627843884,2.0010976157233524,0.7164156770971007,0.8079875,0.7615880630630631,0.1920125,0.0,0.1920125,2.726571775316251,0.958825,0.5591448198198199,0.041175,0.0,0.041175,2.7941906253169035,0.55,0.52,0.58,False,False,0,,,0.54,0.0,20990820,15000,40000,80000
73,1,480,1.1859094533972456,2.441119589290094,2.881568575342232,0.317966587814996,0.5,5.0,0.655,0.5309094533972456,2.4823706561622676,1.927417961180581,0.7764424528609114,0.8506750000000001,0.752151295045045,0.14932499999999999,0.0,0.14932499999999999,2.7292007878164304,0.958825,0.5591448198198199,0.041175,0.0,0.041175,2.7941906253169035,0.63,0.6,0.66,False,False,0,,,,,20990820,15000,40000,80000
73,1,480,1.1859094533972456,2.441119589290094,2.881568575342232,0.317966587814996,1.0,10.0,0.73,0.45590945339724565,2.230908981286907,1.8537383066378097,0.8309340821105461,0.8744624999999999,0.7354074324324325,0.1255375,0.0,0.1255375,2.7337284378165307,0.958825,0.5591448198198199,0.041175,0.0,0.041175,2.7941906253169035,0.73,0.7,0.76,False,False,0,,,,,20990820,15000,40000,80000
73,1,480,1.1859094533972456,2.441119589290094,2.881568575342232,0.317966587814996,2.0,20.0,0.9,0.2859094533972456,1.8592481619707302,1.7063789975522665,0.9177790423326662,0.9165749999999999,0.6783205518018018,0.083425,0.0,0.083425,2.7509536503167125,0.958825,0.5591448198198199,0.041175,0.0,0.041175,2.7941906253169035,0.9,0.87,0.93,False,False,0,,,,,20990820,15000,40000,80000
73,1,480,1.1859094533972456,2.441119589290094,2.881568575342232,0.317966587814996,3.0,30.0,1.0300000000000002,0.15590945339724538,1.5847181828343329,1.5425356253320086,0.9733816662424615,0.9381312500000001,0.624499831081081,0.06186875,0.0,0.06186875,2.769537106566809,0.95759375,0.5582999718468469,0.04240625,0.0,0.04240625,2.7946273315668986,1.05,1.02,1.08,False,True,1,0.93,1.1700000000000004,,,20990820,15000,40000,80000
73,1,480,1.1859094533972456,2.441119589290094,2.881568575342232,0.317966587814996,4.0,40.0,1.15,0.035909453397245716,1.420519798689771,1.4116603793811808,0.9937632553120612,0.9553125,0.5747853603603604,0.044687500000000005,0.0,0.044687500000000005,2.787960862816887,0.958825,0.5591448198198199,0.041175,0.0,0.041175,2.7941906253169035,1.15,1.12,1.18,False,False,0,,,,,20990820,15000,40000,80000
74,2,885,1.1132063792446736,2.767463159300696,2.92877868651862,0.3040813123853518,0.0,0.0,0.58,0.5332063792446736,2.9429352202708676,2.3603645502163957,0.8020443446931013,0.8416625,0.7951572072072073,0.15833750000000002,0.0,0.15833750000000002,2.701918824886744,0.9616625000000001,0.6496844031531531,0.0383375,0.0,0.0383375,2.752474837387262,0.59,0.56,0.62,False,False,0,,,0.58,0.0,21000820,15000,40000,80000
74,2,885,1.1132063792446736,2.767463159300696,2.92877868651862,0.3040813123853518,0.5,5.0,0.69,0.42320637924467364,2.6892105301024363,2.290722678328493,0.85181976371379,0.879575,0.7876949324324325,0.120425,0.0,0.120425,2.7051895873869034,0.9616625000000001,0.6496844031531531,0.0383375,0.0,0.0383375,2.752474837387262,0.67,0.64,0.7,False,False,0,,,,,21000820,15000,40000,80000
74,2,885,1.1132063792446736,2.767463159300696,2.92877868651862,0.3040813123853518,1.0,10.0,0.7650000000000001,0.34820637924467346,2.4622891891474596,2.2126582962821235,0.8986183694565267,0.8982875,0.7694371903153152,0.10171250000000001,0.0,0.10171250000000001,2.7118044998869832,0.96065,0.6485742398648648,0.03935,0.0,0.03935,2.753358893637258,0.8,0.77,0.83,False,True,1,0.68,0.9200000000000003,,,21000820,15000,40000,80000
74,2,885,1.1132063792446736,2.767463159300696,2.92877868651862,0.3040813123853518,2.0,20.0,0.895,0.21820637924467357,2.174353377506837,2.081797062664784,0.9574327173312647,0.929475,0.7331688626126126,0.070525,0.0,0.070525,2.7231951748871177,0.9616625000000001,0.6496844031531531,0.0383375,0.0,0.0383375,2.752474837387262,0.9,0.87,0.93,False,False,0,,,,,21000820,15000,40000,80000
74,2,885,1.1132063792446736,2.767463159300696,2.92877868651862,0.3040813123853518,3.0,30.0,1.03,0.08320637924467356,1.9575479458324117,1.9425133188889783,0.9923196634976722,0.951225,0.6827993243243242,0.048775,0.0,0.048775,2.740542449887214,0.9616625000000001,0.6496844031531531,0.0383375,0.0,0.0383375,2.752474837387262,1.05,1.02,1.08,False,False,0,,,,,21000820,15000,40000,80000
74,2,885,1.1132063792446736,2.767463159300696,2.92877868651862,0.3040813123853518,4.0,40.0,1.085,0.02820637924467362,1.7862301715836795,1.7839092498980802,0.9987006592305282,0.95769375,0.6602662162162162,0.042306250000000004,0.0,0.042306250000000004,2.7490366248872444,0.96065,0.6485742398648648,0.03935,0.0,0.03935,2.753358893637258,1.2,1.17,1.23,False,True,1,1.08,1.319999999999995,,,21000820,15000,40000,80000
75,3,1128,1.1063739451667505,2.489818570156378,2.4869919781942564,0.3452101264872845,0.0,0.0,0.485,0.6213739451667505,2.5920316757090514,1.7582058338502435,0.678311862592993,0.771325,0.7159353040540541,0.22867500000000002,0.0,0.22867500000000002,2.7620623264883895,0.940625,0.49590979729729734,0.059375,0.0,0.059375,2.8205446014891153,0.49,0.46,0.52,False,False,0,,,0.485,0.0,21010820,15000,40000,80000
75,3,1128,1.1063739451667505,2.489818570156378,2.4869919781942564,0.3452101264872845,0.5,5.0,0.59,0.5163739451667505,2.2050842141258222,1.6529513380187422,0.7496091656862338,0.8137375,0.7022716216216215,0.1862625,0.0,0.1862625,2.7624358639885664,0.940625,0.49590979729729734,0.059375,0.0,0.059375,2.8205446014891153,0.61,0.58,0.64,False,False,0,,,,,21010820,15000,40000,80000
75,3,1128,1.1063739451667505,2.489818570156378,2.4869919781942564,0.3452101264872845,1.0,10.0,0.665,0.44137394516675044,1.8694370327885428,1.5439975743542589,0.8259157956506068,0.8380062500000001,0.6792677927927927,0.16199375,0.0,0.16199375,2.7670043639886694,0.9394125,0.4961432995495495,0.0605875,0.0,0.0605875,2.8209616827391106,0.73,0.7,0.76,False,True,1,0.61,0.8500000000000002,,,21010820,15000,40000,80000
75,3,1128,1.1063739451667505,2.489818570156378,2.4869919781942564,0.3452101264872845,2.0,20.0,0.8900000000000001,0.21637394516675035,1.3940274658911258,1.3292215269845884,0.9535117201832817,0.8994625,0.5898771959459459,0.1005375,0.0,0.1005375,2.789056926488933,0.9394125,0.4961432995495495,0.0605875,0.0,0.0605875,2.8209616827391106,0.85,0.82,0.88,False,True,1,0.73,0.9700000000000002,,,21010820,15000,40000,80000
75,3,1128,1.1063739451667505,2.489818570156378,2.4869919781942564,0.3452101264872845,3.0,30.0,1.025,0.08137394516675056,1.1268965560738295,1.1266788588612349,0.9998068170397528,0.92825,0.5315925112612613,0.07175000000000001,0.0,0.07175000000000001,2.8072009764890593,0.940625,0.49590979729729734,0.059375,0.0,0.059375,2.8205446014891153,1.05,1.02,1.08,False,False,0,,,,,21010820,15000,40000,80000
75,3,1128,1.1063739451667505,2.489818570156378,2.4869919781942564,0.3452101264872845,4.0,40.0,1.225,-0.11862605483324962,0.9415920886632498,0.916169867198232,0.973000812378204,0.9553375,0.4461940315315315,0.0446625,0.0,0.0446625,2.8414005889891842,0.940625,0.49590979729729734,0.059375,0.0,0.059375,2.8205446014891153,1.25,1.22,1.28,False,False,0,,,,,21010820,15000,40000,80000
76,4,939,1.2297010793989704,2.526029372235956,2.897293399248788,0.308301587020364,0.0,0.0,0.58,0.6497010793989705,2.8563471991987357,2.048569086274235,0.7171989059484438,0.8281875000000001,0.775349605855856,0.1718125,0.0,0.1718125,2.7144795495217022,0.9662999999999999,0.5709719594594594,0.0337,0.0,0.0337,2.7871745370223038,0.57,0.54,0.6,False,False,0,,,0.58,0.0,21020820,15000,40000,80000
76,4,939,1.2297010793989704,2.526029372235956,2.897293399248788,0.308301587020364,0.5,5.0,0.66,0.5697010793989704,2.5712707025939188,1.9881135971178157,0.773202757341804,0.8574375,0.7697814189189189,0.1425625,0.0,0.1425625,2.716556324521826,0.9662999999999999,0.5709719594594594,0.0337,0.0,0.0337,2.7871745370223038,0.67,0.64,0.7,False,False,0,,,,,21020820,15000,40000,80000
76,4,939,1.2297010793989704,2.526029372235956,2.897293399248788,0.308301587020364,1.0,10.0,0.755,0.47470107939897044,2.340151890168843,1.9276581079613964,0.8237320475049655,0.8865625,0.7505613738738739,0.1134375,0.0,0.1134375,2.722574874521949,0.9662999999999999,0.5709719594594594,0.0337,0.0,0.0337,2.7871745370223038,0.75,0.72,0.78,False,False,0,,,,,21020820,15000,40000,80000
76,4,939,1.2297010793989704,2.526029372235956,2.897293399248788,0.308301587020364,2.0,20.0,0.925,0.3047010793989704,1.9823222308056843,1.8067471296485573,0.9114295857511686,0.924625,0.6941481418918919,0.075375,0.0,0.075375,2.7412200370221145,0.9662999999999999,0.5709719594594594,0.0337,0.0,0.0337,2.7871745370223038,0.9,0.87,0.93,False,False,0,,,,,21020820,15000,40000,80000
76,4,939,1.2297010793989704,2.526029372235956,2.897293399248788,0.308301587020364,3.0,30.0,1.05,0.1797010793989704,1.7525599439967283,1.6858361513357187,0.9619278114340298,0.9459124999999999,0.6456628941441442,0.0540875,0.0,0.0540875,2.7582531245222084,0.9662999999999999,0.5709719594594594,0.0337,0.0,0.0337,2.7871745370223038,1.05,1.02,1.08,False,False,0,,,,,21020820,15000,40000,80000
76,4,939,1.2297010793989704,2.526029372235956,2.897293399248788,0.308301587020364,4.0,40.0,1.155,0.07470107939897042,1.5782143180136161,1.5649251730228801,0.9915796322216478,0.9589375,0.6021595157657658,0.0410625,0.0,0.0410625,2.7747151370222687,0.9662999999999999,0.5709719594594594,0.0337,0.0,0.0337,2.7871745370223038,1.15,1.12,1.18,False,False,0,,,,,21020820,15000,40000,80000
77,3,980,1.0886823093598836,2.19079307438235,2.5493476726021624,0.3409951639732115,0.0,0.0,0.475,0.6136823093598837,2.573822529948581,1.7847043724763711,0.6934061504668022,0.7567875,0.7113085022522523,0.2432125,0.0,0.2432125,2.7636268389742575,0.9299,0.503924268018018,0.0701,0.0,0.0701,2.8235727764750003,0.49,0.46,0.52,False,False,0,,,0.475,0.0,21030820,15000,40000,80000
77,3,980,1.0886823093598836,2.19079307438235,2.5493476726021624,0.3409951639732115,0.5,5.0,0.57,0.5186823093598837,2.1774968269979946,1.6605708622937256,0.7626054108115837,0.7958125,0.7039002252252251,0.20418750000000002,0.0,0.20418750000000002,2.7637536264744202,0.9299,0.503924268018018,0.0701,0.0,0.0701,2.8235727764750003,0.57,0.54,0.6,False,False,0,,,,,21030820,15000,40000,80000
77,3,980,1.0886823093598836,2.19079307438235,2.5493476726021624,0.3409951639732115,1.0,10.0,0.705,0.3836823093598837,1.8449194045315422,1.5364373521110803,0.8327937514978921,0.843375,0.6678234234234235,0.15662500000000001,0.0,0.15662500000000001,2.7708442014746213,0.9299,0.503924268018018,0.0701,0.0,0.0701,2.8235727764750003,0.73,0.7,0.76,False,False,0,,,,,21030820,15000,40000,80000
77,3,980,1.0886823093598836,2.19079307438235,2.5493476726021624,0.3409951639732115,2.0,20.0,0.89,0.19868230935988362,1.3478974437905016,1.2881703317457893,0.9556886821620864,0.8922,0.5919341779279279,0.1078,0.0,0.1078,2.792008988974832,0.9299,0.503924268018018,0.0701,0.0,0.0701,2.8235727764750003,0.9,0.87,0.93,False,False,0,,,,,21030820,15000,40000,80000
77,3,980,1.0886823093598836,2.19079307438235,2.5493476726021624,0.3409951639732115,3.0,30.0,1.075,0.013682309359883682,1.0421834044915281,1.0399033113804985,0.9978121959136914,0.9279625,0.5101193130630631,0.0720375,0.0,0.0720375,2.8210659639749913,0.9299,0.503924268018018,0.0701,0.0,0.0701,2.8235727764750003,1.1,1.07,1.13,False,False,0,,,,,21030820,15000,40000,80000
77,3,980,1.0886823093598836,2.19079307438235,2.5493476726021624,0.3409951639732115,4.0,40.0,1.32,-0.23131769064011642,0.8332977304456017,0.7916362910152074,0.9500041366869965,0.9577875,0.4078232545045045,0.0422125,0.0,0.0422125,2.8678015764751312,0.9299,0.503924268018018,0.0701,0.0,0.0701,2.8235727764750003,1.3,1.27,1.33,False,False,0,,,,,21030820,15000,40000,80000
78,3,281,1.1366839351895173,2.6260666776842463,2.634064363617754,0.3361876146445558,0.0,0.0,0.5100000000000001,0.6266839351895171,2.6850359278126885,1.8699937471183505,0.6964501769783409,0.7920125,0.7375830518018018,0.2079875,0.0,0.2079875,2.747013714645745,0.95100625,0.5247391047297297,0.04899375,0.0,0.04899375,2.806100852146429,0.53,0.5,0.56,False,True,1,0.41000000000000003,0.6500000000000002,0.5099999999999999,2.220446049250313e-16,21040820,15000,40000,80000
78,3,281,1.1366839351895173,2.6260666776842463,2.634064363617754,0.3361876146445558,0.5,5.0,0.625,0.5116839351895173,2.3418216286547753,1.7905003903851626,0.7645759047044454,0.8383,0.7242420045045045,0.1617,0.0,0.1617,2.7473997021459384,0.9526749999999999,0.5259891328828828,0.047325,0.0,0.047325,2.8055097646464358,0.61,0.58,0.64,False,False,0,,,,,21040820,15000,40000,80000
78,3,281,1.1366839351895173,2.6260666776842463,2.634064363617754,0.3361876146445558,1.0,10.0,0.705,0.4316839351895173,2.0652349947386353,1.7061574296220867,0.8261323452143075,0.865225,0.7029933558558559,0.134775,0.0,0.134775,2.751349639646052,0.9526749999999999,0.5259891328828828,0.047325,0.0,0.047325,2.8055097646464358,0.73,0.7,0.76,False,False,0,,,,,21040820,15000,40000,80000
78,3,281,1.1366839351895173,2.6260666776842463,2.634064363617754,0.3361876146445558,2.0,20.0,0.8900000000000001,0.24668393518951715,1.6406599400413853,1.5207992414217792,0.9269436062316591,0.9112625000000001,0.6319556869369369,0.0887375,0.0,0.0887375,2.770109002146251,0.95100625,0.5247391047297297,0.04899375,0.0,0.04899375,2.806100852146429,0.9,0.87,0.93,False,True,1,0.78,1.0200000000000002,,,21040820,15000,40000,80000
78,3,281,1.1366839351895173,2.6260666776842463,2.634064363617754,0.3361876146445558,3.0,30.0,1.005,0.13168393518951738,1.3902379099919344,1.3687855865697842,0.9845693148863458,0.93455,0.5835041103603604,0.06545000000000001,0.0,0.06545000000000001,2.7848047271463523,0.9526749999999999,0.5259891328828828,0.047325,0.0,0.047325,2.8055097646464358,1.0,0.97,1.03,False,False,0,,,,,21040820,15000,40000,80000
78,3,281,1.1366839351895173,2.6260666776842463,2.634064363617754,0.3361876146445558,4.0,40.0,1.17,-0.03331606481048266,1.2057119705078148,1.2000996650436329,0.9953452353452059,0.956725,0.5120173986486487,0.043275,0.0,0.043275,2.810931689646454,0.9526749999999999,0.5259891328828828,0.047325,0.0,0.047325,2.8055097646464358,1.15,1.12,1.18,False,False,0,,,,,21040820,15000,40000,80000
79,4,937,1.247252201974878,2.3986699413891945,2.8085864421688225,0.3276078942343073,0.0,0.0,0.525,0.7222522019748779,2.725992694078811,1.7754723512839694,0.651312219266219,0.7967124999999999,0.7466201576576577,0.2032875,0.0,0.2032875,2.738892731735517,0.96165,0.5003815315315315,0.03835,0.0,0.03835,2.8183008942362315,0.55,0.52,0.58,False,False,0,,,0.525,0.0,21050820,15000,40000,80000
79,4,937,1.247252201974878,2.3986699413891945,2.8085864421688225,0.3276078942343073,0.5,5.0,0.62,0.627252201974878,2.3929187412250648,1.707434903475557,0.7135365167483407,0.8337375,0.738789527027027,0.1662625,0.0,0.1662625,2.7399939067356716,0.96165,0.5003815315315315,0.03835,0.0,0.03835,2.8183008942362315,0.63,0.6,0.66,False,False,0,,,,,21050820,15000,40000,80000
79,4,937,1.247252201974878,2.3986699413891945,2.8085864421688225,0.3276078942343073,1.0,10.0,0.715,0.532252201974878,2.1216373145869785,1.6393974556671445,0.7727039133388771,0.8655125,0.7168543355855856,0.13448749999999998,0.0,0.13448749999999998,2.7448934442358057,0.96165,0.5003815315315315,0.03835,0.0,0.03835,2.8183008942362315,0.71,0.68,0.74,False,False,0,,,,,21050820,15000,40000,80000
79,4,937,1.247252201974878,2.3986699413891945,2.8085864421688225,0.3276078942343073,2.0,20.0,0.895,0.35225220197487794,1.7083629837233534,1.503322560050319,0.879978420495771,0.9105624999999999,0.6509656531531531,0.0894375,0.0,0.0894375,2.763409519236,0.96165,0.5003815315315315,0.03835,0.0,0.03835,2.8183008942362315,0.9,0.87,0.93,False,False,0,,,,,21050820,15000,40000,80000
79,4,937,1.247252201974878,2.3986699413891945,2.8085864421688225,0.3276078942343073,3.0,30.0,1.03,0.21725220197487793,1.4359014541869857,1.367247664433494,0.9521876730793035,0.9352374999999999,0.5937829391891891,0.0647625,0.0,0.0647625,2.782192594236109,0.96165,0.5003815315315315,0.03835,0.0,0.03835,2.8183008942362315,1.05,1.02,1.08,False,False,0,,,,,21050820,15000,40000,80000
79,4,937,1.247252201974878,2.3986699413891945,2.8085864421688225,0.3276078942343073,4.0,40.0,1.1499999999999972,0.09725220197488071,1.2355907186009107,1.223911723357264,0.9905478447937266,0.9515625,0.5400206925675677,0.0484375,0.0,0.0484375,2.8024708129861837,0.9615875,0.4987286036036036,0.0384125,0.0,0.0384125,2.819472981736232,1.15,1.12,1.18,False,True,1,1.0299999999999998,1.2699999999999947,,,21050820,15000,40000,80000
80,2,519,1.1532750308504456,2.325533678174771,2.8541262637003104,0.3297028811945284,0.0,0.0,0.52,0.6332750308504456,2.7005250236613305,1.8932443516289648,0.7010652873203644,0.791725,0.7407050112612612,0.208275,0.0,0.208275,2.742818543695717,0.9493625,0.531430349099099,0.0506375,0.0,0.0506375,2.8069823561963965,0.51,0.48,0.54,False,False,0,,,0.52,0.0,21060820,15000,40000,80000
80,2,519,1.1532750308504456,2.325533678174771,2.8541262637003104,0.3297028811945284,0.5,5.0,0.62,0.5332750308504456,2.3560804283270667,1.8030451740527003,0.7652731852337279,0.8305750000000001,0.7312496621621621,0.169425,0.0,0.169425,2.7441217811958794,0.9493625,0.531430349099099,0.0506375,0.0,0.0506375,2.8069823561963965,0.63,0.6,0.66,False,False,0,,,,,21060820,15000,40000,80000
80,2,519,1.1532750308504456,2.325533678174771,2.8541262637003104,0.3297028811945284,1.0,10.0,0.705,0.4482750308504456,2.0759547303405497,1.7128459964764358,0.8250883178919091,0.859325,0.7112386824324325,0.140675,0.0,0.140675,2.748439906196001,0.9493625,0.531430349099099,0.0506375,0.0,0.0506375,2.8069823561963965,0.69,0.66,0.72,False,False,0,,,,,21060820,15000,40000,80000
80,2,519,1.1532750308504456,2.325533678174771,2.8541262637003104,0.3297028811945284,2.0,20.0,0.905,0.24827503085044555,1.6573190505466142,1.5324476413239068,0.9246545743974146,0.9103375,0.6382198761261262,0.0896625,0.0,0.0896625,2.7688988186962207,0.9493625,0.531430349099099,0.0506375,0.0,0.0506375,2.8069823561963965,0.9,0.87,0.93,False,False,0,,,,,21060820,15000,40000,80000
80,2,519,1.1532750308504456,2.325533678174771,2.8541262637003104,0.3297028811945284,3.0,30.0,1.06,0.09327503085044553,1.3923682254047411,1.371046864115062,0.9846869808570349,0.93855,0.5729245777027028,0.061450000000000005,0.0,0.061450000000000005,2.790745799946346,0.9507687499999999,0.5324356981981981,0.049231250000000004,0.0,0.049231250000000004,2.8061910811964017,1.0,0.97,1.03,False,True,1,0.88,1.12,,,21060820,15000,40000,80000
80,2,519,1.1532750308504456,2.325533678174771,2.8541262637003104,0.3297028811945284,4.0,40.0,1.225,-0.07172496914955451,1.1817910284271294,1.1716509310188492,0.9914197204375669,0.957825,0.5018610923423423,0.042175000000000004,0.0,0.042175000000000004,2.8191201686964362,0.9493625,0.531430349099099,0.0506375,0.0,0.0506375,2.8069823561963965,1.25,1.22,1.28,False,False,0,,,,,21060820,15000,40000,80000
81,2,264,1.0997544692006438,2.3078499660751137,2.997186895505424,0.3420579233922636,0.0,0.0,0.51,0.5897544692006438,2.657210119616431,1.886920057181627,0.7101132286271754,0.7924125,0.7312986486486486,0.20758749999999998,0.0,0.20758749999999998,2.7521295483934543,0.945925,0.529273704954955,0.054075,0.0,0.054075,2.8049609358941128,0.49,0.46,0.52,False,False,0,,,0.51,0.0,21070820,15000,40000,80000
81,2,264,1.0997544692006438,2.3078499660751137,2.997186895505424,0.3420579233922636,0.5,5.0,0.58,0.5197544692006438,2.307336849472947,1.7905283404414383,0.776015145274709,0.8210999999999999,0.7243706644144146,0.1789,0.0,0.1789,2.7517467358935743,0.945925,0.529273704954955,0.054075,0.0,0.054075,2.8049609358941128,0.57,0.54,0.6,False,False,0,,,,,21070820,15000,40000,80000
81,2,264,1.0997544692006438,2.3078499660751137,2.997186895505424,0.3420579233922636,1.0,10.0,0.685,0.41475446920064374,2.0210140083754653,1.6941366237012494,0.8382607031324009,0.8579874999999999,0.6989165540540541,0.1420125,0.0,0.1420125,2.755567510893729,0.945925,0.529273704954955,0.054075,0.0,0.054075,2.8049609358941128,0.67,0.64,0.7,False,False,0,,,,,21070820,15000,40000,80000
81,2,264,1.0997544692006438,2.3078499660751137,2.997186895505424,0.3420579233922636,2.0,20.0,0.87,0.2297544692006438,1.5900322789918357,1.501353190220872,0.9442281204333847,0.9062250000000001,0.628429391891892,0.093775,0.0,0.093775,2.772770073393936,0.945925,0.529273704954955,0.054075,0.0,0.054075,2.8049609358941128,0.85,0.82,0.88,False,False,0,,,,,21070820,15000,40000,80000
81,2,264,1.0997544692006438,2.3078499660751137,2.997186895505424,0.3420579233922636,3.0,30.0,1.0250000000000001,0.07475446920064366,1.31077843901421,1.2959017056418913,0.9886504592007883,0.93549375,0.5597749718468469,0.06450625,0.0,0.06450625,2.794188635894066,0.94561875,0.5267878378378379,0.054381250000000006,0.0,0.054381250000000006,2.806108567144112,1.0,0.97,1.03,False,True,1,0.88,1.12,,,21070820,15000,40000,80000
81,2,264,1.0997544692006438,2.3078499660751137,2.997186895505424,0.3420579233922636,4.0,40.0,1.225,-0.1252455307993563,1.128958990165346,1.1157863232601173,0.9883320235544609,0.9605250000000001,0.4769090653153153,0.039475,0.0,0.039475,2.8256922358941807,0.945925,0.529273704954955,0.054075,0.0,0.054075,2.8049609358941128,1.25,1.22,1.28,False,False,0,,,,,21070820,15000,40000,80000
82,3,824,1.1768736951348804,2.559717617825288,2.488373982000582,0.3782566591590222,0.0,0.0,0.4,0.7768736951348804,2.3608190023402216,1.3328946167963795,0.5645899221732433,0.731425,0.6609161599099098,0.268575,0.0,0.268575,2.7995206716599617,0.950175,0.3816802927927928,0.049825,0.0,0.049825,2.8635444091608964,0.39,0.36,0.42,False,False,0,,,0.4,0.0,21080820,15000,40000,80000
82,3,824,1.1768736951348804,2.559717617825288,2.488373982000582,0.3782566591590222,0.5,5.0,0.505,0.6718736951348804,1.9240628636524315,1.245895791423526,0.6475338280052103,0.7803249999999999,0.6475143581081081,0.219675,0.0,0.219675,2.794486959160164,0.950175,0.3816802927927928,0.049825,0.0,0.049825,2.8635444091608964,0.51,0.48,0.54,False,False,0,,,,,21080820,15000,40000,80000
82,3,824,1.1768736951348804,2.559717617825288,2.488373982000582,0.3782566591590222,1.0,10.0,0.6400000000000001,0.5368736951348803,1.5664949696337922,1.1631583195190438,0.7425228564831979,0.8334375,0.604603490990991,0.1665625,0.0,0.1665625,2.7963127841603863,0.95099375,0.3820271114864865,0.04900625,0.0,0.04900625,2.8630742341608997,0.59,0.56,0.62,False,True,1,0.47,0.7100000000000002,,,21080820,15000,40000,80000
82,3,824,1.1768736951348804,2.559717617825288,2.488373982000582,0.3782566591590222,2.0,20.0,0.875,0.3018736951348804,1.087222134849466,0.9848993153049652,0.9058860040973429,0.900575,0.5051250563063063,0.099425,0.0,0.099425,2.8170421341606735,0.950175,0.3816802927927928,0.049825,0.0,0.049825,2.8635444091608964,0.85,0.82,0.88,False,False,0,,,,,21080820,15000,40000,80000
82,3,824,1.1768736951348804,2.559717617825288,2.488373982000582,0.3782566591590222,3.0,30.0,1.15,0.02687369513488047,0.8162446826379476,0.8109016645592583,0.9934541465416697,0.9471499999999999,0.3918960022522523,0.05285,0.0,0.05285,2.8587751591608823,0.950175,0.3816802927927928,0.049825,0.0,0.049825,2.8635444091608964,1.15,1.12,1.18,False,False,0,,,,,21080820,15000,40000,80000
82,3,824,1.1768736951348804,2.559717617825288,2.488373982000582,0.3782566591590222,4.0,40.0,1.35,-0.1731263048651197,0.6630117925295309,0.636904013813551,0.9606224519531196,0.9672125,0.32308125,0.0327875,0.0,0.0327875,2.894839159160978,0.950175,0.3816802927927928,0.049825,0.0,0.049825,2.8635444091608964,1.35,1.32,1.38,False,False,0,,,,,21080820,15000,40000,80000
83,2,995,1.128358918252359,2.6141135275729805,2.606338763648374,0.3345536650119391,0.0,0.0,0.525,0.603358918252359,2.6955439014556313,1.9042226299317344,0.7064335434876159,0.798,0.739963626126126,0.202,0.0,0.202,2.745136615013153,0.950475,0.5337932995495496,0.049525,0.0,0.049525,2.8032084650138094,0.51,0.48,0.54,False,False,0,,,0.525,0.0,21090820,15000,40000,80000
83,2,995,1.128358918252359,2.6141135275729805,2.606338763648374,0.3345536650119391,0.5,5.0,0.6000000000000001,0.5283589182523589,2.335939986431043,1.8068779659397642,0.7735121520396575,0.8248125,0.7293640202702703,0.1751875,0.0,0.1751875,2.747374821263266,0.94861875,0.532413400900901,0.05138125,0.0,0.05138125,2.804410621263802,0.59,0.56,0.62,False,True,1,0.47,0.7100000000000002,,,21090820,15000,40000,80000
83,2,995,1.128358918252359,2.6141135275729805,2.606338763648374,0.3345536650119391,1.0,10.0,0.715,0.41335891825235904,2.072127870535586,1.7275500755423265,0.8337082378491459,0.8664125,0.7036757882882884,0.1335875,0.0,0.1335875,2.7512215650134415,0.950475,0.5337932995495496,0.049525,0.0,0.049525,2.8032084650138094,0.69,0.66,0.72,False,False,0,,,,,21090820,15000,40000,80000
83,2,995,1.128358918252359,2.6141135275729805,2.606338763648374,0.3345536650119391,2.0,20.0,0.88,0.248358918252359,1.6581892298222498,1.550877521152919,0.9352837982907211,0.9088125,0.6412627252252252,0.0911875,0.0,0.0911875,2.7674026400136236,0.950475,0.5337932995495496,0.049525,0.0,0.049525,2.8032084650138094,0.9,0.87,0.93,False,False,0,,,,,21090820,15000,40000,80000
83,2,995,1.128358918252359,2.6141135275729805,2.606338763648374,0.3345536650119391,3.0,30.0,1.0300000000000002,0.09835891825235876,1.3611627494759668,1.3488383192987428,0.9909456601115709,0.93486875,0.5750237894144143,0.06513125,0.0,0.06513125,2.7890128462637396,0.94861875,0.532413400900901,0.05138125,0.0,0.05138125,2.804410621263802,1.05,1.02,1.08,False,True,1,0.93,1.1700000000000004,,,21090820,15000,40000,80000
83,2,995,1.128358918252359,2.6141135275729805,2.606338763648374,0.3345536650119391,4.0,40.0,1.1949999999999976,-0.06664108174763861,1.1734908370760744,1.165622460642334,0.993294897424725,0.9565187500000001,0.5043078547297297,0.04348125,0.0,0.04348125,2.8153850400138385,0.94861875,0.532413400900901,0.05138125,0.0,0.05138125,2.804410621263802,1.2,1.17,1.23,False,True,1,1.08,1.319999999999995,,,21090820,15000,40000,80000
84,4,591,1.1336402878333387,2.0082090351594397,2.638432122464403,0.3350854865867219,0.0,0.0,0.495,0.6386402878333387,2.5738738435965804,1.7256163225073873,0.6704354709538181,0.7595875000000001,0.7105712274774776,0.24041249999999997,0.0,0.24041249999999997,2.76070728658778,0.92955,0.4888524211711712,0.07045,0.0,0.07045,2.8329149115885146,0.47,0.44,0.5,False,False,0,,,0.495,0.0,21100820,15000,40000,80000
84,4,591,1.1336402878333387,2.0082090351594397,2.638432122464403,0.3350854865867219,0.5,5.0,0.59,0.5436402878333387,2.1728473497767533,1.6012744305010083,0.7369475037744964,0.797525,0.7013893018018018,0.20247500000000002,0.0,0.20247500000000002,2.7620522990879395,0.92955,0.4888524211711712,0.07045,0.0,0.07045,2.8329149115885146,0.57,0.54,0.6,False,False,0,,,,,21100820,15000,40000,80000
84,4,591,1.1336402878333387,2.0082090351594397,2.638432122464403,0.3350854865867219,1.0,10.0,0.69,0.44364028783333875,1.826160375083625,1.476932538494629,0.8087638734505977,0.83115,0.6744262387387387,0.16885,0.0,0.16885,2.768520474088082,0.92955,0.4888524211711712,0.07045,0.0,0.07045,2.8329149115885146,0.71,0.68,0.74,False,False,0,,,,,21100820,15000,40000,80000
84,4,591,1.1336402878333387,2.0082090351594397,2.638432122464403,0.3350854865867219,2.0,20.0,0.875,0.2586402878333387,1.3123466841843077,1.228248754481871,0.9359179013320645,0.8817875,0.6024987612612613,0.1182125,0.0,0.1182125,2.7894592615883003,0.92955,0.4888524211711712,0.07045,0.0,0.07045,2.8329149115885146,0.9,0.87,0.93,False,False,0,,,,,21100820,15000,40000,80000
84,4,591,1.1336402878333387,2.0082090351594397,2.638432122464403,0.3350854865867219,3.0,30.0,1.115,0.01864028783333871,0.9809325261510691,0.9795649704691127,0.9986058616209595,0.9268624999999999,0.49695675675675677,0.0731375,0.0,0.0731375,2.829391924088502,0.92955,0.4888524211711712,0.07045,0.0,0.07045,2.8329149115885146,1.1,1.07,1.13,False,False,0,,,,,21100820,15000,40000,80000
84,4,591,1.1336402878333387,2.0082090351594397,2.638432122464403,0.3350854865867219,4.0,40.0,1.385,-0.2513597121666613,0.7796906333338998,0.7308811864563546,0.9373989569826694,0.9589375,0.3890545045045045,0.0410625,0.0,0.0410625,2.883252599088654,0.92955,0.4888524211711712,0.07045,0.0,0.07045,2.8329149115885146,1.4,1.37,1.43,False,False,0,,,,,21100820,15000,40000,80000
85,4,19,1.264435748474123,2.6447673260164217,2.896360244058961,0.3402876514353032,0.0,0.0,0.51,0.7544357484741231,2.722610953116886,1.696394591494805,0.6230763853912904,0.8051375000000001,0.7469657094594595,0.1948625,0.0,0.1948625,2.7435638889365443,0.97055,0.47832640765765766,0.029450000000000004,0.0,0.029450000000000004,2.81966477643726,0.51,0.48,0.54,False,False,0,,,0.51,0.0,21110820,15000,40000,80000
85,4,19,1.264435748474123,2.6447673260164217,2.896360244058961,0.3402876514353032,0.5,5.0,0.585,0.6794357484741231,2.3969752009361955,1.644172071558923,0.6859362044783578,0.8353375000000001,0.7398573198198197,0.1646625,0.0,0.1646625,2.7431492389366703,0.97055,0.47832640765765766,0.029450000000000004,0.0,0.029450000000000004,2.81966477643726,0.61,0.58,0.64,False,False,0,,,,,21110820,15000,40000,80000
85,4,19,1.264435748474123,2.6447673260164217,2.896360244058961,0.3402876514353032,1.0,10.0,0.69,0.5744357484741232,2.1372820505800143,1.5919495516230404,0.7448476681825958,0.8718999999999999,0.7151186936936937,0.1281,0.0,0.1281,2.746566338936824,0.97055,0.47832640765765766,0.029450000000000004,0.0,0.029450000000000004,2.81966477643726,0.67,0.64,0.7,False,False,0,,,,,21110820,15000,40000,80000
85,4,19,1.264435748474123,2.6447673260164217,2.896360244058961,0.3402876514353032,2.0,20.0,0.8600000000000002,0.4044357484741229,1.7516999444790333,1.4903863291396133,0.8508228443101673,0.91611875,0.6514154842342342,0.08388124999999999,0.0,0.08388124999999999,2.7610492639370134,0.971025,0.4781854448198198,0.028975,0.0,0.028975,2.8196410326872625,0.8,0.77,0.83,False,True,1,0.68,0.9200000000000003,,,21110820,15000,40000,80000
85,4,19,1.264435748474123,2.6447673260164217,2.896360244058961,0.3402876514353032,3.0,30.0,1.01,0.2544357484741231,1.4905245145984418,1.383059471879511,0.9279011907107864,0.9424625,0.5869970157657658,0.0575375,0.0,0.0575375,2.78012546393713,0.97055,0.47832640765765766,0.029450000000000004,0.0,0.029450000000000004,2.81966477643726,1.0,0.97,1.03,False,False,0,,,,,21110820,15000,40000,80000
85,4,19,1.264435748474123,2.6447673260164217,2.896360244058961,0.3402876514353032,4.0,40.0,1.125,0.1394357484741231,1.320225542311729,1.2786144320077466,0.9684818169544569,0.9579625,0.5373973536036036,0.0420375,0.0,0.0420375,2.7968505514372004,0.97055,0.47832640765765766,0.029450000000000004,0.0,0.029450000000000004,2.81966477643726,1.1,1.07,1.13,False,False,0,,,,,21110820,15000,40000,80000
86,4,428,1.19766863332388,2.2076793007963,2.7387067616150937,0.3094302823924406,0.0,0.0,0.56,0.6376686333238799,2.7483721298386543,1.9648100607100967,0.7148995725063777,0.797175,0.7498807432432433,0.202825,0.0,0.202825,2.7284541823936546,0.9486749999999999,0.5508007882882883,0.051325,0.0,0.051325,2.803328419894312,0.57,0.54,0.6,False,False,0,,,0.56,0.0,21120820,15000,40000,80000
86,4,428,1.19766863332388,2.2076793007963,2.7387067616150937,0.3094302823924406,0.5,5.0,0.65,0.5476686333238799,2.415069532956911,1.873267094078426,0.7756576233169052,0.8309500000000001,0.744113795045045,0.16905,0.0,0.16905,2.731137907393796,0.9486749999999999,0.5508007882882883,0.051325,0.0,0.051325,2.803328419894312,0.63,0.6,0.66,False,False,0,,,,,21120820,15000,40000,80000
86,4,428,1.19766863332388,2.2076793007963,2.7387067616150937,0.3094302823924406,1.0,10.0,0.76,0.43766863332387995,2.136151246817337,1.7817241274467548,0.8340814491021433,0.8653375,0.7198159346846846,0.1346625,0.0,0.1346625,2.7392884073939423,0.9486749999999999,0.5508007882882883,0.051325,0.0,0.051325,2.803328419894312,0.75,0.72,0.78,False,False,0,,,,,21120820,15000,40000,80000
86,4,428,1.19766863332388,2.2076793007963,2.7387067616150937,0.3094302823924406,2.0,20.0,0.95,0.24766863332388,1.7183817301425868,1.5986381941834127,0.9303161027269313,0.9106,0.6534692567567568,0.08940000000000001,0.0,0.08940000000000001,2.7623039073941387,0.9486749999999999,0.5508007882882883,0.051325,0.0,0.051325,2.803328419894312,0.95,0.92,0.98,False,False,0,,,,,21120820,15000,40000,80000
86,4,428,1.19766863332388,2.2076793007963,2.7387067616150937,0.3094302823924406,3.0,30.0,1.135,0.06266863332387995,1.4359679540992434,1.4155522609200706,0.9857826261923935,0.9411499999999999,0.5774682995495496,0.05885,0.0,0.05885,2.7919724698942767,0.9486749999999999,0.5508007882882883,0.051325,0.0,0.051325,2.803328419894312,1.15,1.12,1.18,False,False,0,,,,,21120820,15000,40000,80000
86,4,428,1.19766863332388,2.2076793007963,2.7387067616150937,0.3094302823924406,4.0,40.0,1.195,0.0026686333238798987,1.2342490159150938,1.2324663276567287,0.9985556494391503,0.948475,0.5520331644144144,0.051525,0.0,0.051525,2.802782582394311,0.9486749999999999,0.5508007882882883,0.051325,0.0,0.051325,2.803328419894312,1.2,1.17,1.23,False,False,0,,,,,21120820,15000,40000,80000
87,2,815,1.2107619541011665,2.338869330420483,2.977809009345476,0.3445929421805317,0.0,0.0,0.495,0.7157619541011665,2.6524429215634457,1.6849952126570586,0.6352616295561457,0.7884,0.7304779842342342,0.2116,0.0,0.2116,2.7539819171817053,0.960675,0.4760755067567568,0.039325,0.0,0.039325,2.8253819546824483,0.49,0.46,0.52,False,False,0,,,0.495,0.0,21130820,15000,40000,80000
87,2,815,1.2107619541011665,2.338869330420483,2.977809009345476,0.3445929421805317,0.5,5.0,0.59,0.6207619541011665,2.2915918296943136,1.61540285199441,0.7049260828486617,0.8258000000000001,0.7182587274774774,0.17420000000000002,0.0,0.17420000000000002,2.7542371171818614,0.960675,0.4760755067567568,0.039325,0.0,0.039325,2.8253819546824483,0.59,0.56,0.62,False,False,0,,,,,21130820,15000,40000,80000
87,2,815,1.2107619541011665,2.338869330420483,2.977809009345476,0.3445929421805317,1.0,10.0,0.675,0.5357619541011664,2.0012213231072478,1.5458104913317614,0.772433550194048,0.8556125,0.6962024774774775,0.1443875,0.0,0.1443875,2.757391054681987,0.960675,0.4760755067567568,0.039325,0.0,0.039325,2.8253819546824483,0.69,0.66,0.72,False,False,0,,,,,21130820,15000,40000,80000
87,2,815,1.2107619541011665,2.338869330420483,2.977809009345476,0.3445929421805317,2.0,20.0,0.86,0.3507619541011665,1.5822848762786015,1.4066257700064642,0.8889838935418048,0.9062,0.6264247747747747,0.0938,0.0,0.0938,2.7733613671822037,0.960675,0.4760755067567568,0.039325,0.0,0.039325,2.8253819546824483,0.85,0.82,0.88,False,False,0,,,,,21130820,15000,40000,80000
87,2,815,1.2107619541011665,2.338869330420483,2.977809009345476,0.3445929421805317,3.0,30.0,1.025,0.18576195410116658,1.3109118204104033,1.2674410486811671,0.9668392861728664,0.937175,0.5549237612612612,0.062825,0.0,0.062825,2.79537307968234,0.960675,0.4760755067567568,0.039325,0.0,0.039325,2.8253819546824483,1.05,1.02,1.08,False,False,0,,,,,21130820,15000,40000,80000
87,2,815,1.2107619541011665,2.338869330420483,2.977809009345476,0.3445929421805317,4.0,40.0,1.1699999999999984,0.04076195410116812,1.1246955391780884,1.120899707723297,0.9966250142171228,0.95596875,0.4931606418918919,0.04403125,0.0,0.04403125,2.8188574671824265,0.9601500000000001,0.47615090090090084,0.03985,0.0,0.03985,2.825862998432447,1.3,1.27,1.33,False,True,2,1.09,1.5099999999999911,,,21130820,15000,40000,80000
88,4,154,1.1027688810871823,2.5120302335567914,2.7370504073750315,0.3137752970611829,0.0,0.0,0.55,0.5527688810871823,2.793983295359469,2.1592782109519377,0.7728314677250526,0.8075749999999999,0.7613211148648649,0.192425,0.0,0.192425,2.7248592220624372,0.9460625,0.6000382882882883,0.0539375,0.0,0.0539375,2.778883634563033,0.57,0.54,0.6,False,False,0,,,0.55,0.0,21140820,15000,40000,80000
88,4,154,1.1027688810871823,2.5120302335567914,2.7370504073750315,0.3137752970611829,0.5,5.0,0.665,0.43776888108718226,2.4781154968029404,2.062229346924061,0.8321764460068866,0.8491875,0.7515193130630631,0.1508125,0.0,0.1508125,2.728335559562612,0.9460625,0.6000382882882883,0.0539375,0.0,0.0539375,2.778883634563033,0.65,0.62,0.68,False,False,0,,,,,21140820,15000,40000,80000
88,4,154,1.1027688810871823,2.5120302335567914,2.7370504073750315,0.3137752970611829,1.0,10.0,0.75,0.3527688810871823,2.2251809983052944,1.965180482896184,0.8831553407982867,0.8758,0.7325318130630629,0.1242,0.0,0.1242,2.733853172062725,0.9460625,0.6000382882882883,0.0539375,0.0,0.0539375,2.778883634563033,0.75,0.72,0.78,False,False,0,,,,,21140820,15000,40000,80000
88,4,154,1.1027688810871823,2.5120302335567914,2.7370504073750315,0.3137752970611829,2.0,20.0,0.9,0.20276888108718227,1.8391124302045105,1.7710827548404304,0.9630095070606884,0.9118625,0.6820078828828828,0.0881375,0.0,0.0881375,2.749874747062881,0.9460625,0.6000382882882883,0.0539375,0.0,0.0539375,2.778883634563033,0.9,0.87,0.93,False,False,0,,,,,21140820,15000,40000,80000
88,4,154,1.1027688810871823,2.5120302335567914,2.7370504073750315,0.3137752970611829,3.0,30.0,1.0700000000000003,0.03276888108718201,1.6072111401356477,1.604487143244786,0.9983051406110639,0.94351875,0.6150356981981981,0.05648125,0.0,0.05648125,2.7724543283130205,0.9481125,0.6013196509009009,0.0518875,0.0,0.0518875,2.777567603313041,1.0,0.97,1.03,False,True,1,0.88,1.12,,,21140820,15000,40000,80000
88,4,154,1.1027688810871823,2.5120302335567914,2.7370504073750315,0.3137752970611829,4.0,40.0,1.1450000000000002,-0.042231118912817944,1.42537354546191,1.4176780087412395,0.9946010386223516,0.953375,0.5833877533783784,0.046625,0.0,0.046625,2.784447309563066,0.9481125,0.6013196509009009,0.0518875,0.0,0.0518875,2.777567603313041,1.1,1.07,1.13,False,True,1,0.9800000000000001,1.2200000000000002,,,21140820,15000,40000,80000
89,1,669,1.132064185826169,2.5722928556592657,2.863932264850805,0.337393907819765,0.0,0.0,0.505,0.6270641858261691,2.7181544093665826,1.9106447268199962,0.7029198636530872,0.7987875,0.745703490990991,0.20121250000000002,0.0,0.20121250000000002,2.743418432820981,0.9554499999999999,0.5350361486486486,0.04455,0.0,0.04455,2.8002911328216538,0.51,0.48,0.54,False,False,0,,,0.505,0.0,21150820,15000,40000,80000
89,1,669,1.132064185826169,2.5722928556592657,2.863932264850805,0.337393907819765,0.5,5.0,0.61,0.5220641858261691,2.394618079083623,1.831099426194218,0.7646728479119086,0.84155,0.7360830518018018,0.15844999999999998,0.0,0.15844999999999998,2.743059770321159,0.9554499999999999,0.5350361486486486,0.04455,0.0,0.04455,2.8002911328216538,0.63,0.6,0.66,False,False,0,,,,,21150820,15000,40000,80000
89,1,669,1.132064185826169,2.5722928556592657,2.863932264850805,0.337393907819765,1.0,10.0,0.665,0.46706418582616904,2.1163550107674434,1.7582716802101133,0.830801860398894,0.8590187499999999,0.722068384009009,0.14098125,0.0,0.14098125,2.745697820321233,0.9558249999999999,0.5363984515765766,0.044175,0.0,0.044175,2.799473239071655,0.71,0.68,0.74,False,True,1,0.59,0.8300000000000002,,,21150820,15000,40000,80000
89,1,669,1.132064185826169,2.5722928556592657,2.863932264850805,0.337393907819765,2.0,20.0,0.8900000000000001,0.24206418582616895,1.7218960834583392,1.6004741367885194,0.929483580434221,0.917825,0.6405244087837838,0.082175,0.0,0.082175,2.765407351571485,0.9558249999999999,0.5363984515765766,0.044175,0.0,0.044175,2.799473239071655,0.85,0.82,0.88,False,True,1,0.73,0.9700000000000002,,,21150820,15000,40000,80000
89,1,669,1.132064185826169,2.5722928556592657,2.863932264850805,0.337393907819765,3.0,30.0,0.99,0.1420641858261691,1.4730082614944664,1.4333729230653258,0.9730922497414048,0.9371,0.5979502815315315,0.06290000000000001,0.0,0.06290000000000001,2.7783298453215695,0.9554499999999999,0.5350361486486486,0.04455,0.0,0.04455,2.8002911328216538,1.0,0.97,1.03,False,False,0,,,,,21150820,15000,40000,80000
89,1,669,1.132064185826169,2.5722928556592657,2.863932264850805,0.337393907819765,4.0,40.0,1.134999999999999,-0.0029358141738298205,1.2861241953242093,1.284879049945331,0.9990318622545125,0.9562250000000001,0.5352031531531531,0.043775,0.0,0.043775,2.7999096390716565,0.9558249999999999,0.5363984515765766,0.044175,0.0,0.044175,2.799473239071655,1.2,1.17,1.23,False,True,1,1.08,1.319999999999995,,,21150820,15000,40000,80000
90,3,36,1.1804711777241432,2.4779314571463686,3.0036624527585367,0.3178525372222521,0.0,0.0,0.56,0.6204711777241432,2.8223755825478816,2.0452304429757686,0.724648574634227,0.8222125,0.7685193130630632,0.1777875,0.0,0.1777875,2.722951962223565,0.9596625,0.5703067567567568,0.0403375,0.0,0.0403375,2.788471874724161,0.55,0.52,0.58,False,False,0,,,0.56,0.0,21160820,15000,40000,80000
90,3,36,1.1804711777241432,2.4779314571463686,3.0036624527585367,0.3178525372222521,0.5,5.0,0.65,0.5304711777241432,2.520463757683333,1.9729014007400634,0.782753330503527,0.8544,0.7597333896396397,0.1456,0.0,0.1456,2.725424587223701,0.9596625,0.5703067567567568,0.0403375,0.0,0.0403375,2.788471874724161,0.63,0.6,0.66,False,False,0,,,,,21160820,15000,40000,80000
90,3,36,1.1804711777241432,2.4779314571463686,3.0036624527585367,0.3178525372222521,1.0,10.0,0.74,0.44047117772414324,2.278815016984252,1.9005723585043584,0.8340178313461993,0.8823375,0.7399546734234235,0.1176625,0.0,0.1176625,2.7307708997238187,0.9596625,0.5703067567567568,0.0403375,0.0,0.0403375,2.788471874724161,0.73,0.7,0.76,False,False,0,,,,,21160820,15000,40000,80000
90,3,36,1.1804711777241432,2.4779314571463686,3.0036624527585367,0.3178525372222521,2.0,20.0,0.88,0.3004711777241432,1.9199594307386678,1.7559142740329476,0.9145580088415687,0.9164125,0.6941081081081081,0.08358750000000001,0.0,0.08358750000000001,2.7445012622239657,0.9596625,0.5703067567567568,0.0403375,0.0,0.0403375,2.788471874724161,0.9,0.87,0.93,False,False,0,,,,,21160820,15000,40000,80000
90,3,36,1.1804711777241432,2.4779314571463686,3.0036624527585367,0.3178525372222521,3.0,30.0,1.015,0.16547117772414333,1.6514052956571041,1.6112561895615374,0.9756879148921518,0.9389625,0.6393914977477477,0.061037499999999995,0.0,0.061037499999999995,2.7629740497240656,0.9596625,0.5703067567567568,0.0403375,0.0,0.0403375,2.788471874724161,1.0,0.97,1.03,False,False,0,,,,,21160820,15000,40000,80000
90,3,36,1.1804711777241432,2.4779314571463686,3.0036624527585367,0.3178525372222521,4.0,40.0,1.18,0.0004711777241432902,1.4659098367782704,1.4665981050901267,1.0004695161288835,0.959575,0.5704564189189187,0.040425,0.0,0.040425,2.7884144622241602,0.9596625,0.5703067567567568,0.0403375,0.0,0.0403375,2.788471874724161,1.2,1.17,1.23,False,False,0,,,,,21160820,15000,40000,80000
91,2,354,1.0893093540530352,2.2334644543170143,2.3174016314276846,0.3074233429514481,0.0,0.0,0.545,0.5443093540530352,2.683552745289763,2.0410530259638153,0.7605786879152352,0.7767125,0.7340445382882883,0.2232875,0.0,0.2232875,2.735346042952579,0.9236875,0.571230912162162,0.0763125,0.0,0.0763125,2.7987068679532143,0.57,0.54,0.6,False,False,0,,,0.545,0.0,21170820,15000,40000,80000
91,2,354,1.0893093540530352,2.2334644543170143,2.3174016314276846,0.3074233429514481,0.5,5.0,0.645,0.4443093540530352,2.308656705033336,1.9047177404185132,0.8250329017154631,0.8129500000000001,0.7260881193693693,0.18705,0.0,0.18705,2.7399618054527313,0.9236875,0.571230912162162,0.0763125,0.0,0.0763125,2.7987068679532143,0.65,0.62,0.68,False,False,0,,,,,21170820,15000,40000,80000
91,2,354,1.0893093540530352,2.2334644543170143,2.3174016314276846,0.3074233429514481,1.0,10.0,0.725,0.3643093540530352,1.9940169678784994,1.7683824548732108,0.8868442362126193,0.8389125,0.7087213400900901,0.1610875,0.0,0.1610875,2.7463850554528424,0.9236875,0.571230912162162,0.0763125,0.0,0.0763125,2.7987068679532143,0.75,0.72,0.78,False,False,0,,,,,21170820,15000,40000,80000
91,2,354,1.0893093540530352,2.2334644543170143,2.3174016314276846,0.3074233429514481,2.0,20.0,0.965,0.12430935405303523,1.5231020589176003,1.4957118837826064,0.982016848460924,0.90005,0.6229634009009009,0.09995,0.0,0.09995,2.777643155453108,0.9236875,0.571230912162162,0.0763125,0.0,0.0763125,2.7987068679532143,0.95,0.92,0.98,False,False,0,,,,,21170820,15000,40000,80000
91,2,354,1.0893093540530352,2.2334644543170143,2.3174016314276846,0.3074233429514481,3.0,30.0,1.12,-0.030690645946964912,1.2274667943302071,1.223041312692002,0.9963946221122665,0.9286625,0.5582368243243243,0.0713375,0.0,0.0713375,2.8043473429532364,0.9236875,0.571230912162162,0.0763125,0.0,0.0763125,2.7987068679532143,1.1,1.07,1.13,False,False,0,,,,,21170820,15000,40000,80000
91,2,354,1.0893093540530352,2.2334644543170143,2.3174016314276846,0.3074233429514481,4.0,40.0,1.2949999999999964,-0.20569064594696118,1.0008403489085407,0.9280283728135756,0.9272491599940293,0.9495750000000001,0.4857732545045045,0.050425,0.0,0.050425,2.8383473429533352,0.9218062499999999,0.5724864301801802,0.07819375,0.0,0.07819375,2.7985289867032064,1.25,1.22,1.28,False,True,1,1.13,1.3699999999999948,,,21170820,15000,40000,80000
92,3,1025,1.1562721448371869,2.7941461740542266,2.552071654404859,0.3113492770721101,0.0,0.0,0.575,0.5812721448371869,2.827503824585054,2.1123756300398835,0.7470814404114491,0.8218875,0.7690495495495495,0.1781125,0.0,0.1781125,2.719888627073423,0.95455,0.5875114301801801,0.045450000000000004,0.0,0.045450000000000004,2.7812829395739973,0.57,0.54,0.6,False,False,0,,,0.575,0.0,21180820,15000,40000,80000
92,3,1025,1.1562721448371869,2.7941461740542266,2.552071654404859,0.3113492770721101,0.5,5.0,0.655,0.5012721448371869,2.52539998431534,2.030668732562273,0.8040978637737684,0.8505375,0.7622300112612612,0.1494625,0.0,0.1494625,2.722336127073544,0.95455,0.5875114301801801,0.045450000000000004,0.0,0.045450000000000004,2.7812829395739973,0.67,0.64,0.7,False,False,0,,,,,21180820,15000,40000,80000
92,3,1025,1.1562721448371869,2.7941461740542266,2.552071654404859,0.3113492770721101,1.0,10.0,0.74,0.4162721448371869,2.2780041048804236,1.948961835084662,0.8555567704681403,0.876825,0.7445406531531532,0.123175,0.0,0.123175,2.7276757395736553,0.95455,0.5875114301801801,0.045450000000000004,0.0,0.045450000000000004,2.7812829395739973,0.73,0.7,0.76,False,False,0,,,,,21180820,15000,40000,80000
92,3,1025,1.1562721448371869,2.7941461740542266,2.552071654404859,0.3113492770721101,2.0,20.0,0.92,0.23627214483718684,1.9082684526793996,1.785548040129441,0.9356901737920329,0.9196,0.6848871058558558,0.0804,0.0,0.0804,2.74640135207384,0.95455,0.5875114301801801,0.045450000000000004,0.0,0.045450000000000004,2.7812829395739973,0.9,0.87,0.93,False,False,0,,,,,21180820,15000,40000,80000
92,3,1025,1.1562721448371869,2.7941461740542266,2.552071654404859,0.3113492770721101,3.0,30.0,1.01,0.14627214483718687,1.6458569061919617,1.6221342451742198,0.9855864377222019,0.9351,0.6487521959459459,0.0649,0.0,0.0649,2.7587586395739088,0.95455,0.5875114301801801,0.045450000000000004,0.0,0.045450000000000004,2.7812829395739973,1.0,0.97,1.03,False,False,0,,,,,21180820,15000,40000,80000
92,3,1025,1.1562721448371869,2.7941461740542266,2.552071654404859,0.3113492770721101,4.0,40.0,1.1450000000000002,0.011272144837186637,1.5016163694062223,1.501685332523204,1.0000459259224836,0.9553875000000001,0.5956241554054054,0.0446125,0.0,0.0446125,2.778167339574,0.95665,0.5908697072072071,0.04335,0.0,0.04335,2.7800078895740055,1.1,1.07,1.13,False,True,1,0.9800000000000001,1.2200000000000002,,,21180820,15000,40000,80000
93,2,620,1.1630026993551343,2.3310110258341123,2.573961048120327,0.3178497312771802,0.0,0.0,0.555,0.6080026993551343,2.7141846385080206,1.9277529161433546,0.7102512072292306,0.795975,0.7428051238738739,0.204025,0.0,0.204025,2.7367523687783883,0.9442125,0.5410713400900902,0.0557875,0.0,0.0557875,2.8067463187790302,0.53,0.5,0.56,False,False,0,,,0.555,0.0,21190820,15000,40000,80000
93,2,620,1.1630026993551343,2.3310110258341123,2.573961048120327,0.3178497312771802,0.5,5.0,0.6250000000000001,0.5380026993551342,2.360401354607698,1.8278880096408037,0.7743971194020101,0.82188125,0.7356052083333333,0.17811875,0.0,0.17811875,2.7391351562784974,0.9442375000000001,0.5409901745495496,0.055762500000000007,0.0,0.055762500000000007,2.807113575029031,0.65,0.62,0.68,False,True,1,0.53,0.7700000000000002,,,21190820,15000,40000,80000
93,2,620,1.1630026993551343,2.3310110258341123,2.573961048120327,0.3178497312771802,1.0,10.0,0.7250000000000001,0.43800269935513425,2.0705781707991395,1.728564454484288,0.8348221182188686,0.8547875,0.7137120213963963,0.14521250000000002,0.0,0.14521250000000002,2.7456076250286365,0.9442375000000001,0.5409901745495496,0.055762500000000007,0.0,0.055762500000000007,2.807113575029031,0.73,0.7,0.76,False,True,1,0.61,0.8500000000000002,,,21190820,15000,40000,80000
93,2,620,1.1630026993551343,2.3310110258341123,2.573961048120327,0.3178497312771802,2.0,20.0,0.92,0.2430026993551343,1.634341234517848,1.530228568276617,0.936296861363872,0.9040625,0.6442001126126126,0.09593750000000001,0.0,0.09593750000000001,2.76762956877885,0.9442125,0.5410713400900902,0.0557875,0.0,0.0557875,2.8067463187790302,0.9,0.87,0.93,False,False,0,,,,,21190820,15000,40000,80000
93,2,620,1.1630026993551343,2.3310110258341123,2.573961048120327,0.3178497312771802,3.0,30.0,1.07,0.09300269935513428,1.3465376323888019,1.3314663943432485,0.9888074141538722,0.9314875,0.5812940315315316,0.0685125,0.0,0.0685125,2.7905386562789722,0.9442125,0.5410713400900902,0.0557875,0.0,0.0557875,2.8067463187790302,1.05,1.02,1.08,False,False,0,,,,,21190820,15000,40000,80000
93,2,620,1.1630026993551343,2.3310110258341123,2.573961048120327,0.3178497312771802,4.0,40.0,1.195,-0.03199730064486572,1.1450548767265818,1.1327042204098796,0.9892139175442757,0.9485250000000001,0.5279238738738739,0.051475,0.0,0.051475,2.8123007937790505,0.9442125,0.5410713400900902,0.0557875,0.0,0.0557875,2.8067463187790302,1.2,1.17,1.23,False,False,0,,,,,21190820,15000,40000,80000
94,4,641,1.0990602226605195,2.2501398257466327,2.872953270359787,0.3197017968050369,0.0,0.0,0.54,0.5590602226605195,2.74007629370011,2.0695078779037215,0.755273815791868,0.798125,0.7490975788288288,0.201875,0.0,0.201875,2.7338566468062524,0.9411,0.5774762950450452,0.0589,0.0,0.0589,2.7904039468068684,0.53,0.5,0.56,False,False,0,,,0.54,0.0,21200820,15000,40000,80000
94,4,641,1.0990602226605195,2.2501398257466327,2.872953270359787,0.3197017968050369,0.5,5.0,0.64,0.4590602226605195,2.4050113897455296,1.9639676028704225,0.8166146785185191,0.835475,0.7403692567567566,0.164525,0.0,0.164525,2.73639767180641,0.9411,0.5774762950450452,0.0589,0.0,0.0589,2.7904039468068684,0.65,0.62,0.68,False,False,0,,,,,21200820,15000,40000,80000
94,4,641,1.0990602226605195,2.2501398257466327,2.872953270359787,0.3197017968050369,1.0,10.0,0.72,0.37906022266051953,2.1296768203264733,1.8584273278371235,0.8726334954203201,0.8614124999999999,0.7224039414414416,0.1385875,0.0,0.1385875,2.7413381968065194,0.9411,0.5774762950450452,0.0589,0.0,0.0589,2.7904039468068684,0.73,0.7,0.76,False,False,0,,,,,21200820,15000,40000,80000
94,4,641,1.0990602226605195,2.2501398257466327,2.872953270359787,0.3197017968050369,2.0,20.0,0.8850000000000001,0.21406022266051938,1.726926185688225,1.6521197557862486,0.9566823234704939,0.9041375,0.6679876689189189,0.09586249999999999,0.0,0.09586249999999999,2.7578634968067033,0.9412625,0.5783706362612613,0.0587375,0.0,0.0587375,2.789722928056869,0.9,0.87,0.93,False,True,1,0.78,1.0200000000000002,,,21200820,15000,40000,80000
94,4,641,1.0990602226605195,2.2501398257466327,2.872953270359787,0.3197017968050369,3.0,30.0,1.075,0.024060222660519548,1.4406583022355028,1.4362662277039273,0.9969513419491907,0.9378500000000001,0.587869313063063,0.06215,0.0,0.06215,2.7863603218068533,0.9411,0.5774762950450452,0.0589,0.0,0.0589,2.7904039468068684,1.05,1.02,1.08,False,False,0,,,,,21200820,15000,40000,80000
94,4,641,1.0990602226605195,2.2501398257466327,2.872953270359787,0.3197017968050369,4.0,40.0,1.205,-0.10593977733948057,1.2429147146121258,1.2251856776373296,0.9857359183487269,0.9541125,0.5326451576576576,0.0458875,0.0,0.0458875,2.808681509306929,0.9411,0.5774762950450452,0.0589,0.0,0.0589,2.7904039468068684,1.2,1.17,1.23,False,False,0,,,,,21200820,15000,40000,80000
95,3,612,1.1647679814025411,2.60071788272544,2.6305373338138995,0.3314131854556831,0.0,0.0,0.525,0.6397679814025411,2.7174107722034524,1.871115264560768,0.6885654843575771,0.7992999999999999,0.744951858108108,0.2007,0.0,0.2007,2.7414031979569025,0.9535750000000001,0.5251523085585585,0.046425,0.0,0.046425,2.806627247957568,0.51,0.48,0.54,False,False,0,,,0.525,0.0,21210820,15000,40000,80000
95,3,612,1.1647679814025411,2.60071788272544,2.6305373338138995,0.3314131854556831,0.5,5.0,0.605,0.5597679814025411,2.3811849288883127,1.788409233623129,0.7510585221358977,0.8305375,0.737699099099099,0.16946250000000002,0.0,0.16946250000000002,2.742197135457033,0.9535750000000001,0.5251523085585585,0.046425,0.0,0.046425,2.806627247957568,0.61,0.58,0.64,False,False,0,,,,,21210820,15000,40000,80000
95,3,612,1.1647679814025411,2.60071788272544,2.6305373338138995,0.3314131854556831,1.0,10.0,0.715,0.44976798140254115,2.102857898692626,1.7057032026854897,0.811135742337106,0.8670249999999999,0.7108134572072072,0.132975,0.0,0.132975,2.7478721104571875,0.9535750000000001,0.5251523085585585,0.046425,0.0,0.046425,2.806627247957568,0.69,0.66,0.72,False,False,0,,,,,21210820,15000,40000,80000
95,3,612,1.1647679814025411,2.60071788272544,2.6305373338138995,0.3314131854556831,2.0,20.0,0.855,0.30976798140254114,1.6863681197733797,1.5402911408102111,0.9133777629864119,0.903225,0.6592295608108107,0.096775,0.0,0.096775,2.7614347979573433,0.9535750000000001,0.5251523085585585,0.046425,0.0,0.046425,2.806627247957568,0.85,0.82,0.88,False,False,0,,,,,21210820,15000,40000,80000
95,3,612,1.1647679814025411,2.60071788272544,2.6305373338138995,0.3314131854556831,3.0,30.0,1.02,0.1447679814025411,1.4209316763556423,1.3883066168641294,0.9770396704961997,0.93549375,0.5889999155405404,0.06450625,0.0,0.06450625,2.7832525104574852,0.95459375,0.5258460585585585,0.045406249999999995,0.0,0.045406249999999995,2.8064932042075723,1.05,1.02,1.08,False,True,1,0.93,1.1700000000000004,,,21210820,15000,40000,80000
95,3,612,1.1647679814025411,2.60071788272544,2.6305373338138995,0.3314131854556831,4.0,40.0,1.195,-0.030232018597458943,1.2129649146785553,1.2094670170596538,0.9971162417176522,0.9571375,0.5124850788288289,0.0428625,0.0,0.0428625,2.811582385457585,0.9535750000000001,0.5251523085585585,0.046425,0.0,0.046425,2.806627247957568,1.2,1.17,1.23,False,False,0,,,,,21210820,15000,40000,80000
96,2,871,1.119995543445611,2.464893851565234,2.7753609223854023,0.3236256516895091,0.0,0.0,0.555,0.564995543445611,2.7461313243867274,2.0414099985098,0.7433766842762672,0.808925,0.7509524211711712,0.191075,0.0,0.191075,2.7345830641907694,0.9492125,0.5696130067567569,0.0507875,0.0,0.0507875,2.7902920391913737,0.55,0.52,0.58,False,False,0,,,0.555,0.0,21220820,15000,40000,80000
96,2,871,1.119995543445611,2.464893851565234,2.7753609223854023,0.3236256516895091,0.5,5.0,0.6450000000000001,0.4749955434456109,2.4287462649828675,1.9356179553631092,0.796961783645507,0.8449375,0.7420289695945946,0.1550625,0.0,0.1550625,2.73597011419092,0.94828125,0.5662965371621622,0.05171875,0.0,0.05171875,2.79206524544137,0.61,0.58,0.64,False,True,1,0.49,0.7300000000000002,,,21220820,15000,40000,80000
96,2,871,1.119995543445611,2.464893851565234,2.7753609223854023,0.3236256516895091,1.0,10.0,0.705,0.41499554344561107,2.1602947795841887,1.8593950004857283,0.86071355541748,0.8631500000000001,0.7286380630630631,0.13685,0.0,0.13685,2.7393857016909973,0.9492125,0.5696130067567569,0.0507875,0.0,0.0507875,2.7902920391913737,0.71,0.68,0.74,False,False,0,,,,,21220820,15000,40000,80000
96,2,871,1.119995543445611,2.464893851565234,2.7753609223854023,0.3236256516895091,2.0,20.0,0.8950000000000001,0.2249955434456109,1.7627123731844965,1.6577658345121997,0.9404630385145016,0.91220625,0.6618605574324323,0.08779375,0.0,0.08779375,2.7586636641912086,0.94828125,0.5662965371621622,0.05171875,0.0,0.05171875,2.79206524544137,0.85,0.82,0.88,False,True,1,0.73,0.9700000000000002,,,21220820,15000,40000,80000
96,2,871,1.119995543445611,2.464893851565234,2.7753609223854023,0.3236256516895091,3.0,30.0,1.04,0.079995543445611,1.5076161171510916,1.4953650044375857,0.9918738513245291,0.9382625,0.6039802927927929,0.0617375,0.0,0.0617375,2.777681851691324,0.9492125,0.5696130067567569,0.0507875,0.0,0.0507875,2.7902920391913737,1.05,1.02,1.08,False,False,0,,,,,21220820,15000,40000,80000
96,2,871,1.119995543445611,2.464893851565234,2.7753609223854023,0.3236256516895091,4.0,40.0,1.17,-0.0500044565543889,1.3157001377404363,1.3133500064135144,0.9982137789154921,0.955025,0.5481118243243244,0.044975,0.0,0.044975,2.7985998766914006,0.9492125,0.5696130067567569,0.0507875,0.0,0.0507875,2.7902920391913737,1.15,1.12,1.18,False,False,0,,,,,21220820,15000,40000,80000
97,2,838,1.0951965121266634,2.198022564412296,2.7226427209072552,0.3330306564807284,0.0,0.0,0.515,0.5801965121266633,2.639812498411012,1.8864180800158135,0.7146030565243967,0.7802875,0.7263448198198198,0.21971249999999998,0.0,0.21971249999999998,2.7515015564818714,0.934625,0.5301951576576577,0.065375,0.0,0.065375,2.810592006482535,0.51,0.48,0.54,False,False,0,,,0.515,0.0,21230820,15000,40000,80000
97,2,838,1.0951965121266634,2.198022564412296,2.7226427209072552,0.3330306564807284,0.5,5.0,0.585,0.5101965121266634,2.266518923945727,1.7701169593814154,0.7809848577394017,0.8079125,0.7198686936936938,0.1920875,0.0,0.1920875,2.7523482689819865,0.934625,0.5301951576576577,0.065375,0.0,0.065375,2.810592006482535,0.59,0.56,0.62,False,False,0,,,,,21230820,15000,40000,80000
97,2,838,1.0951965121266634,2.198022564412296,2.7226427209072552,0.3330306564807284,1.0,10.0,0.705,0.3901965121266634,1.959935171074115,1.6538158387470177,0.843811501091981,0.8496,0.6910503378378379,0.1504,0.0,0.1504,2.758511331482163,0.934625,0.5301951576576577,0.065375,0.0,0.065375,2.810592006482535,0.69,0.66,0.72,False,False,0,,,,,21230820,15000,40000,80000
97,2,838,1.0951965121266634,2.198022564412296,2.7226427209072552,0.3330306564807284,2.0,20.0,0.91,0.18519651212666333,1.4923441481627875,1.4212135974782214,0.9523363623785208,0.9019875,0.6111217905405405,0.0980125,0.0,0.0980125,2.781508481482389,0.934625,0.5301951576576577,0.065375,0.0,0.065375,2.810592006482535,0.9,0.87,0.93,False,False,0,,,,,21230820,15000,40000,80000
97,2,838,1.0951965121266634,2.198022564412296,2.7226427209072552,0.3330306564807284,3.0,30.0,1.095,0.00019651212666338402,1.1881140482384753,1.1886113562094254,1.0004185692204275,0.9345625,0.5302409346846847,0.0654375,0.0,0.0654375,2.810575593982535,0.934625,0.5301951576576577,0.065375,0.0,0.065375,2.810592006482535,1.1,1.07,1.13,False,False,0,,,,,21230820,15000,40000,80000
97,2,838,1.0951965121266634,2.198022564412296,2.7226427209072552,0.3330306564807284,4.0,40.0,1.29,-0.19480348787333668,0.9881237675627688,0.9560091149406295,0.9674993622495784,0.9581124999999999,0.44877635135135135,0.0418875,0.0,0.0418875,2.846064031482645,0.934625,0.5301951576576577,0.065375,0.0,0.065375,2.810592006482535,1.3,1.27,1.33,False,False,0,,,,,21230820,15000,40000,80000
98,4,54,1.1473894461094811,2.4403314274276764,2.60597161565797,0.3335276982243902,0.0,0.0,0.505,0.6423894461094811,2.6665943653637765,1.826325329694936,0.6848905680657541,0.7827375,0.7329746058558559,0.2172625,0.0,0.2172625,2.7487292982255425,0.947075,0.5140180743243243,0.052925,0.0,0.052925,2.8144934857262505,0.53,0.5,0.56,False,False,0,,,0.505,0.0,21240820,15000,40000,80000
98,4,54,1.1473894461094811,2.4403314274276764,2.60597161565797,0.3335276982243902,0.5,5.0,0.595,0.5523894461094812,2.308211973285488,1.7323030832971207,0.7504956664926125,0.8187125,0.7252708896396396,0.1812875,0.0,0.1812875,2.749431798225693,0.947075,0.5140180743243243,0.052925,0.0,0.052925,2.8144934857262505,0.57,0.54,0.6,False,False,0,,,,,21240820,15000,40000,80000
98,4,54,1.1473894461094811,2.4403314274276764,2.60597161565797,0.3335276982243902,1.0,10.0,0.73,0.41738944610948114,2.0037541387242315,1.638280836899305,0.8176057158102144,0.86345,0.6890529279279278,0.13655,0.0,0.13655,2.7573389232258823,0.947075,0.5140180743243243,0.052925,0.0,0.052925,2.8144934857262505,0.73,0.7,0.76,False,False,0,,,,,21240820,15000,40000,80000
98,4,54,1.1473894461094811,2.4403314274276764,2.60597161565797,0.3335276982243902,2.0,20.0,0.875,0.2723894461094811,1.5684663810481814,1.4502363441036739,0.9246206113353247,0.901025,0.6328354166666667,0.09897500000000001,0.0,0.09897500000000001,2.772679235726044,0.947075,0.5140180743243243,0.052925,0.0,0.052925,2.8144934857262505,0.85,0.82,0.88,False,False,0,,,,,21240820,15000,40000,80000
98,4,54,1.1473894461094811,2.4403314274276764,2.60597161565797,0.3335276982243902,3.0,30.0,1.035,0.1123894461094812,1.291106996473233,1.2621918513080432,0.9776043772946984,0.932275,0.5640695945945946,0.067725,0.0,0.067725,2.7952338232261815,0.947075,0.5140180743243243,0.052925,0.0,0.052925,2.8144934857262505,1.05,1.02,1.08,False,False,0,,,,,21240820,15000,40000,80000
98,4,54,1.1473894461094811,2.4403314274276764,2.60597161565797,0.3335276982243902,4.0,40.0,1.2799999999999967,-0.13261055389051557,1.074075156020436,1.0629601223656187,0.9896515308146594,0.96126875,0.4597242961711712,0.03873125,0.0,0.03873125,2.837783691976318,0.94625,0.5141680461711711,0.053750000000000006,0.0,0.053750000000000006,2.814480429476247,1.25,1.22,1.28,False,True,1,1.13,1.3699999999999948,,,21240820,15000,40000,80000
99,4,1102,1.09035556435521,2.345936587504973,2.6928629949010428,0.3160618343452182,0.0,0.0,0.55,0.54035556435521,2.7484826932167783,2.0914863012692715,0.7609603314698085,0.8003625,0.7506693130630631,0.1996375,0.0,0.1996375,2.731213534346444,0.9385625,0.5829287162162162,0.06143749999999999,0.0,0.06143749999999999,2.787150534347039,0.55,0.52,0.58,False,False,0,,,0.55,0.0,21250820,15000,40000,80000
99,4,1102,1.09035556435521,2.345936587504973,2.6928629949010428,0.3160618343452182,0.5,5.0,0.675,0.41535556435521004,2.419943938959732,1.9812706899435033,0.8187258630442479,0.8474124999999999,0.7380969594594594,0.1525875,0.0,0.1525875,2.734787359346641,0.9385625,0.5829287162162162,0.06143749999999999,0.0,0.06143749999999999,2.787150534347039,0.65,0.62,0.68,False,False,0,,,,,21250820,15000,40000,80000
99,4,1102,1.09035556435521,2.345936587504973,2.6928629949010428,0.3160618343452182,1.0,10.0,0.72,0.3703555643552101,2.1507327675942367,1.8710550786177351,0.8699616739045907,0.86165,0.7272059684684686,0.13835,0.0,0.13835,2.7379318218467015,0.9385625,0.5829287162162162,0.06143749999999999,0.0,0.06143749999999999,2.787150534347039,0.73,0.7,0.76,False,False,0,,,,,21250820,15000,40000,80000
99,4,1102,1.09035556435521,2.345936587504973,2.6928629949010428,0.3160618343452182,2.0,20.0,0.925,0.16535556435521004,1.728740166221149,1.6712402214099693,0.9667388159685855,0.91128125,0.6547226351351352,0.08871875,0.0,0.08871875,2.7608841655969165,0.9399625,0.5856573761261261,0.0600375,0.0,0.0600375,2.785849515597045,0.95,0.92,0.98,False,True,1,0.83,1.0700000000000003,,,21250820,15000,40000,80000
99,4,1102,1.09035556435521,2.345936587504973,2.6928629949010428,0.3160618343452182,3.0,30.0,1.085,0.005355564355210118,1.4311792195649538,1.430192633314663,0.9993106480049434,0.9378375,0.5852487612612612,0.062162499999999996,0.0,0.062162499999999996,2.786242671847036,0.9385625,0.5829287162162162,0.06143749999999999,0.0,0.06143749999999999,2.787150534347039,1.1,1.07,1.13,False,False,0,,,,,21250820,15000,40000,80000
99,4,1102,1.09035556435521,2.345936587504973,2.6928629949010428,0.3160618343452182,4.0,40.0,1.165,-0.07464443564478995,1.228679999407921,1.209761410663127,0.9846025093971493,0.9482875,0.550868581081081,0.051712499999999995,0.0,0.051712499999999995,2.799903809347084,0.9385625,0.5829287162162162,0.06143749999999999,0.0,0.06143749999999999,2.787150534347039,1.15,1.12,1.18,False,False,0,,,,,21250820,15000,40000,80000
100,3,292,1.1054033298843682,2.399147226551237,2.8101101734179568,0.3196494035561991,0.0,0.0,0.525,0.5804033298843682,2.765331205847419,2.08119843027093,0.7526036757803699,0.7980499999999999,0.7550970157657657,0.20195000000000002,0.0,0.20195000000000002,2.7305843660574136,0.9465375,0.5800211711711711,0.053462499999999996,0.0,0.053462499999999996,2.7869575660580526,0.53,0.5,0.56,False,False,0,,,0.525,0.0,21260820,15000,40000,80000
100,3,292,1.1054033298843682,2.399147226551237,2.8101101734179568,0.3196494035561991,0.5,5.0,0.635,0.47040332988436817,2.4454827131812684,1.9852829045896065,0.8118163722396552,0.8402375,0.7480976914414414,0.1597625,0.0,0.1597625,2.7324521160575905,0.9465375,0.5800211711711711,0.053462499999999996,0.0,0.053462499999999996,2.7869575660580526,0.61,0.58,0.64,False,False,0,,,,,21260820,15000,40000,80000
100,3,292,1.1054033298843682,2.399147226551237,2.8101101734179568,0.3196494035561991,1.0,10.0,0.735,0.3704033298843682,2.185725185784941,1.889367378908283,0.8644121370774115,0.872925,0.7255916666666666,0.127075,0.0,0.127075,2.7382978910577287,0.9465375,0.5800211711711711,0.053462499999999996,0.0,0.053462499999999996,2.7869575660580526,0.73,0.7,0.76,False,False,0,,,,,21260820,15000,40000,80000
100,3,292,1.1054033298843682,2.399147226551237,2.8101101734179568,0.3196494035561991,2.0,20.0,0.9,0.20540332988436816,1.788158727648974,1.7003478874305842,0.9508931512283356,0.9123,0.6681722409909909,0.0877,0.0,0.0877,2.755752234807899,0.9459124999999999,0.5819260979729728,0.054087500000000004,0.0,0.054087500000000004,2.7862009973080495,0.95,0.92,0.98,False,True,1,0.83,1.0700000000000003,,,21260820,15000,40000,80000
100,3,292,1.1054033298843682,2.399147226551237,2.8101101734179568,0.3196494035561991,3.0,30.0,1.06,0.04540332988436813,1.5109091838870676,1.505705276182989,0.9965557773031132,0.9402125,0.599346677927928,0.0597875,0.0,0.0597875,2.7796785035580234,0.9465375,0.5800211711711711,0.053462499999999996,0.0,0.053462499999999996,2.7869575660580526,1.05,1.02,1.08,False,False,0,,,,,21260820,15000,40000,80000
100,3,292,1.1054033298843682,2.399147226551237,2.8101101734179568,0.3196494035561991,4.0,40.0,1.17,-0.06459667011563175,1.3209731712086161,1.313874224820342,0.9946259723187422,0.9543124999999999,0.5523358108108107,0.0456875,0.0,0.0456875,2.7978298035580886,0.9465375,0.5800211711711711,0.053462499999999996,0.0,0.053462499999999996,2.7869575660580526,1.15,1.12,1.18,False,False,0,,,,,21260820,15000,40000,80000
101,3,855,1.1398190749451294,2.200083361143931,2.534592008097605,0.2847132181027262,0.0,0.0,0.59,0.5498190749451294,2.813124134158872,2.2145481323936704,0.7872201960457829,0.801925,0.7620420608108107,0.198075,0.0,0.198075,2.7088817431039613,0.9362875,0.6149901463963963,0.0637125,0.0,0.0637125,2.7770457431045448,0.61,0.58,0.64,False,False,0,,,0.59,0.0,21270820,15000,40000,80000
101,3,855,1.1398190749451294,2.200083361143931,2.534592008097605,0.2847132181027262,0.5,5.0,0.71,0.4298190749451294,2.4846687536262375,2.099835401863035,0.8451168385316717,0.8422875000000001,0.7537862612612614,0.15771249999999998,0.0,0.15771249999999998,2.7163782306041324,0.9362875,0.6149901463963963,0.0637125,0.0,0.0637125,2.7770457431045448,0.71,0.68,0.74,False,False,0,,,,,21270820,15000,40000,80000
101,3,855,1.1398190749451294,2.200083361143931,2.534592008097605,0.2847132181027262,1.0,10.0,0.7700000000000001,0.3698190749451292,2.2160898906983255,1.9852972455352256,0.8958559189625772,0.86044375,0.7427567004504505,0.13955625,0.0,0.13955625,2.72191328060421,0.935925,0.6154631756756757,0.064075,0.0,0.064075,2.7773582868545432,0.75,0.72,0.78,False,True,1,0.63,0.8700000000000002,,,21270820,15000,40000,80000
101,3,855,1.1398190749451294,2.200083361143931,2.534592008097605,0.2847132181027262,2.0,20.0,0.955,0.1848190749451294,1.8067097940440635,1.7556972102711284,0.9717649265304802,0.9048,0.6865078828828828,0.0952,0.0,0.0952,2.7459190431044034,0.9362875,0.6149901463963963,0.0637125,0.0,0.0637125,2.7770457431045448,0.95,0.92,0.98,False,False,0,,,,,21270820,15000,40000,80000
101,3,855,1.1398190749451294,2.200083361143931,2.534592008097605,0.2847132181027262,3.0,30.0,1.1249999999999978,0.014819074945131572,1.5245249657726445,1.5238875649529826,0.9995819020127763,0.9338500000000001,0.6214517173423423,0.06615,0.0,0.06615,2.7746460493545335,0.935925,0.6154631756756757,0.064075,0.0,0.064075,2.7773582868545432,1.15,1.12,1.18,False,True,1,1.0299999999999998,1.2699999999999947,,,21270820,15000,40000,80000
101,3,855,1.1398190749451294,2.200083361143931,2.534592008097605,0.2847132181027262,4.0,40.0,1.255,-0.11518092505487054,1.3396248280410747,1.2968462881485865,0.9680667758636251,0.9515125,0.5688307432432433,0.0484875,0.0,0.0484875,2.7984009806046153,0.9362875,0.6149901463963963,0.0637125,0.0,0.0637125,2.7770457431045448,1.25,1.22,1.28,False,False,0,,,,,21270820,15000,40000,80000
102,3,130,1.0904377984575493,2.2994465416592518,2.671295167167108,0.323925217830017,0.0,0.0,0.535,0.5554377984575493,2.701952071072384,2.0164129933356514,0.746280074662965,0.7917875,0.7404183558558558,0.2082125,0.0,0.2082125,2.740308992831207,0.9375625000000001,0.5639457770270269,0.06243749999999999,0.0,0.06243749999999999,2.796777142831834,0.53,0.5,0.56,False,False,0,,,0.535,0.0,21280820,15000,40000,80000
102,3,130,1.0904377984575493,2.2994465416592518,2.671295167167108,0.323925217830017,0.5,5.0,0.625,0.4654377984575493,2.354102684935524,1.9047889760984755,0.8091358921119642,0.8262375,0.7324328265765766,0.1737625,0.0,0.1737625,2.742240517831352,0.9375625000000001,0.5639457770270269,0.06243749999999999,0.0,0.06243749999999999,2.796777142831834,0.65,0.62,0.68,False,False,0,,,,,21280820,15000,40000,80000
102,3,130,1.0904377984575493,2.2994465416592518,2.671295167167108,0.323925217830017,1.0,10.0,0.715,0.3754377984575493,2.0701411385305613,1.7931649588613,0.8662042048660189,0.8565125,0.7122475225225224,0.1434875,0.0,0.1434875,2.74744563033148,0.9375625000000001,0.5639457770270269,0.06243749999999999,0.0,0.06243749999999999,2.796777142831834,0.73,0.7,0.76,False,False,0,,,,,21280820,15000,40000,80000
102,3,130,1.0904377984575493,2.2994465416592518,2.671295167167108,0.323925217830017,2.0,20.0,0.93,0.16043779845754924,1.6392575259099587,1.5699169243869484,0.9576999950117545,0.9104375,0.6334586148648649,0.0895625,0.0,0.0895625,2.771581692831713,0.9375625000000001,0.5639457770270269,0.06243749999999999,0.0,0.06243749999999999,2.796777142831834,0.95,0.92,0.98,False,False,0,,,,,21280820,15000,40000,80000
102,3,130,1.0904377984575493,2.2994465416592518,2.671295167167108,0.323925217830017,3.0,30.0,1.0550000000000002,0.03543779845754913,1.330704076610111,1.3307039479707905,0.9999999033298816,0.9313375,0.5774519144144143,0.0686625,0.0,0.0686625,2.7914877615818066,0.9367062500000001,0.5621234515765766,0.06329375,0.0,0.06329375,2.797332961581831,1.0,0.97,1.03,False,True,1,0.88,1.12,,,21280820,15000,40000,80000
102,3,130,1.0904377984575493,2.2994465416592518,2.671295167167108,0.323925217830017,4.0,40.0,1.24,-0.1495622015424507,1.1492688516561214,1.123420855438245,0.9775091823113201,0.956175,0.4997588963963965,0.043825,0.0,0.043825,2.823176630331921,0.9375625000000001,0.5639457770270269,0.06243749999999999,0.0,0.06243749999999999,2.796777142831834,1.25,1.22,1.28,False,False,0,,,,,21280820,15000,40000,80000
103,1,37,1.1539256003291805,2.640439550772016,2.960727051238357,0.300440870538703,0.0,0.0,0.5950000000000001,0.5589256003291804,2.929865115903355,2.2926474762035864,0.782509564607278,0.84135,0.7917309684684684,0.15865,0.0,0.15865,2.7022778767900952,0.9607375,0.6329560529279279,0.0392625,0.0,0.0392625,2.760808451790613,0.57,0.54,0.6,False,True,1,0.44999999999999996,0.6900000000000002,0.595,1.1102230246251565e-16,21290820,15000,40000,80000
103,1,37,1.1539256003291805,2.640439550772016,2.960727051238357,0.300440870538703,0.5,5.0,0.69,0.4639256003291805,2.6587237946686146,2.232772287100043,0.8397909897888951,0.8715875,0.7837462274774775,0.12841249999999998,0.0,0.12841249999999998,2.706335945540223,0.9613125,0.6355038288288288,0.0386875,0.0,0.0386875,2.759618983040615,0.69,0.66,0.72,False,False,0,,,,,21290820,15000,40000,80000
103,1,37,1.1539256003291805,2.640439550772016,2.960727051238357,0.300440870538703,1.0,10.0,0.775,0.37892560032918043,2.446075866612211,2.1626765596866644,0.8841412440252512,0.89595,0.7674431869369369,0.10405,0.0,0.10405,2.7120711830403263,0.9613125,0.6355038288288288,0.0386875,0.0,0.0386875,2.759618983040615,0.75,0.72,0.78,False,False,0,,,,,21290820,15000,40000,80000
103,1,37,1.1539256003291805,2.640439550772016,2.960727051238357,0.300440870538703,2.0,20.0,0.9100000000000001,0.24392560032918031,2.1304747297960387,2.0082199203944535,0.94261616545281,0.9268937500000001,0.7270005067567566,0.07310625000000001,0.0,0.07310625000000001,2.7260966705404597,0.9607375,0.6329560529279279,0.0392625,0.0,0.0392625,2.760808451790613,0.9,0.87,0.93,False,True,1,0.78,1.0200000000000002,,,21290820,15000,40000,80000
103,1,37,1.1539256003291805,2.640439550772016,2.960727051238357,0.300440870538703,3.0,30.0,1.045,0.10892560032918053,1.9105422475498466,1.88229365003315,0.985214356001327,0.94845,0.6787656531531532,0.05155,0.0,0.05155,2.743282195540556,0.9613125,0.6355038288288288,0.0386875,0.0,0.0386875,2.759618983040615,1.05,1.02,1.08,False,False,0,,,,,21290820,15000,40000,80000
103,1,37,1.1539256003291805,2.640439550772016,2.960727051238357,0.300440870538703,4.0,40.0,1.15,0.003925600329180545,1.7438150349797361,1.7421021952063929,0.9990177629284157,0.9609875,0.6371626689189189,0.0390125,0.0,0.0390125,2.7589661705406137,0.9613125,0.6355038288288288,0.0386875,0.0,0.0386875,2.759618983040615,1.15,1.12,1.18,False,False,0,,,,,21290820,15000,40000,80000
104,4,1022,1.085122758380114,2.4556883666484586,3.04089504523668,0.3360822878724132,0.0,0.0,0.52,0.5651227583801139,2.743920347936006,2.0170863080755828,0.7351111010175087,0.809175,0.7516335022522522,0.190825,0.0,0.190825,2.7392686628736715,0.9511375,0.5626155968468468,0.0488625,0.0,0.0488625,2.789249000374281,0.53,0.5,0.56,False,False,0,,,0.52,0.0,21300820,15000,40000,80000
104,4,1022,1.085122758380114,2.4556883666484586,3.04089504523668,0.3360822878724132,0.5,5.0,0.595,0.490122758380114,2.423070977914857,1.9294955264826819,0.7963016948612396,0.8387,0.7444226351351353,0.1613,0.0,0.1613,2.739385850373795,0.9511375,0.5626155968468468,0.0488625,0.0,0.0488625,2.789249000374281,0.59,0.56,0.62,False,False,0,,,,,21300820,15000,40000,80000
104,4,1022,1.085122758380114,2.4556883666484586,3.04089504523668,0.3360822878724132,1.0,10.0,0.7,0.385122758380114,2.159278641511488,1.8419047448897816,0.8530185541966249,0.8735625,0.7189306306306307,0.1264375,0.0,0.1264375,2.7439401253739417,0.9511375,0.5626155968468468,0.0488625,0.0,0.0488625,2.789249000374281,0.71,0.68,0.74,False,False,0,,,,,21300820,15000,40000,80000
104,4,1022,1.085122758380114,2.4556883666484586,3.04089504523668,0.3360822878724132,2.0,20.0,0.845,0.240122758380114,1.7752956751786892,1.6667231817039803,0.9388425854956354,0.9114,0.6665696509009007,0.08860000000000001,0.0,0.08860000000000001,2.756552937874104,0.9511375,0.5626155968468468,0.0488625,0.0,0.0488625,2.789249000374281,0.85,0.82,0.88,False,False,0,,,,,21300820,15000,40000,80000
104,4,1022,1.085122758380114,2.4556883666484586,3.04089504523668,0.3360822878724132,3.0,30.0,1.025,0.06012275838011405,1.5036360043095347,1.4915416185181791,0.9919565734282152,0.9430375,0.5889311373873873,0.0569625,0.0,0.0569625,2.7802183253742436,0.9511375,0.5626155968468468,0.0488625,0.0,0.0488625,2.789249000374281,1.05,1.02,1.08,False,False,0,,,,,21300820,15000,40000,80000
104,4,1022,1.085122758380114,2.4556883666484586,3.04089504523668,0.3360822878724132,4.0,40.0,1.075,0.010122758380114005,1.3159191254785874,1.3163600553323778,1.0003350736722745,0.949925,0.5671333333333335,0.050074999999999995,0.0,0.050074999999999995,2.7876586503742753,0.9511375,0.5626155968468468,0.0488625,0.0,0.0488625,2.789249000374281,1.05,1.02,1.08,False,False,0,,,,,21300820,15000,40000,80000
105,4,77,1.0779495009286273,2.38867967508065,2.747371952793374,0.3191616388942968,0.0,0.0,0.54,0.5379495009286273,2.746588489198067,2.1107884766001854,0.7685128241458848,0.7994812499999999,0.7505476351351352,0.20051875,0.0,0.20051875,2.7326541201455186,0.9404125,0.5877663851351351,0.0595875,0.0,0.0595875,2.7845821201461236,0.57,0.54,0.6,False,True,1,0.44999999999999996,0.6900000000000002,0.5399999999999999,1.1102230246251565e-16,21310820,15000,40000,80000
105,4,77,1.0779495009286273,2.38867967508065,2.747371952793374,0.3191616388942968,0.5,5.0,0.62,0.4579495009286273,2.4244881841438954,2.0094815713926484,0.828827125054524,0.83155,0.7469085585585586,0.16845,0.0,0.16845,2.7332925888956523,0.9406625,0.5891776463963965,0.0593375,0.0,0.0593375,2.7843445013961245,0.63,0.6,0.66,False,False,0,,,,,21310820,15000,40000,80000
105,4,77,1.0779495009286273,2.38867967508065,2.747371952793374,0.3191616388942968,1.0,10.0,0.725,0.3529495009286273,2.1594471052654165,1.9029259710166047,0.8812098089259366,0.8664375,0.7250771959459459,0.1335625,0.0,0.1335625,2.7391951138958,0.9406625,0.5891776463963965,0.0593375,0.0,0.0593375,2.7843445013961245,0.75,0.72,0.78,False,False,0,,,,,21310820,15000,40000,80000
105,4,77,1.0779495009286273,2.38867967508065,2.747371952793374,0.3191616388942968,2.0,20.0,0.9,0.17794950092862727,1.7377491605309296,1.6828068446785307,0.9683830571751721,0.908875,0.6616410191441442,0.091125,0.0,0.091125,2.758689401395983,0.9404125,0.5877663851351351,0.0595875,0.0,0.0595875,2.7845821201461236,0.95,0.92,0.98,False,True,1,0.83,1.0700000000000003,,,21310820,15000,40000,80000
105,4,77,1.0779495009286273,2.38867967508065,2.747371952793374,0.3191616388942968,3.0,30.0,1.03,0.047949500928627264,1.4866148361228537,1.47670356951243,0.9933329963016697,0.9341250000000001,0.6103686373873874,0.065875,0.0,0.065875,2.776399288896094,0.9406625,0.5891776463963965,0.0593375,0.0,0.0593375,2.7843445013961245,1.05,1.02,1.08,False,False,0,,,,,21310820,15000,40000,80000
105,4,77,1.0779495009286273,2.38867967508065,2.747371952793374,0.3191616388942968,4.0,40.0,1.19,-0.11205049907137266,1.2779626941416748,1.2635923687603428,0.9887552857002734,0.9543625,0.5408190315315315,0.0456375,0.0,0.0456375,2.8034388888961876,0.9406625,0.5891776463963965,0.0593375,0.0,0.0593375,2.7843445013961245,1.2,1.17,1.23,False,False,0,,,,,21310820,15000,40000,80000
106,1,101,1.059499395389046,2.5197989762177126,2.541695212451912,0.3327590031882134,0.0,0.0,0.52,0.5394993953890459,2.6681325459617926,1.9918874940026539,0.7465474295935437,0.78845,0.7332120495495497,0.21155000000000002,0.0,0.21155000000000002,2.7480345781893893,0.935675,0.55732865990991,0.064325,0.0,0.064325,2.7979926656900203,0.53,0.5,0.56,False,False,0,,,0.52,0.0,21320820,15000,40000,80000
106,1,101,1.059499395389046,2.5197989762177126,2.541695212451912,0.3327590031882134,0.5,5.0,0.63,0.4294993953890459,2.311601013128315,1.8769390154223202,0.8119649562197752,0.8312875,0.7200150337837837,0.1687125,0.0,0.1687125,2.749863753189569,0.935675,0.55732865990991,0.064325,0.0,0.064325,2.7979926656900203,0.61,0.58,0.64,False,False,0,,,,,21320820,15000,40000,80000
106,1,101,1.059499395389046,2.5197989762177126,2.541695212451912,0.3327590031882134,1.0,10.0,0.725,0.33449939538904594,2.01802636315726,1.7619905368419864,0.87312562858956,0.8623125,0.6938063063063062,0.1376875,0.0,0.1376875,2.7557559031897005,0.935675,0.55732865990991,0.064325,0.0,0.064325,2.7979926656900203,0.71,0.68,0.74,False,False,0,,,,,21320820,15000,40000,80000
106,1,101,1.059499395389046,2.5197989762177126,2.541695212451912,0.3327590031882134,2.0,20.0,0.865,0.19449939538904593,1.5881495420822849,1.5320935796813193,0.9647035994309022,0.8993125,0.6412972972972975,0.1006875,0.0,0.1006875,2.7700306906898593,0.935675,0.55732865990991,0.064325,0.0,0.064325,2.7979926656900203,0.85,0.82,0.88,False,False,0,,,,,21320820,15000,40000,80000
106,1,101,1.059499395389046,2.5197989762177126,2.541695212451912,0.3327590031882134,3.0,30.0,1.06,-0.0005006046109541362,1.30217187802395,1.3021966225206518,1.000019002481254,0.9357500000000001,0.5571073198198199,0.06425,0.0,0.06425,2.7980739406900206,0.935675,0.55732865990991,0.064325,0.0,0.064325,2.7979926656900203,1.05,1.02,1.08,False,False,0,,,,,21320820,15000,40000,80000
106,1,101,1.059499395389046,2.5197989762177126,2.541695212451912,0.3327590031882134,4.0,40.0,1.18,-0.12050060461095402,1.1203727019335676,1.0722996653599846,0.9570919244188855,0.9524,0.5061128378378379,0.0476,0.0,0.0476,2.817926903190097,0.935675,0.55732865990991,0.064325,0.0,0.064325,2.7979926656900203,1.2,1.17,1.23,False,False,0,,,,,21320820,15000,40000,80000
107,3,546,1.0654356635865354,2.512542739616616,2.3344804849977243,0.3535777842580251,0.0,0.0,0.455,0.6104356635865353,2.5112734156975383,1.7081786454661327,0.6802041684464152,0.7505,0.6970154279279279,0.2495,0.0,0.2495,2.775545759259045,0.9289125,0.48315546171171175,0.0710875,0.0,0.0710875,2.828483209259807,0.45,0.42,0.48,False,False,0,,,0.455,0.0,21330820,15000,40000,80000
107,3,546,1.0654356635865354,2.512542739616616,2.3344804849977243,0.3535777842580251,0.5,5.0,0.535,0.5304356635865354,2.0979349068349515,1.5825150039651406,0.7543203551308467,0.7847999999999999,0.6896360360360361,0.2152,0.0,0.2152,2.7743283842591877,0.9289125,0.48315546171171175,0.0710875,0.0,0.0710875,2.828483209259807,0.55,0.52,0.58,False,False,0,,,,,21330820,15000,40000,80000
107,3,546,1.0654356635865354,2.512542739616616,2.3344804849977243,0.3535777842580251,1.0,10.0,0.635,0.4304356635865354,1.75571398263206,1.4568513624641486,0.8297771601044751,0.823,0.6645653716216217,0.177,0.0,0.177,2.777020496759348,0.9289125,0.48315546171171175,0.0710875,0.0,0.0710875,2.828483209259807,0.63,0.6,0.66,False,False,0,,,,,21330820,15000,40000,80000
107,3,546,1.0654356635865354,2.512542739616616,2.3344804849977243,0.3535777842580251,2.0,20.0,0.85,0.21543566358653543,1.2596248347019792,1.2055240794621642,0.9570501043252176,0.8866125,0.5790101351351351,0.1133875,0.0,0.1133875,2.79634955925962,0.9289125,0.48315546171171175,0.0710875,0.0,0.0710875,2.828483209259807,0.85,0.82,0.88,False,False,0,,,,,21330820,15000,40000,80000
107,3,546,1.0654356635865354,2.512542739616616,2.3344804849977243,0.3535777842580251,3.0,30.0,1.11,-0.04456433641346469,0.959235906100255,0.9541967964601801,0.9947467462299642,0.9358875,0.46437719594594595,0.0641125,0.0,0.0641125,2.836004096759839,0.9289125,0.48315546171171175,0.0710875,0.0,0.0710875,2.828483209259807,1.1,1.07,1.13,False,False,0,,,,,21330820,15000,40000,80000
107,3,546,1.0654356635865354,2.512542739616616,2.3344804849977243,0.3535777842580251,4.0,40.0,1.3649999999999962,-0.2995643364134608,0.7833132102689041,0.7117141954885964,0.9085946542945083,0.9648125000000001,0.3665380630630631,0.0351875,0.0,0.0351875,2.882474853009975,0.9292625,0.4841849662162162,0.07073750000000001,0.0,0.07073750000000001,2.8274687717598086,1.3,1.27,1.33,False,True,1,1.1800000000000002,1.419999999999995,,,21330820,15000,40000,80000
108,4,152,1.222517218777646,2.8401358091090283,2.7460111164578604,0.3005284320111034,0.0,0.0,0.61,0.6125172187776461,2.9289228336130493,2.1821854664914615,0.7450471010871835,0.8469249999999999,0.7915810810810812,0.15307500000000002,0.0,0.15307500000000002,2.702635494512519,0.9689875,0.6047162725225226,0.0310125,0.0,0.0310125,2.771149757013051,0.59,0.56,0.62,False,False,0,,,0.61,0.0,21340820,15000,40000,80000
108,4,152,1.222517218777646,2.8401358091090283,2.7460111164578604,0.3005284320111034,0.5,5.0,0.7,0.5225172187776461,2.6641961004967416,2.1262294505426387,0.7980754307635993,0.8765499999999999,0.7827908220720721,0.12345,0.0,0.12345,2.7065043070126436,0.9689875,0.6047162725225226,0.0310125,0.0,0.0310125,2.771149757013051,0.71,0.68,0.74,False,False,0,,,,,21340820,15000,40000,80000
108,4,152,1.222517218777646,2.8401358091090283,2.7460111164578604,0.3005284320111034,1.0,10.0,0.79,0.43251721877764604,2.452286502878297,2.070273434593815,0.8442216813426547,0.9016625,0.7636658783783783,0.0983375,0.0,0.0983375,2.7130939945127506,0.9689875,0.6047162725225226,0.0310125,0.0,0.0310125,2.771149757013051,0.8,0.77,0.83,False,False,0,,,,,21340820,15000,40000,80000
108,4,152,1.222517218777646,2.8401358091090283,2.7460111164578604,0.3005284320111034,2.0,20.0,0.91,0.31251721877764604,2.120885226031485,1.953155914281127,0.9209154226302918,0.9261125,0.7260640202702703,0.0738875,0.0,0.0738875,2.7266398632628572,0.9680625,0.6051703828828828,0.0319375,0.0,0.0319375,2.7713884945130483,0.95,0.92,0.98,False,True,1,0.83,1.0700000000000003,,,21340820,15000,40000,80000
108,4,152,1.222517218777646,2.8401358091090283,2.7460111164578604,0.3005284320111034,3.0,30.0,1.035,0.18751721877764616,1.914832143427361,1.8464493707985221,0.9642878500533,0.948225,0.6804346283783784,0.051775,0.0,0.051775,2.7423272070129547,0.9689875,0.6047162725225226,0.0310125,0.0,0.0310125,2.771149757013051,1.05,1.02,1.08,False,False,0,,,,,21340820,15000,40000,80000
108,4,152,1.222517218777646,2.8401358091090283,2.7460111164578604,0.3005284320111034,4.0,40.0,1.1650000000000003,0.05751721877764582,1.73593104196224,1.722675777243453,0.9923641755355653,0.9627,0.6286973536036036,0.0373,0.0,0.0373,2.762191250763022,0.9680625,0.6051703828828828,0.0319375,0.0,0.0319375,2.7713884945130483,1.1,1.07,1.13,False,True,1,0.9800000000000001,1.2200000000000002,,,21340820,15000,40000,80000
109,3,64,1.1733439990765138,2.339635477908093,2.874690865785181,0.3457717143404504,0.0,0.0,0.49,0.6833439990765138,2.625111892018819,1.7073106749063407,0.6503763439939882,0.780625,0.7240756193693694,0.219375,0.0,0.219375,2.758265739341592,0.953525,0.48217336711711717,0.046475,0.0,0.046475,2.8241688768423368,0.49,0.46,0.52,False,False,0,,,0.49,0.0,21350820,15000,40000,80000
109,3,64,1.1733439990765138,2.339635477908093,2.874690865785181,0.3457717143404504,0.5,5.0,0.585,0.5883439990765138,2.2631468032375497,1.625029830476168,0.7180399557604826,0.820175,0.7139780405405405,0.179825,0.0,0.179825,2.7575124143417575,0.953525,0.48217336711711717,0.046475,0.0,0.046475,2.8241688768423368,0.57,0.54,0.6,False,False,0,,,,,21350820,15000,40000,80000
109,3,64,1.1733439990765138,2.339635477908093,2.874690865785181,0.3457717143404504,1.0,10.0,0.685,0.4883439990765137,1.9697574204960864,1.542748986045995,0.7832177556449826,0.85605,0.6878163288288288,0.14395,0.0,0.14395,2.761082776841908,0.953525,0.48217336711711717,0.046475,0.0,0.046475,2.8241688768423368,0.69,0.66,0.72,False,False,0,,,,,21350820,15000,40000,80000
109,3,64,1.1733439990765138,2.339635477908093,2.874690865785181,0.3457717143404504,2.0,20.0,0.85,0.3233439990765138,1.5327887485632496,1.3781872971856497,0.899137143639321,0.9009375,0.6236271396396398,0.0990625,0.0,0.0990625,2.7759998893421005,0.953525,0.48217336711711717,0.046475,0.0,0.046475,2.8241688768423368,0.85,0.82,0.88,False,False,0,,,,,21350820,15000,40000,80000
109,3,64,1.1733439990765138,2.339635477908093,2.874690865785181,0.3457717143404504,3.0,30.0,1.025,0.14834399907651385,1.2585665041096974,1.213625608325304,0.9642919975721234,0.934975,0.5473989301801803,0.065025,0.0,0.065025,2.7994065393422507,0.953525,0.48217336711711717,0.046475,0.0,0.046475,2.8241688768423368,1.0,0.97,1.03,False,False,0,,,,,21350820,15000,40000,80000
109,3,64,1.1733439990765138,2.339635477908093,2.874690865785181,0.3457717143404504,4.0,40.0,1.1199999999999979,0.05334399907651588,1.050289960432409,1.0496694597642786,0.9994092101310053,0.94729375,0.5064336993243244,0.052706249999999996,0.0,0.052706249999999996,2.8145437018423074,0.95325,0.4833941722972973,0.04675,0.0,0.04675,2.823690539342335,1.15,1.12,1.18,False,True,1,1.0299999999999998,1.2699999999999947,,,21350820,15000,40000,80000
110,1,1196,1.0543711873748016,2.214093351107144,2.775478298958699,0.3266381747105628,0.0,0.0,0.525,0.5293711873748016,2.685534744461189,2.039715829791689,0.759519434257376,0.7874875,0.7367648085585585,0.2125125,0.0,0.2125125,2.7434566247117353,0.9306625,0.5700948198198198,0.0693375,0.0,0.0693375,2.79497178721235,0.51,0.48,0.54,False,False,0,,,0.525,0.0,21360820,15000,40000,80000
110,1,1196,1.0543711873748016,2.214093351107144,2.775478298958699,0.3266381747105628,0.5,5.0,0.6050000000000001,0.44937118737480153,2.329882241175317,1.916670998659877,0.8226471556317824,0.8183437499999999,0.7303543355855855,0.18165625,0.0,0.18165625,2.744886412211865,0.9309000000000001,0.570228688063063,0.0691,0.0,0.0691,2.7948390122123508,0.65,0.62,0.68,False,True,1,0.53,0.7700000000000002,,,21360820,15000,40000,80000
110,1,1196,1.0543711873748016,2.214093351107144,2.775478298958699,0.3266381747105628,1.0,10.0,0.7,0.35437118737480167,2.0296479908405476,1.7916364025959108,0.8827325776101362,0.8500125000000001,0.708227195945946,0.1499875,0.0,0.1499875,2.7504261747119987,0.9306625,0.5700948198198198,0.0693375,0.0,0.0693375,2.79497178721235,0.71,0.68,0.74,False,False,0,,,,,21360820,15000,40000,80000
110,1,1196,1.0543711873748016,2.214093351107144,2.775478298958699,0.3266381747105628,2.0,20.0,0.905,0.1493711873748016,1.589747085152699,1.5435569754001326,0.970944994846064,0.9033875,0.6339663288288289,0.09661249999999999,0.0,0.09661249999999999,2.7723990372122285,0.9306625,0.5700948198198198,0.0693375,0.0,0.0693375,2.79497178721235,0.9,0.87,0.93,False,False,0,,,,,21360820,15000,40000,80000
110,1,1196,1.0543711873748016,2.214093351107144,2.775478298958699,0.3266381747105628,3.0,30.0,1.095,-0.04062881262519835,1.3004034758554968,1.2954775482043546,0.9962120005501357,0.93715,0.5528644707207206,0.06285,0.0,0.06285,2.8015494997123795,0.9306625,0.5700948198198198,0.0693375,0.0,0.0693375,2.79497178721235,1.1,1.07,1.13,False,False,0,,,,,21360820,15000,40000,80000
110,1,1196,1.0543711873748016,2.214093351107144,2.775478298958699,0.3266381747105628,4.0,40.0,1.195,-0.14062881262519844,1.1041785220244698,1.0473981210085763,0.9485767927166445,0.9502625,0.5102243806306306,0.0497375,0.0,0.0497375,2.81905846221244,0.9306625,0.5700948198198198,0.0693375,0.0,0.0693375,2.79497178721235,1.2,1.17,1.23,False,False,0,,,,,21360820,15000,40000,80000
111,4,241,1.1356096202350685,2.263240272996775,2.6252669548297547,0.3184589941148744,0.0,0.0,0.545,0.5906096202350685,2.6958032174476556,1.9661037144360143,0.7293201898829583,0.788625,0.7383742117117118,0.21137499999999998,0.0,0.21137499999999998,2.738976669116053,0.9399625,0.5511541666666666,0.060037499999999994,0.0,0.060037499999999994,2.8032812441167057,0.57,0.54,0.6,False,False,0,,,0.545,0.0,21370820,15000,40000,80000
111,4,241,1.1356096202350685,2.263240272996775,2.6252669548297547,0.3184589941148744,0.5,5.0,0.635,0.5006096202350685,2.3427265257765404,1.8590193822342387,0.7935281228004332,0.8227625000000001,0.7308567004504504,0.1772375,0.0,0.1772375,2.7414123816161964,0.9399625,0.5511541666666666,0.060037499999999994,0.0,0.060037499999999994,2.8032812441167057,0.63,0.6,0.66,False,False,0,,,,,21370820,15000,40000,80000
111,4,241,1.1356096202350685,2.263240272996775,2.6252669548297547,0.3184589941148744,1.0,10.0,0.73,0.4056096202350685,2.0507831426710825,1.7519350500324633,0.8542761121737237,0.8540625,0.7094123310810809,0.1459375,0.0,0.1459375,2.7476080691163287,0.9399625,0.5511541666666666,0.060037499999999994,0.0,0.060037499999999994,2.8032812441167057,0.71,0.68,0.74,False,False,0,,,,,21370820,15000,40000,80000
111,4,241,1.1356096202350685,2.263240272996775,2.6252669548297547,0.3184589941148744,2.0,20.0,0.935,0.20060962023506845,1.6174062132512386,1.5377663856289123,0.9507607755121469,0.9060625,0.6360725788288288,0.09393750000000001,0.0,0.09393750000000001,2.771088519116554,0.9399625,0.5511541666666666,0.060037499999999994,0.0,0.060037499999999994,2.8032812441167057,0.95,0.92,0.98,False,False,0,,,,,21370820,15000,40000,80000
111,4,241,1.1356096202350685,2.263240272996775,2.6252669548297547,0.3184589941148744,3.0,30.0,1.095,0.04060962023506853,1.3291035263722708,1.323597721225361,0.9958575046731403,0.9343125,0.5687043355855856,0.0656875,0.0,0.0656875,2.79618425661668,0.9399625,0.5511541666666666,0.060037499999999994,0.0,0.060037499999999994,2.8032812441167057,1.1,1.07,1.13,False,False,0,,,,,21370820,15000,40000,80000
111,4,241,1.1356096202350685,2.263240272996775,2.6252669548297547,0.3184589941148744,4.0,40.0,1.2549999999999963,-0.11939037976492783,1.1161547360439443,1.0918530420694403,0.9782273073887247,0.95441875,0.4977751970720721,0.045581250000000004,0.0,0.045581250000000004,2.826222806616774,0.93965,0.5476206081081081,0.06035,0.0,0.06035,2.8045954566167053,1.2,1.17,1.23,False,True,1,1.08,1.319999999999995,,,21370820,15000,40000,80000
112,1,1066,1.119520423010899,2.5730428638876064,2.6175850368506297,0.3055460191030514,0.0,0.0,0.595,0.5245204230108991,2.8208403675187186,2.1868365310849343,0.7752429227353018,0.8234625,0.7667956644144145,0.1765375,0.0,0.1765375,2.7183234941043724,0.9468875,0.6069765202702703,0.0531125,0.0,0.0531125,2.7755916441049067,0.59,0.56,0.62,False,False,0,,,0.595,0.0,21380820,15000,40000,80000
112,1,1066,1.119520423010899,2.5730428638876064,2.6175850368506297,0.3055460191030514,0.5,5.0,0.66,0.459520423010899,2.5150830057017757,2.091158731879842,0.8314472035869658,0.8464625,0.7610880067567567,0.1535375,0.0,0.1535375,2.720861519104469,0.9468875,0.6069765202702703,0.0531125,0.0,0.0531125,2.7755916441049067,0.67,0.64,0.7,False,False,0,,,,,21380820,15000,40000,80000
112,1,1066,1.119520423010899,2.5730428638876064,2.6175850368506297,0.3055460191030514,1.0,10.0,0.715,0.4045204230108991,2.253069676757021,1.9954809326747502,0.8856720913961996,0.8633625,0.7505161036036035,0.1366375,0.0,0.1366375,2.7246321316045408,0.9468875,0.6069765202702703,0.0531125,0.0,0.0531125,2.7755916441049067,0.73,0.7,0.76,False,False,0,,,,,21380820,15000,40000,80000
112,1,1066,1.119520423010899,2.5730428638876064,2.6175850368506297,0.3055460191030514,2.0,20.0,0.95,0.1695204230108991,1.8726905385163228,1.804125334264567,0.9633867941117072,0.919925,0.6751710585585585,0.08007500000000001,0.0,0.08007500000000001,2.750166394104786,0.9468875,0.6069765202702703,0.0531125,0.0,0.0531125,2.7755916441049067,0.95,0.92,0.98,False,False,0,,,,,21380820,15000,40000,80000
112,1,1066,1.119520423010899,2.5730428638876064,2.6175850368506297,0.3055460191030514,3.0,30.0,1.06,0.05952042301089899,1.6251032951457918,1.612769735854383,0.9924105997887954,0.9391375,0.632068581081081,0.0608625,0.0,0.0608625,2.7658616066048713,0.9468875,0.6069765202702703,0.0531125,0.0,0.0531125,2.7755916441049067,1.05,1.02,1.08,False,False,0,,,,,21380820,15000,40000,80000
112,1,1066,1.119520423010899,2.5730428638876064,2.6175850368506297,0.3055460191030514,4.0,40.0,1.19,-0.0704795769891009,1.4310813516871055,1.4214141374441993,0.9932448185202682,0.955325,0.5775873310810811,0.044675,0.0,0.044675,2.787314156604946,0.9468875,0.6069765202702703,0.0531125,0.0,0.0531125,2.7755916441049067,1.2,1.17,1.23,False,False,0,,,,,21380820,15000,40000,80000
113,2,206,1.181580289193135,2.2570631506799423,2.945098142888284,0.3120441377972769,0.0,0.0,0.5700000000000002,0.6115802891931349,2.7916980303559393,2.0235745722575484,0.724854389784967,0.813625,0.7605160472972974,0.186375,0.0,0.186375,2.7242059815485566,0.95249375,0.565384206081081,0.04750625,0.0,0.04750625,2.79398750029916,0.55,0.52,0.58,False,True,1,0.43000000000000005,0.6700000000000003,0.57,2.220446049250313e-16,21390820,15000,40000,80000
113,2,206,1.181580289193135,2.2570631506799423,2.945098142888284,0.3120441377972769,0.5,5.0,0.65,0.531580289193135,2.4714215484566426,1.934372711731248,0.7826963849769896,0.8420875,0.7529559121621621,0.1579125,0.0,0.1579125,2.7271740127986766,0.9523874999999999,0.5643241554054054,0.0476125,0.0,0.0476125,2.7942800377991595,0.63,0.6,0.66,False,False,0,,,,,21390820,15000,40000,80000
113,2,206,1.181580289193135,2.2570631506799423,2.945098142888284,0.3120441377972769,1.0,10.0,0.72,0.4615802891931351,2.2046129148945197,1.8491763474514875,0.8387759751194063,0.863875,0.7383871058558559,0.136125,0.0,0.136125,2.731826987798769,0.9523874999999999,0.5643241554054054,0.0476125,0.0,0.0476125,2.7942800377991595,0.73,0.7,0.76,False,False,0,,,,,21390820,15000,40000,80000
113,2,206,1.181580289193135,2.2570631506799423,2.945098142888284,0.3120441377972769,2.0,20.0,0.925,0.256580289193135,1.8112445985284862,1.6787836188919665,0.9268674259986005,0.914075,0.6706527027027027,0.085925,0.0,0.085925,2.753922375298986,0.9523874999999999,0.5643241554054054,0.0476125,0.0,0.0476125,2.7942800377991595,0.9,0.87,0.93,False,False,0,,,,,21390820,15000,40000,80000
113,2,206,1.181580289193135,2.2570631506799423,2.945098142888284,0.3120441377972769,3.0,30.0,1.05,0.13158028919313502,1.5394650662868858,1.5083908903324457,0.9798149521967461,0.9356375,0.619868018018018,0.0643625,0.0,0.0643625,2.772265037799082,0.9523874999999999,0.5643241554054054,0.0476125,0.0,0.0476125,2.7942800377991595,1.05,1.02,1.08,False,False,0,,,,,21390820,15000,40000,80000
113,2,206,1.181580289193135,2.2570631506799423,2.945098142888284,0.3120441377972769,4.0,40.0,1.225,-0.04341971080686502,1.3392149433758869,1.3379981617729246,0.9990914217251079,0.9572125,0.5463702702702703,0.0427875,0.0,0.0427875,2.801792737799182,0.9523874999999999,0.5643241554054054,0.0476125,0.0,0.0476125,2.7942800377991595,1.25,1.22,1.28,False,False,0,,,,,21390820,15000,40000,80000
114,1,457,1.0720989801235674,2.517137037881295,2.384755349434699,0.3072551798471335,0.0,0.0,0.565,0.5070989801235675,2.7591315900364792,2.174282806988624,0.788031572992094,0.800425,0.7522047297297297,0.199575,0.0,0.199575,2.7262372423483603,0.933075,0.6044926801801802,0.06692500000000001,0.0,0.06692500000000001,2.7801934423489323,0.57,0.54,0.6,False,False,0,,,0.565,0.0,21400820,15000,40000,80000
114,1,457,1.0720989801235674,2.517137037881295,2.384755349434699,0.3072551798471335,0.5,5.0,0.65,0.4220989801235674,2.4180322661257807,2.0539224770551496,0.849418970056171,0.8306,0.7447936936936936,0.1694,0.0,0.1694,2.7298795923484875,0.933075,0.6044926801801802,0.06692500000000001,0.0,0.06692500000000001,2.7801934423489323,0.67,0.64,0.7,False,False,0,,,,,21400820,15000,40000,80000
114,1,457,1.0720989801235674,2.517137037881295,2.384755349434699,0.3072551798471335,1.0,10.0,0.745,0.3270989801235674,2.1358630584082805,1.933562147121675,0.9052837631653374,0.8604,0.7241889639639639,0.1396,0.0,0.1396,2.7370151923486143,0.933075,0.6044926801801802,0.06692500000000001,0.0,0.06692500000000001,2.7801934423489323,0.75,0.72,0.78,False,False,0,,,,,21400820,15000,40000,80000
114,1,457,1.0720989801235674,2.517137037881295,2.384755349434699,0.3072551798471335,2.0,20.0,0.955,0.11709898012356745,1.7285616061231028,1.6928414872547257,0.9793353509982836,0.912425,0.6525474662162161,0.087575,0.0,0.087575,2.7618192173488394,0.933075,0.6044926801801802,0.06692500000000001,0.0,0.06692500000000001,2.7801934423489323,0.95,0.92,0.98,False,False,0,,,,,21400820,15000,40000,80000
114,1,457,1.0720989801235674,2.517137037881295,2.384755349434699,0.3072551798471335,3.0,30.0,1.0750000000000002,-0.0029010198764327644,1.4536506357703767,1.4530784758964432,0.9996063979474475,0.9336125,0.6033228603603603,0.0663875,0.0,0.0663875,2.780312892348934,0.9331375,0.6045201858108109,0.06686249999999999,0.0,0.06686249999999999,2.7798408173489326,1.05,1.02,1.08,False,True,1,0.93,1.1700000000000004,,,21400820,15000,40000,80000
114,1,457,1.0720989801235674,2.517137037881295,2.384755349434699,0.3072551798471335,4.0,40.0,1.235,-0.16290101987643268,1.2487557604978843,1.211400167520827,0.9700857492243612,0.9538500000000001,0.5354159346846847,0.04615,0.0,0.04615,2.809323854849029,0.933075,0.6044926801801802,0.06692500000000001,0.0,0.06692500000000001,2.7801934423489323,1.25,1.22,1.28,False,False,0,,,,,21400820,15000,40000,80000
115,1,899,1.138932359372279,2.7519972847252703,2.628154965886884,0.3535440503927787,0.0,0.0,0.48000000000000015,0.6589323593722789,2.6103777244497746,1.7165967376507667,0.6576047296038727,0.78516875,0.7209147804054055,0.21483125,0.0,0.21483125,2.7617259128939384,0.95525625,0.4839026745495496,0.04474375,0.0,0.04474375,2.8189653628946676,0.45,0.42,0.48,False,True,1,0.33,0.5700000000000003,0.4799999999999999,2.220446049250313e-16,21410820,15000,40000,80000
115,1,899,1.138932359372279,2.7519972847252703,2.628154965886884,0.3535440503927787,0.5,5.0,0.56,0.578932359372279,2.2490298709930023,1.6445199175975382,0.7312130171358916,0.818325,0.7116664977477477,0.18167499999999998,0.0,0.18167499999999998,2.7604302003940764,0.955975,0.4854151463963964,0.044025,0.0,0.044025,2.81785973789467,0.57,0.54,0.6,False,False,0,,,,,21410820,15000,40000,80000
115,1,899,1.138932359372279,2.7519972847252703,2.628154965886884,0.3535440503927787,1.0,10.0,0.66,0.47893235937227907,1.958147593048263,1.5664021188158064,0.7999407830016411,0.8552875,0.6856884572072073,0.14471250000000002,0.0,0.14471250000000002,2.7626924503942316,0.955975,0.4854151463963964,0.044025,0.0,0.044025,2.81785973789467,0.67,0.64,0.7,False,False,0,,,,,21410820,15000,40000,80000
115,1,899,1.138932359372279,2.7519972847252703,2.628154965886884,0.3535440503927787,2.0,20.0,0.855,0.2839323593722791,1.55399871829345,1.4101665212523422,0.9074438123095367,0.910575,0.6105144707207206,0.089425,0.0,0.089425,2.7777659378944675,0.955975,0.4854151463963964,0.044025,0.0,0.044025,2.81785973789467,0.85,0.82,0.88,False,False,0,,,,,21410820,15000,40000,80000
115,1,899,1.138932359372279,2.7519972847252703,2.628154965886884,0.3535440503927787,3.0,30.0,0.985,0.15393235937227912,1.277440663811024,1.253930923688878,0.9815962175088362,0.934875,0.5523640202702702,0.065125,0.0,0.065125,2.7945644003945747,0.955975,0.4854151463963964,0.044025,0.0,0.044025,2.81785973789467,1.0,0.97,1.03,False,False,0,,,,,21410820,15000,40000,80000
115,1,899,1.138932359372279,2.7519972847252703,2.628154965886884,0.3535440503927787,4.0,40.0,1.15,-0.01106764062772081,1.0980336819551926,1.097695326125414,0.9996918529592135,0.9572125,0.4807571509009009,0.0427875,0.0,0.0427875,2.8196507628946756,0.955975,0.4854151463963964,0.044025,0.0,0.044025,2.81785973789467,1.15,1.12,1.18,False,False,0,,,,,21410820,15000,40000,80000
116,2,638,1.1382289548444149,2.2279066805141112,2.567068227912872,0.3279183818783728,0.0,0.0,0.52,0.6182289548444149,2.6544880452417945,1.8418637980332557,0.6938678067640279,0.7794625,0.7294747184684685,0.2205375,0.0,0.2205375,2.748080631879513,0.939025,0.5188706644144143,0.060975,0.0,0.060975,2.817095731880202,0.53,0.5,0.56,False,False,0,,,0.52,0.0,21420820,15000,40000,80000
116,2,638,1.1382289548444149,2.2279066805141112,2.567068227912872,0.3279183818783728,0.5,5.0,0.615,0.5232289548444149,2.2869670586837274,1.7336406387881425,0.7580522999688268,0.8166875,0.7205579391891893,0.1833125,0.0,0.1833125,2.749937681879669,0.939025,0.5188706644144143,0.060975,0.0,0.060975,2.817095731880202,0.59,0.56,0.62,False,False,0,,,,,21420820,15000,40000,80000
116,2,638,1.1382289548444149,2.2279066805141112,2.567068227912872,0.3279183818783728,1.0,10.0,0.69,0.44822895484441494,1.9783871886945084,1.6254174795430292,0.8215871437256952,0.842275,0.7026524211711711,0.157725,0.0,0.157725,2.7544022943797772,0.939025,0.5188706644144143,0.060975,0.0,0.060975,2.817095731880202,0.71,0.68,0.74,False,False,0,,,,,21420820,15000,40000,80000
116,2,638,1.1382289548444149,2.2279066805141112,2.567068227912872,0.3279183818783728,2.0,20.0,0.905,0.23322895484441486,1.5039484824234322,1.4089711610528028,0.9368480220694895,0.8984375,0.621047972972973,0.1015625,0.0,0.1015625,2.77883835688002,0.939025,0.5188706644144143,0.060975,0.0,0.060975,2.817095731880202,0.9,0.87,0.93,False,False,0,,,,,21420820,15000,40000,80000
116,2,638,1.1382289548444149,2.2279066805141112,2.567068227912872,0.3279183818783728,3.0,30.0,1.05,0.08822895484441484,1.1993911813580787,1.1925248425625763,0.9942751465058067,0.926075,0.5577777027027027,0.073925,0.0,0.073925,2.8014438318801425,0.939025,0.5188706644144143,0.060975,0.0,0.060975,2.817095731880202,1.05,1.02,1.08,False,False,0,,,,,21420820,15000,40000,80000
116,2,638,1.1382289548444149,2.2279066805141112,2.567068227912872,0.3279183818783728,4.0,40.0,1.235,-0.09677104515558521,0.9891338684139539,0.9760785240723496,0.9868012361536683,0.9507625,0.47740202702702705,0.049237500000000003,0.0,0.049237500000000003,2.8353293318802573,0.939025,0.5188706644144143,0.060975,0.0,0.060975,2.817095731880202,1.25,1.22,1.28,False,False,0,,,,,21420820,15000,40000,80000
117,2,1057,1.130706700121032,2.642248075372521,2.767050748367987,0.3273407585356946,0.0,0.0,0.54,0.590706700121032,2.7647658363475958,2.0206106596022035,0.730843326055974,0.81105,0.7558141891891891,0.18895,0.0,0.18895,2.733736721036962,0.953825,0.563717454954955,0.046175,0.0,0.046175,2.7898370835375763,0.53,0.5,0.56,False,False,0,,,0.54,0.0,21430820,15000,40000,80000
117,2,1057,1.130706700121032,2.642248075372521,2.767050748367987,0.3273407585356946,0.5,5.0,0.63,0.500706700121032,2.44740625053797,1.9378549311898312,0.7917994533044389,0.8449625000000001,0.7469040540540541,0.1550375,0.0,0.1550375,2.7350804710371035,0.953825,0.563717454954955,0.046175,0.0,0.046175,2.7898370835375763,0.65,0.62,0.68,False,False,0,,,,,21430820,15000,40000,80000
117,2,1057,1.130706700121032,2.642248075372521,2.767050748367987,0.3273407585356946,1.0,10.0,0.72,0.41070670012103205,2.1978006450507004,1.855099202777459,0.8440707336013473,0.8751125,0.7269016891891893,0.12488750000000001,0.0,0.12488750000000001,2.739166496037231,0.953825,0.563717454954955,0.046175,0.0,0.046175,2.7898370835375763,0.71,0.68,0.74,False,False,0,,,,,21430820,15000,40000,80000
117,2,1057,1.130706700121032,2.642248075372521,2.767050748367987,0.3273407585356946,2.0,20.0,0.8850000000000001,0.2457067001210319,1.8068441381732296,1.6919933008344874,0.9364356698442957,0.91584375,0.6662067286036036,0.08415625,0.0,0.08415625,2.7556014272874068,0.95485625,0.5623721565315316,0.045143749999999996,0.0,0.045143749999999996,2.790109489787581,0.85,0.82,0.88,False,True,1,0.73,0.9700000000000002,,,21430820,15000,40000,80000
117,2,1057,1.130706700121032,2.642248075372521,2.767050748367987,0.3273407585356946,3.0,30.0,1.0450000000000002,0.08570670012103188,1.5523912036707155,1.5301940948705774,0.9857013433549149,0.94390625,0.5993644144144145,0.05609375,0.0,0.05609375,2.776897752287531,0.95485625,0.5623721565315316,0.045143749999999996,0.0,0.045143749999999996,2.790109489787581,1.05,1.02,1.08,False,True,1,0.93,1.1700000000000004,,,21430820,15000,40000,80000
117,2,1057,1.130706700121032,2.642248075372521,2.767050748367987,0.3273407585356946,4.0,40.0,1.075,0.05570670012103207,1.3446170719367172,1.3585648323032264,1.010373035310655,0.94665,0.587388231981982,0.05335,0.0,0.05335,2.781373521037544,0.953825,0.563717454954955,0.046175,0.0,0.046175,2.7898370835375763,1.05,1.02,1.08,False,False,0,,,,,21430820,15000,40000,80000
118,2,504,1.2603681972485516,2.459888653071953,2.9257010594861685,0.3063727792020137,0.0,0.0,0.59,0.6703681972485517,2.8577463843765294,2.009838219036605,0.7032948165115389,0.830075,0.7754971283783785,0.169925,0.0,0.169925,2.7136667292033603,0.967125,0.5612107545045044,0.032875,0.0,0.032875,2.792318054203959,0.57,0.54,0.6,False,False,0,,,0.59,0.0,21440820,15000,40000,80000
118,2,504,1.2603681972485516,2.459888653071953,2.9257010594861685,0.3063727792020137,0.5,5.0,0.68,0.5803681972485516,2.5658893737202573,1.9509713575941825,0.7603489759051805,0.8609625000000001,0.7667271959459458,0.13903749999999998,0.0,0.13903749999999998,2.7172194292034906,0.967125,0.5612107545045044,0.032875,0.0,0.032875,2.792318054203959,0.69,0.66,0.72,False,False,0,,,,,21440820,15000,40000,80000
118,2,504,1.2603681972485516,2.459888653071953,2.9257010594861685,0.3063727792020137,1.0,10.0,0.7650000000000001,0.4953681972485515,2.3301967260754295,1.8853354901507389,0.8090885499294577,0.8862375,0.7483308558558559,0.11376249999999999,0.0,0.11376249999999999,2.7232394104535986,0.9662999999999999,0.5602468186936936,0.0337,0.0,0.0337,2.792854754203956,0.73,0.7,0.76,False,True,1,0.61,0.8500000000000002,,,21440820,15000,40000,80000
118,2,504,1.2603681972485516,2.459888653071953,2.9257010594861685,0.3063727792020137,2.0,20.0,0.91,0.3503681972485516,1.9794091664506053,1.7743707732669143,0.8964143459275995,0.919875,0.7023333333333335,0.080125,0.0,0.080125,2.738611816703744,0.967125,0.5612107545045044,0.032875,0.0,0.032875,2.792318054203959,0.9,0.87,0.93,False,False,0,,,,,21440820,15000,40000,80000
118,2,504,1.2603681972485516,2.459888653071953,2.9257010594861685,0.3063727792020137,3.0,30.0,1.045,0.21536819724855172,1.7487222208714837,1.6566370503820687,0.9473414534393438,0.9437,0.6509905405405405,0.056299999999999996,0.0,0.056299999999999996,2.7568160042038494,0.967125,0.5612107545045044,0.032875,0.0,0.032875,2.792318054203959,1.05,1.02,1.08,False,False,0,,,,,21440820,15000,40000,80000
118,2,504,1.2603681972485516,2.459888653071953,2.9257010594861685,0.3063727792020137,4.0,40.0,1.225,0.03536819724855156,1.5528772751756785,1.5389033274972233,0.991001254315558,0.9641500000000001,0.5760554617117117,0.03585,0.0,0.03585,2.7861536042039443,0.967125,0.5612107545045044,0.032875,0.0,0.032875,2.792318054203959,1.25,1.22,1.28,False,False,0,,,,,21440820,15000,40000,80000
119,2,1140,1.118394556793843,2.616306151887104,2.992848697374494,0.3377983778543764,0.0,0.0,0.525,0.5933945567938429,2.745107032732928,1.9705374400295175,0.7178362870855796,0.8136875,0.7520874436936937,0.1863125,0.0,0.1863125,2.7397381403556533,0.9571125,0.5503190878378379,0.0428875,0.0,0.0428875,2.7927360153562697,0.53,0.5,0.56,False,False,0,,,0.525,0.0,21450820,15000,40000,80000
119,2,1140,1.118394556793843,2.616306151887104,2.992848697374494,0.3377983778543764,0.5,5.0,0.615,0.5033945567938429,2.428039688475664,1.8937534193340835,0.779951591533906,0.8484875000000001,0.7410840653153152,0.1515125,0.0,0.1515125,2.7401850903557987,0.9571125,0.5503190878378379,0.0428875,0.0,0.0428875,2.7927360153562697,0.61,0.58,0.64,False,False,0,,,,,21450820,15000,40000,80000
119,2,1140,1.118394556793843,2.616306151887104,2.992848697374494,0.3377983778543764,1.0,10.0,0.695,0.42339455679384297,2.1744257251504564,1.8169693986386495,0.8356088587541554,0.8752375,0.7212949324324325,0.1247625,0.0,0.1247625,2.7434022028559113,0.9571125,0.5503190878378379,0.0428875,0.0,0.0428875,2.7927360153562697,0.71,0.68,0.74,False,False,0,,,,,21450820,15000,40000,80000
119,2,1140,1.118394556793843,2.616306151887104,2.992848697374494,0.3377983778543764,2.0,20.0,0.835,0.28339455679384296,1.8065763669915829,1.663401357247781,0.9207478784955959,0.9126625,0.6723078828828828,0.0873375,0.0,0.0873375,2.754563227856071,0.9571125,0.5503190878378379,0.0428875,0.0,0.0428875,2.7927360153562697,0.85,0.82,0.88,False,False,0,,,,,21450820,15000,40000,80000
119,2,1140,1.118394556793843,2.616306151887104,2.992848697374494,0.3377983778543764,3.0,30.0,0.9900000000000001,0.12839455679384282,1.5539068742455917,1.5260214582935718,0.9820546414883723,0.94073125,0.6086906249999999,0.05926875,0.0,0.05926875,2.772909896606195,0.9576374999999999,0.5530748873873874,0.0423625,0.0,0.0423625,2.7914901528562717,1.05,1.02,1.08,False,True,1,0.93,1.1700000000000004,,,21450820,15000,40000,80000
119,2,1140,1.118394556793843,2.616306151887104,2.992848697374494,0.3377983778543764,4.0,40.0,1.145,-0.026605443206157098,1.3630025398982155,1.3562652744660446,0.9950570411756723,0.96045,0.5393802364864866,0.03955,0.0,0.03955,2.7966216153562846,0.9571125,0.5503190878378379,0.0428875,0.0,0.0428875,2.7927360153562697,1.15,1.12,1.18,False,False,0,,,,,21450820,15000,40000,80000
120,4,1170,1.075392650869351,2.5886081704200223,2.675121268552896,0.3190198572988381,0.0,0.0,0.54,0.535392650869351,2.769702672220166,2.1462257706845898,0.7748939235286929,0.8046125,0.7560309121621622,0.1953875,0.0,0.1953875,2.7296464698000795,0.943675,0.5964691441441441,0.056325,0.0,0.056325,2.779153769800677,0.53,0.5,0.56,False,False,0,,,0.54,0.0,21460820,15000,40000,80000
120,4,1170,1.075392650869351,2.5886081704200223,2.675121268552896,0.3190198572988381,0.5,5.0,0.635,0.440392650869351,2.4502979661818367,2.0448909676016362,0.8345478777783407,0.8408625000000001,0.7488298423423423,0.1591375,0.0,0.1591375,2.7313457448002323,0.943675,0.5964691441441441,0.056325,0.0,0.056325,2.779153769800677,0.61,0.58,0.64,False,False,0,,,,,21460820,15000,40000,80000
120,4,1170,1.075392650869351,2.5886081704200223,2.675121268552896,0.3190198572988381,1.0,10.0,0.715,0.360392650869351,2.186914888354976,1.9435561645186823,0.8887205326864133,0.8668750000000001,0.7314338963963964,0.133125,0.0,0.133125,2.735858169800342,0.943675,0.5964691441441441,0.056325,0.0,0.056325,2.779153769800677,0.73,0.7,0.76,False,False,0,,,,,21460820,15000,40000,80000
120,4,1170,1.075392650869351,2.5886081704200223,2.675121268552896,0.3190198572988381,2.0,20.0,0.855,0.220392650869351,1.7911870988597784,1.740886558352775,0.9719177630639348,0.9034625000000001,0.6855045045045045,0.0965375,0.0,0.0965375,2.749179607300499,0.943675,0.5964691441441441,0.056325,0.0,0.056325,2.779153769800677,0.85,0.82,0.88,False,False,0,,,,,21460820,15000,40000,80000
120,4,1170,1.075392650869351,2.5886081704200223,2.675121268552896,0.3190198572988381,3.0,30.0,1.025,0.050392650869351074,1.5274818502753398,1.5382169521868676,1.007027973464688,0.9354875,0.6169343468468469,0.0645125,0.0,0.0645125,2.7718617198006408,0.943675,0.5964691441441441,0.056325,0.0,0.056325,2.779153769800677,1.0,0.97,1.03,False,False,0,,,,,21460820,15000,40000,80000
120,4,1170,1.075392650869351,2.5886081704200223,2.675121268552896,0.3190198572988381,4.0,40.0,1.1699999999999968,-0.09460734913064583,1.3559816363045982,1.333306393073379,0.9832776177610966,0.9554812500000001,0.5568940033783784,0.044518749999999996,0.0,0.044518749999999996,2.7936883010507314,0.94338125,0.5969482545045045,0.056618749999999995,0.0,0.056618749999999995,2.7786055510506755,1.15,1.12,1.18,False,True,1,1.0299999999999998,1.2699999999999947,,,21460820,15000,40000,80000
121,1,641,1.1713810581017012,2.5005410682168563,2.8825892714298966,0.312295886564554,0.0,0.0,0.575,0.5963810581017013,2.8312903672475613,2.087822149093557,0.7374101128042311,0.8239375,0.7699949887387387,0.1760625,0.0,0.1760625,2.7195903240658756,0.9577375,0.5811047860360361,0.0422625,0.0,0.0422625,2.7833059740664545,0.57,0.54,0.6,False,False,0,,,0.575,0.0,21470820,15000,40000,80000
121,1,641,1.1713810581017012,2.5005410682168563,2.8825892714298966,0.312295886564554,0.5,5.0,0.66,0.5113810581017012,2.532319589506609,2.011900744128055,0.7944892708112126,0.8543624999999999,0.7621503378378379,0.14563749999999998,0.0,0.14563749999999998,2.722135036566003,0.9577375,0.5811047860360361,0.0422625,0.0,0.0422625,2.7833059740664545,0.67,0.64,0.7,False,False,0,,,,,21470820,15000,40000,80000
121,1,641,1.1713810581017012,2.5005410682168563,2.8825892714298966,0.312295886564554,1.0,10.0,0.725,0.44638105810170126,2.2882792123357234,1.9359793391625533,0.8460415707689947,0.874825,0.7489500563063063,0.125175,0.0,0.125175,2.7259569240660895,0.9577375,0.5811047860360361,0.0422625,0.0,0.0422625,2.7833059740664545,0.75,0.72,0.78,False,False,0,,,,,21470820,15000,40000,80000
121,1,641,1.1713810581017012,2.5005410682168563,2.8825892714298966,0.312295886564554,2.0,20.0,0.875,0.29638105810170123,1.923249077581535,1.7841365292315494,0.9276679500478856,0.91255,0.7019319256756756,0.08745,0.0,0.08745,2.7403206990662525,0.9577375,0.5811047860360361,0.0422625,0.0,0.0422625,2.7833059740664545,0.85,0.82,0.88,False,False,0,,,,,21470820,15000,40000,80000
121,1,641,1.1713810581017012,2.5005410682168563,2.8825892714298966,0.312295886564554,3.0,30.0,1.0250000000000001,0.1463810581017011,1.6845085537545779,1.6446864116265807,0.9763597863369479,0.9403062499999999,0.6440207207207207,0.059693750000000004,0.0,0.059693750000000004,2.7600896990663744,0.9585375,0.5821394425675676,0.0414625,0.0,0.0414625,2.7832171490664583,0.95,0.92,0.98,False,True,1,0.83,1.0700000000000003,,,21470820,15000,40000,80000
121,1,641,1.1713810581017012,2.5005410682168563,2.8825892714298966,0.312295886564554,4.0,40.0,1.165,0.006381058101701198,1.482696754471813,1.4804509093695417,0.9984852970808105,0.95715,0.5839171734234235,0.04285,0.0,0.04285,2.782208649066452,0.9577375,0.5811047860360361,0.0422625,0.0,0.0422625,2.7833059740664545,1.15,1.12,1.18,False,False,0,,,,,21470820,15000,40000,80000
122,2,713,1.2286883213227195,2.4164838563626487,2.829691977044872,0.3184991466699091,0.0,0.0,0.545,0.6836883213227195,2.7836405422151493,1.9026195623867719,0.6835004496926591,0.808025,0.7594179054054054,0.191975,0.0,0.191975,2.7281464466711647,0.9609624999999999,0.5335900337837838,0.0390375,0.0,0.0390375,2.8045019841718286,0.55,0.52,0.58,False,False,0,,,0.545,0.0,21480820,15000,40000,80000
122,2,713,1.2286883213227195,2.4164838563626487,2.829691977044872,0.3184991466699091,0.5,5.0,0.64,0.5886883213227195,2.4587195069993517,1.8330216440748548,0.7455188112579358,0.8420624999999999,0.7504458333333334,0.1579375,0.0,0.1579375,2.7310031966713084,0.9609624999999999,0.5335900337837838,0.0390375,0.0,0.0390375,2.8045019841718286,0.65,0.62,0.68,False,False,0,,,,,21480820,15000,40000,80000
122,2,713,1.2286883213227195,2.4164838563626487,2.829691977044872,0.3184991466699091,1.0,10.0,0.7350000000000001,0.49368832132271945,2.1927098609485567,1.7682931189106248,0.8064419057000405,0.8715375000000001,0.7286033783783785,0.1284625,0.0,0.1284625,2.7369826216714332,0.960425,0.5354716779279279,0.039575,0.0,0.039575,2.8043805216718267,0.71,0.68,0.74,False,True,1,0.59,0.8300000000000002,,,21480820,15000,40000,80000
122,2,713,1.2286883213227195,2.4164838563626487,2.829691977044872,0.3184991466699091,2.0,20.0,0.885,0.34368832132271954,1.8003244790366997,1.624227889139104,0.9021861936844742,0.909225,0.677063626126126,0.090775,0.0,0.090775,2.752357321671595,0.9609624999999999,0.5335900337837838,0.0390375,0.0,0.0390375,2.8045019841718286,0.9,0.87,0.93,False,False,0,,,,,21480820,15000,40000,80000
122,2,713,1.2286883213227195,2.4164838563626487,2.829691977044872,0.3184991466699091,3.0,30.0,1.0150000000000001,0.21368832132271942,1.5379507777494168,1.4860560994036756,0.9662572566713207,0.9333687500000001,0.6258699605855855,0.06663125,0.0,0.06663125,2.7697649154217023,0.960425,0.5354716779279279,0.039575,0.0,0.039575,2.8043805216718267,1.05,1.02,1.08,False,True,1,0.93,1.1700000000000004,,,21480820,15000,40000,80000
122,2,713,1.2286883213227195,2.4164838563626487,2.829691977044872,0.3184991466699091,4.0,40.0,1.195,0.03368832132271948,1.3516486142292676,1.345836215891436,0.9956997711708188,0.9576,0.5478796171171172,0.0424,0.0,0.0424,2.7986535341718124,0.9609624999999999,0.5335900337837838,0.0390375,0.0,0.0390375,2.8045019841718286,1.2,1.17,1.23,False,False,0,,,,,21480820,15000,40000,80000
123,1,656,1.0769134543753358,2.506412337264013,2.8792414007941494,0.3489805003034901,0.0,0.0,0.48,0.5969134543753358,2.6372968071910465,1.872568380198084,0.7100332336854168,0.78315,0.7273569256756758,0.21685,0.0,0.21685,2.757963850304642,0.947025,0.5251104166666667,0.052974999999999994,0.0,0.052974999999999994,2.804225587805341,0.47,0.44,0.5,False,False,0,,,0.48,0.0,21490820,15000,40000,80000
123,1,656,1.0769134543753358,2.506412337264013,2.8792414007941494,0.3489805003034901,0.5,5.0,0.575,0.5019134543753359,2.2880309384618727,1.7781127125970697,0.7771366561120038,0.8240375,0.7185747747747747,0.1759625,0.0,0.1759625,2.756053312804812,0.947025,0.5251104166666667,0.052974999999999994,0.0,0.052974999999999994,2.804225587805341,0.57,0.54,0.6,False,False,0,,,,,21490820,15000,40000,80000
123,1,656,1.0769134543753358,2.506412337264013,2.8792414007941494,0.3489805003034901,1.0,10.0,0.665,0.4119134543753358,2.000172999214584,1.6836570449960553,0.8417557109595938,0.8563875,0.6953935247747748,0.14361249999999998,0.0,0.14361249999999998,2.758666500304948,0.947025,0.5251104166666667,0.052974999999999994,0.0,0.052974999999999994,2.804225587805341,0.67,0.64,0.7,False,False,0,,,,,21490820,15000,40000,80000
123,1,656,1.0769134543753358,2.506412337264013,2.8792414007941494,0.3489805003034901,2.0,20.0,0.85,0.22691345437533583,1.5796509070698517,1.4947457097940269,0.9462506577270807,0.9070125,0.6241524774774775,0.0929875,0.0,0.0929875,2.7738880503051644,0.947025,0.5251104166666667,0.052974999999999994,0.0,0.052974999999999994,2.804225587805341,0.85,0.82,0.88,False,False,0,,,,,21490820,15000,40000,80000
123,1,656,1.0769134543753358,2.506412337264013,2.8792414007941494,0.3489805003034901,3.0,30.0,1.03,0.046913454375335784,1.3138298282000134,1.3058343745919985,0.9939143917755552,0.9406,0.5456894707207207,0.059399999999999994,0.0,0.059399999999999994,2.7970857628053123,0.947025,0.5251104166666667,0.052974999999999994,0.0,0.052974999999999994,2.804225587805341,1.05,1.02,1.08,False,False,0,,,,,21490820,15000,40000,80000
123,1,656,1.0769134543753358,2.506412337264013,2.8792414007941494,0.3489805003034901,4.0,40.0,1.174999999999998,-0.09808654562466224,1.1270457539193663,1.1112827411963166,0.986013866191117,0.9587875,0.48273704954954955,0.0412125,0.0,0.0412125,2.820533669055396,0.94688125,0.5241902590090091,0.05311874999999999,0.0,0.05311874999999999,2.805004050305341,1.2,1.17,1.23,False,True,1,1.08,1.319999999999995,,,21490820,15000,40000,80000
124,4,1246,1.1796259329175562,2.3171468617962407,2.780386617711496,0.3024584323708583,0.0,0.0,0.575,0.6046259329175563,2.8114648141959155,2.0937021592384384,0.7447015337580318,0.8108875,0.7640259572072072,0.18911250000000002,0.0,0.18911250000000002,2.7175369698721275,0.9516125,0.5835038851351351,0.0483875,0.0,0.0483875,2.786947907372739,0.57,0.54,0.6,False,False,0,,,0.575,0.0,21500820,15000,40000,80000
124,4,1246,1.1796259329175562,2.3171468617962407,2.780386617711496,0.3024584323708583,0.5,5.0,0.675,0.5046259329175562,2.5025774480170178,2.0068912434836212,0.8019297245221456,0.847225,0.7573680743243244,0.152775,0.0,0.152775,2.7211168823722804,0.9516125,0.5835038851351351,0.0483875,0.0,0.0483875,2.786947907372739,0.67,0.64,0.7,False,False,0,,,,,21500820,15000,40000,80000
124,4,1246,1.1796259329175562,2.3171468617962407,2.780386617711496,0.3024584323708583,1.0,10.0,0.755,0.42462593291755624,2.2438687069258223,1.9200803277288032,0.8557008357050354,0.871375,0.7405851914414414,0.12862500000000002,0.0,0.12862500000000002,2.7272548948723836,0.9516125,0.5835038851351351,0.0483875,0.0,0.0483875,2.786947907372739,0.75,0.72,0.78,False,False,0,,,,,21500820,15000,40000,80000
124,4,1246,1.1796259329175562,2.3171468617962407,2.780386617711496,0.3024584323708583,2.0,20.0,0.9400000000000001,0.23962593291755618,1.8471874000972865,1.7397880120057307,0.9418578818338089,0.9144812499999999,0.6789078265765766,0.08551875,0.0,0.08551875,2.749425026122571,0.9512875000000001,0.5823875844594595,0.0487125,0.0,0.0487125,2.787480894872737,0.95,0.92,0.98,False,True,1,0.83,1.0700000000000003,,,21500820,15000,40000,80000
124,4,1246,1.1796259329175562,2.3171468617962407,2.780386617711496,0.3024584323708583,3.0,30.0,1.075,0.10462593291755629,1.595595325816718,1.572836664709533,0.985736570708782,0.9382625,0.6270514076576577,0.0617375,0.0,0.0617375,2.769116332372677,0.9516125,0.5835038851351351,0.0483875,0.0,0.0483875,2.786947907372739,1.1,1.07,1.13,False,False,0,,,,,21500820,15000,40000,80000
124,4,1246,1.1796259329175562,2.3171468617962407,2.780386617711496,0.3024584323708583,4.0,40.0,1.17,0.009625932917556312,1.4000892625115993,1.3992148331998977,0.9993754474553052,0.9505874999999999,0.5876050675675676,0.0494125,0.0,0.0494125,2.7852157573727334,0.9516125,0.5835038851351351,0.0483875,0.0,0.0483875,2.786947907372739,1.15,1.12,1.18,False,False,0,,,,,21500820,15000,40000,80000
125,3,1016,1.157050905160077,2.3156354070767424,3.020284507966558,0.3310545591956884,0.0,0.0,0.54,0.617050905160077,2.727651808637248,1.9065502925183362,0.6989712860274716,0.807625,0.747284740990991,0.19237500000000002,0.0,0.19237500000000002,2.739663246696942,0.9525625,0.5345427364864865,0.047437499999999994,0.0,0.047437499999999994,2.8037169466975684,0.53,0.5,0.56,False,False,0,,,0.54,0.0,21510820,15000,40000,80000
125,3,1016,1.157050905160077,2.3156354070767424,3.020284507966558,0.3310545591956884,0.5,5.0,0.615,0.542050905160077,2.396286200408404,1.8219527726868932,0.7603235257860159,0.8360875,0.7387377815315315,0.16391250000000002,0.0,0.16391250000000002,2.740830921697061,0.9525625,0.5345427364864865,0.047437499999999994,0.0,0.047437499999999994,2.8037169466975684,0.63,0.6,0.66,False,False,0,,,,,21510820,15000,40000,80000
125,3,1016,1.157050905160077,2.3156354070767424,3.020284507966558,0.3310545591956884,1.0,10.0,0.7,0.45705090516007707,2.1212561096063,1.7373552528554503,0.8190219205440022,0.86395,0.7183780405405406,0.13605,0.0,0.13605,2.745203834197179,0.9525625,0.5345427364864865,0.047437499999999994,0.0,0.047437499999999994,2.8037169466975684,0.71,0.68,0.74,False,False,0,,,,,21510820,15000,40000,80000
125,3,1016,1.157050905160077,2.3156354070767424,3.020284507966558,0.3310545591956884,2.0,20.0,0.875,0.282050905160077,1.702403875488053,1.568160213192565,0.9211446447999876,0.907825,0.6546273085585586,0.092175,0.0,0.092175,2.7624309091973682,0.9525625,0.5345427364864865,0.047437499999999994,0.0,0.047437499999999994,2.8037169466975684,0.9,0.87,0.93,False,False,0,,,,,21510820,15000,40000,80000
125,3,1016,1.157050905160077,2.3156354070767424,3.020284507966558,0.3310545591956884,3.0,30.0,1.025,0.13205090516007711,1.4241849670993352,1.398965173529679,0.9822917709761944,0.9350375,0.5912148085585586,0.0649625,0.0,0.0649625,2.7828359216974885,0.9525625,0.5345427364864865,0.047437499999999994,0.0,0.047437499999999994,2.8037169466975684,1.05,1.02,1.08,False,False,0,,,,,21510820,15000,40000,80000
125,3,1016,1.157050905160077,2.3156354070767424,3.020284507966558,0.3310545591956884,4.0,40.0,1.1800000000000002,-0.022949094839923134,1.2419905000207707,1.2384553682715211,0.997153656369199,0.9559187499999999,0.5249724943693693,0.04408125,0.0,0.04408125,2.8071671591975838,0.9531812500000001,0.5344662162162162,0.04681875,0.0,0.04681875,2.8034213029475707,1.1,1.07,1.13,False,True,1,0.9800000000000001,1.2200000000000002,,,21510820,15000,40000,80000
126,4,977,1.1795085265588183,2.593522953139697,2.560227408457759,0.3208601282776306,0.0,0.0,0.555,0.6245085265588183,2.7482377765831614,1.9399147681451336,0.7058758833294977,0.8068500000000001,0.7512314189189189,0.19315,0.0,0.19315,2.733502265778882,0.9548875,0.5433881756756755,0.0451125,0.0,0.0451125,2.8010930407795227,0.57,0.54,0.6,False,False,0,,,0.555,0.0,21520820,15000,40000,80000
126,4,977,1.1795085265588183,2.593522953139697,2.560227408457759,0.3208601282776306,0.5,5.0,0.6350000000000001,0.5445085265588182,2.422123763130307,1.855609103890589,0.7661082939430126,0.83785625,0.7435736486486488,0.16214374999999998,0.0,0.16214374999999998,2.7352102470290127,0.9547,0.542604786036036,0.0453,0.0,0.0453,2.802070678279523,0.67,0.64,0.7,False,True,1,0.55,0.7900000000000003,,,21520820,15000,40000,80000
126,4,977,1.1795085265588183,2.593522953139697,2.560227408457759,0.3208601282776306,1.0,10.0,0.74,0.43950852655881834,2.1427228231724174,1.778861567329478,0.8301874363272881,0.869775,0.7178275900900901,0.13022499999999998,0.0,0.13022499999999998,2.742317315779148,0.9548875,0.5433881756756755,0.0451125,0.0,0.0451125,2.8010930407795227,0.73,0.7,0.76,False,False,0,,,,,21520820,15000,40000,80000
126,4,977,1.1795085265588183,2.593522953139697,2.560227408457759,0.3208601282776306,2.0,20.0,0.915,0.2645085265588183,1.7411744064799795,1.6178083665138225,0.9291477984588815,0.9130125,0.6547153153153153,0.0869875,0.0,0.0869875,2.761011840779335,0.9548875,0.5433881756756755,0.0451125,0.0,0.0451125,2.8010930407795227,0.9,0.87,0.93,False,False,0,,,,,21520820,15000,40000,80000
126,4,977,1.1795085265588183,2.593522953139697,2.560227408457759,0.3208601282776306,3.0,30.0,1.08,0.09950852655881826,1.4820359885164216,1.4567551656981668,0.9829418293387315,0.9422375000000001,0.5859773648648647,0.057762499999999994,0.0,0.057762499999999994,2.7846143282794644,0.9548875,0.5433881756756755,0.0451125,0.0,0.0451125,2.8010930407795227,1.1,1.07,1.13,False,False,0,,,,,21520820,15000,40000,80000
126,4,977,1.1795085265588183,2.593522953139697,2.560227408457759,0.3208601282776306,4.0,40.0,1.195,-0.015491473441181736,1.2968529099117754,1.2957019648825112,0.9991125091978685,0.9566749999999999,0.5369019707207208,0.043325,0.0,0.043325,2.8037256032795312,0.9548875,0.5433881756756755,0.0451125,0.0,0.0451125,2.8010930407795227,1.2,1.17,1.23,False,False,0,,,,,21520820,15000,40000,80000
127,1,95,1.1679720753876943,2.471117971814352,2.455134624181325,0.3436858070719904,0.0,0.0,0.48,0.6879720753876943,2.575171290967165,1.6675773522236879,0.6475597790612952,0.7620750000000001,0.7118706644144144,0.237925,0.0,0.237925,2.764362382073058,0.944875,0.4723025337837838,0.055125,0.0,0.055125,2.8322676195738437,0.49,0.46,0.52,False,False,0,,,0.48,0.0,21530820,15000,40000,80000
127,1,95,1.1679720753876943,2.471117971814352,2.455134624181325,0.3436858070719904,0.5,5.0,0.565,0.6029720753876944,2.181398931496166,1.5702613365706644,0.7198414347318223,0.7971125,0.7044042792792793,0.2028875,0.0,0.2028875,2.764100232073204,0.944875,0.4723025337837838,0.055125,0.0,0.055125,2.8322676195738437,0.59,0.56,0.62,False,False,0,,,,,21530820,15000,40000,80000
127,1,95,1.1679720753876943,2.471117971814352,2.455134624181325,0.3436858070719904,1.0,10.0,0.69,0.4779720753876944,1.8583767930652906,1.4729453209176409,0.7925977801778822,0.8423125,0.6723003941441442,0.15768749999999998,0.0,0.15768749999999998,2.7691526070733943,0.944875,0.4723025337837838,0.055125,0.0,0.055125,2.8322676195738437,0.69,0.66,0.72,False,False,0,,,,,21530820,15000,40000,80000
127,1,95,1.1679720753876943,2.471117971814352,2.455134624181325,0.3436858070719904,2.0,20.0,0.875,0.2929720753876943,1.3827682600567908,1.2783132896115936,0.9244595255311203,0.8932374999999999,0.598964527027027,0.1067625,0.0,0.1067625,2.7874484695736133,0.944875,0.4723025337837838,0.055125,0.0,0.055125,2.8322676195738437,0.9,0.87,0.93,False,False,0,,,,,21530820,15000,40000,80000
127,1,95,1.1679720753876943,2.471117971814352,2.455134624181325,0.3436858070719904,3.0,30.0,1.085,0.08297207538769436,1.0937651625164575,1.0836812583055464,0.9907805582436812,0.9335500000000001,0.5075763513513514,0.06645,0.0,0.06645,2.8180304320737917,0.944875,0.4723025337837838,0.055125,0.0,0.055125,2.8322676195738437,1.1,1.07,1.13,False,False,0,,,,,21530820,15000,40000,80000
127,1,95,1.1679720753876943,2.471117971814352,2.455134624181325,0.3436858070719904,4.0,40.0,1.28,-0.11202792461230571,0.9097563264176307,0.8890492269994992,0.9772388508693637,0.9579625,0.4276372184684684,0.0420375,0.0,0.0420375,2.852271657073905,0.944875,0.4723025337837838,0.055125,0.0,0.055125,2.8322676195738437,1.3,1.27,1.33,False,False,0,,,,,21530820,15000,40000,80000
128,3,1227,1.1037010655571575,2.40964893176007,2.498758769614475,0.30229150652456,0.0,0.0,0.575,0.5287010655571576,2.7972246619246253,2.169866166546415,0.7757210910093445,0.8084625,0.7606238738738739,0.1915375,0.0,0.1915375,2.7192090940258193,0.938125,0.6033110360360361,0.061875,0.0,0.061875,2.780406669026381,0.57,0.54,0.6,False,False,0,,,0.575,0.0,21540820,15000,40000,80000
128,3,1227,1.1037010655571575,2.40964893176007,2.498758769614475,0.30229150652456,0.5,5.0,0.665,0.4387010655571575,2.471170162920519,2.0585964722795924,0.8330452120086574,0.8400624999999999,0.752972240990991,0.1599375,0.0,0.1599375,2.7234202690259535,0.938125,0.6033110360360361,0.061875,0.0,0.061875,2.780406669026381,0.65,0.62,0.68,False,False,0,,,,,21540820,15000,40000,80000
128,3,1227,1.1037010655571575,2.40964893176007,2.498758769614475,0.30229150652456,1.0,10.0,0.75,0.3537010655571575,2.2008665006761436,1.9473267780127699,0.8848000446253864,0.8660375,0.7348589527027027,0.13396249999999998,0.0,0.13396249999999998,2.730272156526064,0.938125,0.6033110360360361,0.061875,0.0,0.061875,2.780406669026381,0.73,0.7,0.76,False,False,0,,,,,21540820,15000,40000,80000
128,3,1227,1.1037010655571575,2.40964893176007,2.498758769614475,0.30229150652456,2.0,20.0,0.925,0.17870106555715748,1.7985054049503952,1.7247873894791248,0.9590115129660655,0.908825,0.6771668918918918,0.091175,0.0,0.091175,2.7512671940262496,0.938125,0.6033110360360361,0.061875,0.0,0.061875,2.780406669026381,0.95,0.92,0.98,False,False,0,,,,,21540820,15000,40000,80000
128,3,1227,1.1037010655571575,2.40964893176007,2.498758769614475,0.30229150652456,3.0,30.0,1.095,0.00870106555715755,1.505369771286106,1.5022480009454795,0.99792624350497,0.9370499999999999,0.6071649774774774,0.06295,0.0,0.06295,2.778818769026376,0.938125,0.6033110360360361,0.061875,0.0,0.061875,2.780406669026381,1.1,1.07,1.13,False,False,0,,,,,21540820,15000,40000,80000
128,3,1227,1.1037010655571575,2.40964893176007,2.498758769614475,0.30229150652456,4.0,40.0,1.21,-0.10629893444284244,1.3095654779718613,1.2797086124118344,0.9772009372099006,0.95195,0.5587806869369369,0.04805,0.0,0.04805,2.7992543565264456,0.938125,0.6033110360360361,0.061875,0.0,0.061875,2.780406669026381,1.2,1.17,1.23,False,False,0,,,,,21540820,15000,40000,80000
129,2,4,1.1089285300217804,2.7314529841120216,2.2683205426248203,0.3600526492426863,0.0,0.0,0.45,0.6589285300217804,2.4862658723810744,1.6032051423584872,0.6448244977207976,0.7521125,0.6911472972972972,0.24788749999999998,0.0,0.24788749999999998,2.779860774243712,0.9381124999999999,0.4547802927927928,0.0618875,0.0,0.0618875,2.8366943242445073,0.43,0.4,0.46,False,False,0,,,0.45,0.0,21550820,15000,40000,80000
129,2,4,1.1089285300217804,2.7314529841120216,2.2683205426248203,0.3600526492426863,0.5,5.0,0.555,0.5539285300217803,2.07591785486845,1.4941213058113783,0.7197400910191893,0.797775,0.6777510698198197,0.202225,0.0,0.202225,2.777752349243902,0.9381124999999999,0.4547802927927928,0.0618875,0.0,0.0618875,2.8366943242445073,0.55,0.52,0.58,False,False,0,,,,,21550820,15000,40000,80000
129,2,4,1.1089285300217804,2.7314529841120216,2.2683205426248203,0.3600526492426863,1.0,10.0,0.635,0.47392853002178037,1.7320860914615774,1.385037469264269,0.7996354662114629,0.8272625,0.6542971283783784,0.1727375,0.0,0.1727375,2.7802291742440257,0.9381124999999999,0.4547802927927928,0.0618875,0.0,0.0618875,2.8366943242445073,0.63,0.6,0.66,False,False,0,,,,,21550820,15000,40000,80000
129,2,4,1.1089285300217804,2.7314529841120216,2.2683205426248203,0.3600526492426863,2.0,20.0,0.855,0.2539285300217804,1.249297119625146,1.1668697961700507,0.9340210409835671,0.8919375,0.565786936936937,0.1080625,0.0,0.1080625,2.7988693117443018,0.9381124999999999,0.4547802927927928,0.0618875,0.0,0.0618875,2.8366943242445073,0.85,0.82,0.88,False,False,0,,,,,21550820,15000,40000,80000
129,2,4,1.1089285300217804,2.7314529841120216,2.2683205426248203,0.3600526492426863,3.0,30.0,1.08,0.028928530021780308,0.9516687303674681,0.9487021230758325,0.9968827311469085,0.93415,0.4670399774774775,0.06584999999999999,0.0,0.06584999999999999,2.831762449244489,0.9381124999999999,0.4547802927927928,0.0618875,0.0,0.0618875,2.8366943242445073,1.1,1.07,1.13,False,False,0,,,,,21550820,15000,40000,80000
129,2,4,1.1089285300217804,2.7314529841120216,2.2683205426248203,0.3600526492426863,4.0,40.0,1.26,-0.15107146997821963,0.7659470412157896,0.7305344499816143,0.9537662666886672,0.956025,0.39522820945945947,0.043975,0.0,0.043975,2.863490524244591,0.9381124999999999,0.4547802927927928,0.0618875,0.0,0.0618875,2.8366943242445073,1.25,1.22,1.28,False,False,0,,,,,21550820,15000,40000,80000
130,2,816,1.165414719451081,2.33479478809391,2.415126128129885,0.3243290652434991,0.0,0.0,0.5150000000000001,0.650414719451081,2.64861585561502,1.8136768310738032,0.6847640163555011,0.7727875,0.727610501126126,0.22721249999999998,0.0,0.22721249999999998,2.7471348839946126,0.9410875000000001,0.5115446227477478,0.0589125,0.0,0.0589125,2.820483858995339,0.51,0.48,0.54,False,True,1,0.39,0.6300000000000002,0.5149999999999999,2.220446049250313e-16,21560820,15000,40000,80000
130,2,816,1.165414719451081,2.33479478809391,2.415126128129885,0.3243290652434991,0.5,5.0,0.63,0.5354147194510811,2.26257424784551,1.712225475385527,0.7567599061184218,0.8143625,0.7153100788288288,0.1856375,0.0,0.1856375,2.751252602744787,0.9395625,0.5131659346846846,0.060437500000000005,0.0,0.060437500000000005,2.820581702745333,0.61,0.58,0.64,False,False,0,,,,,21560820,15000,40000,80000
130,2,816,1.165414719451081,2.33479478809391,2.415126128129885,0.3243290652434991,1.0,10.0,0.72,0.44541471945108113,1.9519288744998793,1.6050888873172307,0.8223091057703035,0.8447875,0.6933704391891892,0.15521249999999998,0.0,0.15521249999999998,2.7570571152449155,0.9395625,0.5131659346846846,0.060437500000000005,0.0,0.060437500000000005,2.820581702745333,0.73,0.7,0.76,False,False,0,,,,,21560820,15000,40000,80000
130,2,816,1.165414719451081,2.33479478809391,2.415126128129885,0.3243290652434991,2.0,20.0,0.9100000000000001,0.25541471945108096,1.4980315048193804,1.395929359751739,0.9318424580930613,0.8970125,0.6221359515765765,0.10298750000000001,0.0,0.10298750000000001,2.7780520652451406,0.9410875000000001,0.5115446227477478,0.0589125,0.0,0.0589125,2.820483858995339,0.9,0.87,0.93,False,True,1,0.78,1.0200000000000002,,,21560820,15000,40000,80000
130,2,816,1.165414719451081,2.33479478809391,2.415126128129885,0.3243290652434991,3.0,30.0,1.025,0.1404147194510812,1.1684310808685479,1.1765425350440462,1.006942175972817,0.917725,0.5735495495495495,0.08227499999999999,0.0,0.08227499999999999,2.796267190245234,0.9395625,0.5131659346846846,0.060437500000000005,0.0,0.060437500000000005,2.820581702745333,1.0,0.97,1.03,False,False,0,,,,,21560820,15000,40000,80000
130,2,816,1.165414719451081,2.33479478809391,2.415126128129885,0.3243290652434991,4.0,40.0,1.22,-0.05458528054891887,0.9713941205289602,0.9622693589074538,0.9906065299051453,0.946275,0.4898839527027027,0.053724999999999995,0.0,0.053724999999999995,2.8308175527453647,0.9395625,0.5131659346846846,0.060437500000000005,0.0,0.060437500000000005,2.820581702745333,1.2,1.17,1.23,False,False,0,,,,,21560820,15000,40000,80000
131,1,1053,1.0688647322278453,2.3928627418395663,2.5180967481093,0.3100473338898424,0.0,0.0,0.57,0.49886473222784533,2.7435656042862298,2.159257273459993,0.7870259308130336,0.8015000000000001,0.7487804054054055,0.1985,0.0,0.1985,2.729223621391074,0.9322,0.6006161036036036,0.0678,0.0,0.0678,2.781586571391637,0.55,0.52,0.58,False,False,0,,,0.57,0.0,21570820,15000,40000,80000
131,1,1053,1.0688647322278453,2.3928627418395663,2.5180967481093,0.3100473338898424,0.5,5.0,0.655,0.41386473222784526,2.410785583051576,2.0373843813894807,0.8451122305163931,0.8334625,0.7418773648648649,0.1665375,0.0,0.1665375,2.731925308891208,0.9322,0.6006161036036036,0.0678,0.0,0.0678,2.781586571391637,0.65,0.62,0.68,False,False,0,,,,,21570820,15000,40000,80000
131,1,1053,1.0688647322278453,2.3928627418395663,2.5180967481093,0.3100473338898424,1.0,10.0,0.735,0.3338647322278453,2.12556498634606,1.9155114893189678,0.9011775700218964,0.8582125,0.7237701576576576,0.1417875,0.0,0.1417875,2.738013946391314,0.9322,0.6006161036036036,0.0678,0.0,0.0678,2.781586571391637,0.73,0.7,0.76,False,False,0,,,,,21570820,15000,40000,80000
131,1,1053,1.0688647322278453,2.3928627418395663,2.5180967481093,0.3100473338898424,2.0,20.0,0.9250000000000002,0.14386473222784513,1.7037686061534547,1.6678451703634143,0.9789153082993214,0.9060874999999999,0.6580813907657658,0.0939125,0.0,0.0939125,2.7600954088915213,0.93234375,0.5993177364864863,0.06765625,0.0,0.06765625,2.7820642151416375,0.9,0.87,0.93,False,True,1,0.78,1.0200000000000002,,,21570820,15000,40000,80000
131,1,1053,1.0688647322278453,2.3928627418395663,2.5180967481093,0.3100473338898424,3.0,30.0,1.09,-0.021135267772154798,1.433912756728667,1.4280199210369178,0.9958903805938703,0.935775,0.5920094031531531,0.064225,0.0,0.064225,2.784928171391653,0.9322,0.6006161036036036,0.0678,0.0,0.0678,2.781586571391637,1.1,1.07,1.13,False,False,0,,,,,21570820,15000,40000,80000
131,1,1053,1.0688647322278453,2.3928627418395663,2.5180967481093,0.3100473338898424,4.0,40.0,1.2,-0.13113526777215467,1.2370178779310494,1.1842741368958927,0.9573621837031391,0.9503874999999999,0.5453305743243243,0.049612500000000004,0.0,0.049612500000000004,2.80416783389172,0.9322,0.6006161036036036,0.0678,0.0,0.0678,2.781586571391637,1.2,1.17,1.23,False,False,0,,,,,21570820,15000,40000,80000
132,2,629,1.087712328872196,2.3463243534374185,2.5981962939715277,0.3165453161802926,0.0,0.0,0.555,0.5327123288721959,2.72111030038492,2.076945112888805,0.7632711958037888,0.796775,0.7442097972972974,0.203225,0.0,0.203225,2.7349490286815046,0.9354625000000001,0.5796007882882883,0.0645375,0.0,0.0645375,2.7906408536821017,0.57,0.54,0.6,False,False,0,,,0.555,0.0,21580820,15000,40000,80000
132,2,629,1.087712328872196,2.3463243534374185,2.5981962939715277,0.3165453161802926,0.5,5.0,0.6300000000000001,0.4577123288721958,2.3819106059241215,1.9634116165446909,0.8243011352573143,0.8257187500000001,0.7389886824324324,0.17428125,0.0,0.17428125,2.7366604599316258,0.93613125,0.579792483108108,0.06386875,0.0,0.06386875,2.7903375099321046,0.67,0.64,0.7,False,True,1,0.55,0.7900000000000003,,,21580820,15000,40000,80000
132,2,629,1.087712328872196,2.3463243534374185,2.5981962939715277,0.3165453161802926,1.0,10.0,0.7000000000000001,0.38771232887219587,2.0930693288799116,1.8489653358122315,0.8833751038727846,0.8489249999999999,0.7247696790540541,0.15107500000000001,0.0,0.15107500000000001,2.7409253536817246,0.93613125,0.579792483108108,0.06386875,0.0,0.06386875,2.7903375099321046,0.71,0.68,0.74,False,True,1,0.59,0.8300000000000002,,,21580820,15000,40000,80000
132,2,629,1.087712328872196,2.3463243534374185,2.5981962939715277,0.3165453161802926,2.0,20.0,0.89,0.19771232887219592,1.6596088412371623,1.6144169454619843,0.9727695498768918,0.8985875,0.6610803490990992,0.1014125,0.0,0.1014125,2.761225041181938,0.9354625000000001,0.5796007882882883,0.0645375,0.0,0.0645375,2.7906408536821017,0.9,0.87,0.93,False,False,0,,,,,21580820,15000,40000,80000
132,2,629,1.087712328872196,2.3463243534374185,2.5981962939715277,0.3165453161802926,3.0,30.0,1.095,-0.007287671127804041,1.3835625981356763,1.3831528617485742,0.9997038541026954,0.9365875,0.5765058558558558,0.0634125,0.0,0.0634125,2.791838666182107,0.9354625000000001,0.5796007882882883,0.0645375,0.0,0.0645375,2.7906408536821017,1.1,1.07,1.13,False,False,0,,,,,21580820,15000,40000,80000
132,2,629,1.087712328872196,2.3463243534374185,2.5981962939715277,0.3165453161802926,4.0,40.0,1.175,-0.08728767112780411,1.1783276899670136,1.1518887780351639,0.9775623435170314,0.9471,0.5422149774774775,0.0529,0.0,0.0529,2.8057982536821555,0.9354625000000001,0.5796007882882883,0.0645375,0.0,0.0645375,2.7906408536821017,1.15,1.12,1.18,False,False,0,,,,,21580820,15000,40000,80000
133,2,364,1.0783924707678452,2.515452302208338,2.4671009280550247,0.318267610819089,0.0,0.0,0.54,0.5383924707678451,2.730906711301171,2.069337027389938,0.757747241539415,0.7957125,0.7467251689189189,0.2042875,0.0,0.2042875,2.7343488733202954,0.9352750000000001,0.5774563063063063,0.064725,0.0,0.064725,2.790537735820897,0.55,0.52,0.58,False,False,0,,,0.54,0.0,21590820,15000,40000,80000
133,2,364,1.0783924707678452,2.515452302208338,2.4671009280550247,0.318267610819089,0.5,5.0,0.6350000000000001,0.44339247076784505,2.3796495041571304,1.9764951833789595,0.8305824786070889,0.82880625,0.7370278434684685,0.17119375,0.0,0.17119375,2.737508054570435,0.9372125,0.5824106418918918,0.0627875,0.0,0.0627875,2.787848392070904,0.65,0.62,0.68,False,True,1,0.53,0.7700000000000002,,,21590820,15000,40000,80000
133,2,364,1.0783924707678452,2.515452302208338,2.4671009280550247,0.318267610819089,1.0,10.0,0.71,0.3683924707678452,2.1033041080882646,1.8373924843394935,0.873574333485012,0.8556874999999999,0.7210411599099099,0.1443125,0.0,0.1443125,2.7420127108205485,0.9352750000000001,0.5774563063063063,0.064725,0.0,0.064725,2.790537735820897,0.73,0.7,0.76,False,False,0,,,,,21590820,15000,40000,80000
133,2,364,1.0783924707678452,2.515452302208338,2.4671009280550247,0.318267610819089,2.0,20.0,0.925,0.15339247076784512,1.6655388422973614,1.6054479412890488,0.9639210449601846,0.9088499999999999,0.6431043355855857,0.09115000000000001,0.0,0.09115000000000001,2.7666982233207786,0.9352750000000001,0.5774563063063063,0.064725,0.0,0.064725,2.790537735820897,0.95,0.92,0.98,False,False,0,,,,,21590820,15000,40000,80000
133,2,364,1.0783924707678452,2.515452302208338,2.4671009280550247,0.318267610819089,3.0,30.0,1.0499999999999994,0.02839247076784579,1.4149872671434143,1.4134489630520408,0.9989128495166751,0.9330125,0.5947742680180181,0.0669875,0.0,0.0669875,2.783147079570885,0.9372125,0.5824106418918918,0.0627875,0.0,0.0627875,2.787848392070904,1.15,1.12,1.18,False,True,1,1.0299999999999998,1.2699999999999947,,,21590820,15000,40000,80000
133,2,364,1.0783924707678452,2.515452302208338,2.4671009280550247,0.318267610819089,4.0,40.0,1.16,-0.08160752923215475,1.1647913583073473,1.1415588551881597,0.9800543651414545,0.9461625,0.5420298986486487,0.053837499999999996,0.0,0.053837499999999996,2.8046215858209473,0.9352750000000001,0.5774563063063063,0.064725,0.0,0.064725,2.790537735820897,1.15,1.12,1.18,False,False,0,,,,,21590820,15000,40000,80000
134,2,12,1.1519831323584595,2.475642873326556,2.7385170075594774,0.3451442380990174,0.0,0.0,0.49,0.6619831323584595,2.6307165254703566,1.7480449544537193,0.6644748446019585,0.78205,0.7252494932432432,0.21795,0.0,0.21795,2.756851550600165,0.95305,0.4926242117117117,0.046950000000000006,0.0,0.046950000000000006,2.8181438381009,0.49,0.46,0.52,False,False,0,,,0.49,0.0,21600820,15000,40000,80000
134,2,12,1.1519831323584595,2.475642873326556,2.7385170075594774,0.3451442380990174,0.5,5.0,0.61,0.5419831323584595,2.2732884478217876,1.6647454447458705,0.7323071765666126,0.8317749999999999,0.7106801238738738,0.168225,0.0,0.168225,2.7562169881003724,0.95305,0.4926242117117117,0.046950000000000006,0.0,0.046950000000000006,2.8181438381009,0.61,0.58,0.64,False,False,0,,,,,21600820,15000,40000,80000
134,2,12,1.1519831323584595,2.475642873326556,2.7385170075594774,0.3451442380990174,1.0,10.0,0.6600000000000001,0.49198313235845936,1.970098980297657,1.5716135602678138,0.7977332996895227,0.8478375,0.6957339245495495,0.1521625,0.0,0.1521625,2.7591071818504407,0.95145625,0.49157590090090086,0.04854375,0.0,0.04854375,2.8189636568508933,0.65,0.62,0.68,False,True,1,0.53,0.7700000000000002,,,21600820,15000,40000,80000
134,2,12,1.1519831323584595,2.475642873326556,2.7385170075594774,0.3451442380990174,2.0,20.0,0.885,0.2669831323584595,1.5539455258996824,1.4148469156223242,0.9104868169707399,0.91065,0.6104310247747748,0.08935,0.0,0.08935,2.778289313100709,0.95305,0.4926242117117117,0.046950000000000006,0.0,0.046950000000000006,2.8181438381009,0.9,0.87,0.93,False,False,0,,,,,21600820,15000,40000,80000
134,2,12,1.1519831323584595,2.475642873326556,2.7385170075594774,0.3451442380990174,3.0,30.0,1.0650000000000002,0.08698313235845934,1.2470045302707211,1.2272050760929667,0.9841223879327399,0.94021875,0.5291136261261261,0.059781249999999994,0.0,0.059781249999999994,2.8048805568508413,0.95145625,0.49157590090090086,0.04854375,0.0,0.04854375,2.8189636568508933,1.05,1.02,1.08,False,True,1,0.93,1.1700000000000004,,,21600820,15000,40000,80000
134,2,12,1.1519831323584595,2.475642873326556,2.7385170075594774,0.3451442380990174,4.0,40.0,1.1699999999999968,-0.018016867641537315,1.0602241367632534,1.0550008340055432,0.995073397617926,0.95374375,0.48420664414414405,0.04625625,0.0,0.04625625,2.8218716568509032,0.95145625,0.49157590090090086,0.04854375,0.0,0.04854375,2.8189636568508933,1.15,1.12,1.18,False,True,1,1.0299999999999998,1.2699999999999947,,,21600820,15000,40000,80000
135,3,178,1.0482302659165814,2.276839148076608,2.611526317864648,0.3374187371984765,0.0,0.0,0.505,0.5432302659165814,2.6062322163692286,1.924393260706206,0.7383813493745771,0.7727625,0.7186952702702702,0.22723749999999998,0.0,0.22723749999999998,2.7576025871995884,0.9285125000000001,0.5400736486486486,0.0714875,0.0,0.0714875,2.806461962200255,0.49,0.46,0.52,False,False,0,,,0.505,0.0,21610820,15000,40000,80000
135,3,178,1.0482302659165814,2.276839148076608,2.611526317864648,0.3374187371984765,0.5,5.0,0.61,0.43823026591658143,2.223737155709523,1.7970309430214262,0.8081130174973631,0.8144750000000001,0.7062568130630631,0.185525,0.0,0.185525,2.758843649699763,0.9285125000000001,0.5400736486486486,0.0714875,0.0,0.0714875,2.806461962200255,0.59,0.56,0.62,False,False,0,,,,,21610820,15000,40000,80000
135,3,178,1.0482302659165814,2.276839148076608,2.611526317864648,0.3374187371984765,1.0,10.0,0.6800000000000002,0.36823026591658126,1.916038466446141,1.6651338725516278,0.8690503357378363,0.8393,0.6898848536036036,0.1607,0.0,0.1607,2.7618696746998674,0.9270437499999999,0.5402746621621621,0.07295625,0.0,0.07295625,2.806491537200249,0.67,0.64,0.7,False,True,1,0.55,0.7900000000000003,,,21610820,15000,40000,80000
135,3,178,1.0482302659165814,2.276839148076608,2.611526317864648,0.3374187371984765,2.0,20.0,0.87,0.17823026591658142,1.4558356204010674,1.414943989967086,0.9719119178972169,0.8934124999999999,0.6179423423423424,0.1065875,0.0,0.1065875,2.7803093747000993,0.9285125000000001,0.5400736486486486,0.0714875,0.0,0.0714875,2.806461962200255,0.85,0.82,0.88,False,False,0,,,,,21610820,15000,40000,80000
135,3,178,1.0482302659165814,2.276839148076608,2.611526317864648,0.3374187371984765,3.0,30.0,1.065,-0.01676973408341853,1.160233922862455,1.160219354597526,0.9999874436830005,0.9311,0.5326430743243243,0.0689,0.0,0.0689,2.8092875747002672,0.9285125000000001,0.5400736486486486,0.0714875,0.0,0.0714875,2.806461962200255,1.05,1.02,1.08,False,False,0,,,,,21610820,15000,40000,80000
135,3,178,1.0482302659165814,2.276839148076608,2.611526317864648,0.3374187371984765,4.0,40.0,1.235,-0.18676973408341868,0.9546868239986002,0.9054947192279659,0.9484730452604356,0.952825,0.45981097972972973,0.047175,0.0,0.047175,2.839789687200368,0.9285125000000001,0.5400736486486486,0.0714875,0.0,0.0714875,2.806461962200255,1.25,1.22,1.28,False,False,0,,,,,21610820,15000,40000,80000
136,4,178,1.2433933778328838,2.371136315875926,2.613463360622516,0.3233794011207113,0.0,0.0,0.5350000000000001,0.7083933778328837,2.701924778074445,1.7550784755390554,0.6495660019039577,0.79219375,0.7403601351351352,0.20780625,0.0,0.20780625,2.7401211948719038,0.9557687500000001,0.4957045326576577,0.04423125,0.0,0.04423125,2.8244009573726143,0.55,0.52,0.58,False,True,1,0.43000000000000005,0.6700000000000003,0.5349999999999999,2.220446049250313e-16,21620820,15000,40000,80000
136,4,178,1.2433933778328838,2.371136315875926,2.613463360622516,0.3233794011207113,0.5,5.0,0.6050000000000001,0.6383933778328837,2.34722831341774,1.676776473331221,0.7143644543421978,0.8187,0.7342039695945947,0.18130000000000002,0.0,0.18130000000000002,2.7417612761220145,0.9557687500000001,0.4957045326576577,0.04423125,0.0,0.04423125,2.8244009573726143,0.61,0.58,0.64,False,True,1,0.49,0.7300000000000002,,,21620820,15000,40000,80000
136,4,178,1.2433933778328838,2.371136315875926,2.613463360622516,0.3233794011207113,1.0,10.0,0.7350000000000001,0.5083933778328837,2.05593388463654,1.5984744711233867,0.7774931300409859,0.8617812499999999,0.7035427646396396,0.13821875,0.0,0.13821875,2.749718844872197,0.9557687500000001,0.4957045326576577,0.04423125,0.0,0.04423125,2.8244009573726143,0.69,0.66,0.72,False,True,1,0.57,0.8100000000000002,,,21620820,15000,40000,80000
136,4,178,1.2433933778328838,2.371136315875926,2.613463360622516,0.3233794011207113,2.0,20.0,0.87,0.37339337783288384,1.622977588461121,1.4436698727936184,0.889519290381872,0.8968875000000001,0.6548556306306307,0.1031125,0.0,0.1031125,2.764244151122348,0.956,0.4957296171171171,0.044,0.0,0.044,2.824257988622615,0.85,0.82,0.88,False,False,0,,,,,21620820,15000,40000,80000
136,4,178,1.2433933778328838,2.371136315875926,2.613463360622516,0.3233794011207113,3.0,30.0,1.055,0.1883933778328839,1.3296682947230063,1.2878767399521716,0.9685699396332973,0.9316875,0.5761139076576577,0.0683125,0.0,0.0683125,2.791496263622503,0.956,0.4957296171171171,0.044,0.0,0.044,2.824257988622615,1.05,1.02,1.08,False,False,0,,,,,21620820,15000,40000,80000
136,4,178,1.2433933778328838,2.371136315875926,2.613463360622516,0.3233794011207113,4.0,40.0,1.25,-0.006606622167116161,1.1337082225867612,1.132083607110725,0.9985669897742037,0.9568,0.49311953828828825,0.0432,0.0,0.0432,2.825414263622619,0.956,0.4957296171171171,0.044,0.0,0.044,2.824257988622615,1.25,1.22,1.28,False,False,0,,,,,21620820,15000,40000,80000
137,2,614,1.0985140886441778,2.684994042561421,2.7478333070545164,0.3656016053250112,0.0,0.0,0.435,0.6635140886441777,2.5245126037478998,1.663806904690683,0.6590606449025407,0.7631125000000001,0.7009307995495496,0.2368875,0.0,0.2368875,2.7764995053260795,0.9516875,0.46954307432432435,0.0483125,0.0,0.0483125,2.822100767826882,0.43,0.4,0.46,False,False,0,,,0.435,0.0,21630820,15000,40000,80000
137,2,614,1.0985140886441778,2.684994042561421,2.7478333070545164,0.3656016053250112,0.5,5.0,0.535,0.5635140886441777,2.142659106258461,1.5782102092239894,0.7365661689319681,0.8082374999999999,0.6899477477477478,0.1917625,0.0,0.1917625,2.772566555326267,0.9516875,0.46954307432432435,0.0483125,0.0,0.0483125,2.822100767826882,0.53,0.5,0.56,False,False,0,,,,,21630820,15000,40000,80000
137,2,614,1.0985140886441778,2.684994042561421,2.7478333070545164,0.3656016053250112,1.0,10.0,0.65,0.44851408864417774,1.8397111827602963,1.4926135137572953,0.8113303477982795,0.8525625,0.657749436936937,0.1474375,0.0,0.1474375,2.7738698428264525,0.9516875,0.46954307432432435,0.0483125,0.0,0.0483125,2.822100767826882,0.63,0.6,0.66,False,False,0,,,,,21630820,15000,40000,80000
137,2,614,1.0985140886441778,2.684994042561421,2.7478333070545164,0.3656016053250112,2.0,20.0,0.84,0.2585140886441778,1.419035112188057,1.3214201228239082,0.9312103072533329,0.9070875,0.5814186373873874,0.09291250000000001,0.0,0.09291250000000001,2.7877649678266847,0.9516875,0.46954307432432435,0.0483125,0.0,0.0483125,2.822100767826882,0.85,0.82,0.88,False,False,0,,,,,21630820,15000,40000,80000
137,2,614,1.0985140886441778,2.684994042561421,2.7478333070545164,0.3656016053250112,3.0,30.0,1.06,0.03851408864417771,1.1590952468455131,1.1502267318905208,0.9923487608295107,0.9468624999999999,0.485830686936937,0.0531375,0.0,0.0531375,2.8161463678268603,0.9516875,0.46954307432432435,0.0483125,0.0,0.0483125,2.822100767826882,1.05,1.02,1.08,False,False,0,,,,,21630820,15000,40000,80000
137,2,614,1.0985140886441778,2.684994042561421,2.7478333070545164,0.3656016053250112,4.0,40.0,1.125,-0.026485911355822234,0.9805137936491013,0.9790333409571335,0.9984901255835901,0.9546749999999999,0.4584256756756757,0.045325000000000004,0.0,0.045325000000000004,2.826331230326896,0.9516875,0.46954307432432435,0.0483125,0.0,0.0483125,2.822100767826882,1.1,1.07,1.13,False,False,0,,,,,21630820,15000,40000,80000
138,4,1113,1.1558103009038203,2.4605127729874394,2.433157178957314,0.335910740909755,0.0,0.0,0.505,0.6508103009038203,2.6186436913576108,1.7659139480695063,0.6743620576933035,0.7736125,0.7216251126126125,0.22638750000000002,0.0,0.22638750000000002,2.75572089091087,0.9437875,0.49860191441441437,0.0562125,0.0,0.0562125,2.8234779784116038,0.51,0.48,0.54,False,False,0,,,0.505,0.0,21640820,15000,40000,80000
138,4,1113,1.1558103009038203,2.4605127729874394,2.433157178957314,0.335910740909755,0.5,5.0,0.62,0.5358103009038203,2.250759942981094,1.6663691660138245,0.7403584603548374,0.8208249999999999,0.7099965653153153,0.179175,0.0,0.179175,2.756442628411068,0.9437875,0.49860191441441437,0.0562125,0.0,0.0562125,2.8234779784116038,0.61,0.58,0.64,False,False,0,,,,,21640820,15000,40000,80000
138,4,1113,1.1558103009038203,2.4605127729874394,2.433157178957314,0.335910740909755,1.0,10.0,0.69,0.46581030090382036,1.939872332295335,1.5668243839581428,0.8076945878722922,0.8443625,0.6911494932432434,0.15563749999999998,0.0,0.15563749999999998,2.760552765911167,0.9437875,0.49860191441441437,0.0562125,0.0,0.0562125,2.8234779784116038,0.67,0.64,0.7,False,False,0,,,,,21640820,15000,40000,80000
138,4,1113,1.1558103009038203,2.4605127729874394,2.433157178957314,0.335910740909755,2.0,20.0,0.89,0.2658103009038203,1.4818622907013628,1.3677348198467794,0.9229837539083561,0.8985,0.615144481981982,0.1015,0.0,0.1015,2.7812603409114,0.9437875,0.49860191441441437,0.0562125,0.0,0.0562125,2.8234779784116038,0.9,0.87,0.93,False,False,0,,,,,21640820,15000,40000,80000
138,4,1113,1.1558103009038203,2.4605127729874394,2.433157178957314,0.335910740909755,3.0,30.0,1.0500000000000003,0.10581030090382004,1.1797734870658334,1.1665751616526254,0.9888128309731447,0.9294625000000001,0.5426366554054054,0.0705375,0.0,0.0705375,2.805828059661538,0.94438125,0.496325197072072,0.05561875,0.0,0.05561875,2.824241059661606,1.0,0.97,1.03,False,True,1,0.88,1.12,,,21640820,15000,40000,80000
138,4,1113,1.1558103009038203,2.4605127729874394,2.433157178957314,0.335910740909755,4.0,40.0,1.27,-0.11418969909617971,0.9818041803959285,0.9695556916240523,0.9875245094526519,0.9570125,0.45120405405405406,0.0429875,0.0,0.0429875,2.8442948159116654,0.9437875,0.49860191441441437,0.0562125,0.0,0.0562125,2.8234779784116038,1.25,1.22,1.28,False,False,0,,,,,21640820,15000,40000,80000
139,4,917,1.1762887607673065,2.4965736065302897,2.504050997515148,0.318485336955836,0.0,0.0,0.53,0.6462887607673065,2.7248146254762795,1.9252407837736758,0.706558444663793,0.7894749999999999,0.7452867117117118,0.21052500000000002,0.0,0.21052500000000002,2.735183174457017,0.9488125,0.5400913851351352,0.0511875,0.0,0.0511875,2.805318636957705,0.53,0.5,0.56,False,False,0,,,0.53,0.0,21650820,15000,40000,80000
139,4,917,1.1762887607673065,2.4965736065302897,2.504050997515148,0.318485336955836,0.5,5.0,0.625,0.5512887607673065,2.3791423680602035,1.8340078319698274,0.7708693084496482,0.8251999999999999,0.7386869369369369,0.1748,0.0,0.1748,2.7374861869571663,0.9488125,0.5400913851351352,0.0511875,0.0,0.0511875,2.805318636957705,0.65,0.62,0.68,False,False,0,,,,,21650820,15000,40000,80000
139,4,917,1.1762887607673065,2.4965736065302897,2.504050997515148,0.318485336955836,1.0,10.0,0.715,0.4612887607673065,2.097447302058016,1.7427748801659793,0.8309028209938661,0.8553124999999999,0.7199527590090089,0.1446875,0.0,0.1446875,2.7426923119572937,0.9488125,0.5400913851351352,0.0511875,0.0,0.0511875,2.805318636957705,0.69,0.66,0.72,False,False,0,,,,,21650820,15000,40000,80000
139,4,917,1.1762887607673065,2.4965736065302897,2.504050997515148,0.318485336955836,2.0,20.0,0.925,0.25128876076730644,1.680838681166494,1.5603089765582825,0.9282919259541526,0.9090374999999999,0.6467377815315314,0.0909625,0.0,0.0909625,2.765362236957526,0.9488125,0.5400913851351352,0.0511875,0.0,0.0511875,2.805318636957705,0.95,0.92,0.98,False,False,0,,,,,21650820,15000,40000,80000
139,4,917,1.1762887607673065,2.4965736065302897,2.504050997515148,0.318485336955836,3.0,30.0,1.0500000000000003,0.12628876076730622,1.4164762519158862,1.3916883689753816,0.9825003187261507,0.93311875,0.5949165540540541,0.06688125,0.0,0.06688125,2.783476274457632,0.9500375000000001,0.5402626970720721,0.0499625,0.0,0.0499625,2.8050474932077103,1.1,1.07,1.13,False,True,1,0.9800000000000001,1.2200000000000002,,,21650820,15000,40000,80000
139,4,917,1.1762887607673065,2.4965736065302897,2.504050997515148,0.318485336955836,4.0,40.0,1.26,-0.08371123923269352,1.2006812267290738,1.1953771693428887,0.9955824599668018,0.9583375000000001,0.5052542792792794,0.041662500000000005,0.0,0.041662500000000005,2.82010138695775,0.9488125,0.5400913851351352,0.0511875,0.0,0.0511875,2.805318636957705,1.25,1.22,1.28,False,False,0,,,,,21650820,15000,40000,80000
140,4,985,1.181028466420064,2.2255110310578416,2.514885624603516,0.3199313321345802,0.0,0.0,0.535,0.6460284664200641,2.6695097764354645,1.8388428034444375,0.6888316423024314,0.780075,0.732253490990991,0.219925,0.0,0.219925,2.7430260696357234,0.9425375,0.5183543918918919,0.0574625,0.0,0.0574625,2.8189162821364273,0.55,0.52,0.58,False,False,0,,,0.535,0.0,21660820,15000,40000,80000
140,4,985,1.181028466420064,2.2255110310578416,2.514885624603516,0.3199313321345802,0.5,5.0,0.615,0.5660284664200641,2.3028765009471615,1.7369197694683278,0.7542392172371994,0.8110125,0.7266251126126126,0.1889875,0.0,0.1889875,2.744964232135854,0.9425375,0.5183543918918919,0.0574625,0.0,0.0574625,2.8189162821364273,0.63,0.6,0.66,False,False,0,,,,,21660820,15000,40000,80000
140,4,985,1.181028466420064,2.2255110310578416,2.514885624603516,0.3199313321345802,1.0,10.0,0.73,0.4510284664200641,1.9929678630804664,1.634996735492218,0.8203828901511016,0.8488,0.6998411599099099,0.1512,0.0,0.1512,2.752885132136014,0.9425375,0.5183543918918919,0.0574625,0.0,0.0574625,2.8189162821364273,0.73,0.7,0.76,False,False,0,,,,,21660820,15000,40000,80000
140,4,985,1.181028466420064,2.2255110310578416,2.514885624603516,0.3199313321345802,2.0,20.0,0.935,0.24602846642006404,1.5347012009875645,1.4311506675399988,0.9325272350207767,0.9012,0.6238539977477477,0.0988,0.0,0.0988,2.7774396571362407,0.9425375,0.5183543918918919,0.0574625,0.0,0.0574625,2.8189162821364273,0.95,0.92,0.98,False,False,0,,,,,21660820,15000,40000,80000
140,4,985,1.181028466420064,2.2255110310578416,2.514885624603516,0.3199313321345802,3.0,30.0,1.1350000000000002,0.04602846642006386,1.2153527013384684,1.2096103071770845,0.9952751212425333,0.93503125,0.536661599099099,0.06496875,0.0,0.06496875,2.8119849383863933,0.9413374999999999,0.517149802927928,0.058662500000000006,0.0,0.058662500000000006,2.8204315133864224,1.05,1.02,1.08,False,True,1,0.93,1.1700000000000004,,,21660820,15000,40000,80000
140,4,985,1.181028466420064,2.2255110310578416,2.514885624603516,0.3199313321345802,4.0,40.0,1.2249999999999979,-0.043971533579933775,1.0125695745670975,1.001619084126377,0.9891854439282336,0.9469062500000001,0.49879999999999997,0.05309375,0.0,0.05309375,2.8286945133864485,0.9413374999999999,0.517149802927928,0.058662500000000006,0.0,0.058662500000000006,2.8204315133864224,1.25,1.22,1.28,False,True,1,1.13,1.3699999999999948,,,21660820,15000,40000,80000
141,1,1217,1.0789144942757949,2.254354909839062,2.623084185080577,0.3187569348632701,0.0,0.0,0.535,0.5439144942757949,2.7021819352863075,2.0547420841772652,0.7604010882263399,0.7858499999999999,0.7399795045045046,0.21415,0.0,0.21415,2.7384518223644356,0.9317187499999999,0.5740763513513514,0.06828125,0.0,0.06828125,2.793909541115064,0.57,0.54,0.6,False,True,1,0.44999999999999996,0.6900000000000002,0.5349999999999999,1.1102230246251565e-16,21670820,15000,40000,80000
141,1,1217,1.0789144942757949,2.254354909839062,2.623084185080577,0.3187569348632701,0.5,5.0,0.62,0.4589144942757949,2.355874881655579,1.9301345021802951,0.8192856578291218,0.8204374999999999,0.7352164977477478,0.1795625,0.0,0.1795625,2.739683897364581,0.93255,0.5730388513513514,0.06745,0.0,0.06745,2.7941775598650676,0.63,0.6,0.66,False,False,0,,,,,21670820,15000,40000,80000
141,1,1217,1.0789144942757949,2.254354909839062,2.623084185080577,0.3187569348632701,1.0,10.0,0.74,0.3389144942757949,2.0543952874583216,1.8094370902318984,0.8807638438805595,0.858425,0.7061998873873874,0.141575,0.0,0.141575,2.7483751098647424,0.93255,0.5730388513513514,0.06745,0.0,0.06745,2.7941775598650676,0.73,0.7,0.76,False,False,0,,,,,21670820,15000,40000,80000
141,1,1217,1.0789144942757949,2.254354909839062,2.623084185080577,0.3187569348632701,2.0,20.0,0.93,0.14891449427579484,1.6129728279885294,1.5680422663351048,0.9721442538437206,0.9055,0.6359523648648648,0.0945,0.0,0.0945,2.7709850848649467,0.93255,0.5730388513513514,0.06745,0.0,0.06745,2.7941775598650676,0.95,0.92,0.98,False,False,0,,,,,21670820,15000,40000,80000
141,1,1217,1.0789144942757949,2.254354909839062,2.623084185080577,0.3187569348632701,3.0,30.0,1.055,0.02391449427579495,1.3291543634776415,1.3266474424383117,0.9981138977471581,0.9290750000000001,0.5836115990990991,0.070925,0.0,0.070925,2.7900190473650515,0.93255,0.5730388513513514,0.06745,0.0,0.06745,2.7941775598650676,1.05,1.02,1.08,False,False,0,,,,,21670820,15000,40000,80000
141,1,1217,1.0789144942757949,2.254354909839062,2.623084185080577,0.3187569348632701,4.0,40.0,1.245,-0.16608550572420522,1.136394367139813,1.085252618541518,0.9549964782674757,0.9545375,0.5027506193693694,0.0454625,0.0,0.0454625,2.823849084865169,0.93255,0.5730388513513514,0.06745,0.0,0.06745,2.7941775598650676,1.25,1.22,1.28,False,False,0,,,,,21670820,15000,40000,80000
142,2,880,1.1274726156487027,2.3389041037332587,2.5927408852871245,0.2940285665678026,0.0,0.0,0.605,0.5224726156487027,2.8196007692115086,2.211356767254708,0.7842800978782206,0.8174625,0.764906418918919,0.18253750000000002,0.0,0.18253750000000002,2.7128181665691002,0.9414875,0.6137127252252252,0.0585125,0.0,0.0585125,2.775276854069639,0.59,0.56,0.62,False,False,0,,,0.605,0.0,21680820,15000,40000,80000
142,2,880,1.1274726156487027,2.3389041037332587,2.5927408852871245,0.2940285665678026,0.5,5.0,0.675,0.45247261564870267,2.502632539320724,2.1059393565300843,0.8414896407850944,0.8413999999999999,0.7591484234234235,0.1586,0.0,0.1586,2.716533141569202,0.9414875,0.6137127252252252,0.0585125,0.0,0.0585125,2.775276854069639,0.67,0.64,0.7,False,False,0,,,,,21680820,15000,40000,80000
142,2,880,1.1274726156487027,2.3389041037332587,2.5927408852871245,0.2940285665678026,1.0,10.0,0.775,0.3524726156487027,2.2453387798376263,2.000521945805461,0.8909666388740369,0.8718874999999999,0.7398845720720721,0.12811250000000002,0.0,0.12811250000000002,2.7246314790693322,0.9414875,0.6137127252252252,0.0585125,0.0,0.0585125,2.775276854069639,0.75,0.72,0.78,False,False,0,,,,,21680820,15000,40000,80000
142,2,880,1.1274726156487027,2.3389041037332587,2.5927408852871245,0.2940285665678026,2.0,20.0,0.96,0.16747261564870275,1.8555842765416928,1.789687124356214,0.9644871143722487,0.9147625,0.6803744369369369,0.0852375,0.0,0.0852375,2.747918504069519,0.9414875,0.6137127252252252,0.0585125,0.0,0.0585125,2.775276854069639,0.95,0.92,0.98,False,False,0,,,,,21680820,15000,40000,80000
142,2,880,1.1274726156487027,2.3389041037332587,2.5927408852871245,0.2940285665678026,3.0,30.0,1.08,0.04747261564870264,1.5857329155265962,1.5788523029069672,0.9956609259023017,0.9351,0.633466554054054,0.0649,0.0,0.0649,2.7669637790696093,0.9414875,0.6137127252252252,0.0585125,0.0,0.0585125,2.775276854069639,1.1,1.07,1.13,False,False,0,,,,,21680820,15000,40000,80000
142,2,880,1.1274726156487027,2.3389041037332587,2.5927408852871245,0.2940285665678026,4.0,40.0,1.265,-0.1375273843512972,1.3878701774713424,1.3680174814577202,0.9856955669659295,0.9578375,0.5572621058558558,0.0421625,0.0,0.0421625,2.8000609290697156,0.9414875,0.6137127252252252,0.0585125,0.0,0.0585125,2.775276854069639,1.25,1.22,1.28,False,False,0,,,,,21680820,15000,40000,80000
143,3,393,1.1990614476530417,1.994192074642403,2.5658129605680013,0.3310963967647298,0.0,0.0,0.51,0.6890614476530417,2.5833724617707428,1.6441765796828933,0.6364458102785192,0.7632000000000001,0.7124876689189188,0.2368,0.0,0.2368,2.757975009265804,0.9375249999999999,0.46768474099099094,0.062475,0.0,0.062475,2.8444921717665608,0.49,0.46,0.52,False,False,0,,,0.51,0.0,21690820,15000,40000,80000
143,3,393,1.1990614476530417,1.994192074642403,2.5658129605680013,0.3310963967647298,0.5,5.0,0.585,0.6140614476530417,2.185115630509411,1.5343590863881233,0.7021866783454483,0.7933125000000001,0.7062469594594596,0.2066875,0.0,0.2066875,2.7591364092659303,0.9375249999999999,0.46768474099099094,0.062475,0.0,0.062475,2.8444921717665608,0.61,0.58,0.64,False,False,0,,,,,21690820,15000,40000,80000
143,3,393,1.1990614476530417,1.994192074642403,2.5658129605680013,0.3310963967647298,1.0,10.0,0.65,0.5490614476530417,1.8418465967529214,1.4245415930933536,0.7734311834681268,0.81655,0.6922657094594595,0.18345,0.0,0.18345,2.7625303342660286,0.9375249999999999,0.46768474099099094,0.062475,0.0,0.062475,2.8444921717665608,0.65,0.62,0.68,False,False,0,,,,,21690820,15000,40000,80000
143,3,393,1.1990614476530417,1.994192074642403,2.5658129605680013,0.3310963967647298,2.0,20.0,0.9400000000000002,0.2590614476530415,1.2908855777630754,1.186594434729076,0.9192096148330037,0.8913875,0.5785474380630631,0.1086125,0.0,0.1086125,2.799027615516353,0.93540625,0.4668657939189189,0.06459375,0.0,0.06459375,2.8457768217665524,0.9,0.87,0.93,False,True,1,0.78,1.0200000000000002,,,21690820,15000,40000,80000
143,3,393,1.1990614476530417,1.994192074642403,2.5658129605680013,0.3310963967647298,3.0,30.0,1.095,0.1040614476530417,1.0018995247387104,0.9852716199142735,0.983403620409169,0.9233,0.5130249436936936,0.0767,0.0,0.0767,2.8238853967664945,0.9375249999999999,0.46768474099099094,0.062475,0.0,0.062475,2.8444921717665608,1.1,1.07,1.13,False,False,0,,,,,21690820,15000,40000,80000
143,3,393,1.1990614476530417,1.994192074642403,2.5658129605680013,0.3310963967647298,4.0,40.0,1.3799999999999968,-0.1809385523469551,0.7570051219889604,0.7326322722296106,0.9678035867243375,0.9556374999999999,0.395686036036036,0.04435625,6.25e-06,0.0443625,2.8832174274141695,0.93540625,0.4668657939189189,0.06459375,0.0,0.06459375,2.8457768217665524,1.35,1.32,1.38,False,True,1,1.23,1.4699999999999949,,,21690820,15000,40000,80000
144,3,1015,1.1847804301547005,2.7976339427932784,3.132872358125036,0.3458283151208342,0.0,0.0,0.51,0.6747804301547005,2.754949927333564,1.8597155061146586,0.6750451206620017,0.8190999999999999,0.7551443693693694,0.1809,0.0,0.1809,2.7410457151221315,0.9702,0.5204914414414414,0.0298,0.0,0.0298,2.7987691651227817,0.53,0.5,0.56,False,False,0,,,0.51,0.0,21700820,15000,40000,80000
144,3,1015,1.1847804301547005,2.7976339427932784,3.132872358125036,0.3458283151208342,0.5,5.0,0.605,0.5797804301547005,2.4575249448213405,1.806477817970605,0.7350801552502385,0.8575375000000001,0.7445355855855855,0.1424625,0.0,0.1424625,2.7397660276222915,0.9702,0.5204914414414414,0.0298,0.0,0.0298,2.7987691651227817,0.61,0.58,0.64,False,False,0,,,,,21700820,15000,40000,80000
144,3,1015,1.1847804301547005,2.7976339427932784,3.132872358125036,0.3458283151208342,1.0,10.0,0.67,0.5147804301547004,2.2191735388800224,1.7532401298265512,0.7900419228643923,0.8796124999999999,0.7287772522522522,0.12038750000000001,0.0,0.12038750000000001,2.7415149901223845,0.9702,0.5204914414414414,0.0298,0.0,0.0298,2.7987691651227817,0.67,0.64,0.7,False,False,0,,,,,21700820,15000,40000,80000
144,3,1015,1.1847804301547005,2.7976339427932784,3.132872358125036,0.3458283151208342,2.0,20.0,0.845,0.3397804301547005,1.868715883620938,1.646764753538444,0.8812279961722014,0.92435,0.6660178490990991,0.07565,0.0,0.07565,2.754393290122575,0.9702,0.5204914414414414,0.0298,0.0,0.0298,2.7987691651227817,0.85,0.82,0.88,False,False,0,,,,,21700820,15000,40000,80000
144,3,1015,1.1847804301547005,2.7976339427932784,3.132872358125036,0.3458283151208342,3.0,30.0,0.985,0.19978043015470048,1.6262118678556046,1.5402893772503368,0.9471640243785892,0.9480999999999999,0.6062684121621621,0.0519,0.0,0.0519,2.7706624276226797,0.9702,0.5204914414414414,0.0298,0.0,0.0298,2.7987691651227817,1.0,0.97,1.03,False,False,0,,,,,21700820,15000,40000,80000
144,3,1015,1.1847804301547005,2.7976339427932784,3.132872358125036,0.3458283151208342,4.0,40.0,1.1,0.08478043015470038,1.4607626173874175,1.4338140009622293,0.9815516798524144,0.9625375,0.5568396959459458,0.037462499999999996,0.0,0.037462499999999996,2.7861453401227454,0.9702,0.5204914414414414,0.0298,0.0,0.0298,2.7987691651227817,1.1,1.07,1.13,False,False,0,,,,,21700820,15000,40000,80000
145,1,821,1.1691137210432163,2.554892800754461,2.6849694654141736,0.327311294604596,0.0,0.0,0.5400000000000001,0.6291137210432162,2.741949698739383,1.910231568345556,0.6966690779279389,0.8067375,0.7503365146396397,0.1932625,0.0,0.1932625,2.736507219605846,0.9559,0.5352990146396397,0.0441,0.0,0.0441,2.8022728946064905,0.51,0.48,0.54,False,True,1,0.39,0.6300000000000002,0.5399999999999999,2.220446049250313e-16,21710820,15000,40000,80000
145,1,821,1.1691137210432163,2.554892800754461,2.6849694654141736,0.327311294604596,0.5,5.0,0.63,0.5391137210432163,2.3935668980102878,1.8228442363523163,0.7615597616542914,0.83785,0.736904786036036,0.16215000000000002,0.0,0.16215000000000002,2.739968482105977,0.954425,0.5337801238738737,0.045575000000000004,0.0,0.045575000000000004,2.8032709196064847,0.63,0.6,0.66,False,False,0,,,,,21710820,15000,40000,80000
145,1,821,1.1691137210432163,2.554892800754461,2.6849694654141736,0.327311294604596,1.0,10.0,0.72,0.44911372104321634,2.125765971359069,1.7415552683805768,0.8192601122818547,0.868,0.7154388513513514,0.132,0.0,0.132,2.744605282106104,0.954425,0.5337801238738737,0.045575000000000004,0.0,0.045575000000000004,2.8032709196064847,0.71,0.68,0.74,False,False,0,,,,,21710820,15000,40000,80000
145,1,821,1.1691137210432163,2.554892800754461,2.6849694654141736,0.327311294604596,2.0,20.0,0.88,0.2891137210432163,1.707745466674428,1.578977332437098,0.9245975839197592,0.9076375,0.6562431306306306,0.0923625,0.0,0.0923625,2.7610562571062753,0.954425,0.5337801238738737,0.045575000000000004,0.0,0.045575000000000004,2.8032709196064847,0.9,0.87,0.93,False,False,0,,,,,21710820,15000,40000,80000
145,1,821,1.1691137210432163,2.554892800754461,2.6849694654141736,0.327311294604596,3.0,30.0,1.0450000000000002,0.12411372104321616,1.4685924121974998,1.4381148082161743,0.9792470642445164,0.9398187499999999,0.5891519425675675,0.06018125,0.0,0.06018125,2.782311750856417,0.9559,0.5352990146396397,0.0441,0.0,0.0441,2.8022728946064905,1.0,0.97,1.03,False,True,1,0.88,1.12,,,21710820,15000,40000,80000
145,1,821,1.1691137210432163,2.554892800754461,2.6849694654141736,0.327311294604596,4.0,40.0,1.19,-0.020886278956783633,1.2550009820481731,1.2538214605501403,0.9990601429680893,0.9568125000000001,0.5249954954954955,0.043187500000000004,0.0,0.043187500000000004,2.806734819606496,0.954425,0.5337801238738737,0.045575000000000004,0.0,0.045575000000000004,2.8032709196064847,1.2,1.17,1.23,False,False,0,,,,,21710820,15000,40000,80000
146,4,592,1.0909549817020556,2.5170502877746874,2.808212703589656,0.331461583990734,0.0,0.0,0.525,0.5659549817020556,2.725138712654126,2.0153892884254456,0.7395547533294458,0.8015625,0.7467546734234234,0.1984375,0.0,0.1984375,2.7402446339919626,0.947125,0.5626702139639641,0.052875000000000005,0.0,0.052875000000000005,2.7918686339925873,0.53,0.5,0.56,False,False,0,,,0.525,0.0,21720820,15000,40000,80000
146,4,592,1.0909549817020556,2.5170502877746874,2.808212703589656,0.331461583990734,0.5,5.0,0.61,0.48095498170205564,2.398526103086238,1.9206946467144836,0.8007812148648631,0.8355250000000001,0.7395765765765766,0.164475,0.0,0.164475,2.7405958839921043,0.947125,0.5626702139639641,0.052875000000000005,0.0,0.052875000000000005,2.7918686339925873,0.63,0.6,0.66,False,False,0,,,,,21720820,15000,40000,80000
146,4,592,1.0909549817020556,2.5170502877746874,2.808212703589656,0.331461583990734,1.0,10.0,0.705,0.38595498170205567,2.1314337654609137,1.8260000050035223,0.856700327541568,0.8676125,0.7174642454954954,0.1323875,0.0,0.1323875,2.7449914464922394,0.947125,0.5626702139639641,0.052875000000000005,0.0,0.052875000000000005,2.7918686339925873,0.69,0.66,0.72,False,False,0,,,,,21720820,15000,40000,80000
146,4,592,1.0909549817020556,2.5170502877746874,2.808212703589656,0.331461583990734,2.0,20.0,0.8450000000000001,0.24595498170205554,1.7270443388531318,1.6311006960219192,0.9444463348897427,0.90453125,0.6672148930180181,0.09546874999999999,0.0,0.09546874999999999,2.757760077742398,0.9468,0.561796509009009,0.0532,0.0,0.0532,2.7919582777425855,0.85,0.82,0.88,False,True,1,0.73,0.9700000000000002,,,21720820,15000,40000,80000
146,4,592,1.0909549817020556,2.5170502877746874,2.808212703589656,0.331461583990734,3.0,30.0,1.0250000000000001,0.06595498170205549,1.4530206396136987,1.4405534359711192,0.9914198027869074,0.93781875,0.5907320664414413,0.062181249999999993,0.0,0.062181249999999993,2.7817107714925453,0.9468,0.561796509009009,0.0532,0.0,0.0532,2.7919582777425855,1.05,1.02,1.08,False,True,1,0.93,1.1700000000000004,,,21720820,15000,40000,80000
146,4,592,1.0909549817020556,2.5170502877746874,2.808212703589656,0.331461583990734,4.0,40.0,1.164999999999997,-0.0740450182979413,1.2610858891745498,1.2500061759203192,0.9912141485767612,0.9558625,0.5301349943693694,0.044137499999999996,0.0,0.044137499999999996,2.8038137402426275,0.9468,0.561796509009009,0.0532,0.0,0.0532,2.7919582777425855,1.15,1.12,1.18,False,True,1,1.0299999999999998,1.2699999999999947,,,21720820,15000,40000,80000
147,4,101,1.066250715703199,2.250016827245292,2.5767629451205463,0.3097906759505823,0.0,0.0,0.565,0.5012507157031991,2.7295551055964515,2.1392827936192798,0.7837477943687867,0.796625,0.7454735923423423,0.203375,0.0,0.203375,2.731117575951794,0.9280375,0.5960336711711712,0.0719625,0.0,0.0719625,2.786137825952361,0.55,0.52,0.58,False,False,0,,,0.565,0.0,21730820,15000,40000,80000
147,4,101,1.066250715703199,2.250016827245292,2.5767629451205463,0.3097906759505823,0.5,5.0,0.63,0.43625071570319907,2.384776210263283,2.010138967119236,0.8429046543102313,0.8210625,0.7412942004504504,0.1789375,0.0,0.1789375,2.733277225951897,0.9280375,0.5960336711711712,0.0719625,0.0,0.0719625,2.786137825952361,0.65,0.62,0.68,False,False,0,,,,,21730820,15000,40000,80000
147,4,101,1.066250715703199,2.250016827245292,2.5767629451205463,0.3097906759505823,1.0,10.0,0.75,0.31625071570319907,2.087444366473968,1.8809951406191927,0.9010995314794896,0.8580625,0.7144984797297298,0.1419375,0.0,0.1419375,2.7428801884520544,0.9280375,0.5960336711711712,0.0719625,0.0,0.0719625,2.786137825952361,0.75,0.72,0.78,False,False,0,,,,,21730820,15000,40000,80000
147,4,101,1.066250715703199,2.250016827245292,2.5767629451205463,0.3097906759505823,2.0,20.0,0.94,0.12625071570319912,1.6536516058820827,1.6227074876191054,0.981287401679466,0.9048125,0.6478155405405405,0.09518750000000001,0.0,0.09518750000000001,2.7662449509522578,0.9280375,0.5960336711711712,0.0719625,0.0,0.0719625,2.786137825952361,0.95,0.92,0.98,False,False,0,,,,,21730820,15000,40000,80000
147,4,101,1.066250715703199,2.250016827245292,2.5767629451205463,0.3097906759505823,3.0,30.0,1.105,-0.03874928429680091,1.3674110457877453,1.3644198346190186,0.9978125003612184,0.93405,0.5797389639639638,0.06595000000000001,0.0,0.06595000000000001,2.7927883509523883,0.9280375,0.5960336711711712,0.0719625,0.0,0.0719625,2.786137825952361,1.1,1.07,1.13,False,False,0,,,,,21730820,15000,40000,80000
147,4,101,1.066250715703199,2.250016827245292,2.5767629451205463,0.3097906759505823,4.0,40.0,1.229999999999999,-0.16374928429680002,1.1702798301419508,1.1060769995153366,0.9451389069750722,0.95065,0.5268190596846847,0.04935,0.0,0.04935,2.8148742822024646,0.9281375000000001,0.5955626126126127,0.0718625,0.0,0.0718625,2.7856343884523613,1.3,1.27,1.33,False,True,1,1.1800000000000002,1.419999999999995,,,21730820,15000,40000,80000
148,1,944,1.222551063394849,2.532170735689672,2.848406277671498,0.3437083914599887,0.0,0.0,0.51,0.7125510633948491,2.6652360585226864,1.6943240520571172,0.6357125653613827,0.7961875,0.7334386261261262,0.2038125,0.0,0.2038125,2.7518711664611946,0.9631625,0.47824949324324323,0.0368375,0.0,0.0368375,2.822656578961915,0.49,0.46,0.52,False,False,0,,,0.51,0.0,21740820,15000,40000,80000
148,1,944,1.222551063394849,2.532170735689672,2.848406277671498,0.3437083914599887,0.5,5.0,0.595,0.6275510633948491,2.325469517724459,1.6290708075169194,0.7005341480936778,0.8314250000000001,0.7240719594594595,0.168575,0.0,0.168575,2.751205528961341,0.9631625,0.47824949324324323,0.0368375,0.0,0.0368375,2.822656578961915,0.57,0.54,0.6,False,False,0,,,,,21740820,15000,40000,80000
148,1,944,1.222551063394849,2.532170735689672,2.848406277671498,0.3437083914599887,1.0,10.0,0.7050000000000002,0.5175510633948489,2.038715581165955,1.5654240902346241,0.7678482004534186,0.86860625,0.6932909346846847,0.13139375,0.0,0.13139375,2.7561332727114976,0.96384375,0.4780377533783784,0.03615625,0.0,0.03615625,2.8227590602119177,0.65,0.62,0.68,False,True,1,0.53,0.7700000000000002,,,21740820,15000,40000,80000
148,1,944,1.222551063394849,2.532170735689672,2.848406277671498,0.3437083914599887,2.0,20.0,0.855,0.3675510633948491,1.6396785836385392,1.4333110738963262,0.8741414861415876,0.908525,0.6369889639639639,0.091475,0.0,0.091475,2.7690729664616693,0.9631625,0.47824949324324323,0.0368375,0.0,0.0368375,2.822656578961915,0.85,0.82,0.88,False,False,0,,,,,21740820,15000,40000,80000
148,1,944,1.222551063394849,2.532170735689672,2.848406277671498,0.3437083914599887,3.0,30.0,1.025,0.19755106339484918,1.3633176916063232,1.3028045848159304,0.9556133488452765,0.939325,0.5625926801801802,0.06067499999999999,0.0,0.06067499999999999,2.7914820039618053,0.9631625,0.47824949324324323,0.0368375,0.0,0.0368375,2.822656578961915,1.05,1.02,1.08,False,False,0,,,,,21740820,15000,40000,80000
148,1,944,1.222551063394849,2.532170735689672,2.848406277671498,0.3437083914599887,4.0,40.0,1.125,0.09755106339484909,1.1691726948525543,1.172298095735535,1.0026731730023637,0.9523625,0.5187293355855855,0.0476375,0.0,0.0476375,2.806936366461865,0.9631625,0.47824949324324323,0.0368375,0.0,0.0368375,2.822656578961915,1.1,1.07,1.13,False,False,0,,,,,21740820,15000,40000,80000
149,2,936,1.1628387336227204,2.592529274654921,2.747402300296829,0.3154349464949915,0.0,0.0,0.58,0.5828387336227204,2.8045923456365216,2.0671997166994993,0.7370767163062816,0.8235125000000001,0.7639905405405405,0.17648750000000002,0.0,0.17648750000000002,2.724069833996311,0.9553499999999999,0.5759622747747748,0.04465,0.0,0.04465,2.7861955964968828,0.57,0.54,0.6,False,False,0,,,0.58,0.0,21750820,15000,40000,80000
149,2,936,1.1628387336227204,2.592529274654921,2.747402300296829,0.3154349464949915,0.5,5.0,0.665,0.49783873362272035,2.499638361899932,1.9870725352910241,0.7949440069325407,0.8539375,0.7546124436936936,0.1460625,0.0,0.1460625,2.726719208996439,0.9553499999999999,0.5759622747747748,0.04465,0.0,0.04465,2.7861955964968828,0.67,0.64,0.7,False,False,0,,,,,21750820,15000,40000,80000
149,2,936,1.1628387336227204,2.592529274654921,2.747402300296829,0.3154349464949915,1.0,10.0,0.745,0.4178387336227204,2.2504337982471005,1.9069453538825492,0.8473678965219505,0.8784625,0.7363308558558559,0.12153749999999999,0.0,0.12153749999999999,2.7318882089965433,0.9553499999999999,0.5759622747747748,0.04465,0.0,0.04465,2.7861955964968828,0.73,0.7,0.76,False,False,0,,,,,21750820,15000,40000,80000
149,2,936,1.1628387336227204,2.592529274654921,2.747402300296829,0.3154349464949915,2.0,20.0,0.895,0.26783873362272037,1.8689591129028258,1.7466909910655992,0.9345795630342483,0.913975,0.6855541666666667,0.08602499999999999,0.0,0.08602499999999999,2.7475409339966967,0.9553499999999999,0.5759622747747748,0.04465,0.0,0.04465,2.7861955964968828,0.9,0.87,0.93,False,False,0,,,,,21750820,15000,40000,80000
149,2,936,1.1628387336227204,2.592529274654921,2.747402300296829,0.3154349464949915,3.0,30.0,1.055,0.10783873362272045,1.619515326497349,1.586436628248649,0.9795749396702272,0.9421999999999999,0.6218551238738739,0.057800000000000004,0.0,0.057800000000000004,2.769069958996822,0.9553499999999999,0.5759622747747748,0.04465,0.0,0.04465,2.7861955964968828,1.05,1.02,1.08,False,False,0,,,,,21750820,15000,40000,80000
149,2,936,1.1628387336227204,2.592529274654921,2.747402300296829,0.3154349464949915,4.0,40.0,1.19,-0.027161266377279558,1.4318304898769993,1.4261822654316991,0.9960552422334675,0.95865,0.5649447072072074,0.04135,0.0,0.04135,2.7904469839968975,0.9553499999999999,0.5759622747747748,0.04465,0.0,0.04465,2.7861955964968828,1.2,1.17,1.23,False,False,0,,,,,21750820,15000,40000,80000
150,1,742,1.0326836474643823,2.391634694031836,2.4033402578696137,0.3349411193124849,0.0,0.0,0.49,0.5426836474643824,2.6138839491308925,1.9482359549773482,0.7453414125845679,0.7658125,0.7204159909909911,0.2341875,0.0,0.2341875,2.7561131443135682,0.9233374999999999,0.5466406531531531,0.0766625,0.0,0.0766625,2.8058236568142423,0.49,0.46,0.52,False,False,0,,,0.49,0.0,21760820,15000,40000,80000
150,1,742,1.0326836474643823,2.391634694031836,2.4033402578696137,0.3349411193124849,0.5,5.0,0.595,0.4376836474643824,2.2310314494221464,1.8116227722247242,0.8120113110435749,0.80795,0.711164527027027,0.19205,0.0,0.19205,2.757197919313745,0.9233374999999999,0.5466406531531531,0.0766625,0.0,0.0766625,2.8058236568142423,0.59,0.56,0.62,False,False,0,,,,,21760820,15000,40000,80000
150,1,742,1.0326836474643823,2.391634694031836,2.4033402578696137,0.3349411193124849,1.0,10.0,0.7150000000000002,0.31768364746438216,1.9089891098152765,1.6776617410399823,0.8788220594942636,0.8479375,0.6797722128378378,0.1520625,0.0,0.1520625,2.7643411380639136,0.9225687499999999,0.5480615146396397,0.07743125000000001,0.0,0.07743125000000001,2.805275063064239,0.63,0.6,0.66,False,True,1,0.51,0.7500000000000002,,,21760820,15000,40000,80000
150,1,742,1.0326836474643823,2.391634694031836,2.4033402578696137,0.3349411193124849,2.0,20.0,0.87,0.16268364746438235,1.436058485103623,1.4016415709700254,0.9760337656922696,0.889925,0.619524634009009,0.110075,0.0,0.110075,2.7810471380640944,0.9225687499999999,0.5480615146396397,0.07743125000000001,0.0,0.07743125000000001,2.805275063064239,0.95,0.92,0.98,False,True,1,0.83,1.0700000000000003,,,21760820,15000,40000,80000
150,1,742,1.0326836474643823,2.391634694031836,2.4033402578696137,0.3349411193124849,3.0,30.0,1.105,-0.07231635253561763,1.1368724044604912,1.1285568584616041,0.9926855942968963,0.9350875000000001,0.5151171171171172,0.0649125,0.0,0.0649125,2.818078931814296,0.9233374999999999,0.5466406531531531,0.0766625,0.0,0.0766625,2.8058236568142423,1.1,1.07,1.13,False,False,0,,,,,21760820,15000,40000,80000
150,1,742,1.0326836474643823,2.391634694031836,2.4033402578696137,0.3349411193124849,4.0,40.0,1.1999999999999997,-0.16731635253561739,0.9230959385312622,0.8496012308301119,0.9203823734528745,0.9465812499999999,0.47535926238738735,0.05341875,0.0,0.05341875,2.834854444314349,0.9225687499999999,0.5480615146396397,0.07743125000000001,0.0,0.07743125000000001,2.805275063064239,1.3,1.27,1.33,False,True,1,1.1800000000000002,1.419999999999995,,,21760820,15000,40000,80000
151,4,534,1.1929981165276362,2.4320588821007547,2.8598147279477706,0.3296235645843655,0.0,0.0,0.515,0.6779981165276362,2.7301639349425155,1.861357712217689,0.6817750715972594,0.7964125,0.7478170608108109,0.2035875,0.0,0.2035875,2.7390921520855724,0.9586875,0.5226513513513513,0.0413125,0.0,0.0413125,2.8079038645862733,0.53,0.5,0.56,False,False,0,,,0.515,0.0,21770820,15000,40000,80000
151,4,534,1.1929981165276362,2.4320588821007547,2.8598147279477706,0.3296235645843655,0.5,5.0,0.625,0.5679981165276362,2.3980918610374196,1.7877930497642485,0.7455064915615224,0.8389,0.7377215653153153,0.16110000000000002,0.0,0.16110000000000002,2.7403936270857505,0.9586875,0.5226513513513513,0.0413125,0.0,0.0413125,2.8079038645862733,0.65,0.62,0.68,False,False,0,,,,,21770820,15000,40000,80000
151,4,534,1.1929981165276362,2.4320588821007547,2.8598147279477706,0.3296235645843655,1.0,10.0,0.685,0.5079981165276362,2.1234051681810313,1.7142283873108082,0.8073015988650271,0.8588,0.7237376126126127,0.1412,0.0,0.1412,2.7434124270858344,0.9586875,0.5226513513513513,0.0413125,0.0,0.0413125,2.8079038645862733,0.69,0.66,0.72,False,False,0,,,,,21770820,15000,40000,80000
151,4,534,1.1929981165276362,2.4320588821007547,2.8598147279477706,0.3296235645843655,2.0,20.0,0.895,0.2979981165276362,1.7210547334191615,1.5670990624039274,0.9105457438245583,0.913125,0.6493503378378378,0.08687500000000001,0.0,0.08687500000000001,2.763423664586068,0.9586875,0.5226513513513513,0.0413125,0.0,0.0413125,2.8079038645862733,0.9,0.87,0.93,False,False,0,,,,,21770820,15000,40000,80000
151,4,534,1.1929981165276362,2.4320588821007547,2.8598147279477706,0.3296235645843655,3.0,30.0,1.0100000000000002,0.18299811652763598,1.4572932593170944,1.4121347768623886,0.9690120830752572,0.93429375,0.6020741272522523,0.06570625,0.0,0.06570625,2.778818708336161,0.9578249999999999,0.5230694256756757,0.042175000000000004,0.0,0.042175000000000004,2.8081202458362697,1.0,0.97,1.03,False,True,1,0.88,1.12,,,21770820,15000,40000,80000
151,4,534,1.1929981165276362,2.4320588821007547,2.8598147279477706,0.3296235645843655,4.0,40.0,1.169999999999999,0.02299811652763717,1.264822325470507,1.2619453394174116,0.9977253832454094,0.95544375,0.5329072072072072,0.04455625,0.0,0.04455625,2.8042057770862585,0.9578249999999999,0.5230694256756757,0.042175000000000004,0.0,0.042175000000000004,2.8081202458362697,1.25,1.22,1.28,False,True,1,1.13,1.3699999999999948,,,21770820,15000,40000,80000
152,2,828,1.040739389429356,2.42655313775446,2.6149651902186584,0.3335220933227257,0.0,0.0,0.52,0.5207393894293559,2.655472718523033,2.012746832434435,0.7579617814917412,0.7863375,0.7301842905405405,0.21366249999999998,0.0,0.21366249999999998,2.749733730823893,0.9321,0.5627480292792792,0.0679,0.0,0.0679,2.795920580824517,0.53,0.5,0.56,False,False,0,,,0.52,0.0,21780820,15000,40000,80000
152,2,828,1.040739389429356,2.42655313775446,2.6149651902186584,0.3335220933227257,0.5,5.0,0.61,0.43073938942935597,2.2984596274903515,1.891319921266636,0.8228641037005012,0.8222125,0.721118186936937,0.1777875,0.0,0.1777875,2.750644080824043,0.9321,0.5627480292792792,0.0679,0.0,0.0679,2.795920580824517,0.59,0.56,0.62,False,False,0,,,,,21780820,15000,40000,80000
152,2,828,1.040739389429356,2.42655313775446,2.6149651902186584,0.3335220933227257,1.0,10.0,0.73,0.31073938942935597,1.9957781002974722,1.7698930100988368,0.8868185345029255,0.8616625,0.6887355855855856,0.1383375,0.0,0.1383375,2.7578120308242102,0.9321,0.5627480292792792,0.0679,0.0,0.0679,2.795920580824517,0.71,0.68,0.74,False,False,0,,,,,21780820,15000,40000,80000
152,2,828,1.040739389429356,2.42655313775446,2.6149651902186584,0.3335220933227257,2.0,20.0,0.91,0.13073938942935592,1.5791925417906474,1.5365152527940211,0.9729752466103757,0.90930625,0.619789527027027,0.09069375,0.0,0.09069375,2.7761151058244153,0.9333499999999999,0.5627889358108108,0.06665,0.0,0.06665,2.7952142683245222,0.95,0.92,0.98,False,True,1,0.83,1.0700000000000003,,,21780820,15000,40000,80000
152,2,828,1.040739389429356,2.42655313775446,2.6149651902186584,0.3335220933227257,3.0,30.0,1.06,-0.0192606105706441,1.287013854725593,1.2841853654276403,0.9978022852764428,0.9352625000000001,0.5544358108108108,0.0647375,0.0,0.0647375,2.798907793324531,0.9321,0.5627480292792792,0.0679,0.0,0.0679,2.795920580824517,1.05,1.02,1.08,False,False,0,,,,,21780820,15000,40000,80000
152,2,828,1.040739389429356,2.42655313775446,2.6149651902186584,0.3335220933227257,4.0,40.0,1.175,-0.1342606105706441,1.0985286002009929,1.041331543092042,0.9479330286908454,0.951125,0.5050730292792793,0.048875,0.0,0.048875,2.818069818324604,0.9321,0.5627480292792792,0.0679,0.0,0.0679,2.795920580824517,1.15,1.12,1.18,False,False,0,,,,,21780820,15000,40000,80000
153,1,1226,1.1901661652390172,2.2795492874889467,2.7157739899932563,0.3260668215871162,0.0,0.0,0.535,0.6551661652390172,2.696556603059886,1.8187499486786673,0.6744712670280543,0.7936000000000001,0.7393043355855856,0.2064,0.0,0.2064,2.7416607340883132,0.950475,0.5122408783783783,0.049525,0.0,0.049525,2.8164447715889933,0.51,0.48,0.54,False,False,0,,,0.535,0.0,21790820,15000,40000,80000
153,1,1226,1.1901661652390172,2.2795492874889467,2.7157739899932563,0.3260668215871162,0.5,5.0,0.61,0.5801661652390172,2.3406318574958505,1.7308288211288116,0.7394707611048912,0.82165,0.7313362612612614,0.17835,0.0,0.17835,2.743538071588431,0.950475,0.5122408783783783,0.049525,0.0,0.049525,2.8164447715889933,0.63,0.6,0.66,False,False,0,,,,,21790820,15000,40000,80000
153,1,1226,1.1901661652390172,2.2795492874889467,2.7157739899932563,0.3260668215871162,1.0,10.0,0.695,0.49516616523901724,2.050040344296509,1.642907693578956,0.8014026153923012,0.8508249999999999,0.7125234234234235,0.149175,0.0,0.149175,2.7479870090885545,0.950475,0.5122408783783783,0.049525,0.0,0.049525,2.8164447715889933,0.71,0.68,0.74,False,False,0,,,,,21790820,15000,40000,80000
153,1,1226,1.1901661652390172,2.2795492874889467,2.7157739899932563,0.3260668215871162,2.0,20.0,0.915,0.27516616523901716,1.6180459203164712,1.4670654384792448,0.9066896186681177,0.9081125000000001,0.6322019144144144,0.09188750000000001,0.0,0.09188750000000001,2.771410309088801,0.950475,0.5122408783783783,0.049525,0.0,0.049525,2.8164447715889933,0.9,0.87,0.93,False,False,0,,,,,21790820,15000,40000,80000
153,1,1226,1.1901661652390172,2.2795492874889467,2.7157739899932563,0.3260668215871162,3.0,30.0,1.08,0.11016616523901712,1.3099446699826884,1.2878606793529965,0.9831412798297933,0.93535625,0.5603829673423424,0.06464375,0.0,0.06464375,2.797459509088924,0.94988125,0.5130829954954954,0.050118750000000004,0.0,0.050118750000000004,2.816506096588991,1.05,1.02,1.08,False,True,1,0.93,1.1700000000000004,,,21790820,15000,40000,80000
153,1,1226,1.1901661652390172,2.2795492874889467,2.7157739899932563,0.3260668215871162,4.0,40.0,1.204999999999996,-0.014833834760978881,1.1117144233621559,1.1099141445995382,0.998380628401696,0.9516312499999999,0.5068843186936937,0.04836875,0.0,0.04836875,2.8191531215889993,0.94988125,0.5130829954954954,0.050118750000000004,0.0,0.050118750000000004,2.816506096588991,1.15,1.12,1.18,False,True,1,1.0299999999999998,1.2699999999999947,,,21790820,15000,40000,80000
154,2,1051,1.0905138225256628,2.364710887513199,2.7125256721551523,0.3114803505601749,0.0,0.0,0.57,0.5205138225256628,2.7707902525001953,2.152142873358081,0.776725293953996,0.8088500000000001,0.7554720157657658,0.19115,0.0,0.19115,2.726557938061436,0.940525,0.598515259009009,0.059475,0.0,0.059475,2.781020100562004,0.57,0.54,0.6,False,False,0,,,0.57,0.0,21800820,15000,40000,80000
154,2,1051,1.0905138225256628,2.364710887513199,2.7125256721551523,0.3114803505601749,0.5,5.0,0.645,0.44551382252566274,2.450643115982018,2.0452126861437185,0.8345616188688347,0.837275,0.7500249436936937,0.162725,0.0,0.162725,2.7285182380615556,0.940525,0.598515259009009,0.059475,0.0,0.059475,2.781020100562004,0.63,0.6,0.66,False,False,0,,,,,21800820,15000,40000,80000
154,2,1051,1.0905138225256628,2.364710887513199,2.7125256721551523,0.3114803505601749,1.0,10.0,0.755,0.33551382252566275,2.1834047863717516,1.938282498929356,0.8877339241113761,0.8717874999999999,0.72563490990991,0.1282125,0.0,0.1282125,2.7361963005617023,0.940525,0.598515259009009,0.059475,0.0,0.059475,2.781020100562004,0.75,0.72,0.78,False,False,0,,,,,21800820,15000,40000,80000
154,2,1051,1.0905138225256628,2.364710887513199,2.7125256721551523,0.3114803505601749,2.0,20.0,0.89,0.20051382252566274,1.7928781285526034,1.7244210133838627,0.9618171954476312,0.90643125,0.6803201858108108,0.09356875,0.0,0.09356875,2.7507875630618512,0.9410875000000001,0.5973965653153153,0.0589125,0.0,0.0589125,2.7810584630620063,0.95,0.92,0.98,False,True,1,0.83,1.0700000000000003,,,21800820,15000,40000,80000
154,2,1051,1.0905138225256628,2.364710887513199,2.7125256721551523,0.3114803505601749,3.0,30.0,1.03,0.06051382252566273,1.5161823882809549,1.5105617500719064,0.9962929010041983,0.9319124999999999,0.6244009572072071,0.0680875,0.0,0.0680875,2.7710284755619643,0.940525,0.598515259009009,0.059475,0.0,0.059475,2.781020100562004,1.05,1.02,1.08,False,False,0,,,,,21800820,15000,40000,80000
154,2,1051,1.0905138225256628,2.364710887513199,2.7125256721551523,0.3114803505601749,4.0,40.0,1.2049999999999983,-0.11448617747433554,1.3233628191343292,1.3007513869989786,0.9829136561731864,0.9554374999999999,0.5488891047297297,0.0445625,0.0,0.0445625,2.8007368755620727,0.9410875000000001,0.5973965653153153,0.0589125,0.0,0.0589125,2.7810584630620063,1.25,1.22,1.28,False,True,1,1.13,1.3699999999999948,,,21800820,15000,40000,80000
155,2,421,1.161910274837934,2.2620857493131608,2.8560492418328867,0.3243568725215279,0.0,0.0,0.52,0.641910274837934,2.7195518546251183,1.913503685928669,0.7036099284793521,0.7901374999999999,0.744716385135135,0.2098625,0.0,0.2098625,2.7383790600227105,0.9488125000000001,0.5368976351351351,0.0511875,0.0,0.0511875,2.8058353850233946,0.53,0.5,0.56,False,False,0,,,0.52,0.0,21810820,15000,40000,80000
155,2,421,1.161910274837934,2.2620857493131608,2.8560492418328867,0.3243568725215279,0.5,5.0,0.635,0.526910274837934,2.385397436772115,1.8222875364118056,0.7639345579568068,0.8352875,0.7359382882882881,0.16471249999999998,0.0,0.16471249999999998,2.739929322522899,0.9488125000000001,0.5368976351351351,0.0511875,0.0,0.0511875,2.8058353850233946,0.63,0.6,0.66,False,False,0,,,,,21810820,15000,40000,80000
155,2,421,1.161910274837934,2.2620857493131608,2.8560492418328867,0.3243568725215279,1.0,10.0,0.7,0.461910274837934,2.1042696957402973,1.731071386894942,0.8226471114416437,0.8566,0.7207583896396397,0.1434,0.0,0.1434,2.7437471100229898,0.9488125000000001,0.5368976351351351,0.0511875,0.0,0.0511875,2.8058353850233946,0.71,0.68,0.74,False,False,0,,,,,21810820,15000,40000,80000
155,2,421,1.161910274837934,2.2620857493131608,2.8560492418328867,0.3243568725215279,2.0,20.0,0.875,0.28691027483793397,1.6832241665808103,1.5486390878612153,0.9200432827714313,0.9025125,0.6597761824324324,0.0974875,0.0,0.0974875,2.761374222523187,0.9488125000000001,0.5368976351351351,0.0511875,0.0,0.0511875,2.8058353850233946,0.9,0.87,0.93,False,False,0,,,,,21810820,15000,40000,80000
155,2,421,1.161910274837934,2.2620857493131608,2.8560492418328867,0.3243568725215279,3.0,30.0,1.0500000000000003,0.1119102748379337,1.372217815219077,1.3566924879677924,0.9886859599991377,0.93271875,0.5843597409909911,0.06728125,0.0,0.06728125,2.787574878773322,0.9480500000000001,0.5365513795045045,0.051949999999999996,0.0,0.051949999999999996,2.806099266273392,1.1,1.07,1.13,False,True,1,0.9800000000000001,1.2200000000000002,,,21810820,15000,40000,80000
155,2,421,1.161910274837934,2.2620857493131608,2.8560492418328867,0.3243568725215279,4.0,40.0,1.204999999999996,-0.04308972516206211,1.179488978822654,1.1715600494101515,0.9932776570575361,0.9532875000000001,0.5186976632882883,0.046712500000000004,0.0,0.046712500000000004,2.8134867662734164,0.9480500000000001,0.5365513795045045,0.051949999999999996,0.0,0.051949999999999996,2.806099266273392,1.15,1.12,1.18,False,True,1,1.0299999999999998,1.2699999999999947,,,21810820,15000,40000,80000
156,1,1193,1.1130303236054602,2.126131475366116,2.9776200881387505,0.345679025551238,0.0,0.0,0.495,0.6180303236054602,2.608952698452054,1.7716838153672525,0.6790785499554781,0.780225,0.7200291103603604,0.219775,0.0,0.219775,2.7598396505523795,0.940425,0.49989374999999997,0.059575,0.0,0.059575,2.8215742880530685,0.51,0.48,0.54,False,False,0,,,0.495,0.0,21820820,15000,40000,80000
156,1,1193,1.1130303236054602,2.126131475366116,2.9776200881387505,0.345679025551238,0.5,5.0,0.585,0.5280303236054602,2.235662768020227,1.6661133183361292,0.7452435770586019,0.8165875,0.7087619369369369,0.1834125,0.0,0.1834125,2.760057088052531,0.940425,0.49989374999999997,0.059575,0.0,0.059575,2.8215742880530685,0.57,0.54,0.6,False,False,0,,,,,21820820,15000,40000,80000
156,1,1193,1.1130303236054602,2.126131475366116,2.9776200881387505,0.345679025551238,1.0,10.0,0.665,0.44803032360546013,1.9207817090892096,1.560542821305006,0.8124519376254262,0.8439625,0.6869156531531533,0.1560375,0.0,0.1560375,2.7638651005526467,0.940425,0.49989374999999997,0.059575,0.0,0.059575,2.8215742880530685,0.69,0.66,0.72,False,False,0,,,,,21820820,15000,40000,80000
156,1,1193,1.1130303236054602,2.126131475366116,2.9776200881387505,0.345679025551238,2.0,20.0,0.88,0.23303032360546017,1.4510619469840162,1.3494018272427597,0.929940882294823,0.9009125,0.6023633445945945,0.0990875,0.0,0.0990875,2.785465813052892,0.940425,0.49989374999999997,0.059575,0.0,0.059575,2.8215742880530685,0.9,0.87,0.93,False,False,0,,,,,21820820,15000,40000,80000
156,1,1193,1.1130303236054602,2.126131475366116,2.9776200881387505,0.345679025551238,3.0,30.0,1.085,0.028030323605460206,1.141458426344324,1.1382608331805133,0.9971986775076414,0.9365375,0.5119146396396397,0.0634625,0.0,0.0634625,2.816809900553051,0.940425,0.49989374999999997,0.059575,0.0,0.059575,2.8215742880530685,1.1,1.07,1.13,False,False,0,,,,,21820820,15000,40000,80000
156,1,1193,1.1130303236054602,2.126131475366116,2.9776200881387505,0.345679025551238,4.0,40.0,1.215,-0.10196967639453991,0.9363856479297707,0.9271198391182669,0.9901047086400893,0.9522250000000001,0.45702849099099097,0.047775,0.0,0.047775,2.839946250553124,0.940425,0.49989374999999997,0.059575,0.0,0.059575,2.8215742880530685,1.2,1.17,1.23,False,False,0,,,,,21820820,15000,40000,80000
157,4,606,1.1546066055471471,2.3512559479287103,2.8759326680492308,0.3318069615981128,0.0,0.0,0.515,0.6396066055471471,2.7057102169637504,1.8880341621905998,0.6977961462219273,0.793275,0.742175,0.206725,0.0,0.206725,2.7429951490993068,0.95305,0.529864527027027,0.04695,0.0,0.04695,2.806435061599995,0.53,0.5,0.56,False,False,0,,,0.515,0.0,21830820,15000,40000,80000
157,4,606,1.1546066055471471,2.3512559479287103,2.8759326680492308,0.3318069615981128,0.5,5.0,0.6150000000000001,0.539606605547147,2.3651777723970406,1.8012330177385818,0.7615634810879705,0.8315874999999999,0.7332286880630631,0.1684125,0.0,0.1684125,2.7440746553494675,0.9510562499999999,0.5299953547297298,0.04894375000000001,0.0,0.04894375000000001,2.8065412678499873,0.63,0.6,0.66,False,True,1,0.51,0.7500000000000002,,,21830820,15000,40000,80000
157,4,606,1.1546066055471471,2.3512559479287103,2.8759326680492308,0.3318069615981128,1.0,10.0,0.71,0.44460660554714715,2.0868977654865692,1.7207400721102364,0.8245444988097145,0.8642375,0.7094175112612613,0.1357625,0.0,0.1357625,2.748840986599605,0.95305,0.529864527027027,0.04695,0.0,0.04695,2.806435061599995,0.69,0.66,0.72,False,False,0,,,,,21830820,15000,40000,80000
157,4,606,1.1546066055471471,2.3512559479287103,2.8759326680492308,0.3318069615981128,2.0,20.0,0.9,0.2546066055471471,1.6791714537527271,1.5534459820298727,0.9251264833963949,0.9127625,0.6392585022522523,0.0872375,0.0,0.0872375,2.767933561599814,0.95305,0.529864527027027,0.04695,0.0,0.04695,2.806435061599995,0.9,0.87,0.93,False,False,0,,,,,21830820,15000,40000,80000
157,4,606,1.1546066055471471,2.3512559479287103,2.8759326680492308,0.3318069615981128,3.0,30.0,1.035,0.1196066055471472,1.411325131858322,1.3861518919495093,0.9821634013732423,0.9372,0.5817247747747748,0.0628,0.0,0.0628,2.7869182365999228,0.95305,0.529864527027027,0.04695,0.0,0.04695,2.806435061599995,1.05,1.02,1.08,False,False,0,,,,,21830820,15000,40000,80000
157,4,606,1.1546066055471471,2.3512559479287103,2.8759326680492308,0.3318069615981128,4.0,40.0,1.145,0.009606605547147096,1.2224758411761725,1.2188578018691458,0.9970404001574823,0.9521625,0.5342155405405405,0.047837500000000005,0.0,0.047837500000000005,2.8046815240999905,0.95305,0.529864527027027,0.04695,0.0,0.04695,2.806435061599995,1.15,1.12,1.18,False,False,0,,,,,21830820,15000,40000,80000
158,4,450,1.1014441077681945,2.3544024638728454,2.6771504370528545,0.3058625647908473,0.0,0.0,0.565,0.5364441077681945,2.793996502182246,2.1723290909774113,0.7774988584562356,0.8065,0.760352027027027,0.1935,0.0,0.1935,2.721377877292099,0.9404375,0.6037747747747748,0.059562500000000004,0.0,0.059562500000000004,2.7793890772926773,0.57,0.54,0.6,False,False,0,,,0.565,0.0,21840820,15000,40000,80000
158,4,450,1.1014441077681945,2.3544024638728454,2.6771504370528545,0.3058625647908473,0.5,5.0,0.67,0.4314441077681944,2.47335675321799,2.065178745445331,0.8349700231308751,0.8441125,0.752066554054054,0.1558875,0.0,0.1558875,2.725538089792257,0.9404375,0.6037747747747748,0.059562500000000004,0.0,0.059562500000000004,2.7793890772926773,0.65,0.62,0.68,False,False,0,,,,,21840820,15000,40000,80000
158,4,450,1.1014441077681945,2.3544024638728454,2.6771504370528545,0.3058625647908473,1.0,10.0,0.755,0.34644410776819445,2.204083053238528,1.9580283999132508,0.8883641644248653,0.8694999999999999,0.7327409346846847,0.1305,0.0,0.1305,2.7323876647923653,0.9404375,0.6037747747747748,0.059562500000000004,0.0,0.059562500000000004,2.7793890772926773,0.75,0.72,0.78,False,False,0,,,,,21840820,15000,40000,80000
158,4,450,1.1014441077681945,2.3544024638728454,2.6771504370528545,0.3058625647908473,2.0,20.0,0.935,0.1664441077681944,1.8048440982361236,1.7437277088490903,0.9661375797240536,0.9125624999999999,0.6718490427927928,0.0874375,0.0,0.0874375,2.753556627292552,0.9404375,0.6037747747747748,0.059562500000000004,0.0,0.059562500000000004,2.7793890772926773,0.95,0.92,0.98,False,False,0,,,,,21840820,15000,40000,80000
158,4,450,1.1014441077681945,2.3544024638728454,2.6771504370528545,0.3058625647908473,3.0,30.0,1.1050000000000002,-0.003555892231805746,1.5293592879009925,1.5290342747546468,0.9997874841125189,0.94024375,0.604323170045045,0.05975625,0.0,0.05975625,2.7792973397926763,0.93970625,0.6057579673423423,0.06029375,0.0,0.06029375,2.7787259210426742,1.0,0.97,1.03,False,True,1,0.88,1.12,,,21840820,15000,40000,80000
158,4,450,1.1014441077681945,2.3544024638728454,2.6771504370528545,0.3058625647908473,4.0,40.0,1.19,-0.08855589223180549,1.3484723807998134,1.3151263267207693,0.975271236879716,0.9524125,0.5671587837837837,0.047587500000000005,0.0,0.047587500000000005,2.794338164792732,0.9404375,0.6037747747747748,0.059562500000000004,0.0,0.059562500000000004,2.7793890772926773,1.2,1.17,1.23,False,False,0,,,,,21840820,15000,40000,80000
159,4,1019,1.2297415946981998,2.4274913644026914,2.660897520099988,0.3126029674646877,0.0,0.0,0.555,0.6747415946981997,2.7737509618360594,1.9124757688056968,0.6894907996858344,0.804325,0.7563891328828829,0.195675,0.0,0.195675,2.7269540174659297,0.9578375,0.5365569256756757,0.042162500000000006,0.0,0.042162500000000006,2.8055619549665973,0.53,0.5,0.56,False,False,0,,,0.555,0.0,21850820,15000,40000,80000
159,4,1019,1.2297415946981998,2.4274913644026914,2.660897520099988,0.3126029674646877,0.5,5.0,0.64,0.5897415946981998,2.4414707268821636,1.8373348510915806,0.7525524802985929,0.8348125,0.7490992680180181,0.1651875,0.0,0.1651875,2.729934504966058,0.9578375,0.5365569256756757,0.042162500000000006,0.0,0.042162500000000006,2.8055619549665973,0.63,0.6,0.66,False,False,0,,,,,21850820,15000,40000,80000
159,4,1019,1.2297415946981998,2.4274913644026914,2.660897520099988,0.3126029674646877,1.0,10.0,0.725,0.5047415946981998,2.1687858033342517,1.7621939333774645,0.8125255756784739,0.86205,0.7312019144144144,0.13795000000000002,0.0,0.13795000000000002,2.7354103549661737,0.9578375,0.5365569256756757,0.042162500000000006,0.0,0.042162500000000006,2.8055619549665973,0.71,0.68,0.74,False,False,0,,,,,21850820,15000,40000,80000
159,4,1019,1.2297415946981998,2.4274913644026914,2.660897520099988,0.3126029674646877,2.0,20.0,0.925,0.3047415946981997,1.7666305693600013,1.611912097949232,0.9124217173108132,0.9119625,0.6631615990990991,0.0880375,0.0,0.0880375,2.757150292466389,0.9578375,0.5365569256756757,0.042162500000000006,0.0,0.042162500000000006,2.8055619549665973,0.9,0.87,0.93,False,False,0,,,,,21850820,15000,40000,80000
159,4,1019,1.2297415946981998,2.4274913644026914,2.660897520099988,0.3126029674646877,3.0,30.0,1.07,0.1597415946981997,1.5039871147836688,1.4616302625209998,0.9718369580122623,0.937925,0.6040830518018018,0.062075000000000005,0.0,0.062075000000000005,2.778335317466505,0.9578375,0.5365569256756757,0.042162500000000006,0.0,0.042162500000000006,2.8055619549665973,1.05,1.02,1.08,False,False,0,,,,,21850820,15000,40000,80000
159,4,1019,1.2297415946981998,2.4274913644026914,2.660897520099988,0.3126029674646877,4.0,40.0,1.195,0.03474159469819971,1.3192724518193155,1.3113484270927673,0.9939936404223246,0.95445,0.5514941441441441,0.04555,0.0,0.04555,2.799225767466581,0.9578375,0.5365569256756757,0.042162500000000006,0.0,0.042162500000000006,2.8055619549665973,1.2,1.17,1.23,False,False,0,,,,,21850820,15000,40000,80000
160,1,894,1.1873443440307487,2.152267208958354,2.3339164105968324,0.3551085258462578,0.0,0.0,0.435,0.7523443440307487,2.4445597510107984,1.4124248685404612,0.5777829189719904,0.7285874999999999,0.6807874436936938,0.2714125,0.0,0.2714125,2.784908175847188,0.9343375,0.40528693693693696,0.0656625,0.0,0.0656625,2.8694406758480753,0.43,0.4,0.46,False,False,0,,,0.435,0.0,21860820,15000,40000,80000
160,1,894,1.1873443440307487,2.152267208958354,2.3339164105968324,0.3551085258462578,0.5,5.0,0.5350000000000001,0.6523443440307486,1.9898964516769972,1.3042531119416223,0.655437679102576,0.76905,0.6695754222972974,0.23095,0.0,0.23095,2.7845691258473573,0.934525,0.40678305180180185,0.065475,0.0,0.065475,2.867890813348076,0.51,0.48,0.54,False,True,1,0.39,0.6300000000000002,,,21860820,15000,40000,80000
160,1,894,1.1873443440307487,2.152267208958354,2.3339164105968324,0.3551085258462578,1.0,10.0,0.62,0.5673443440307487,1.6130923261391361,1.1835910733249768,0.7337404401134613,0.8023875,0.6472609234234235,0.1976125,0.0,0.1976125,2.787493413347497,0.9343375,0.40528693693693696,0.0656625,0.0,0.0656625,2.8694406758480753,0.63,0.6,0.66,False,False,0,,,,,21860820,15000,40000,80000
160,1,894,1.1873443440307487,2.152267208958354,2.3339164105968324,0.3551085258462578,2.0,20.0,0.895,0.2923443440307487,1.0456131772933501,0.9547572781094922,0.9131075419123491,0.8815625,0.5314717905405405,0.1184375,0.0,0.1184375,2.817454838347838,0.9343375,0.40528693693693696,0.0656625,0.0,0.0656625,2.8694406758480753,0.9,0.87,0.93,False,False,0,,,,,21860820,15000,40000,80000
160,1,894,1.1873443440307487,2.152267208958354,2.3339164105968324,0.3551085258462578,3.0,30.0,1.224999999999997,-0.03765565596924825,0.7340405900216441,0.733493935064503,0.9992552796608631,0.93961875,0.3922061936936937,0.06038125,0.0,0.06038125,2.8753511258480993,0.934525,0.40678305180180185,0.065475,0.0,0.065475,2.867890813348076,1.2,1.17,1.23,False,True,1,1.08,1.319999999999995,,,21860820,15000,40000,80000
160,1,894,1.1873443440307487,2.152267208958354,2.3339164105968324,0.3551085258462578,4.0,40.0,1.4349999999999965,-0.24765565596924777,0.5730936925148523,0.5051902643136552,0.881514263569674,0.9620875,0.3189023085585586,0.0379,1.25e-05,0.0379125,2.919283718241635,0.934525,0.40678305180180185,0.065475,0.0,0.065475,2.867890813348076,1.4,1.37,1.43,False,True,1,1.2799999999999998,1.5199999999999947,,,21860820,15000,40000,80000
161,3,804,1.1954523911468635,2.2649241332641785,2.5361380910778566,0.2992881878065795,0.0,0.0,0.565,0.6304523911468636,2.7688323679238698,2.022384846797712,0.7304107212218629,0.794875,0.7533798986486487,0.205125,0.0,0.205125,2.720929975307784,0.9470000000000001,0.5656985923423423,0.053,0.0,0.053,2.7971856753084445,0.59,0.56,0.62,False,False,0,,,0.565,0.0,21870820,15000,40000,80000
161,3,804,1.1954523911468635,2.2649241332641785,2.5361380910778566,0.2992881878065795,0.5,5.0,0.695,0.5004523911468636,2.4330750937473495,1.9276467668986086,0.7922676829220691,0.8409125,0.7430676801801802,0.1590875,0.0,0.1590875,2.7271000878079783,0.9470000000000001,0.5656985923423423,0.053,0.0,0.053,2.7971856753084445,0.71,0.68,0.74,False,False,0,,,,,21870820,15000,40000,80000
161,3,804,1.1954523911468635,2.2649241332641785,2.5361380910778566,0.2992881878065795,1.0,10.0,0.77,0.4254523911468635,2.1604673901055,1.8329086869995046,0.8483852593165037,0.8639875,0.7265502815315314,0.13601249999999998,0.0,0.13601249999999998,2.733379750308077,0.9470000000000001,0.5656985923423423,0.053,0.0,0.053,2.7971856753084445,0.75,0.72,0.78,False,False,0,,,,,21870820,15000,40000,80000
161,3,804,1.1954523911468635,2.2649241332641785,2.5361380910778566,0.2992881878065795,2.0,20.0,0.95,0.24545239114686357,1.7473892010556085,1.6434325272012968,0.9405074302899945,0.9076124999999999,0.6663277590090091,0.09238750000000001,0.0,0.09238750000000001,2.7558414503082664,0.9470000000000001,0.5656985923423423,0.053,0.0,0.053,2.7971856753084445,0.95,0.92,0.98,False,False,0,,,,,21870820,15000,40000,80000
161,3,804,1.1954523911468635,2.2649241332641785,2.5361380910778566,0.2992881878065795,3.0,30.0,1.1,0.09545239114686344,1.4646945656489558,1.4539563674030895,0.9926686433487868,0.9338875,0.6055365990990991,0.0661125,0.0,0.0661125,2.7800956503083842,0.9470000000000001,0.5656985923423423,0.053,0.0,0.053,2.7971856753084445,1.1,1.07,1.13,False,False,0,,,,,21870820,15000,40000,80000
161,3,804,1.1954523911468635,2.2649241332641785,2.5361380910778566,0.2992881878065795,4.0,40.0,1.225,-0.029547608853136564,1.26674359037804,1.2644802076048818,0.9982132273726503,0.95045,0.5532363175675675,0.04955,0.0,0.04955,2.8027480878084607,0.9470000000000001,0.5656985923423423,0.053,0.0,0.053,2.7971856753084445,1.2,1.17,1.23,False,False,0,,,,,21870820,15000,40000,80000
162,1,405,1.2197345511664068,2.218472133996728,2.8127108967721752,0.3285749210821865,0.0,0.0,0.515,0.7047345511664068,2.6721900622220636,1.7651099888517672,0.6605480702162283,0.781775,0.7337912162162162,0.218225,0.0,0.218225,2.7460292835833355,0.9530875000000001,0.49839183558558553,0.0469125,0.0,0.0469125,2.823573821084076,0.51,0.48,0.54,False,False,0,,,0.515,0.0,21880820,15000,40000,80000
162,1,405,1.2197345511664068,2.218472133996728,2.8127108967721752,0.3285749210821865,0.5,5.0,0.605,0.6147345511664069,2.3175316675643596,1.6820370766975021,0.7257881737880463,0.81775,0.7277092905405405,0.18225,0.0,0.18225,2.7468202460834856,0.9530875000000001,0.49839183558558553,0.0469125,0.0,0.0469125,2.823573821084076,0.61,0.58,0.64,False,False,0,,,,,21880820,15000,40000,80000
162,1,405,1.2197345511664068,2.218472133996728,2.8127108967721752,0.3285749210821865,1.0,10.0,0.7200000000000002,0.49973455116640664,2.038560510650355,1.5988692258357837,0.7843128607086096,0.85841875,0.7026098536036036,0.14158125,0.0,0.14158125,2.7520821710836567,0.9537562500000001,0.49765515202702704,0.04624375,0.0,0.04624375,2.8233165960840783,0.67,0.64,0.7,False,True,1,0.55,0.7900000000000003,,,21880820,15000,40000,80000
162,1,405,1.2197345511664068,2.218472133996728,2.8127108967721752,0.3285749210821865,2.0,20.0,0.8850000000000001,0.3347345511664067,1.593795778163202,1.4350769325303152,0.9004145651484878,0.900325,0.6408315315315316,0.099675,0.0,0.099675,2.7700006335838383,0.9537562500000001,0.49765515202702704,0.04624375,0.0,0.04624375,2.8233165960840783,0.85,0.82,0.88,False,True,1,0.73,0.9700000000000002,,,21880820,15000,40000,80000
162,1,405,1.2197345511664068,2.218472133996728,2.8127108967721752,0.3285749210821865,3.0,30.0,1.075,0.14473455116640688,1.2996800815629261,1.2666725159261767,0.9746033149965211,0.9345874999999999,0.5599407094594595,0.0654125,0.0,0.0654125,2.7984056585839907,0.9530875000000001,0.49839183558558553,0.0469125,0.0,0.0469125,2.823573821084076,1.05,1.02,1.08,False,False,0,,,,,21880820,15000,40000,80000
162,1,405,1.2197345511664068,2.218472133996728,2.8127108967721752,0.3285749210821865,4.0,40.0,1.175,0.04473455116640679,1.1000151512445693,1.1005266916176466,1.000465030297536,0.9480999999999999,0.5173073761261261,0.0519,0.0,0.0519,2.8154828210840526,0.9530875000000001,0.49839183558558553,0.0469125,0.0,0.0469125,2.823573821084076,1.15,1.12,1.18,False,False,0,,,,,21880820,15000,40000,80000
163,3,974,1.1391107254910555,2.2449889354226884,2.606491888148347,0.3225619755739068,0.0,0.0,0.535,0.6041107254910555,2.6761673482120294,1.9041768580622274,0.7115313096299544,0.784825,0.7340985923423424,0.215175,0.0,0.215175,2.743096738075069,0.939825,0.5350523085585586,0.060175000000000006,0.0,0.060175000000000006,2.8098876755757387,0.55,0.52,0.58,False,False,0,,,0.535,0.0,21890820,15000,40000,80000
163,3,974,1.1391107254910555,2.2449889354226884,2.606491888148347,0.3225619755739068,0.5,5.0,0.63,0.5091107254910555,2.309028887341532,1.7970996241160873,0.7782923955469231,0.82025,0.7239279279279279,0.17975000000000002,0.0,0.17975000000000002,2.745972263075218,0.939825,0.5350523085585586,0.060175000000000006,0.0,0.060175000000000006,2.8098876755757387,0.65,0.62,0.68,False,False,0,,,,,21890820,15000,40000,80000
163,3,974,1.1391107254910555,2.2449889354226884,2.606491888148347,0.3225619755739068,1.0,10.0,0.725,0.41411072549105554,2.015389375941362,1.6900223901699467,0.8385587471803355,0.8527750000000001,0.7017906531531533,0.147225,0.0,0.147225,2.7516551380753556,0.939825,0.5350523085585586,0.060175000000000006,0.0,0.060175000000000006,2.8098876755757387,0.71,0.68,0.74,False,False,0,,,,,21890820,15000,40000,80000
163,3,974,1.1391107254910555,2.2449889354226884,2.606491888148347,0.3225619755739068,2.0,20.0,0.895,0.2441107254910555,1.5671379848787286,1.4758679222776658,0.9417600342268996,0.8972375,0.6397306306306306,0.1027625,0.0,0.1027625,2.770691763075548,0.939825,0.5350523085585586,0.060175000000000006,0.0,0.060175000000000006,2.8098876755757387,0.9,0.87,0.93,False,False,0,,,,,21890820,15000,40000,80000
163,3,974,1.1391107254910555,2.2449889354226884,2.606491888148347,0.3225619755739068,3.0,30.0,1.085,0.054110725491055556,1.277456822009069,1.2617134543853852,0.9876760080243463,0.9328375,0.5591745495495495,0.0671625,0.0,0.0671625,2.7999932630757063,0.939825,0.5350523085585586,0.060175000000000006,0.0,0.060175000000000006,2.8098876755757387,1.1,1.07,1.13,False,False,0,,,,,21890820,15000,40000,80000
163,3,974,1.1391107254910555,2.2449889354226884,2.606491888148347,0.3225619755739068,4.0,40.0,1.21,-0.07088927450894444,1.0613037394359874,1.0475589864931043,0.9870491807084487,0.9486875,0.5048418918918919,0.0513125,0.0,0.0513125,2.8228666380757796,0.939825,0.5350523085585586,0.060175000000000006,0.0,0.060175000000000006,2.8098876755757387,1.2,1.17,1.23,False,False,0,,,,,21890820,15000,40000,80000
164,3,905,1.1164241407785291,2.4640154521616062,2.4437672026395774,0.3491820521118387,0.0,0.0,0.465,0.6514241407785291,2.5525957631528935,1.6781073333478553,0.6574120969609011,0.75955,0.7066865427927929,0.24045,0.0,0.24045,2.768501589612896,0.9389875,0.47499954954954954,0.0610125,0.0,0.0610125,2.830567152113665,0.49,0.46,0.52,False,False,0,,,0.465,0.0,21900820,15000,40000,80000
164,3,905,1.1164241407785291,2.4640154521616062,2.4437672026395774,0.3491820521118387,0.5,5.0,0.56,0.5564241407785291,2.1466208873454375,1.5703329956953458,0.7315371824399123,0.7981374999999999,0.6952134572072073,0.2018625,0.0,0.2018625,2.768454414613056,0.9389875,0.47499954954954954,0.0610125,0.0,0.0610125,2.830567152113665,0.57,0.54,0.6,False,False,0,,,,,21900820,15000,40000,80000
164,3,905,1.1164241407785291,2.4640154521616062,2.4437672026395774,0.3491820521118387,1.0,10.0,0.665,0.4514241407785291,1.8222052294453428,1.4625586580428365,0.8026311385836719,0.8375625,0.6675530405405405,0.1624375,0.0,0.1624375,2.772001377113222,0.9389875,0.47499954954954954,0.0610125,0.0,0.0610125,2.830567152113665,0.65,0.62,0.68,False,False,0,,,,,21900820,15000,40000,80000
164,3,905,1.1164241407785291,2.4640154521616062,2.4437672026395774,0.3491820521118387,2.0,20.0,0.85,0.26642414077852916,1.347392959932924,1.2470099827378178,0.925498365970308,0.8909374999999999,0.5939550112612613,0.1090625,0.0,0.1090625,2.789312564613451,0.9389875,0.47499954954954954,0.0610125,0.0,0.0610125,2.830567152113665,0.85,0.82,0.88,False,False,0,,,,,21900820,15000,40000,80000
164,3,905,1.1164241407785291,2.4640154521616062,2.4437672026395774,0.3491820521118387,3.0,30.0,1.065,0.05142414077852919,1.0316767024423679,1.031461307432799,0.9997912184998857,0.9313625000000001,0.497034740990991,0.0686375,0.0,0.0686375,2.8218359521136303,0.9389875,0.47499954954954954,0.0610125,0.0,0.0610125,2.830567152113665,1.05,1.02,1.08,False,False,0,,,,,21900820,15000,40000,80000
164,3,905,1.1164241407785291,2.4640154521616062,2.4437672026395774,0.3491820521118387,4.0,40.0,1.2449999999999952,-0.12857585922146608,0.8744952414636272,0.8419422733754143,0.9627751341062422,0.95584375,0.42599769144144145,0.04415625,0.0,0.04415625,2.8516186208637424,0.93989375,0.478580152027027,0.06010625,0.0,0.06010625,2.8286399146136683,1.15,1.12,1.18,False,True,1,1.0299999999999998,1.2699999999999947,,,21900820,15000,40000,80000
165,3,926,1.082633444135969,2.128146188449597,2.876227708634147,0.3348897450222207,0.0,0.0,0.49,0.5926334441359691,2.6454610559616962,1.9055783216942903,0.7203199296394712,0.773125,0.7280508445945946,0.226875,0.0,0.226875,2.7520754575233335,0.9337,0.5353567004504505,0.0663,0.0,0.0663,2.809418507524023,0.51,0.48,0.54,False,False,0,,,0.49,0.0,21910820,15000,40000,80000
165,3,926,1.082633444135969,2.128146188449597,2.876227708634147,0.3348897450222207,0.5,5.0,0.595,0.4876334441359691,2.276743511177612,1.7875823737384424,0.7851487727811034,0.8148124999999999,0.7193789977477478,0.1851875,0.0,0.1851875,2.7529901575235076,0.9337,0.5353567004504505,0.0663,0.0,0.0663,2.809418507524023,0.57,0.54,0.6,False,False,0,,,,,21910820,15000,40000,80000
165,3,926,1.082633444135969,2.128146188449597,2.876227708634147,0.3348897450222207,1.0,10.0,0.66,0.42263344413596904,1.9659590159734608,1.6695864257825948,0.8492478287783051,0.8374375000000001,0.704403490990991,0.1625625,0.0,0.1625625,2.7561153950236035,0.9337,0.5353567004504505,0.0663,0.0,0.0663,2.809418507524023,0.67,0.64,0.7,False,False,0,,,,,21910820,15000,40000,80000
165,3,926,1.082633444135969,2.128146188449597,2.876227708634147,0.3348897450222207,2.0,20.0,0.895,0.18763344413596905,1.5062763010380655,1.4335945298708992,0.9517473845156583,0.900675,0.6174130067567568,0.099325,0.0,0.099325,2.780120795023875,0.9337,0.5353567004504505,0.0663,0.0,0.0663,2.809418507524023,0.9,0.87,0.93,False,False,0,,,,,21910820,15000,40000,80000
165,3,926,1.082633444135969,2.128146188449597,2.876227708634147,0.3348897450222207,3.0,30.0,1.075,0.007633444135969114,1.2008166972990684,1.1976026339592039,0.9973234355026094,0.932775,0.5388664414414415,0.067225,0.0,0.067225,2.8080175950240185,0.9337,0.5353567004504505,0.0663,0.0,0.0663,2.809418507524023,1.1,1.07,1.13,False,False,0,,,,,21910820,15000,40000,80000
165,3,926,1.082633444135969,2.128146188449597,2.876227708634147,0.3348897450222207,4.0,40.0,1.2149999999999972,-0.13236655586402812,1.0035436615685371,0.9662889000246953,0.9628767905467982,0.9505812499999999,0.4818384572072072,0.04941875,0.0,0.04941875,2.831600338774101,0.9333750000000001,0.5378602195945946,0.06662499999999999,0.0,0.06662499999999999,2.808272138774021,1.2,1.17,1.23,False,True,1,1.08,1.319999999999995,,,21910820,15000,40000,80000
166,4,353,1.151360039191565,2.3936974578069936,2.8489720364548097,0.3351744205588255,0.0,0.0,0.525,0.626360039191565,2.694651564831187,1.8565238744719934,0.6889662094729119,0.7994749999999999,0.7397066441441442,0.200525,0.0,0.200525,2.7450919955600455,0.9524125,0.5214265202702703,0.047587500000000005,0.0,0.047587500000000005,2.808617370560705,0.51,0.48,0.54,False,False,0,,,0.525,0.0,21920820,15000,40000,80000
166,4,353,1.151360039191565,2.3936974578069936,2.8489720364548097,0.3351744205588255,0.5,5.0,0.585,0.5663600391915651,2.3540951700770916,1.7718069235287972,0.7526488079370106,0.8236625,0.734419313063063,0.17633749999999998,0.0,0.17633749999999998,2.7452185080601463,0.9524125,0.5214265202702703,0.047587500000000005,0.0,0.047587500000000005,2.808617370560705,0.57,0.54,0.6,False,False,0,,,,,21920820,15000,40000,80000
166,4,353,1.151360039191565,2.3936974578069936,2.8489720364548097,0.3351744205588255,1.0,10.0,0.685,0.466360039191565,2.0720701487579958,1.6870899725856008,0.8142050468691163,0.8581624999999999,0.7115473536036035,0.1418375,0.0,0.1418375,2.749471845560292,0.9524125,0.5214265202702703,0.047587500000000005,0.0,0.047587500000000005,2.808617370560705,0.69,0.66,0.72,False,False,0,,,,,21920820,15000,40000,80000
166,4,353,1.151360039191565,2.3936974578069936,2.8489720364548097,0.3351744205588255,2.0,20.0,0.855,0.29636003919156506,1.6452113448902332,1.5219874831999272,0.9251015001367332,0.90278125,0.6493635698198197,0.09721874999999999,0.0,0.09721874999999999,2.765152764310484,0.952575,0.5221976914414415,0.047425,0.0,0.047425,2.8078265830607054,0.95,0.92,0.98,False,True,1,0.83,1.0700000000000003,,,21920820,15000,40000,80000
166,4,353,1.151360039191565,2.3936974578069936,2.8489720364548097,0.3351744205588255,3.0,30.0,1.045,0.10636003919156511,1.378265660100809,1.3482221688128162,0.978201959057882,0.93885,0.5681489864864864,0.061149999999999996,0.0,0.061149999999999996,2.7911816830606426,0.9524125,0.5214265202702703,0.047587500000000005,0.0,0.047587500000000005,2.808617370560705,1.05,1.02,1.08,False,False,0,,,,,21920820,15000,40000,80000
166,4,353,1.151360039191565,2.3936974578069936,2.8489720364548097,0.3351744205588255,4.0,40.0,1.1850000000000003,-0.03363996080843523,1.1888023095891926,1.1841817206495646,0.996113240273545,0.956575,0.5081566441441442,0.043425,0.0,0.043425,2.8133916080607246,0.952575,0.5221976914414415,0.047425,0.0,0.047425,2.8078265830607054,1.1,1.07,1.13,False,True,1,0.9800000000000001,1.2200000000000002,,,21920820,15000,40000,80000
167,4,198,1.148980353281288,2.529806861925659,2.4683812323311014,0.3123953771685416,0.0,0.0,0.56,0.5889803532812878,2.756445494754116,2.021720610824028,0.7334520543473949,0.8025125,0.7521989864864865,0.1974875,0.0,0.1974875,2.728873064669777,0.9459124999999999,0.5650418918918919,0.0540875,0.0,0.0540875,2.7948564646703975,0.55,0.52,0.58,False,False,0,,,0.56,0.0,21930820,15000,40000,80000
167,4,198,1.148980353281288,2.529806861925659,2.4683812323311014,0.3123953771685416,0.5,5.0,0.655,0.49398035328128787,2.4282636288573882,1.9249580387855052,0.7927302521478231,0.838075,0.74430990990991,0.16192499999999999,0.0,0.16192499999999999,2.731776739669926,0.9459124999999999,0.5650418918918919,0.0540875,0.0,0.0540875,2.7948564646703975,0.63,0.6,0.66,False,False,0,,,,,21930820,15000,40000,80000
167,4,198,1.148980353281288,2.529806861925659,2.4683812323311014,0.3123953771685416,1.0,10.0,0.75,0.3989803532812879,2.149842803699809,1.8281954667469826,0.8503856484765855,0.867275,0.7215614864864865,0.13272499999999998,0.0,0.13272499999999998,2.73897461467005,0.9459124999999999,0.5650418918918919,0.0540875,0.0,0.0540875,2.7948564646703975,0.75,0.72,0.78,False,False,0,,,,,21930820,15000,40000,80000
167,4,198,1.148980353281288,2.529806861925659,2.4683812323311014,0.3123953771685416,2.0,20.0,0.9300000000000002,0.21898035328128773,1.748939758612575,1.6471767873139376,0.9418144788592573,0.91155,0.6594427646396397,0.08845,0.0,0.08845,2.7590588084202423,0.94666875,0.5668479448198198,0.05333125,0.0,0.05333125,2.7937829646704,0.9,0.87,0.93,False,True,1,0.78,1.0200000000000002,,,21930820,15000,40000,80000
167,4,198,1.148980353281288,2.529806861925659,2.4683812323311014,0.3123953771685416,3.0,30.0,1.075,0.07398035328128794,1.454659409372638,1.441145178592892,0.9907096941781208,0.9359375000000001,0.5969090653153154,0.0640625,0.0,0.0640625,2.7822427896703514,0.9459124999999999,0.5650418918918919,0.0540875,0.0,0.0540875,2.7948564646703975,1.1,1.07,1.13,False,False,0,,,,,21930820,15000,40000,80000
167,4,198,1.148980353281288,2.529806861925659,2.4683812323311014,0.3123953771685416,4.0,40.0,1.195,-0.04601964671871217,1.2635072007398251,1.2476200345158468,0.9874261371722489,0.952025,0.5460185247747749,0.047975000000000004,0.0,0.047975000000000004,2.8026632896704253,0.9459124999999999,0.5650418918918919,0.0540875,0.0,0.0540875,2.7948564646703975,1.2,1.17,1.23,False,False,0,,,,,21930820,15000,40000,80000
168,1,578,1.1858585782785518,2.628991990483967,2.7725152196845477,0.3385561447399296,0.0,0.0,0.515,0.6708585782785518,2.700991808320032,1.8109509514344178,0.6704762842508569,0.800175,0.7416230855855855,0.199825,0.0,0.199825,2.7457435572411515,0.961325,0.5088972409909911,0.038675,0.0,0.038675,2.8101105697418465,0.51,0.48,0.54,False,False,0,,,0.515,0.0,21940820,15000,40000,80000
168,1,578,1.1858585782785518,2.628991990483967,2.7725152196845477,0.3385561447399296,0.5,5.0,0.61,0.5758585782785518,2.369747746985387,1.7421369331953545,0.7351571218546652,0.838475,0.7314174549549548,0.161525,0.0,0.161525,2.745671794741312,0.961325,0.5088972409909911,0.038675,0.0,0.038675,2.8101105697418465,0.61,0.58,0.64,False,False,0,,,,,21940820,15000,40000,80000
168,1,578,1.1858585782785518,2.628991990483967,2.7725152196845477,0.3385561447399296,1.0,10.0,0.695,0.49085857827855184,2.1007302916295214,1.6733229149562912,0.7965434314075162,0.8675250000000001,0.7100032094594595,0.132475,0.0,0.132475,2.7491782822414343,0.961325,0.5088972409909911,0.038675,0.0,0.038675,2.8101105697418465,0.71,0.68,0.74,False,False,0,,,,,21940820,15000,40000,80000
168,1,578,1.1858585782785518,2.628991990483967,2.7725152196845477,0.3385561447399296,2.0,20.0,0.83,0.35585857827855183,1.704757466394631,1.5356948784781643,0.9008289500124526,0.9044875,0.6615908220720721,0.0955125,0.0,0.0955125,2.7603094947415925,0.961325,0.5088972409909911,0.038675,0.0,0.038675,2.8101105697418465,0.85,0.82,0.88,False,False,0,,,,,21940820,15000,40000,80000
168,1,578,1.1858585782785518,2.628991990483967,2.7725152196845477,0.3385561447399296,3.0,30.0,1.025,0.16085857827855188,1.4366303930677855,1.398066842000038,0.9731569433211009,0.9407875,0.5777879504504505,0.0592125,0.0,0.0592125,2.7853402822417523,0.961325,0.5088972409909911,0.038675,0.0,0.038675,2.8101105697418465,1.0,0.97,1.03,False,False,0,,,,,21940820,15000,40000,80000
168,1,578,1.1858585782785518,2.628991990483967,2.7725152196845477,0.3385561447399296,4.0,40.0,1.1350000000000002,0.05085857827855156,1.2601473208720495,1.2539374308359765,0.9950720920219268,0.955775,0.5299833896396396,0.044225,0.0,0.044225,2.8019215197418204,0.9610687499999999,0.5081157094594595,0.03893125,0.0,0.03893125,2.810273469741845,1.1,1.07,1.13,False,True,1,0.9800000000000001,1.2200000000000002,,,21940820,15000,40000,80000
169,4,531,1.1535786612315024,2.3194612376087336,2.2587720527297144,0.3371653793890143,0.0,0.0,0.495,0.6585786612315024,2.556365242422014,1.6640847684719873,0.6509573596358865,0.757125,0.7065902027027027,0.242875,0.0,0.242875,2.764042441890063,0.9326749999999999,0.4724832770270271,0.067325,0.0,0.067325,2.839298129390821,0.51,0.48,0.54,False,False,0,,,0.495,0.0,21950820,15000,40000,80000
169,4,531,1.1535786612315024,2.3194612376087336,2.2587720527297144,0.3371653793890143,0.5,5.0,0.585,0.5685786612315025,2.1448724782320325,1.5455255384582571,0.7205675648056229,0.7926375,0.696856813063063,0.2073625,0.0,0.2073625,2.7655516543902117,0.9326749999999999,0.4724832770270271,0.067325,0.0,0.067325,2.839298129390821,0.57,0.54,0.6,False,False,0,,,,,21950820,15000,40000,80000
169,4,531,1.1535786612315024,2.3194612376087336,2.2587720527297144,0.3371653793890143,1.0,10.0,0.675,0.4785786612315024,1.806615034828161,1.4269663084445268,0.7898563229771055,0.8255250000000001,0.67490884009009,0.174475,0.0,0.174475,2.7700081668903502,0.9326749999999999,0.4724832770270271,0.067325,0.0,0.067325,2.839298129390821,0.69,0.66,0.72,False,False,0,,,,,21950820,15000,40000,80000
169,4,531,1.1535786612315024,2.3194612376087336,2.2587720527297144,0.3371653793890143,2.0,20.0,0.895,0.2585786612315024,1.286377334697708,1.189847848417067,0.9249602090483621,0.8860625,0.5874195382882883,0.1139375,0.0,0.1139375,2.795016116890612,0.9326749999999999,0.4724832770270271,0.067325,0.0,0.067325,2.839298129390821,0.9,0.87,0.93,False,False,0,,,,,21950820,15000,40000,80000
169,4,531,1.1535786612315024,2.3194612376087336,2.2587720527297144,0.3371653793890143,3.0,30.0,1.09,0.06357866123150235,0.9596504277323364,0.9527293883896066,0.9927879578409773,0.9235875,0.5005508445945946,0.0764125,0.0,0.0764125,2.8272101668907794,0.9326749999999999,0.4724832770270271,0.067325,0.0,0.067325,2.839298129390821,1.1,1.07,1.13,False,False,0,,,,,21950820,15000,40000,80000
169,4,531,1.1535786612315024,2.3194612376087336,2.2587720527297144,0.3371653793890143,4.0,40.0,1.3399999999999967,-0.18642133876849432,0.7600289658733325,0.715454793043526,0.9413520078427705,0.9551625,0.3979062218468469,0.04483125,6.25e-06,0.0448375,2.875959097107306,0.9326125000000001,0.4726742961711712,0.06738749999999999,0.0,0.06738749999999999,2.839093373140821,1.3,1.27,1.33,False,True,1,1.1800000000000002,1.419999999999995,,,21950820,15000,40000,80000
170,2,784,1.1077603283907451,2.839120791813192,2.781621651277368,0.3288980255319541,0.0,0.0,0.545,0.5627603283907451,2.8055580680683634,2.096427334844897,0.7472407570905473,0.8236625,0.765754391891892,0.17633749999999998,0.0,0.17633749999999998,2.729419150533272,0.9568875,0.5828961148648649,0.0431125,0.0,0.0431125,2.780426038033845,0.53,0.5,0.56,False,False,0,,,0.545,0.0,21960820,15000,40000,80000
170,2,784,1.1077603283907451,2.839120791813192,2.781621651277368,0.3288980255319541,0.5,5.0,0.63,0.4777603283907451,2.5047581244384416,2.0188987485594536,0.8060254317019468,0.855,0.7564791666666666,0.14500000000000002,0.0,0.14500000000000002,2.7307194255334037,0.9568875,0.5828961148648649,0.0431125,0.0,0.0431125,2.780426038033845,0.65,0.62,0.68,False,False,0,,,,,21960820,15000,40000,80000
170,2,784,1.1077603283907451,2.839120791813192,2.781621651277368,0.3288980255319541,1.0,10.0,0.71,0.39776032839074515,2.258527398003297,1.9413701622740107,0.8595734388656625,0.8800875,0.7375631193693692,0.1199125,0.0,0.1199125,2.73474928803351,0.9568875,0.5828961148648649,0.0431125,0.0,0.0431125,2.780426038033845,0.73,0.7,0.76,False,False,0,,,,,21960820,15000,40000,80000
170,2,784,1.1077603283907451,2.839120791813192,2.781621651277368,0.3288980255319541,2.0,20.0,0.855,0.25276032839074514,1.9059978263355446,1.7907884800479934,0.9395543139159546,0.91746875,0.6886391047297298,0.08253125,0.0,0.08253125,2.7469947630336695,0.95758125,0.5827417792792793,0.042418750000000005,0.0,0.042418750000000005,2.7803634255338485,0.95,0.92,0.98,False,True,1,0.83,1.0700000000000003,,,21960820,15000,40000,80000
170,2,784,1.1077603283907451,2.839120791813192,2.781621651277368,0.3288980255319541,3.0,30.0,1.0100000000000002,0.09776032839074489,1.6606013129902868,1.638222993067257,0.9865239658983934,0.9448749999999999,0.6247358108108108,0.055125,0.0,0.055125,2.7662317692837908,0.95758125,0.5827417792792793,0.042418750000000005,0.0,0.042418750000000005,2.7803634255338485,1.05,1.02,1.08,False,True,1,0.93,1.1700000000000004,,,21960820,15000,40000,80000
170,2,784,1.1077603283907451,2.839120791813192,2.781621651277368,0.3288980255319541,4.0,40.0,1.12,-0.012239671609254987,1.4786339941635158,1.476198644561351,0.9983529733444668,0.9583999999999999,0.5777860360360361,0.0416,0.0,0.0416,2.782203288033852,0.9568875,0.5828961148648649,0.0431125,0.0,0.0431125,2.780426038033845,1.1,1.07,1.13,False,False,0,,,,,21960820,15000,40000,80000
171,2,782,1.137443102397586,2.56019487856339,2.6180585195391464,0.3150982711510819,0.0,0.0,0.565,0.572443102397586,2.783527441086492,2.0719098439244723,0.7443468360835507,0.81265,0.7589171171171171,0.18735000000000002,0.0,0.18735000000000002,2.7264581836523574,0.9500875,0.5774162725225225,0.0499125,0.0,0.0499125,2.7868793336529514,0.57,0.54,0.6,False,False,0,,,0.565,0.0,21970820,15000,40000,80000
171,2,782,1.137443102397586,2.56019487856339,2.6180585195391464,0.3150982711510819,0.5,5.0,0.645,0.49244310239758593,2.4656615709746523,1.9823607568913855,0.8039873680262524,0.8420125,0.7518007882882882,0.1579875,0.0,0.1579875,2.728707971152481,0.9500875,0.5774162725225225,0.0499125,0.0,0.0499125,2.7868793336529514,0.67,0.64,0.7,False,False,0,,,,,21970820,15000,40000,80000
171,2,782,1.137443102397586,2.56019487856339,2.6180585195391464,0.3150982711510819,1.0,10.0,0.755,0.38244310239758594,2.2069479653287356,1.8928116698582982,0.8576603071728311,0.8767625,0.7270039977477478,0.1232375,0.0,0.1232375,2.7357532086526284,0.9500875,0.5774162725225225,0.0499125,0.0,0.0499125,2.7868793336529514,0.75,0.72,0.78,False,False,0,,,,,21970820,15000,40000,80000
171,2,782,1.137443102397586,2.56019487856339,2.6180585195391464,0.3150982711510819,2.0,20.0,0.935,0.2024431023975859,1.8258693718693864,1.713713495792124,0.9385739868332238,0.9197625,0.6636070945945947,0.0802375,0.0,0.0802375,2.7555755211528146,0.9500875,0.5774162725225225,0.0499125,0.0,0.0499125,2.7868793336529514,0.95,0.92,0.98,False,False,0,,,,,21970820,15000,40000,80000
171,2,782,1.137443102397586,2.56019487856339,2.6180585195391464,0.3150982711510819,3.0,30.0,1.075,0.06244310239758599,1.5487324636529323,1.5346153217259497,0.9908847123319898,0.9419625,0.6041509572072072,0.058037500000000006,0.0,0.058037500000000006,2.7767123586529143,0.9500875,0.5774162725225225,0.0499125,0.0,0.0499125,2.7868793336529514,1.1,1.07,1.13,False,False,0,,,,,21970820,15000,40000,80000
171,2,782,1.137443102397586,2.56019487856339,2.6180585195391464,0.3150982711510819,4.0,40.0,1.155,-0.01755689760241408,1.3627682054391106,1.3555171476597754,0.994679170125635,0.9524874999999999,0.5702161599099098,0.0475125,0.0,0.0475125,2.789661208652962,0.9500875,0.5774162725225225,0.0499125,0.0,0.0499125,2.7868793336529514,1.15,1.12,1.18,False,False,0,,,,,21970820,15000,40000,80000
172,3,1102,1.1220888351536829,2.4664931412466147,2.7293924054537224,0.3374138859439809,0.0,0.0,0.515,0.6070888351536828,2.6659360367853937,1.8687272866313862,0.7009647871689795,0.7914125000000001,0.7330567004504505,0.20858749999999998,0.0,0.20858749999999998,2.7497160109451686,0.9479875,0.5246703828828829,0.0520125,0.0,0.0520125,2.8076348359458416,0.53,0.5,0.56,False,False,0,,,0.515,0.0,21980820,15000,40000,80000
172,3,1102,1.1220888351536829,2.4664931412466147,2.7293924054537224,0.3374138859439809,0.5,5.0,0.59,0.5320888351536829,2.3143138363629223,1.7761003906154056,0.7674414604920868,0.821675,0.7255762950450451,0.178325,0.0,0.178325,2.7499027359452946,0.9479875,0.5246703828828829,0.0520125,0.0,0.0520125,2.8076348359458416,0.61,0.58,0.64,False,False,0,,,,,21980820,15000,40000,80000
172,3,1102,1.1220888351536829,2.4664931412466147,2.7293924054537224,0.3374138859439809,1.0,10.0,0.675,0.4470888351536828,2.027916386136491,1.683473494599425,0.8301493622262772,0.8521125,0.706182150900901,0.1478875,0.0,0.1478875,2.7530457109454227,0.9479875,0.5246703828828829,0.0520125,0.0,0.0520125,2.8076348359458416,0.67,0.64,0.7,False,False,0,,,,,21980820,15000,40000,80000
172,3,1102,1.1220888351536829,2.4664931412466147,2.7293924054537224,0.3374138859439809,2.0,20.0,0.8400000000000001,0.28208883515368277,1.6092973935594124,1.5047641181231066,0.9350441528988616,0.8989375,0.6474387387387388,0.1010625,0.0,0.1010625,2.767131423445623,0.94855,0.5253561936936937,0.051449999999999996,0.0,0.051449999999999996,2.807457917195843,0.85,0.82,0.88,False,True,1,0.73,0.9700000000000002,,,21980820,15000,40000,80000
172,3,1102,1.1220888351536829,2.4664931412466147,2.7293924054537224,0.3374138859439809,3.0,30.0,1.04,0.08208883515368282,1.3365796499901825,1.312965910535503,0.982332710620835,0.937425,0.5611735923423424,0.062575,0.0,0.062575,2.7940616359457926,0.9479875,0.5246703828828829,0.0520125,0.0,0.0520125,2.8076348359458416,1.05,1.02,1.08,False,False,0,,,,,21980820,15000,40000,80000
172,3,1102,1.1220888351536829,2.4664931412466147,2.7293924054537224,0.3374138859439809,4.0,40.0,1.16,-0.03791116484631707,1.143804380195913,1.127712118503542,0.9859309319224544,0.9532,0.5090268581081081,0.046799999999999994,0.0,0.046799999999999994,2.8136529609458654,0.9479875,0.5246703828828829,0.0520125,0.0,0.0520125,2.8076348359458416,1.15,1.12,1.18,False,False,0,,,,,21980820,15000,40000,80000
173,4,1212,1.1710397165630055,2.6084070298894018,2.7574270986166427,0.3475707776438821,0.0,0.0,0.5,0.6710397165630055,2.6367690326586626,1.729186823384425,0.6557976075898011,0.791825,0.7267775337837838,0.208175,0.0,0.208175,2.7563185276450692,0.9586375,0.4874182432432433,0.041362499999999996,0.0,0.041362499999999996,2.8187714401457864,0.49,0.46,0.52,False,False,0,,,0.5,0.0,21990820,15000,40000,80000
173,4,1212,1.1710397165630055,2.6084070298894018,2.7574270986166427,0.3475707776438821,0.5,5.0,0.58,0.5910397165630056,2.2899504917837037,1.6558170932053426,0.7230798653273863,0.8258,0.7180337837837838,0.1742,0.0,0.1742,2.755228927645211,0.9586375,0.4874182432432433,0.041362499999999996,0.0,0.041362499999999996,2.8187714401457864,0.59,0.56,0.62,False,False,0,,,,,21990820,15000,40000,80000
173,4,1212,1.1710397165630055,2.6084070298894018,2.7574270986166427,0.3475707776438821,1.0,10.0,0.675,0.4960397165630055,2.001439101643917,1.58244736302626,0.7906547652269257,0.859175,0.6929388513513512,0.14082499999999998,0.0,0.14082499999999998,2.7585843151453515,0.9586375,0.4874182432432433,0.041362499999999996,0.0,0.041362499999999996,2.8187714401457864,0.65,0.62,0.68,False,False,0,,,,,21990820,15000,40000,80000
173,4,1212,1.1710397165630055,2.6084070298894018,2.7574270986166427,0.3475707776438821,2.0,20.0,0.865,0.30603971656300555,1.5854634260086564,1.435707902668095,0.9055446370544382,0.910175,0.6196308558558559,0.089825,0.0,0.089825,2.77509306514557,0.9586375,0.4874182432432433,0.041362499999999996,0.0,0.041362499999999996,2.8187714401457864,0.85,0.82,0.88,False,False,0,,,,,21990820,15000,40000,80000
173,4,1212,1.1710397165630055,2.6084070298894018,2.7574270986166427,0.3475707776438821,3.0,30.0,1.005,0.16603971656300565,1.320011217956642,1.2889684423099304,0.9764829455807464,0.9366749999999999,0.5586730855855855,0.06332499999999999,0.0,0.06332499999999999,2.7931435776456865,0.9586375,0.4874182432432433,0.041362499999999996,0.0,0.041362499999999996,2.8187714401457864,1.0,0.97,1.03,False,False,0,,,,,21990820,15000,40000,80000
173,4,1212,1.1710397165630055,2.6084070298894018,2.7574270986166427,0.3475707776438821,4.0,40.0,1.175,-0.003960283436994505,1.1457206389063836,1.1422289819517655,0.9969524360162081,0.9592625,0.4859653716216217,0.040737499999999996,0.0,0.040737499999999996,2.81932052764579,0.9586375,0.4874182432432433,0.041362499999999996,0.0,0.041362499999999996,2.8187714401457864,1.15,1.12,1.18,False,False,0,,,,,21990820,15000,40000,80000
174,1,364,1.166868613192684,2.3561673389332216,2.7184179444816747,0.3052541535169439,0.0,0.0,0.585,0.581868613192684,2.801196375409971,2.085272479347244,0.7444220968057095,0.814125,0.762095045045045,0.185875,0.0,0.185875,2.720605566018227,0.9492875000000001,0.5812438626126125,0.0507125,0.0,0.0507125,2.7873760785188137,0.57,0.54,0.6,False,False,0,,,0.585,0.0,22000820,15000,40000,80000
174,1,364,1.166868613192684,2.3561673389332216,2.7184179444816747,0.3052541535169439,0.5,5.0,0.655,0.511868613192684,2.4832589733702775,1.9943043096933162,0.8030996086512264,0.8391375000000001,0.7566892454954954,0.1608625,0.0,0.1608625,2.7232681035183317,0.9492875000000001,0.5812438626126125,0.0507125,0.0,0.0507125,2.7873760785188137,0.67,0.64,0.7,False,False,0,,,,,22000820,15000,40000,80000
174,1,364,1.166868613192684,2.3561673389332216,2.7184179444816747,0.3052541535169439,1.0,10.0,0.7500000000000001,0.41686861319268387,2.2204237629175814,1.9099255582053327,0.8601626365661563,0.8695437500000001,0.7366090371621622,0.13045625,0.0,0.13045625,2.7298968660184606,0.950775,0.5816250844594595,0.049225000000000005,0.0,0.049225000000000005,2.7875436410188197,0.8,0.77,0.83,False,True,1,0.68,0.9200000000000003,,,22000820,15000,40000,80000
174,1,364,1.166868613192684,2.3561673389332216,2.7184179444816747,0.3052541535169439,2.0,20.0,0.94,0.22686861319268403,1.8238746753456445,1.7213998007315319,0.9438147390282215,0.9139250000000001,0.6740402590090091,0.086075,0.0,0.086075,2.7517804035186537,0.9492875000000001,0.5812438626126125,0.0507125,0.0,0.0507125,2.7873760785188137,0.95,0.92,0.98,False,False,0,,,,,22000820,15000,40000,80000
174,1,364,1.166868613192684,2.3561673389332216,2.7184179444816747,0.3052541535169439,3.0,30.0,1.07,0.09686861319268392,1.553444491668792,1.5394634614236762,0.9909999808038866,0.936275,0.6216703828828829,0.063725,0.0,0.063725,2.771231191018754,0.9492875000000001,0.5812438626126125,0.0507125,0.0,0.0507125,2.7873760785188137,1.05,1.02,1.08,False,False,0,,,,,22000820,15000,40000,80000
174,1,364,1.166868613192684,2.3561673389332216,2.7184179444816747,0.3052541535169439,4.0,40.0,1.169999999999999,-0.003131386807315062,1.379867782552759,1.380158067476376,1.0002103715495698,0.9511125,0.5802719313063063,0.0488875,0.0,0.0488875,2.788107209768821,0.950775,0.5816250844594595,0.049225000000000005,0.0,0.049225000000000005,2.7875436410188197,1.25,1.22,1.28,False,True,1,1.13,1.3699999999999948,,,22000820,15000,40000,80000
175,2,812,1.0918100867686185,2.52771426429006,2.696546194516369,0.3281075410647654,0.0,0.0,0.525,0.5668100867686184,2.726575168639696,2.0238875753115657,0.7422819655184107,0.7982125,0.7467402027027027,0.2017875,0.0,0.2017875,2.7387479035659803,0.945775,0.5649179617117117,0.054224999999999995,0.0,0.054224999999999995,2.791251691066614,0.55,0.52,0.58,False,False,0,,,0.525,0.0,22010820,15000,40000,80000
175,2,812,1.0918100867686185,2.52771426429006,2.696546194516369,0.3281075410647654,0.5,5.0,0.615,0.47681008676861847,2.3874674673761453,1.9267537335775027,0.8070282673610742,0.8324625,0.737977533783784,0.1675375,0.0,0.1675375,2.7401788410661236,0.945775,0.5649179617117117,0.054224999999999995,0.0,0.054224999999999995,2.791251691066614,0.63,0.6,0.66,False,False,0,,,,,22010820,15000,40000,80000
175,2,812,1.0918100867686185,2.52771426429006,2.696546194516369,0.3281075410647654,1.0,10.0,0.6900000000000001,0.4018100867686184,2.112703468468779,1.8236597454417127,0.8631877462498057,0.8583625,0.72129115990991,0.1416375,0.0,0.1416375,2.743658391066233,0.9449062500000001,0.5642531813063063,0.05509375,0.0,0.05509375,2.7919650723166107,0.69,0.66,0.72,False,True,1,0.57,0.8100000000000002,,,22010820,15000,40000,80000
175,2,812,1.0918100867686185,2.52771426429006,2.696546194516369,0.3281075410647654,2.0,20.0,0.88,0.21181008676861846,1.7099398018045067,1.6353522083753138,0.9563799887279772,0.9086875,0.6548002815315317,0.0913125,0.0,0.0913125,2.7613561660664496,0.945775,0.5649179617117117,0.054224999999999995,0.0,0.054224999999999995,2.791251691066614,0.9,0.87,0.93,False,False,0,,,,,22010820,15000,40000,80000
175,2,812,1.0918100867686185,2.52771426429006,2.696546194516369,0.3281075410647654,3.0,30.0,1.0350000000000001,0.05681008676861832,1.4382058338520116,1.4290004386597235,0.9935993896175258,0.93704375,0.5891136542792792,0.06295624999999999,0.0,0.06295624999999999,2.7829459098165747,0.9449062500000001,0.5642531813063063,0.05509375,0.0,0.05509375,2.7919650723166107,1.0,0.97,1.03,False,True,1,0.88,1.12,,,22010820,15000,40000,80000
175,2,812,1.0918100867686185,2.52771426429006,2.696546194516369,0.3281075410647654,4.0,40.0,1.1949999999999976,-0.10318991323137916,1.247096029124069,1.2316707852687288,0.9876310697050535,0.95749375,0.5203260979729729,0.04250625,0.0,0.04250625,2.808934434816669,0.9449062500000001,0.5642531813063063,0.05509375,0.0,0.05509375,2.7919650723166107,1.2,1.17,1.23,False,True,1,1.08,1.319999999999995,,,22010820,15000,40000,80000
176,2,787,1.1395702462433588,2.2381808909208454,2.691885173588149,0.3349641951836596,0.0,0.0,0.52,0.6195702462433588,2.6352354197827927,1.799920990185825,0.6830209463161292,0.7834875,0.725484009009009,0.2165125,0.0,0.2165125,2.753014032684816,0.9408375,0.507665990990991,0.05916250000000001,0.0,0.05916250000000001,2.820490420185495,0.51,0.48,0.54,False,False,0,,,0.52,0.0,22020820,15000,40000,80000
176,2,787,1.1395702462433588,2.2381808909208454,2.691885173588149,0.3349641951836596,0.5,5.0,0.605,0.5345702462433588,2.264601908123845,1.6950411799645424,0.748494105689787,0.816675,0.7154388513513514,0.18332500000000002,0.0,0.18332500000000002,2.754463595184955,0.9408375,0.507665990990991,0.05916250000000001,0.0,0.05916250000000001,2.820490420185495,0.61,0.58,0.64,False,False,0,,,,,22020820,15000,40000,80000
176,2,787,1.1395702462433588,2.2381808909208454,2.691885173588149,0.3349641951836596,1.0,10.0,0.705,0.4345702462433588,1.9499310927910494,1.5901613697432602,0.8154961863124969,0.8497875,0.6885079391891893,0.1502125,0.0,0.1502125,2.760586982685095,0.9408375,0.507665990990991,0.05916250000000001,0.0,0.05916250000000001,2.820490420185495,0.71,0.68,0.74,False,False,0,,,,,22020820,15000,40000,80000
176,2,787,1.1395702462433588,2.2381808909208454,2.691885173588149,0.3349641951836596,2.0,20.0,0.865,0.2745702462433588,1.4991641010358159,1.380401749300695,0.9207809527635671,0.8937625,0.6287714527027027,0.10623750000000001,0.0,0.10623750000000001,2.776857132685284,0.9408375,0.507665990990991,0.05916250000000001,0.0,0.05916250000000001,2.820490420185495,0.85,0.82,0.88,False,False,0,,,,,22020820,15000,40000,80000
176,2,787,1.1395702462433588,2.2381808909208454,2.691885173588149,0.3349641951836596,3.0,30.0,1.075,0.06457024624335883,1.1884160814930307,1.17064212885813,0.9850439985526188,0.9324749999999999,0.5363919481981982,0.067525,0.0,0.067525,2.808923182685456,0.9408375,0.507665990990991,0.05916250000000001,0.0,0.05916250000000001,2.820490420185495,1.05,1.02,1.08,False,False,0,,,,,22020820,15000,40000,80000
176,2,787,1.1395702462433588,2.2381808909208454,2.691885173588149,0.3349641951836596,4.0,40.0,1.2099999999999982,-0.0704297537566394,0.9915123378819483,0.9827599303454464,0.9911726690610844,0.9504937499999999,0.47886396396396397,0.04950625,0.0,0.04950625,2.8324303514355393,0.94205,0.5088972972972973,0.05795,0.0,0.05795,2.8195827764355,1.25,1.22,1.28,False,True,1,1.13,1.3699999999999948,,,22020820,15000,40000,80000
177,2,252,1.0966854878742294,2.5801908262436037,2.83669560055482,0.3178688766093246,0.0,0.0,0.555,0.5416854878742293,2.810198906766613,2.172315498423127,0.7730112958169825,0.8172999999999999,0.765659740990991,0.1827,0.0,0.1827,2.7245749016106178,0.9498,0.6030282657657657,0.0502,0.0,0.0502,2.7759700016111886,0.55,0.52,0.58,False,False,0,,,0.555,0.0,22030820,15000,40000,80000
177,2,252,1.0966854878742294,2.5801908262436037,2.83669560055482,0.3178688766093246,0.5,5.0,0.635,0.46168548787422936,2.502466831281916,2.081896653891551,0.8319377615187319,0.846425,0.7590847409909909,0.15357500000000002,0.0,0.15357500000000002,2.7264986391107398,0.9498,0.6030282657657657,0.0502,0.0,0.0502,2.7759700016111886,0.65,0.62,0.68,False,False,0,,,,,22030820,15000,40000,80000
177,2,252,1.0966854878742294,2.5801908262436037,2.83669560055482,0.3178688766093246,1.0,10.0,0.74,0.3566854878742294,2.2586717560025,1.9914778093599756,0.8817030646739852,0.879975,0.7371615990990992,0.120025,0.0,0.120025,2.732298739110882,0.9498,0.6030282657657657,0.0502,0.0,0.0502,2.7759700016111886,0.75,0.72,0.78,False,False,0,,,,,22030820,15000,40000,80000
177,2,252,1.0966854878742294,2.5801908262436037,2.83669560055482,0.3178688766093246,2.0,20.0,0.87,0.22668548787422937,1.87736744570745,1.8106401202968243,0.9644569710829939,0.9109875000000001,0.6934512950450451,0.0890125,0.0,0.0890125,2.745473701611016,0.9498,0.6030282657657657,0.0502,0.0,0.0502,2.7759700016111886,0.85,0.82,0.88,False,False,0,,,,,22030820,15000,40000,80000
177,2,252,1.0966854878742294,2.5801908262436037,2.83669560055482,0.3178688766093246,3.0,30.0,1.02,0.07668548787422935,1.6457909619825521,1.6357416431802143,0.9938939275798232,0.9397875,0.6355340090090091,0.0602125,0.0,0.0602125,2.7639993141111425,0.9502875,0.6031432713963963,0.0497125,0.0,0.0497125,2.7755347141111897,1.05,1.02,1.08,False,True,1,0.93,1.1700000000000004,,,22030820,15000,40000,80000
177,2,252,1.0966854878742294,2.5801908262436037,2.83669560055482,0.3178688766093246,4.0,40.0,1.135,-0.03831451212577064,1.4532063385433347,1.4489647421705214,0.9970812153372074,0.9543625,0.5868336711711711,0.0456375,0.0,0.0456375,2.782011476611209,0.9498,0.6030282657657657,0.0502,0.0,0.0502,2.7759700016111886,1.15,1.12,1.18,False,False,0,,,,,22030820,15000,40000,80000
178,3,767,1.2131269799949131,2.29470193516024,2.766825661903761,0.309963208936709,0.0,0.0,0.555,0.6581269799949131,2.787163935362166,1.9617225374062306,0.7038418201803128,0.8042499999999999,0.7592635135135135,0.19575,0.0,0.19575,2.7241437214379505,0.9542875,0.5496720157657657,0.0457125,0.0,0.0457125,2.801986546438603,0.57,0.54,0.6,False,False,0,,,0.555,0.0,22040820,15000,40000,80000
178,3,767,1.2131269799949131,2.29470193516024,2.766825661903761,0.309963208936709,0.5,5.0,0.67,0.5431269799949131,2.46546748063573,1.880150946603802,0.7625940968075547,0.8458,0.7497466779279279,0.1542,0.0,0.1542,2.728272358938125,0.9542875,0.5496720157657657,0.0457125,0.0,0.0457125,2.801986546438603,0.65,0.62,0.68,False,False,0,,,,,22040820,15000,40000,80000
178,3,767,1.2131269799949131,2.29470193516024,2.766825661903761,0.309963208936709,1.0,10.0,0.7300000000000001,0.48312697999491305,2.170864102372557,1.798754582873808,0.8285892151922052,0.86075625,0.7328772240990991,0.13924375,0.0,0.13924375,2.73454922143819,0.953325,0.5506885135135136,0.046674999999999994,0.0,0.046674999999999994,2.802013783938599,0.8,0.77,0.83,False,True,1,0.68,0.9200000000000003,,,22040820,15000,40000,80000
178,3,767,1.2131269799949131,2.29470193516024,2.766825661903761,0.309963208936709,2.0,20.0,0.915,0.2981269799949131,1.8049945857380798,1.635436174196516,0.9060615400836619,0.9106875,0.6755452139639639,0.0893125,0.0,0.0893125,2.7530288339384046,0.9542875,0.5496720157657657,0.0457125,0.0,0.0457125,2.801986546438603,0.9,0.87,0.93,False,False,0,,,,,22040820,15000,40000,80000
178,3,767,1.2131269799949131,2.29470193516024,2.766825661903761,0.309963208936709,3.0,30.0,1.08,0.13312697999491307,1.5189204294707033,1.4722929925916584,0.9693022518004494,0.938375,0.6069123873873874,0.061625,0.0,0.061625,2.7785351964385283,0.9542875,0.5496720157657657,0.0457125,0.0,0.0457125,2.801986546438603,1.1,1.07,1.13,False,False,0,,,,,22040820,15000,40000,80000
178,3,767,1.2131269799949131,2.29470193516024,2.766825661903761,0.309963208936709,4.0,40.0,1.225,-0.011873020005086943,1.3081118812625954,1.3091498109868014,1.000793456384789,0.9555375,0.5446618806306307,0.0444625,0.0,0.0444625,2.8041323214386082,0.9542875,0.5496720157657657,0.0457125,0.0,0.0457125,2.801986546438603,1.25,1.22,1.28,False,False,0,,,,,22040820,15000,40000,80000
179,2,2,1.1860083406530766,2.624199917094973,2.6490139337089813,0.3303117252644746,0.0,0.0,0.515,0.6710083406530766,2.7237838537273955,1.8555802658788298,0.681250923541359,0.7961,0.7463527027027027,0.2039,0.0,0.2039,2.7401319002656805,0.958275,0.5209878941441441,0.041725,0.0,0.041725,2.8076818002663804,0.49,0.46,0.52,False,False,0,,,0.515,0.0,22050820,15000,40000,80000
179,2,2,1.1860083406530766,2.624199917094973,2.6490139337089813,0.3303117252644746,0.5,5.0,0.62,0.5660083406530766,2.3943151084283687,1.7812751932811424,0.7439602193590857,0.837675,0.7374216779279279,0.162325,0.0,0.162325,2.7409056377658545,0.958275,0.5209878941441441,0.041725,0.0,0.041725,2.8076818002663804,0.61,0.58,0.64,False,False,0,,,,,22050820,15000,40000,80000
179,2,2,1.1860083406530766,2.624199917094973,2.6490139337089813,0.3303117252644746,1.0,10.0,0.675,0.5110083406530765,2.115836298680747,1.7069701206834544,0.8067590681508648,0.855925,0.7245913851351351,0.144075,0.0,0.144075,2.743673437765932,0.958275,0.5209878941441441,0.041725,0.0,0.041725,2.8076818002663804,0.67,0.64,0.7,False,False,0,,,,,22050820,15000,40000,80000
179,2,2,1.1860083406530766,2.624199917094973,2.6490139337089813,0.3303117252644746,2.0,20.0,0.8550000000000001,0.3310083406530765,1.7201345067351759,1.5621211577130107,0.9081389575039249,0.90548125,0.6635988457207207,0.09451875,0.0,0.09451875,2.7588618440161436,0.95816875,0.5221817567567567,0.04183125,0.0,0.04183125,2.8072038752663797,0.9,0.87,0.93,False,True,1,0.78,1.0200000000000002,,,22050820,15000,40000,80000
179,2,2,1.1860083406530766,2.624199917094973,2.6490139337089813,0.3303117252644746,3.0,30.0,1.075,0.11100834065307663,1.4387187367670546,1.4097498302927036,0.9798647882077027,0.9443250000000001,0.5684014076576577,0.055675,0.0,0.055675,2.789818450266316,0.958275,0.5209878941441441,0.041725,0.0,0.041725,2.8076818002663804,1.05,1.02,1.08,False,False,0,,,,,22050820,15000,40000,80000
179,2,2,1.1860083406530766,2.624199917094973,2.6490139337089813,0.3303117252644746,4.0,40.0,1.185,0.0010083406530765338,1.260849644852865,1.261139685097328,1.0002300355523333,0.9581500000000001,0.5213862612612612,0.04185,0.0,0.04185,2.8075216002663796,0.958275,0.5209878941441441,0.041725,0.0,0.041725,2.8076818002663804,1.2,1.17,1.23,False,False,0,,,,,22050820,15000,40000,80000
180,4,656,1.113091137886688,2.370368808783513,2.7942896391214984,0.3173787603813339,0.0,0.0,0.565,0.548091137886688,2.7650404544749976,2.079988557750774,0.7522452535493571,0.8109999999999999,0.7548249436936937,0.189,0.0,0.189,2.7298875228826027,0.9448375,0.5797831081081081,0.0551625,0.0,0.0551625,2.7874341228831803,0.55,0.52,0.58,False,False,0,,,0.565,0.0,22060820,15000,40000,80000
180,4,656,1.113091137886688,2.370368808783513,2.7942896391214984,0.3173787603813339,0.5,5.0,0.63,0.4830911378866879,2.4405018984790257,1.981040030954843,0.8117346813741348,0.8350625,0.7491215653153153,0.1649375,0.0,0.1649375,2.7316217853827034,0.9448375,0.5797831081081081,0.0551625,0.0,0.0551625,2.7874341228831803,0.65,0.62,0.68,False,False,0,,,,,22060820,15000,40000,80000
180,4,656,1.113091137886688,2.370368808783513,2.7942896391214984,0.3173787603813339,1.0,10.0,0.74,0.3730911378866879,2.173967235105041,1.8820915041589112,0.8657405106052452,0.87035,0.724970382882883,0.12965,0.0,0.12965,2.7384054978828534,0.9448375,0.5797831081081081,0.0551625,0.0,0.0551625,2.7874341228831803,0.73,0.7,0.76,False,False,0,,,,,22060820,15000,40000,80000
180,4,656,1.113091137886688,2.370368808783513,2.7942896391214984,0.3173787603813339,2.0,20.0,0.875,0.2380911378866879,1.7623096312610207,1.6841944505670485,0.9556745424820287,0.903525,0.6780926801801801,0.096475,0.0,0.096475,2.7528799228829968,0.9448375,0.5797831081081081,0.0551625,0.0,0.0551625,2.7874341228831803,0.85,0.82,0.88,False,False,0,,,,,22060820,15000,40000,80000
180,4,656,1.113091137886688,2.370368808783513,2.7942896391214984,0.3173787603813339,3.0,30.0,1.0500000000000003,0.06309113788668763,1.4974902096138787,1.4929120370559992,0.9969427696231417,0.936125,0.6075164695945945,0.063875,0.0,0.063875,2.777256685383141,0.945125,0.5807478885135136,0.05487499999999999,0.0,0.05487499999999999,2.787323554133182,1.05,1.02,1.08,False,True,1,0.93,1.1700000000000004,,,22060820,15000,40000,80000
180,4,656,1.113091137886688,2.370368808783513,2.7942896391214984,0.3173787603813339,4.0,40.0,1.11,0.0030911378866878003,1.2887277410333637,1.2884003433833229,0.9997459528187247,0.9445,0.5811545045045043,0.05550000000000001,0.0,0.05550000000000001,2.7868920103831787,0.9448375,0.5797831081081081,0.0551625,0.0,0.0551625,2.7874341228831803,1.1,1.07,1.13,False,False,0,,,,,22060820,15000,40000,80000
181,2,1067,1.1584078530374406,2.7881700891727923,2.7632207844043304,0.3547158838104771,0.0,0.0,0.48,0.6784078530374407,2.6397963571377643,1.7128379450896027,0.648852302738523,0.793075,0.7281656531531533,0.206925,0.0,0.206925,2.7584160088116683,0.962075,0.4823607545045045,0.037925,0.0,0.037925,2.816149396312393,0.49,0.46,0.52,False,False,0,,,0.48,0.0,22070820,15000,40000,80000
181,2,1067,1.1584078530374406,2.7881700891727923,2.7632207844043304,0.3547158838104771,0.5,5.0,0.57,0.5884078530374407,2.2926783362977106,1.6455030940876265,0.7177208717141005,0.8308875,0.7166002252252253,0.1691125,0.0,0.1691125,2.756793071311826,0.962075,0.4823607545045045,0.037925,0.0,0.037925,2.816149396312393,0.55,0.52,0.58,False,False,0,,,,,22070820,15000,40000,80000
181,2,1067,1.1584078530374406,2.7881700891727923,2.7632207844043304,0.3547158838104771,1.0,10.0,0.635,0.5234078530374406,2.020170249813656,1.5781682430856507,0.7812055658334855,0.8559875,0.7010637387387387,0.1440125,0.0,0.1440125,2.7574469963119306,0.962075,0.4823607545045045,0.037925,0.0,0.037925,2.816149396312393,0.65,0.62,0.68,False,False,0,,,,,22070820,15000,40000,80000
181,2,1067,1.1584078530374406,2.7881700891727923,2.7632207844043304,0.3547158838104771,2.0,20.0,0.8500000000000002,0.30840785303744045,1.5966808540803321,1.4300878445185234,0.8956629252889964,0.913475,0.6160714808558558,0.08652499999999999,0.0,0.08652499999999999,2.774640152562176,0.9606125000000001,0.48161193693693694,0.039387500000000006,0.0,0.039387500000000006,2.8168684775623873,0.8,0.77,0.83,False,True,1,0.68,0.9200000000000003,,,22070820,15000,40000,80000
181,2,1067,1.1584078530374406,2.7881700891727923,2.7632207844043304,0.3547158838104771,3.0,30.0,1.0,0.15840785303744065,1.327486247968386,1.290260584872789,0.9719577787321203,0.9404625,0.5494386542792793,0.05953749999999999,0.0,0.05953749999999999,2.793446296312295,0.9606125000000001,0.48161193693693694,0.039387500000000006,0.0,0.039387500000000006,2.8168684775623873,1.05,1.02,1.08,False,True,1,0.93,1.1700000000000004,,,22070820,15000,40000,80000
181,2,1067,1.1584078530374406,2.7881700891727923,2.7632207844043304,0.3547158838104771,4.0,40.0,1.12,0.03840785303744054,1.1772772073478452,1.1741591370737938,0.9973514561782133,0.95805,0.49862590090090086,0.04195,0.0,0.04195,2.8100934838123743,0.962075,0.4823607545045045,0.037925,0.0,0.037925,2.816149396312393,1.1,1.07,1.13,False,False,0,,,,,22070820,15000,40000,80000
182,3,454,1.0793402687373443,2.6416741385328635,2.7508718892012443,0.3752859522952426,0.0,0.0,0.415,0.6643402687373443,2.441617243005544,1.5701490747008564,0.6430774844823993,0.7530875,0.6806920045045045,0.2469125,0.0,0.2469125,2.78787351479627,0.9483125,0.4444961711711712,0.0516875,0.0,0.0516875,2.830917002297099,0.41,0.38,0.44,False,False,0,,,0.415,0.0,22080820,15000,40000,80000
182,3,454,1.0793402687373443,2.6416741385328635,2.7508718892012443,0.3752859522952426,0.5,5.0,0.52,0.5593402687373443,2.0469357634298486,1.4788579842908247,0.7224740564466215,0.8029875,0.6680106418918919,0.19701249999999998,0.0,0.19701249999999998,2.7822289397964766,0.9483125,0.4444961711711712,0.0516875,0.0,0.0516875,2.830917002297099,0.51,0.48,0.54,False,False,0,,,,,22080820,15000,40000,80000
182,3,454,1.0793402687373443,2.6416741385328635,2.7508718892012443,0.3752859522952426,1.0,10.0,0.635,0.44434026873734433,1.722008688800243,1.3875668938807932,0.8057839097475972,0.8471500000000001,0.6321867117117117,0.15284999999999999,0.0,0.15284999999999999,2.783590552296661,0.9483125,0.4444961711711712,0.0516875,0.0,0.0516875,2.830917002297099,0.63,0.6,0.66,False,False,0,,,,,22080820,15000,40000,80000
182,3,454,1.0793402687373443,2.6416741385328635,2.7508718892012443,0.3752859522952426,2.0,20.0,0.845,0.23434026873734437,1.2892579988787467,1.20498471306073,0.9346342734415392,0.907825,0.5452334459459459,0.092175,0.0,0.092175,2.79915615229692,0.9483125,0.4444961711711712,0.0516875,0.0,0.0516875,2.830917002297099,0.85,0.82,0.88,False,False,0,,,,,22080820,15000,40000,80000
182,3,454,1.0793402687373443,2.6416741385328635,2.7508718892012443,0.3752859522952426,3.0,30.0,1.095,-0.01565973126265563,1.0242982851774345,1.022402532240667,0.99814921789463,0.9505874999999999,0.43844279279279275,0.0494125,0.0,0.0494125,2.8332107647971094,0.9483125,0.4444961711711712,0.0516875,0.0,0.0516875,2.830917002297099,1.1,1.07,1.13,False,False,0,,,,,22080820,15000,40000,80000
182,3,454,1.0793402687373443,2.6416741385328635,2.7508718892012443,0.3752859522952426,4.0,40.0,1.22,-0.14065973126265563,0.8751355356857312,0.8398203514206039,0.959646040155991,0.9646625,0.39105281531531527,0.035337499999999994,0.0,0.035337499999999994,2.853304489797175,0.9483125,0.4444961711711712,0.0516875,0.0,0.0516875,2.830917002297099,1.2,1.17,1.23,False,False,0,,,,,22080820,15000,40000,80000
183,2,937,1.1162599637936317,2.5567885889914104,2.5207548514867826,0.3231056353270837,0.0,0.0,0.54,0.5762599637936316,2.723452691090734,1.996482984972168,0.7330705583773452,0.7981499999999999,0.7454631193693694,0.20185,0.0,0.20185,2.7371987103282995,0.943875,0.5582643581081081,0.056125,0.0,0.056125,2.7962389978289277,0.55,0.52,0.58,False,False,0,,,0.54,0.0,22090820,15000,40000,80000
183,2,937,1.1162599637936317,2.5567885889914104,2.5207548514867826,0.3231056353270837,0.5,5.0,0.62,0.4962599637936317,2.384222354559507,1.8961249682869403,0.7952802575904275,0.8288249999999999,0.7385653716216216,0.171175,0.0,0.171175,2.7387456978284286,0.943875,0.5582643581081081,0.056125,0.0,0.056125,2.7962389978289277,0.61,0.58,0.64,False,False,0,,,,,22090820,15000,40000,80000
183,2,937,1.1162599637936317,2.5567885889914104,2.5207548514867826,0.3231056353270837,1.0,10.0,0.735,0.3812599637936317,2.105145490204286,1.7957669516017123,0.8530369800841884,0.866575,0.7114159346846847,0.13342500000000002,0.0,0.13342500000000002,2.745610397828588,0.943875,0.5582643581081081,0.056125,0.0,0.056125,2.7962389978289277,0.75,0.72,0.78,False,False,0,,,,,22090820,15000,40000,80000
183,2,937,1.1162599637936317,2.5567885889914104,2.5207548514867826,0.3231056353270837,2.0,20.0,0.925,0.19125996379363164,1.6772456129286129,1.598935274784791,0.9533101547321472,0.91238125,0.6393833333333334,0.08761875,0.0,0.08761875,2.7673098665787865,0.9445,0.5581056306306307,0.0555,0.0,0.0555,2.7962709790789306,0.95,0.92,0.98,False,True,1,0.83,1.0700000000000003,,,22090820,15000,40000,80000
183,2,937,1.1162599637936317,2.5567885889914104,2.5207548514867826,0.3231056353270837,3.0,30.0,1.06,0.05625996379363163,1.401748513663256,1.3943348848608017,0.9947111562950192,0.9359999999999999,0.5826697635135135,0.064,0.0,0.064,2.7870174978288915,0.943875,0.5582643581081081,0.056125,0.0,0.056125,2.7962389978289277,1.05,1.02,1.08,False,False,0,,,,,22090820,15000,40000,80000
183,2,937,1.1162599637936317,2.5567885889914104,2.5207548514867826,0.3231056353270837,4.0,40.0,1.2,-0.08374003620636827,1.2085817748664798,1.193618851490346,0.987619436526927,0.95425,0.5226656531531532,0.04575,0.0,0.04575,2.810448247828976,0.943875,0.5582643581081081,0.056125,0.0,0.056125,2.7962389978289277,1.2,1.17,1.23,False,False,0,,,,,22090820,15000,40000,80000
184,2,823,1.064970713967384,2.5727212309762373,2.5998599908547604,0.307661929107001,0.0,0.0,0.595,0.4699707139673841,2.810377944888778,2.2558643602183053,0.8026907428308837,0.8239875,0.7644918355855856,0.1760125,0.0,0.1760125,2.720245641608324,0.9407375,0.6246844031531531,0.059262499999999996,0.0,0.059262499999999996,2.769157641608828,0.59,0.56,0.62,False,False,0,,,0.595,0.0,22100820,15000,40000,80000
184,2,823,1.064970713967384,2.5727212309762373,2.5998599908547604,0.307661929107001,0.5,5.0,0.67,0.39497071396738404,2.5064412237941576,2.148859798416671,0.8573350047138975,0.850975,0.7570273085585586,0.14902500000000002,0.0,0.14902500000000002,2.723043341608438,0.9407375,0.6246844031531531,0.059262499999999996,0.0,0.059262499999999996,2.769157641608828,0.67,0.64,0.7,False,False,0,,,,,22100820,15000,40000,80000
184,2,823,1.064970713967384,2.5727212309762373,2.5998599908547604,0.307661929107001,1.0,10.0,0.755,0.30997071396738407,2.2533156276535085,2.0418552366150364,0.9061558938111673,0.8768,0.7381916103603603,0.1232,0.0,0.1232,2.7292741541085483,0.9407375,0.6246844031531531,0.059262499999999996,0.0,0.059262499999999996,2.769157641608828,0.73,0.7,0.76,False,False,0,,,,,22100820,15000,40000,80000
184,2,823,1.064970713967384,2.5727212309762373,2.5998599908547604,0.307661929107001,2.0,20.0,0.92,0.14497071396738404,1.8772333667927397,1.8278461130117678,0.9736914681708699,0.9162625,0.6832860923423423,0.08373749999999999,0.0,0.08373749999999999,2.7477196041087186,0.9407375,0.6246844031531531,0.059262499999999996,0.0,0.059262499999999996,2.769157641608828,0.9,0.87,0.93,False,False,0,,,,,22100820,15000,40000,80000
184,2,823,1.064970713967384,2.5727212309762373,2.5998599908547604,0.307661929107001,3.0,30.0,1.09,-0.025029286032616005,1.6142216646528524,1.6138369894084992,0.9997616961457174,0.9444,0.6144404279279279,0.0556,0.0,0.0556,2.7731038291088446,0.9407375,0.6246844031531531,0.059262499999999996,0.0,0.059262499999999996,2.769157641608828,1.1,1.07,1.13,False,False,0,,,,,22100820,15000,40000,80000
184,2,823,1.064970713967384,2.5727212309762373,2.5998599908547604,0.307661929107001,4.0,40.0,1.145,-0.08002928603261594,1.415490729398767,1.3998278658052303,0.9889346759620322,0.9507874999999999,0.5907158783783785,0.049212500000000006,0.0,0.049212500000000006,2.7825394416088747,0.9407375,0.6246844031531531,0.059262499999999996,0.0,0.059262499999999996,2.769157641608828,1.15,1.12,1.18,False,False,0,,,,,22100820,15000,40000,80000
185,3,398,1.1717317103224456,2.81675118570269,2.596826950711274,0.3460178155162601,0.0,0.0,0.47,0.7017317103224456,2.657205169456467,1.7448803653566802,0.6566600070681018,0.7813625,0.731859572072072,0.21863749999999998,0.0,0.21863749999999998,2.7542456280174044,0.9600124999999999,0.49127775900900905,0.0399875,0.0,0.0399875,2.8155383530181703,0.49,0.46,0.52,False,False,0,,,0.47,0.0,22110820,15000,40000,80000
185,3,398,1.1717317103224456,2.81675118570269,2.596826950711274,0.3460178155162601,0.5,5.0,0.585,0.5867317103224456,2.3095372815012443,1.6738681911535929,0.7247634426864701,0.829375,0.7210641891891891,0.170625,0.0,0.170625,2.752723215517604,0.9600124999999999,0.49127775900900905,0.0399875,0.0,0.0399875,2.8155383530181703,0.59,0.56,0.62,False,False,0,,,,,22110820,15000,40000,80000
185,3,398,1.1717317103224456,2.81675118570269,2.596826950711274,0.3460178155162601,1.0,10.0,0.67,0.5017317103224456,2.0304251980229897,1.6028560169505055,0.7894188953679233,0.860025,0.6994054617117117,0.13997500000000002,0.0,0.13997500000000002,2.7552379780177327,0.9600124999999999,0.49127775900900905,0.0399875,0.0,0.0399875,2.8155383530181703,0.67,0.64,0.7,False,False,0,,,,,22110820,15000,40000,80000
185,3,398,1.1717317103224456,2.81675118570269,2.596826950711274,0.3460178155162601,2.0,20.0,0.8650000000000001,0.3067317103224455,1.618502670133295,1.4575720119677413,0.9005681849432476,0.91224375,0.624161204954955,0.08775625000000001,0.0,0.08775625000000001,2.771998546767956,0.9596750000000001,0.4910824605855856,0.040325,0.0,0.040325,2.815864034268169,0.9,0.87,0.93,False,True,1,0.78,1.0200000000000002,,,22110820,15000,40000,80000
185,3,398,1.1717317103224456,2.81675118570269,2.596826950711274,0.3460178155162601,3.0,30.0,1.02,0.1517317103224456,1.3604921434330655,1.318807320138156,0.9693604821636662,0.941025,0.5567570945945945,0.058975,0.0,0.058975,2.791872753018083,0.9600124999999999,0.49127775900900905,0.0399875,0.0,0.0399875,2.8155383530181703,1.0,0.97,1.03,False,False,0,,,,,22110820,15000,40000,80000
185,3,398,1.1717317103224456,2.81675118570269,2.596826950711274,0.3460178155162601,4.0,40.0,1.1199999999999992,0.05173171032244639,1.173871111475012,1.1711590352809582,0.9976896303456638,0.9541,0.5131554617117118,0.045899999999999996,0.0,0.045899999999999996,2.8074245842681425,0.9596750000000001,0.4910824605855856,0.040325,0.0,0.040325,2.815864034268169,1.2,1.17,1.23,False,True,1,1.08,1.319999999999995,,,22110820,15000,40000,80000
186,1,1200,1.1230580655590758,2.45653005215002,2.8452493984788427,0.33674790353825,0.0,0.0,0.515,0.6080580655590758,2.6936091676102474,1.902046400096924,0.7061330288626866,0.7963374999999999,0.739719650900901,0.20366250000000002,0.0,0.20366250000000002,2.746202603539457,0.9504250000000001,0.5332010698198197,0.049575,0.0,0.049575,2.803302116040119,0.49,0.46,0.52,False,False,0,,,0.515,0.0,22120820,15000,40000,80000
186,1,1200,1.1230580655590758,2.45653005215002,2.8452493984788427,0.33674790353825,0.5,5.0,0.6,0.5230580655590759,2.3545566643724434,1.8136238934460382,0.7702613068899834,0.830525,0.7313795045045046,0.169475,0.0,0.169475,2.7463429285395993,0.9504250000000001,0.5332010698198197,0.049575,0.0,0.049575,2.803302116040119,0.59,0.56,0.62,False,False,0,,,,,22120820,15000,40000,80000
186,1,1200,1.1230580655590758,2.45653005215002,2.8452493984788427,0.33674790353825,1.0,10.0,0.685,0.4380580655590758,2.073757295472799,1.7252013867951521,0.8319205871205004,0.8595625,0.7107296171171171,0.1404375,0.0,0.1404375,2.750042728539722,0.9504250000000001,0.5332010698198197,0.049575,0.0,0.049575,2.803302116040119,0.71,0.68,0.74,False,False,0,,,,,22120820,15000,40000,80000
186,1,1200,1.1230580655590758,2.45653005215002,2.8452493984788427,0.33674790353825,2.0,20.0,0.875,0.24805806555907584,1.6688750825360463,1.54835637349338,0.9277844637361807,0.9102875,0.6412418355855856,0.0897125,0.0,0.0897125,2.767234291039939,0.9504250000000001,0.5332010698198197,0.049575,0.0,0.049575,2.803302116040119,0.9,0.87,0.93,False,False,0,,,,,22120820,15000,40000,80000
186,1,1200,1.1230580655590758,2.45653005215002,2.8452493984788427,0.33674790353825,3.0,30.0,1.025,0.09805806555907592,1.399943127354232,1.3715113601916085,0.9796907698555176,0.9378625,0.5766484234234235,0.0621375,0.0,0.0621375,2.7875126910400616,0.9504250000000001,0.5332010698198197,0.049575,0.0,0.049575,2.803302116040119,1.05,1.02,1.08,False,False,0,,,,,22120820,15000,40000,80000
186,1,1200,1.1230580655590758,2.45653005215002,2.8452493984788427,0.33674790353825,4.0,40.0,1.1750000000000003,-0.05194193444092443,1.2094718534917237,1.207651590809297,0.9984949937634584,0.9572750000000001,0.5109601351351352,0.042725,0.0,0.042725,2.8116415785401503,0.95133125,0.5331824887387386,0.04866875,0.0,0.04866875,2.803022753540123,1.1,1.07,1.13,False,True,1,0.9800000000000001,1.2200000000000002,,,22120820,15000,40000,80000
187,1,354,1.091242000630963,2.574625166519384,2.6782390090246606,0.3361571470983651,0.0,0.0,0.51,0.5812420006309631,2.6783510483136777,1.944528742448652,0.7260171304553041,0.7910125,0.7359015202702702,0.2089875,0.0,0.2089875,2.7475917345995504,0.9452375,0.5443066441441442,0.0547625,0.0,0.0547625,2.799169959600211,0.51,0.48,0.54,False,False,0,,,0.51,0.0,22130820,15000,40000,80000
187,1,354,1.091242000630963,2.574625166519384,2.6782390090246606,0.3361571470983651,0.5,5.0,0.59,0.5012420006309631,2.3334823162154517,1.8467095660671267,0.7913964263771258,0.8238125000000001,0.7291972972972973,0.1761875,0.0,0.1761875,2.747411209599687,0.9452375,0.5443066441441442,0.0547625,0.0,0.0547625,2.799169959600211,0.59,0.56,0.62,False,False,0,,,,,22130820,15000,40000,80000
187,1,354,1.091242000630963,2.574625166519384,2.6782390090246606,0.3361571470983651,1.0,10.0,0.695,0.39624200063096315,2.0510270655523857,1.7488903896856012,0.8526900590727151,0.8602624999999999,0.7041438626126126,0.13973750000000001,0.0,0.13973750000000001,2.751823084599841,0.9452375,0.5443066441441442,0.0547625,0.0,0.0547625,2.799169959600211,0.71,0.68,0.74,False,False,0,,,,,22130820,15000,40000,80000
187,1,354,1.091242000630963,2.574625166519384,2.6782390090246606,0.3361571470983651,2.0,20.0,0.875,0.2162420006309631,1.6337495500222317,1.5532520369225506,0.950728364027041,0.9075500000000001,0.6372557995495496,0.09245,0.0,0.09245,2.7688197346000436,0.9452375,0.5443066441441442,0.0547625,0.0,0.0547625,2.799169959600211,0.9,0.87,0.93,False,False,0,,,,,22130820,15000,40000,80000
187,1,354,1.091242000630963,2.574625166519384,2.6782390090246606,0.3361571470983651,3.0,30.0,1.01,0.0812420006309631,1.3609344530467256,1.3576136841595001,0.997559934734703,0.9332125,0.5796260135135136,0.0667875,0.0,0.0667875,2.786787509600157,0.9452375,0.5443066441441442,0.0547625,0.0,0.0547625,2.799169959600211,1.0,0.97,1.03,False,False,0,,,,,22130820,15000,40000,80000
187,1,354,1.091242000630963,2.574625166519384,2.6782390090246606,0.3361571470983651,4.0,40.0,1.159999999999997,-0.06875799936903393,1.1947982705039715,1.1808591118793041,0.9883334626699889,0.95514375,0.5151277027027027,0.04485625,0.0,0.04485625,2.8097019471002564,0.94649375,0.5444951013513513,0.053506250000000005,0.0,0.053506250000000005,2.7985565596002164,1.15,1.12,1.18,False,True,1,1.0299999999999998,1.2699999999999947,,,22130820,15000,40000,80000
188,1,334,1.0801720126930303,2.2500905171512398,2.891159960147274,0.3301697580205803,0.0,0.0,0.51,0.5701720126930303,2.6926204044634323,1.9942656367656049,0.7406412108664864,0.7863,0.7388654279279279,0.2137,0.0,0.2137,2.7440385830217466,0.9382625,0.5578239301801802,0.0617375,0.0,0.0617375,2.7971395580223986,0.51,0.48,0.54,False,False,0,,,0.51,0.0,22140820,15000,40000,80000
188,1,334,1.0801720126930303,2.2500905171512398,2.891159960147274,0.3301697580205803,0.5,5.0,0.625,0.4551720126930303,2.346387494711608,1.8839073605349244,0.8028969489400016,0.8315625,0.7283676801801802,0.16843750000000002,0.0,0.16843750000000002,2.7452794205219364,0.9382625,0.5578239301801802,0.0617375,0.0,0.0617375,2.7971395580223986,0.65,0.62,0.68,False,False,0,,,,,22140820,15000,40000,80000
188,1,334,1.0801720126930303,2.2500905171512398,2.891159960147274,0.3301697580205803,1.0,10.0,0.695,0.38517201269303036,2.0595001283688585,1.7735490843042434,0.8611551219998754,0.8549,0.7112716779279279,0.1451,0.0,0.1451,2.749073283022035,0.9382625,0.5578239301801802,0.0617375,0.0,0.0617375,2.7971395580223986,0.69,0.66,0.72,False,False,0,,,,,22140820,15000,40000,80000
188,1,334,1.0801720126930303,2.2500905171512398,2.891159960147274,0.3301697580205803,2.0,20.0,0.88,0.2001720126930303,1.626551856335853,1.5528325318428822,0.9546775442751398,0.903125,0.6439242117117117,0.09687499999999999,0.0,0.09687499999999999,2.7676597580222424,0.9382625,0.5578239301801802,0.0617375,0.0,0.0617375,2.7971395580223986,0.9,0.87,0.93,False,False,0,,,,,22140820,15000,40000,80000
188,1,334,1.0801720126930303,2.2500905171512398,2.891159960147274,0.3301697580205803,3.0,30.0,1.0500000000000003,0.030172012693030048,1.342635284186644,1.3397788098280472,0.997872486748829,0.934275,0.5719731418918919,0.065725,0.0,0.065725,2.79151118927238,0.9386187500000001,0.558799268018018,0.06138125,0.0,0.06138125,2.7963982955224,1.1,1.07,1.13,False,True,1,0.9800000000000001,1.2200000000000002,,,22140820,15000,40000,80000
188,1,334,1.0801720126930303,2.2500905171512398,2.891159960147274,0.3301697580205803,4.0,40.0,1.185,-0.10482798730696974,1.1346792362946814,1.1113994269201593,0.979483356502986,0.9516249999999999,0.5128989301801801,0.048375,0.0,0.048375,2.81488300802246,0.9382625,0.5578239301801802,0.0617375,0.0,0.0617375,2.7971395580223986,1.2,1.17,1.23,False,False,0,,,,,22140820,15000,40000,80000
189,4,161,1.1251101865203823,2.1883083702940374,2.7984238367443237,0.319604883184766,0.0,0.0,0.54,0.5851101865203823,2.720199753033969,1.9978691425575859,0.7344567766868101,0.792475,0.7443978603603604,0.20752500000000002,0.0,0.20752500000000002,2.736555870685959,0.9403125,0.5592337274774775,0.0596875,0.0,0.0596875,2.799150933186598,0.55,0.52,0.58,False,False,0,,,0.54,0.0,22150820,15000,40000,80000
189,4,161,1.1251101865203823,2.1883083702940374,2.7984238367443237,0.319604883184766,0.5,5.0,0.645,0.4801101865203823,2.3751550410014697,1.8912519907413905,0.796264647188655,0.831575,0.7348863738738739,0.168425,0.0,0.168425,2.7395006331861236,0.9403125,0.5592337274774775,0.0596875,0.0,0.0596875,2.799150933186598,0.63,0.6,0.66,False,False,0,,,,,22150820,15000,40000,80000
189,4,161,1.1251101865203823,2.1883083702940374,2.7984238367443237,0.319604883184766,1.0,10.0,0.715,0.41011018652038234,2.088701799732963,1.7846348389251954,0.854422990947467,0.854225,0.7189215090090091,0.14577500000000002,0.0,0.14577500000000002,2.7440322456862196,0.9403125,0.5592337274774775,0.0596875,0.0,0.0596875,2.799150933186598,0.71,0.68,0.74,False,False,0,,,,,22150820,15000,40000,80000
189,4,161,1.1251101865203823,2.1883083702940374,2.7984238367443237,0.319604883184766,2.0,20.0,0.925,0.20011018652038226,1.672065593847968,1.571400535292805,0.9397959871158524,0.9083875,0.645843018018018,0.0916125,0.0,0.0916125,2.7667456331864537,0.9403125,0.5592337274774775,0.0596875,0.0,0.0596875,2.799150933186598,0.95,0.92,0.98,False,False,0,,,,,22150820,15000,40000,80000
189,4,161,1.1251101865203823,2.1883083702940374,2.7984238367443237,0.319604883184766,3.0,30.0,1.06,0.06511018652038225,1.374592141526373,1.3581662316604146,0.9880503391735392,0.9317124999999999,0.5880640765765766,0.0682875,0.0,0.0682875,2.7877474706865577,0.9403125,0.5592337274774775,0.0596875,0.0,0.0596875,2.799150933186598,1.05,1.02,1.08,False,False,0,,,,,22150820,15000,40000,80000
189,4,161,1.1251101865203823,2.1883083702940374,2.7984238367443237,0.319604883184766,4.0,40.0,1.175,-0.04988981347961774,1.157729594779759,1.1449319280280241,0.9889458930570316,0.9467749999999999,0.537977027027027,0.053224999999999995,0.0,0.053224999999999995,2.8078838831866273,0.9403125,0.5592337274774775,0.0596875,0.0,0.0596875,2.799150933186598,1.15,1.12,1.18,False,False,0,,,,,22150820,15000,40000,80000
190,1,689,1.2121782260866758,2.501050029439465,2.713182962192491,0.32602383422551,0.0,0.0,0.53,0.6821782260866758,2.7278543140952096,1.840918280392365,0.6748594567092823,0.7983875,0.7468322635135135,0.2016125,0.0,0.2016125,2.7378011342267268,0.9585874999999999,0.5173864301801802,0.0414125,0.0,0.0414125,2.81048015922742,0.53,0.5,0.56,False,False,0,,,0.53,0.0,22160820,15000,40000,80000
190,1,689,1.2121782260866758,2.501050029439465,2.713182962192491,0.32602383422551,0.5,5.0,0.605,0.6071782260866758,2.3901798314387013,1.7672431472233336,0.7393766460490931,0.8272125,0.7410359234234234,0.1727875,0.0,0.1727875,2.738882509226847,0.9585874999999999,0.5173864301801802,0.0414125,0.0,0.0414125,2.81048015922742,0.61,0.58,0.64,False,False,0,,,,,22160820,15000,40000,80000
190,1,689,1.2121782260866758,2.501050029439465,2.713182962192491,0.32602383422551,1.0,10.0,0.7300000000000001,0.4821782260866757,2.1196755199044333,1.6958531947329503,0.8000532056950909,0.8694,0.7124463682432431,0.1306,0.0,0.1306,2.744978477977025,0.95915,0.5173983108108109,0.04085,0.0,0.04085,2.8100799779774217,0.75,0.72,0.78,False,True,1,0.63,0.8700000000000002,,,22160820,15000,40000,80000
190,1,689,1.2121782260866758,2.501050029439465,2.713182962192491,0.32602383422551,2.0,20.0,0.925,0.28717822608667576,1.7097261554976686,1.5462177477162404,0.9043657329241512,0.9165125000000001,0.6399037725225225,0.08348749999999999,0.0,0.08348749999999999,2.7661083092272287,0.9585874999999999,0.5173864301801802,0.0414125,0.0,0.0414125,2.81048015922742,0.9,0.87,0.93,False,False,0,,,,,22160820,15000,40000,80000
190,1,689,1.2121782260866758,2.501050029439465,2.713182962192491,0.32602383422551,3.0,30.0,1.02,0.19217822608667579,1.451289561899172,1.4051141387620087,0.9681831769831394,0.9344625,0.599900365990991,0.0655375,0.0,0.0655375,2.778824271727308,0.95915,0.5173983108108109,0.04085,0.0,0.04085,2.8100799779774217,1.05,1.02,1.08,False,True,1,0.93,1.1700000000000004,,,22160820,15000,40000,80000
190,1,689,1.2121782260866758,2.501050029439465,2.713182962192491,0.32602383422551,4.0,40.0,1.1849999999999987,0.027178226086677082,1.2636573688304424,1.2597446107765378,0.9969036242335799,0.95638125,0.5289772804054054,0.04361875,0.0,0.04361875,2.8053670967274082,0.95915,0.5173983108108109,0.04085,0.0,0.04085,2.8100799779774217,1.25,1.22,1.28,False,True,1,1.13,1.3699999999999948,,,22160820,15000,40000,80000
191,4,1120,1.100553936224533,2.218514049146451,2.4942363001438794,0.343584615015321,0.0,0.0,0.46,0.6405539362245329,2.5510433184074968,1.721649959738425,0.6748807232380416,0.7489875,0.705974099099099,0.25101249999999997,0.0,0.25101249999999997,2.767393615016335,0.929775,0.487261768018018,0.070225,0.0,0.070225,2.8302023025171104,0.45,0.42,0.48,False,False,0,,,0.46,0.0,22170820,15000,40000,80000
191,4,1120,1.100553936224533,2.218514049146451,2.4942363001438794,0.343584615015321,0.5,5.0,0.57,0.530553936224533,2.1480575463116227,1.5975863902587033,0.7437353775749072,0.7946875,0.6970659909909911,0.2053125,0.0,0.2053125,2.767196540016526,0.929775,0.487261768018018,0.070225,0.0,0.070225,2.8302023025171104,0.55,0.52,0.58,False,False,0,,,,,22170820,15000,40000,80000
191,4,1120,1.100553936224533,2.218514049146451,2.4942363001438794,0.343584615015321,1.0,10.0,0.6800000000000002,0.42055393622453274,1.8014048455252945,1.4842425473737235,0.8239361357668128,0.83278125,0.6667326576576575,0.16721875,0.0,0.16721875,2.7729130900166865,0.93075,0.48915427927927935,0.06925,0.0,0.06925,2.829081271267114,0.67,0.64,0.7,False,True,1,0.55,0.7900000000000003,,,22170820,15000,40000,80000
191,4,1120,1.100553936224533,2.218514049146451,2.4942363001438794,0.343584615015321,2.0,20.0,0.8800000000000001,0.2205539362245328,1.30079907250698,1.2394634358532415,0.9528477241796239,0.8885000000000001,0.5864587837837838,0.1115,0.0,0.1115,2.7941193337669263,0.93075,0.48915427927927935,0.06925,0.0,0.06925,2.829081271267114,0.9,0.87,0.93,False,True,1,0.78,1.0200000000000002,,,22170820,15000,40000,80000
191,4,1120,1.100553936224533,2.218514049146451,2.4942363001438794,0.343584615015321,3.0,30.0,1.075,0.025553936224532947,0.976144898099448,0.9772685428600945,1.0011511044752004,0.9258124999999999,0.49838890765765764,0.0741875,0.0,0.0741875,2.8256707400170926,0.929775,0.487261768018018,0.070225,0.0,0.070225,2.8302023025171104,1.05,1.02,1.08,False,False,0,,,,,22170820,15000,40000,80000
191,4,1120,1.100553936224533,2.218514049146451,2.4942363001438794,0.343584615015321,4.0,40.0,1.305,-0.20444606377546704,0.7910012277599082,0.7291414039006511,0.9217955400215467,0.9557,0.4041311373873874,0.0443,0.0,0.0443,2.868910052517232,0.929775,0.487261768018018,0.070225,0.0,0.070225,2.8302023025171104,1.3,1.27,1.33,False,False,0,,,,,22170820,15000,40000,80000
192,2,468,1.0915233200281944,2.5229415438347607,2.6654070064526887,0.3661874141905026,0.0,0.0,0.445,0.6465233200281943,2.4746349411495014,1.615788366423118,0.6529400921141777,0.757775,0.6884212837837839,0.24222500000000002,0.0,0.24222500000000002,2.78191046419155,0.9437625,0.45739290540540545,0.056237499999999996,0.0,0.056237499999999996,2.8307723641923435,0.43,0.4,0.46,False,False,0,,,0.445,0.0,22180820,15000,40000,80000
192,2,468,1.0915233200281944,2.5229415438347607,2.6654070064526887,0.3661874141905026,0.5,5.0,0.52,0.5715233200281944,2.070043795613643,1.516455935614883,0.732571909265014,0.7915,0.679573536036036,0.20850000000000002,0.0,0.20850000000000002,2.77928195169169,0.9437625,0.45739290540540545,0.056237499999999996,0.0,0.056237499999999996,2.8307723641923435,0.51,0.48,0.54,False,False,0,,,,,22180820,15000,40000,80000
192,2,468,1.0915233200281944,2.5229415438347607,2.6654070064526887,0.3661874141905026,1.0,10.0,0.655,0.4365233200281944,1.7445143479605176,1.4171235048066477,0.8123312407624408,0.8437125,0.641500900900901,0.1562875,0.0,0.1562875,2.7813666391919094,0.9437625,0.45739290540540545,0.056237499999999996,0.0,0.056237499999999996,2.8307723641923435,0.65,0.62,0.68,False,False,0,,,,,22180820,15000,40000,80000
192,2,468,1.0915233200281944,2.5229415438347607,2.6654070064526887,0.3661874141905026,2.0,20.0,0.865,0.22652332002819442,1.2878174919001755,1.2184586431901778,0.9461423306126564,0.9028875000000001,0.5547073761261261,0.09711249999999999,0.0,0.09711249999999999,2.7991728516921617,0.9437625,0.45739290540540545,0.056237499999999996,0.0,0.056237499999999996,2.8307723641923435,0.85,0.82,0.88,False,False,0,,,,,22180820,15000,40000,80000
192,2,468,1.0915233200281944,2.5229415438347607,2.6654070064526887,0.3661874141905026,3.0,30.0,1.09,0.0015233200281943304,1.0209546743203388,1.0197937815737075,0.9988629340990047,0.9436249999999999,0.45810534909909917,0.056375,0.0,0.056375,2.830491464192342,0.9437625,0.45739290540540545,0.056237499999999996,0.0,0.056237499999999996,2.8307723641923435,1.1,1.07,1.13,False,False,0,,,,,22180820,15000,40000,80000
192,2,468,1.0915233200281944,2.5229415438347607,2.6654070064526887,0.3661874141905026,4.0,40.0,1.1799999999999982,-0.08847667997180375,0.8462329648824577,0.823134584710924,0.9727044665829793,0.9551624999999999,0.4201384290540541,0.0448375,0.0,0.0448375,2.8454153766923955,0.9443,0.4558086148648649,0.0557,0.0,0.0557,2.830747476692345,1.3,1.27,1.33,False,True,2,1.09,1.5099999999999911,,,22180820,15000,40000,80000
193,3,949,1.1288625308900218,2.3353405891243204,2.7188915698085765,0.3212289965448145,0.0,0.0,0.535,0.5938625308900217,2.7167842644432083,1.9842655500555992,0.7303728809185608,0.792225,0.7437038288288287,0.207775,0.0,0.207775,2.737441609046006,0.9440375,0.5552432995495495,0.0559625,0.0,0.0559625,2.79823080904666,0.55,0.52,0.58,False,False,0,,,0.535,0.0,22190820,15000,40000,80000
193,3,949,1.1288625308900218,2.3353405891243204,2.7188915698085765,0.3212289965448145,0.5,5.0,0.6300000000000001,0.49886253089002164,2.3808278234018534,1.8857505845113804,0.7920566812836216,0.82995,0.7370780405405404,0.17004999999999998,0.0,0.17004999999999998,2.7387660465461643,0.94408125,0.5556714527027027,0.055918749999999996,0.0,0.055918749999999996,2.7984192715466607,0.61,0.58,0.64,False,True,1,0.49,0.7300000000000002,,,22190820,15000,40000,80000
193,3,949,1.1288625308900218,2.3353405891243204,2.7188915698085765,0.3212289965448145,1.0,10.0,0.73,0.39886253089002177,2.0921595904515655,1.784273112623084,0.8528379578529054,0.8615625,0.712815990990991,0.1384375,0.0,0.1384375,2.7453856465462985,0.9440375,0.5552432995495495,0.0559625,0.0,0.0559625,2.79823080904666,0.71,0.68,0.74,False,False,0,,,,,22190820,15000,40000,80000
193,3,949,1.1288625308900218,2.3353405891243204,2.7188915698085765,0.3212289965448145,2.0,20.0,0.86,0.26886253089002177,1.666605408603014,1.5842806751905691,0.9506033443864488,0.8959874999999999,0.6677636824324324,0.10401250000000001,0.0,0.10401250000000001,2.7585334840464464,0.9440375,0.5552432995495495,0.0559625,0.0,0.0559625,2.79823080904666,0.85,0.82,0.88,False,False,0,,,,,22190820,15000,40000,80000
193,3,949,1.1288625308900218,2.3353405891243204,2.7188915698085765,0.3212289965448145,3.0,30.0,1.08,0.04886253089002168,1.3917410618194406,1.3861940083349467,0.9960143063701503,0.9372437499999999,0.576606418918919,0.06275625,0.0,0.06275625,2.790301152796629,0.94408125,0.5556714527027027,0.055918749999999996,0.0,0.055918749999999996,2.7984192715466607,1.0,0.97,1.03,False,True,1,0.88,1.12,,,22190820,15000,40000,80000
193,3,949,1.1288625308900218,2.3353405891243204,2.7188915698085765,0.3212289965448145,4.0,40.0,1.21,-0.08113746910997821,1.1965254358322739,1.184295800325539,0.9897790426007717,0.9538875,0.5209498873873873,0.0461125,0.0,0.0461125,2.812308684046706,0.9440375,0.5552432995495495,0.0559625,0.0,0.0559625,2.79823080904666,1.2,1.17,1.23,False,False,0,,,,,22190820,15000,40000,80000
194,3,1062,1.0399416769433285,2.5327066112046124,2.870477025799756,0.2786673354209443,0.0,0.0,0.6350000000000001,0.4049416769433284,2.9705523004999184,2.600581908623988,0.8754540050300856,0.8453124999999999,0.7984585304054053,0.15468749999999998,0.0,0.15468749999999998,2.687912716672356,0.94054375,0.7097812781531532,0.05945625,0.0,0.05945625,2.729317141672767,0.65,0.62,0.68,False,True,1,0.53,0.7700000000000002,0.6349999999999999,2.220446049250313e-16,22200820,15000,40000,80000
194,3,1062,1.0399416769433285,2.5327066112046124,2.870477025799756,0.2786673354209443,0.5,5.0,0.74,0.2999416769433285,2.7253119051653445,2.49796777378541,0.9165805092073886,0.8809374999999999,0.7933878378378378,0.11906249999999999,0.0,0.11906249999999999,2.692743485422506,0.9418375000000001,0.7107595157657658,0.05816249999999999,0.0,0.05816249999999999,2.728931385422772,0.73,0.7,0.76,False,False,0,,,,,22200820,15000,40000,80000
194,3,1062,1.0399416769433285,2.5327066112046124,2.870477025799756,0.2786673354209443,1.0,10.0,0.81,0.22994167694332845,2.5170067356309733,2.3914013347926812,0.9500973123908606,0.8990625,0.7803201013513514,0.1009375,0.0,0.1009375,2.699168785422583,0.9418375000000001,0.7107595157657658,0.05816249999999999,0.0,0.05816249999999999,2.728931385422772,0.8,0.77,0.83,False,False,0,,,,,22200820,15000,40000,80000
194,3,1062,1.0399416769433285,2.5327066112046124,2.870477025799756,0.2786673354209443,2.0,20.0,0.97,0.06994167694332853,2.1984876664664537,2.1782684568072224,0.9908031280012916,0.9313125,0.7350752252252253,0.0686875,0.0,0.0686875,2.718688097922725,0.9418375000000001,0.7107595157657658,0.05816249999999999,0.0,0.05816249999999999,2.728931385422772,0.95,0.92,0.98,False,False,0,,,,,22200820,15000,40000,80000
194,3,1062,1.0399416769433285,2.5327066112046124,2.870477025799756,0.2786673354209443,3.0,30.0,1.08,-0.04005832305667156,1.9748435445939592,1.9651355788217642,0.995084184871875,0.947775,0.6967525337837839,0.052225,0.0,0.052225,2.734786435422799,0.9418375000000001,0.7107595157657658,0.05816249999999999,0.0,0.05816249999999999,2.728931385422772,1.1,1.07,1.13,False,False,0,,,,,22200820,15000,40000,80000
194,3,1062,1.0399416769433285,2.5327066112046124,2.870477025799756,0.2786673354209443,4.0,40.0,1.175,-0.13505832305667154,1.799400250517039,1.7520027008363057,0.9736592513716089,0.9585375,0.6607127815315315,0.0414625,0.0,0.0414625,2.750154010422849,0.9418375000000001,0.7107595157657658,0.05816249999999999,0.0,0.05816249999999999,2.728931385422772,1.15,1.12,1.18,False,False,0,,,,,22200820,15000,40000,80000
195,3,406,1.1319717720212967,2.301266226998547,2.605127729052544,0.3416888616112835,0.0,0.0,0.49,0.6419717720212967,2.58961265092165,1.7432739299138826,0.6731794151891584,0.7676624999999999,0.7151449887387387,0.23233749999999997,0.0,0.23233749999999997,2.7615905741123736,0.9404125000000001,0.4925288851351352,0.0595875,0.0,0.0595875,2.8253097616131164,0.49,0.46,0.52,False,False,0,,,0.49,0.0,22210820,15000,40000,80000
195,3,406,1.1319717720212967,2.301266226998547,2.605127729052544,0.3416888616112835,0.5,5.0,0.5900000000000001,0.5419717720212966,2.2121447013408946,1.635880521951275,0.7394997808957451,0.8102374999999999,0.7056664414414415,0.1897625,0.0,0.1897625,2.7610544241125514,0.94093125,0.49170881193693694,0.059068749999999996,0.0,0.059068749999999996,2.8252334491131186,0.61,0.58,0.64,False,True,1,0.49,0.7300000000000002,,,22210820,15000,40000,80000
195,3,406,1.1319717720212967,2.301266226998547,2.605127729052544,0.3416888616112835,1.0,10.0,0.65,0.4819717720212967,1.8804297926683096,1.532367852252584,0.8149029855978673,0.8301000000000001,0.6897306869369368,0.1699,0.0,0.1699,2.7644248616126355,0.9404125000000001,0.4925288851351352,0.0595875,0.0,0.0595875,2.8253097616131164,0.65,0.62,0.68,False,False,0,,,,,22210820,15000,40000,80000
195,3,406,1.1319717720212967,2.301266226998547,2.605127729052544,0.3416888616112835,2.0,20.0,0.925,0.20697177202129668,1.4113558188464712,1.321461774591286,0.9363066045749843,0.9054,0.5832804617117118,0.0946,0.0,0.0946,2.792211974112959,0.9404125000000001,0.4925288851351352,0.0595875,0.0,0.0595875,2.8253097616131164,0.9,0.87,0.93,False,False,0,,,,,22210820,15000,40000,80000
195,3,406,1.1319717720212967,2.301266226998547,2.605127729052544,0.3416888616112835,3.0,30.0,1.05,0.08197177202129668,1.116811262576125,1.1105556969299877,0.9943987262165428,0.92855,0.5283129504504505,0.07145,0.0,0.07145,2.811244486613062,0.9404125000000001,0.4925288851351352,0.0595875,0.0,0.0595875,2.8253097616131164,1.05,1.02,1.08,False,False,0,,,,,22210820,15000,40000,80000
195,3,406,1.1319717720212967,2.301266226998547,2.605127729052544,0.3416888616112835,4.0,40.0,1.27,-0.1380282279787033,0.9176800256886866,0.8996496192686895,0.9803521860395011,0.9565250000000001,0.43548581081081084,0.043475,0.0,0.043475,2.850512199113192,0.9404125000000001,0.4925288851351352,0.0595875,0.0,0.0595875,2.8253097616131164,1.25,1.22,1.28,False,False,0,,,,,22210820,15000,40000,80000
196,3,4,1.1183080060452246,2.486575770002469,2.8346932410100605,0.3257639199936415,0.0,0.0,0.525,0.5933080060452246,2.755979369650089,2.0322905741080235,0.73741138866582,0.8018125,0.7536094594594593,0.19818750000000002,0.0,0.19818750000000002,2.7344524699948707,0.950075,0.5671542229729729,0.049925,0.0,0.049925,2.7907142324955085,0.53,0.5,0.56,False,False,0,,,0.525,0.0,22220820,15000,40000,80000
196,3,4,1.1183080060452246,2.486575770002469,2.8346932410100605,0.3257639199936415,0.5,5.0,0.62,0.4983080060452246,2.4298835820303295,1.9428421465000199,0.7995618229893326,0.8377749999999999,0.7459118806306306,0.162225,0.0,0.162225,2.7359309949950217,0.950075,0.5671542229729729,0.049925,0.0,0.049925,2.7907142324955085,0.63,0.6,0.66,False,False,0,,,,,22220820,15000,40000,80000
196,3,4,1.1183080060452246,2.486575770002469,2.8346932410100605,0.3257639199936415,1.0,10.0,0.69,0.4283080060452247,2.161133632409486,1.8533937188920162,0.8576025522427481,0.8609249999999999,0.7311002252252252,0.139075,0.0,0.139075,2.7394197949951193,0.950075,0.5671542229729729,0.049925,0.0,0.049925,2.7907142324955085,0.69,0.66,0.72,False,False,0,,,,,22220820,15000,40000,80000
196,3,4,1.1183080060452246,2.486575770002469,2.8346932410100605,0.3257639199936415,2.0,20.0,0.8850000000000001,0.2333080060452245,1.773384616267213,1.6755585700511209,0.9448365316137648,0.9123125,0.664404617117117,0.0876875,0.0,0.0876875,2.7576060637453397,0.95065,0.5663508727477478,0.04935,0.0,0.04935,2.791014776245511,0.85,0.82,0.88,False,True,1,0.73,0.9700000000000002,,,22220820,15000,40000,80000
196,3,4,1.1183080060452246,2.486575770002469,2.8346932410100605,0.3257639199936415,3.0,30.0,1.025,0.09330800604522471,1.50714530137266,1.4956000084600014,0.9923396285002226,0.9370875,0.6071769707207207,0.0629125,0.0,0.0629125,2.77637113249545,0.950075,0.5671542229729729,0.049925,0.0,0.049925,2.7907142324955085,1.05,1.02,1.08,False,False,0,,,,,22220820,15000,40000,80000
196,3,4,1.1183080060452246,2.486575770002469,2.8346932410100605,0.3257639199936415,4.0,40.0,1.1249999999999991,-0.006691993954774489,1.3244934460379363,1.321923752922808,0.9980598672475012,0.95155625,0.5635807995495496,0.04844375,0.0,0.04844375,2.792054582495515,0.95065,0.5663508727477478,0.04935,0.0,0.04935,2.791014776245511,1.2,1.17,1.23,False,True,1,1.08,1.319999999999995,,,22220820,15000,40000,80000
197,3,700,1.1348714738873802,2.3052460924967138,2.501653708176418,0.3191182680290668,0.0,0.0,0.535,0.5998714738873802,2.6935292489500724,1.9314611522412575,0.7170745047577017,0.785825,0.7378286036036036,0.214175,0.0,0.214175,2.7392633805302333,0.9390499999999999,0.5421427927927928,0.060950000000000004,0.0,0.060950000000000004,2.8069049805308954,0.55,0.52,0.58,False,False,0,,,0.535,0.0,22230820,15000,40000,80000
197,3,700,1.1348714738873802,2.3052460924967138,2.501653708176418,0.3191182680290668,0.5,5.0,0.615,0.5198714738873802,2.3334527700331775,1.8228896109479857,0.7811984173658966,0.8161624999999999,0.7316221283783784,0.1838375,0.0,0.1838375,2.7414455805303612,0.9390499999999999,0.5421427927927928,0.060950000000000004,0.0,0.060950000000000004,2.8069049805308954,0.63,0.6,0.66,False,False,0,,,,,22230820,15000,40000,80000
197,3,700,1.1348714738873802,2.3052460924967138,2.501653708176418,0.3191182680290668,1.0,10.0,0.705,0.42987147388738023,2.027818390246746,1.7143180696547142,0.8454001985089578,0.8456125,0.7115249436936937,0.1543875,0.0,0.1543875,2.7474720930304857,0.9390499999999999,0.5421427927927928,0.060950000000000004,0.0,0.060950000000000004,2.8069049805308954,0.71,0.68,0.74,False,False,0,,,,,22230820,15000,40000,80000
197,3,700,1.1348714738873802,2.3052460924967138,2.501653708176418,0.3191182680290668,2.0,20.0,0.9050000000000001,0.22987147388738005,1.5743392074964664,1.4930153688987329,0.9483441445080596,0.8978625,0.64034580518018,0.10213749999999999,0.0,0.10213749999999999,2.769865624280712,0.9384625,0.5421412162162162,0.061537499999999995,0.0,0.061537499999999995,2.8068446242808927,0.85,0.82,0.88,False,True,1,0.73,0.9700000000000002,,,22230820,15000,40000,80000
197,3,700,1.1348714738873802,2.3052460924967138,2.501653708176418,0.3191182680290668,3.0,30.0,1.06,0.07487147388738014,1.283452822312104,1.2737745193423893,0.9924591673324777,0.92781875,0.5750800675675676,0.07218125,0.0,0.07218125,2.793529386780844,0.9384625,0.5421412162162162,0.061537499999999995,0.0,0.061537499999999995,2.8068446242808927,1.05,1.02,1.08,False,True,1,0.93,1.1700000000000004,,,22230820,15000,40000,80000
197,3,700,1.1348714738873802,2.3052460924967138,2.501653708176418,0.3191182680290668,4.0,40.0,1.275,-0.14012852611261972,1.080448703289922,1.0628888218950843,0.9837476028789072,0.9558375,0.4827484234234234,0.0441625,0.0,0.0441625,2.8330676180309746,0.9390499999999999,0.5421427927927928,0.060950000000000004,0.0,0.060950000000000004,2.8069049805308954,1.3,1.27,1.33,False,False,0,,,,,22230820,15000,40000,80000
198,2,1244,1.2034023471850306,2.605557430008222,2.939388991482803,0.3350614388643717,0.0,0.0,0.52,0.6834023471850306,2.7372149975069773,1.8508944512168208,0.6761962260555321,0.8061625,0.749945213963964,0.1938375,0.0,0.1938375,2.7398111388656177,0.965425,0.5190488738738739,0.034575,0.0,0.034575,2.804313738866304,0.53,0.5,0.56,False,False,0,,,0.52,0.0,22240820,15000,40000,80000
198,2,1244,1.2034023471850306,2.605557430008222,2.939388991482803,0.3350614388643717,0.5,5.0,0.605,0.5984023471850306,2.420870575245303,1.7892483530630927,0.7390929409275798,0.8405625,0.7428945382882883,0.1594375,0.0,0.1594375,2.7394103388657607,0.965425,0.5190488738738739,0.034575,0.0,0.034575,2.804313738866304,0.59,0.56,0.62,False,False,0,,,,,22240820,15000,40000,80000
198,2,1244,1.2034023471850306,2.605557430008222,2.939388991482803,0.3350614388643717,1.0,10.0,0.7,0.5034023471850306,2.1616510559578983,1.7276022549093648,0.7992049642553468,0.872475,0.7205088963963965,0.127525,0.0,0.127525,2.743198976365896,0.965425,0.5190488738738739,0.034575,0.0,0.034575,2.804313738866304,0.71,0.68,0.74,False,False,0,,,,,22240820,15000,40000,80000
198,2,1244,1.2034023471850306,2.605557430008222,2.939388991482803,0.3350614388643717,2.0,20.0,0.865,0.3384023471850306,1.7949151632036167,1.6043100586019088,0.8938082932780453,0.9160874999999999,0.6626462274774775,0.0839125,0.0,0.0839125,2.7567945138660823,0.965425,0.5190488738738739,0.034575,0.0,0.034575,2.804313738866304,0.85,0.82,0.88,False,False,0,,,,,22240820,15000,40000,80000
198,2,1244,1.2034023471850306,2.605557430008222,2.939388991482803,0.3350614388643717,3.0,30.0,0.975,0.2284023471850306,1.536228319572744,1.481017862294453,0.9640610340436595,0.9364125000000001,0.6163609797297297,0.0635875,0.0,0.0635875,2.7704116263661716,0.965425,0.5190488738738739,0.034575,0.0,0.034575,2.804313738866304,1.0,0.97,1.03,False,False,0,,,,,22240820,15000,40000,80000
198,2,1244,1.2034023471850306,2.605557430008222,2.939388991482803,0.3350614388643717,4.0,40.0,1.11,0.09340234718503049,1.3553731833987241,1.3577256659869972,1.0017356714867074,0.955025,0.5580369369369369,0.044975,0.0,0.044975,2.789910126366256,0.965425,0.5190488738738739,0.034575,0.0,0.034575,2.804313738866304,1.1,1.07,1.13,False,False,0,,,,,22240820,15000,40000,80000
199,1,1216,1.0495716278037155,2.168974934879332,2.5504193286402628,0.3372529321741896,0.0,0.0,0.475,0.5745716278037155,2.5817087368532197,1.8641873578895334,0.7220750084154516,0.7555875,0.7127969594594594,0.2444125,0.0,0.2444125,2.7609503321752316,0.9207125,0.5249596283783784,0.07928750000000001,0.0,0.07928750000000001,2.816023969675939,0.49,0.46,0.52,False,False,0,,,0.475,0.0,22250820,15000,40000,80000
199,1,1216,1.0495716278037155,2.168974934879332,2.5504193286402628,0.3372529321741896,0.5,5.0,0.57,0.47957162780371554,2.1756287929706217,1.7234081939800652,0.7921425748493194,0.792575,0.7046855292792793,0.207425,0.0,0.207425,2.762295807175386,0.9207125,0.5249596283783784,0.07928750000000001,0.0,0.07928750000000001,2.816023969675939,0.57,0.54,0.6,False,False,0,,,,,22250820,15000,40000,80000
199,1,1216,1.0495716278037155,2.168974934879332,2.5504193286402628,0.3372529321741896,1.0,10.0,0.675,0.37457162780371545,1.8301113608155126,1.5826290300705972,0.8647719827089455,0.82865,0.6779679617117118,0.17135,0.0,0.17135,2.768235707175539,0.9207125,0.5249596283783784,0.07928750000000001,0.0,0.07928750000000001,2.816023969675939,0.67,0.64,0.7,False,False,0,,,,,22250820,15000,40000,80000
199,1,1216,1.0495716278037155,2.168974934879332,2.5504193286402628,0.3372529321741896,2.0,20.0,0.8850000000000001,0.16457162780371537,1.356250599714661,1.3147184840341857,0.969377255435527,0.888975,0.6002836993243243,0.111025,0.0,0.111025,2.7888186696757975,0.9212437499999999,0.5275409065315315,0.07875625,0.0,0.07875625,2.814506763425941,0.85,0.82,0.88,False,True,1,0.73,0.9700000000000002,,,22250820,15000,40000,80000
199,1,1216,1.0495716278037155,2.168974934879332,2.5504193286402628,0.3372529321741896,3.0,30.0,1.0999999999999983,-0.05042837219628282,1.0448333911409073,1.0348959196565666,0.9904889415206289,0.92969375,0.5058886542792793,0.07030625,0.0,0.07030625,2.823128613425979,0.9212437499999999,0.5275409065315315,0.07875625,0.0,0.07875625,2.814506763425941,1.15,1.12,1.18,False,True,1,1.0299999999999998,1.2699999999999947,,,22250820,15000,40000,80000
199,1,1216,1.0495716278037155,2.168974934879332,2.5504193286402628,0.3372529321741896,4.0,40.0,1.3149999999999982,-0.2654283721962827,0.8407052328372105,0.7550733552789474,0.8981428041440008,0.955975,0.41689664977477475,0.044024999999999995,0.0,0.044024999999999995,2.864222088426102,0.9212437499999999,0.5275409065315315,0.07875625,0.0,0.07875625,2.814506763425941,1.35,1.32,1.38,False,True,1,1.23,1.4699999999999949,,,22250820,15000,40000,80000
200,4,325,1.0284864293835665,2.4734185925811683,2.651838765269644,0.3423850178469276,0.0,0.0,0.49,0.5384864293835665,2.634738557242219,1.9624022100582799,0.7448185720986018,0.7792,0.726057882882883,0.2208,0.0,0.2208,2.755711305348064,0.9329125,0.5493075450450451,0.0670875,0.0,0.0670875,2.7991588178487206,0.47,0.44,0.5,False,False,0,,,0.49,0.0,22260820,15000,40000,80000
200,4,325,1.0284864293835665,2.4734185925811683,2.651838765269644,0.3423850178469276,0.5,5.0,0.585,0.4434864293835665,2.2758822761318465,1.8425671017889322,0.8096056290400974,0.8189500000000001,0.7175344031531531,0.18105,0.0,0.18105,2.75501685534823,0.9329125,0.5493075450450451,0.0670875,0.0,0.0670875,2.7991588178487206,0.57,0.54,0.6,False,False,0,,,,,22260820,15000,40000,80000
200,4,325,1.0284864293835665,2.4734185925811683,2.651838765269644,0.3423850178469276,1.0,10.0,0.66,0.36848642938356646,1.976423172836512,1.722731993519585,0.8716412644804018,0.8458,0.6992528153153152,0.1542,0.0,0.1542,2.757773855348343,0.9329125,0.5493075450450451,0.0670875,0.0,0.0670875,2.7991588178487206,0.67,0.64,0.7,False,False,0,,,,,22260820,15000,40000,80000
200,4,325,1.0284864293835665,2.4734185925811683,2.651838765269644,0.3423850178469276,2.0,20.0,0.8950000000000002,0.13348642938356625,1.5272864958878518,1.4793701649649451,0.968626494733032,0.9086000000000001,0.6074745777027026,0.09140000000000001,0.0,0.09140000000000001,2.7805822865986127,0.9329562499999999,0.5482549549549549,0.06704375,0.0,0.06704375,2.7996201678487207,0.8,0.77,0.83,False,True,1,0.68,0.9200000000000003,,,22260820,15000,40000,80000
200,4,325,1.0284864293835665,2.4734185925811683,2.651838765269644,0.3423850178469276,3.0,30.0,1.085,-0.05651357061643347,1.2404031197761394,1.2433915604421952,1.0024092495563823,0.9413,0.5244133445945945,0.0587,0.0,0.0587,2.808065692848758,0.9329125,0.5493075450450451,0.0670875,0.0,0.0670875,2.7991588178487206,1.1,1.07,1.13,False,False,0,,,,,22260820,15000,40000,80000
200,4,325,1.0284864293835665,2.4734185925811683,2.651838765269644,0.3423850178469276,4.0,40.0,1.1849999999999965,-0.15651357061643,1.0489158574114497,1.0004212648967075,0.9537669373838824,0.9539375,0.48060625,0.046062500000000006,0.0,0.046062500000000006,2.825357705348817,0.9329562499999999,0.5482549549549549,0.06704375,0.0,0.06704375,2.7996201678487207,1.15,1.12,1.18,False,True,1,1.0299999999999998,1.2699999999999947,,,22260820,15000,40000,80000
201,1,319,1.1725892538288123,2.706427311646492,2.8426051148229394,0.3204447306156843,0.0,0.0,0.56,0.6125892538288122,2.8244172099959384,2.0464929476321854,0.7245717595790773,0.8261624999999999,0.7691940315315314,0.1738375,0.0,0.1738375,2.7233725556170136,0.9628625,0.5700610360360361,0.037137500000000004,0.0,0.037137500000000004,2.785550943117605,0.55,0.52,0.58,False,False,0,,,0.56,0.0,22270820,15000,40000,80000
201,1,319,1.1725892538288123,2.706427311646492,2.8426051148229394,0.3204447306156843,0.5,5.0,0.645,0.5275892538288123,2.525666855378301,1.979831987631153,0.7838848514067421,0.856625,0.760057882882883,0.143375,0.0,0.143375,2.7254995306171415,0.9628625,0.5700610360360361,0.037137500000000004,0.0,0.037137500000000004,2.785550943117605,0.65,0.62,0.68,False,False,0,,,,,22270820,15000,40000,80000
201,1,319,1.1725892538288123,2.706427311646492,2.8426051148229394,0.3204447306156843,1.0,10.0,0.725,0.4475892538288123,2.287835185376775,1.9131710276301208,0.836236386195384,0.8819375,0.7425880630630631,0.11806249999999999,0.0,0.11806249999999999,2.729766405617249,0.9628625,0.5700610360360361,0.037137500000000004,0.0,0.037137500000000004,2.785550943117605,0.71,0.68,0.74,False,False,0,,,,,22270820,15000,40000,80000
201,1,319,1.1725892538288123,2.706427311646492,2.8426051148229394,0.3204447306156843,2.0,20.0,0.9100000000000001,0.26258925382881215,1.9374537468212587,1.7819127770313623,0.9197188732659609,0.9259,0.6805281531531531,0.0741,0.0,0.0741,2.747565736867438,0.96270625,0.5708914695945946,0.03729375,0.0,0.03729375,2.7852315556176044,0.9,0.87,0.93,False,True,1,0.78,1.0200000000000002,,,22270820,15000,40000,80000
201,1,319,1.1725892538288123,2.706427311646492,2.8426051148229394,0.3204447306156843,3.0,30.0,1.015,0.1575892538288124,1.699241175110045,1.6465271876259926,0.9689779248195074,0.9440375000000001,0.6371283783783783,0.0559625,0.0,0.0559625,2.7614730931175187,0.9628625,0.5700610360360361,0.037137500000000004,0.0,0.037137500000000004,2.785550943117605,1.0,0.97,1.03,False,False,0,,,,,22270820,15000,40000,80000
201,1,319,1.1725892538288123,2.706427311646492,2.8426051148229394,0.3204447306156843,4.0,40.0,1.08,0.09258925382881222,1.519827465997243,1.5132052676239283,0.9956427959610734,0.9528625,0.609692117117117,0.0471375,0.0,0.0471375,2.7709863556175587,0.9628625,0.5700610360360361,0.037137500000000004,0.0,0.037137500000000004,2.785550943117605,1.1,1.07,1.13,False,False,0,,,,,22270820,15000,40000,80000
202,2,8,1.2370928979460147,2.460129038621905,2.594313657689321,0.3196635896243315,0.0,0.0,0.55,0.6870928979460147,2.7242086189614194,1.831549743261908,0.6723235990495361,0.7987875,0.7452969594594594,0.20121250000000002,0.0,0.20121250000000002,2.7358292396255512,0.9575750000000001,0.5156300112612613,0.042425000000000004,0.0,0.042425000000000004,2.8152662146262397,0.55,0.52,0.58,False,False,0,,,0.55,0.0,22280820,15000,40000,80000
202,2,8,1.2370928979460147,2.460129038621905,2.594313657689321,0.3196635896243315,0.5,5.0,0.64,0.5970928979460147,2.3841933829706083,1.756201629148244,0.7366020062349506,0.8326,0.7365408220720719,0.1674,0.0,0.1674,2.738204152125692,0.9575750000000001,0.5156300112612613,0.042425000000000004,0.0,0.042425000000000004,2.8152662146262397,0.65,0.62,0.68,False,False,0,,,,,22280820,15000,40000,80000
202,2,8,1.2370928979460147,2.460129038621905,2.594313657689321,0.3196635896243315,1.0,10.0,0.71,0.5270928979460148,2.10693135866922,1.6808535150345805,0.7977732677994034,0.8561749999999999,0.7215780968468468,0.14382499999999998,0.0,0.14382499999999998,2.7421543396257926,0.9575750000000001,0.5156300112612613,0.042425000000000004,0.0,0.042425000000000004,2.8152662146262397,0.71,0.68,0.74,False,False,0,,,,,22280820,15000,40000,80000
202,2,8,1.2370928979460147,2.460129038621905,2.594313657689321,0.3196635896243315,2.0,20.0,0.915,0.3220928979460147,1.69662260292233,1.530157286807253,0.9018842989428819,0.9090125,0.6508701013513514,0.0909875,0.0,0.0909875,2.7636971271260204,0.9575750000000001,0.5156300112612613,0.042425000000000004,0.0,0.042425000000000004,2.8152662146262397,0.9,0.87,0.93,False,False,0,,,,,22280820,15000,40000,80000
202,2,8,1.2370928979460147,2.460129038621905,2.594313657689321,0.3196635896243315,3.0,30.0,1.075,0.16209289794601478,1.4317176974197023,1.3794610585799254,0.963500738355085,0.9380375000000001,0.5849234797297298,0.061962500000000004,0.0,0.061962500000000004,2.787113552126149,0.9575750000000001,0.5156300112612613,0.042425000000000004,0.0,0.042425000000000004,2.8152662146262397,1.1,1.07,1.13,False,False,0,,,,,22280820,15000,40000,80000
202,2,8,1.2370928979460147,2.460129038621905,2.594313657689321,0.3196635896243315,4.0,40.0,1.2,0.03709289794601478,1.234380265093299,1.228764830352598,0.995450806449602,0.9538125,0.5314307432432432,0.0461875,0.0,0.0461875,2.808540877126222,0.9575750000000001,0.5156300112612613,0.042425000000000004,0.0,0.042425000000000004,2.8152662146262397,1.2,1.17,1.23,False,False,0,,,,,22280820,15000,40000,80000
203,2,1031,1.116467626892723,2.3483345414666275,2.6239596915568453,0.3594422986718869,0.0,0.0,0.44,0.676467626892723,2.5041552944927368,1.5942169803869435,0.6366286403614924,0.7506625,0.6956895833333332,0.24933750000000002,0.0,0.24933750000000002,2.7781407361729062,0.9404375,0.4523386261261261,0.059562500000000004,0.0,0.059562500000000004,2.837371773673718,0.43,0.4,0.46,False,False,0,,,0.44,0.0,22290820,15000,40000,80000
203,2,1031,1.116467626892723,2.3483345414666275,2.6239596915568453,0.3594422986718869,0.5,5.0,0.54,0.5764676268927229,2.092609352571965,1.4892562900878348,0.7116742970958404,0.79355,0.6841795608108108,0.20645000000000002,0.0,0.20645000000000002,2.7762207986730845,0.9404375,0.4523386261261261,0.059562500000000004,0.0,0.059562500000000004,2.837371773673718,0.53,0.5,0.56,False,False,0,,,,,22290820,15000,40000,80000
203,2,1031,1.116467626892723,2.3483345414666275,2.6239596915568453,0.3594422986718869,1.0,10.0,0.63,0.48646762689272294,1.7515772138077395,1.384295599788726,0.7903137748517618,0.827475,0.6592109797297296,0.17252499999999998,0.0,0.17252499999999998,2.778558523673227,0.9404375,0.4523386261261261,0.059562500000000004,0.0,0.059562500000000004,2.837371773673718,0.65,0.62,0.68,False,False,0,,,,,22290820,15000,40000,80000
203,2,1031,1.116467626892723,2.3483345414666275,2.6239596915568453,0.3594422986718869,2.0,20.0,0.8450000000000001,0.27146762689272286,1.269590669143536,1.1894186218110718,0.9368520506010429,0.8910125,0.5730409628378379,0.10898749999999999,0.0,0.10898749999999999,2.7966963799234983,0.9415125,0.45439735360360356,0.0584875,0.0,0.0584875,2.836867923673722,0.9,0.87,0.93,False,True,1,0.78,1.0200000000000002,,,22290820,15000,40000,80000
203,2,1031,1.116467626892723,2.3483345414666275,2.6239596915568453,0.3594422986718869,3.0,30.0,1.075,0.041467626892722986,0.9642696216820298,0.9644528385922909,1.0001900058926896,0.9344,0.46973141891891895,0.0656,0.0,0.0656,2.8304471361736905,0.9404375,0.4523386261261261,0.059562500000000004,0.0,0.059562500000000004,2.837371773673718,1.05,1.02,1.08,False,False,0,,,,,22290820,15000,40000,80000
203,2,1031,1.116467626892723,2.3483345414666275,2.6239596915568453,0.3594422986718869,4.0,40.0,1.38,-0.26353237310727695,0.781315625190809,0.7545314579940735,0.9657191455883217,0.9681500000000001,0.35285557432432435,0.031849999999999996,0.0,0.031849999999999996,2.88558896117385,0.9404375,0.4523386261261261,0.059562500000000004,0.0,0.059562500000000004,2.837371773673718,1.4,1.37,1.43,False,False,0,,,,,22290820,15000,40000,80000
204,2,332,1.1304553134397235,2.525949002600028,2.682524663547589,0.3372533722941458,0.0,0.0,0.5100000000000001,0.6204553134397234,2.6825737739784272,1.8584566158504021,0.6927886322746655,0.7927375000000001,0.7370835304054053,0.20726250000000002,0.0,0.20726250000000002,2.747672916045338,0.949975,0.521774268018018,0.050025,0.0,0.050025,2.8075676535460143,0.49,0.46,0.52,False,True,1,0.37,0.6100000000000002,0.51,1.1102230246251565e-16,22300820,15000,40000,80000
204,2,332,1.1304553134397235,2.525949002600028,2.682524663547589,0.3372533722941458,0.5,5.0,0.61,0.5204553134397235,2.316880814063389,1.7618452917928569,0.760438465845336,0.8295375,0.7224194256756757,0.17046250000000002,0.0,0.17046250000000002,2.7501983347954924,0.947725,0.5210483671171171,0.052275,0.0,0.052275,2.809048384796005,0.59,0.56,0.62,False,False,0,,,,,22300820,15000,40000,80000
204,2,332,1.1304553134397235,2.525949002600028,2.682524663547589,0.3372533722941458,1.0,10.0,0.705,0.42545531343972354,2.019467457895967,1.668797766725402,0.8263553642325492,0.8604,0.6960761824324324,0.1396,0.0,0.1396,2.755559047295623,0.947725,0.5210483671171171,0.052275,0.0,0.052275,2.809048384796005,0.71,0.68,0.74,False,False,0,,,,,22300820,15000,40000,80000
204,2,332,1.1304553134397235,2.525949002600028,2.682524663547589,0.3372533722941458,2.0,20.0,0.845,0.2854553134397235,1.586519804304407,1.4827027165904925,0.9345630054965295,0.8978,0.6436524774774774,0.1022,0.0,0.1022,2.7686542347957834,0.947725,0.5210483671171171,0.052275,0.0,0.052275,2.809048384796005,0.85,0.82,0.88,False,False,0,,,,,22300820,15000,40000,80000
204,2,332,1.1304553134397235,2.525949002600028,2.682524663547589,0.3372533722941458,3.0,30.0,1.055,0.07545531343972356,1.3076360681838768,1.2966076664555823,0.9915661536136646,0.9374,0.5535555743243243,0.0626,0.0,0.0626,2.797074684795958,0.947725,0.5210483671171171,0.052275,0.0,0.052275,2.809048384796005,1.05,1.02,1.08,False,False,0,,,,,22300820,15000,40000,80000
204,2,332,1.1304553134397235,2.525949002600028,2.682524663547589,0.3372533722941458,4.0,40.0,1.165,-0.03454468656027654,1.121380623183384,1.1105126163206724,0.9903083693100926,0.952225,0.5067222409909911,0.047775,0.0,0.047775,2.814586184796026,0.947725,0.5210483671171171,0.052275,0.0,0.052275,2.809048384796005,1.15,1.12,1.18,False,False,0,,,,,22300820,15000,40000,80000
205,3,120,1.1125101144225211,2.515451083997569,2.740829187044885,0.3468018105464351,0.0,0.0,0.49,0.6225101144225211,2.6262033618766747,1.8062573682903083,0.687782749238263,0.782775,0.7243846846846846,0.217225,0.0,0.217225,2.758296235547586,0.9479249999999999,0.5080640202702702,0.052074999999999996,0.0,0.052074999999999996,2.8127997105482936,0.49,0.46,0.52,False,False,0,,,0.49,0.0,22310820,15000,40000,80000
205,3,120,1.1125101144225211,2.515451083997569,2.740829187044885,0.3468018105464351,0.5,5.0,0.575,0.5375101144225212,2.265288483894777,1.7136894548965582,0.7564994335512454,0.8181875,0.7155601351351353,0.1818125,0.0,0.1818125,2.757502585547733,0.9479249999999999,0.5080640202702702,0.052074999999999996,0.0,0.052074999999999996,2.8127997105482936,0.55,0.52,0.58,False,False,0,,,,,22310820,15000,40000,80000
205,3,120,1.1125101144225211,2.515451083997569,2.740829187044885,0.3468018105464351,1.0,10.0,0.665,0.4475101144225211,1.9731512835072555,1.621121541502808,0.8215900904573731,0.8511249999999999,0.6934951576576578,0.14887499999999998,0.0,0.14887499999999998,2.760154085547872,0.9479249999999999,0.5080640202702702,0.052074999999999996,0.0,0.052074999999999996,2.8127997105482936,0.67,0.64,0.7,False,False,0,,,,,22310820,15000,40000,80000
205,3,120,1.1125101144225211,2.515451083997569,2.740829187044885,0.3468018105464351,2.0,20.0,0.8450000000000002,0.26751011442252093,1.544429819837165,1.440027290849329,0.9324006001134816,0.902175,0.6242771114864867,0.097825,0.0,0.097825,2.77530973554809,0.94894375,0.5071777871621621,0.05105625,0.0,0.05105625,2.812900073048298,0.8,0.77,0.83,False,True,1,0.68,0.9200000000000003,,,22310820,15000,40000,80000
205,3,120,1.1125101144225211,2.515451083997569,2.740829187044885,0.3468018105464351,3.0,30.0,1.045,0.0675101144225212,1.2620666423663527,1.2508498879278074,0.991112391325458,0.9387125,0.5375151463963963,0.061287499999999995,0.0,0.061287499999999995,2.8021709355482516,0.9479249999999999,0.5080640202702702,0.052074999999999996,0.0,0.052074999999999996,2.8127997105482936,1.05,1.02,1.08,False,False,0,,,,,22310820,15000,40000,80000
205,3,120,1.1125101144225211,2.515451083997569,2.740829187044885,0.3468018105464351,4.0,40.0,1.235,-0.12248988557747897,1.0773709233205913,1.0657140611403069,0.989180270296922,0.9619375,0.45747347972972974,0.0380625,0.0,0.0380625,2.833039885548359,0.9479249999999999,0.5080640202702702,0.052074999999999996,0.0,0.052074999999999996,2.8127997105482936,1.25,1.22,1.28,False,False,0,,,,,22310820,15000,40000,80000
206,4,599,1.1847904133885692,2.373715833115867,2.5810567902922563,0.295141101146524,0.0,0.0,0.595,0.5897904133885692,2.8133142763461683,2.1124915189038247,0.7508906973761399,0.8134125,0.7635182432432432,0.18658750000000002,0.0,0.18658750000000002,2.7139457886478056,0.9501999999999999,0.5884573198198199,0.0498,0.0,0.0498,2.7856079636484,0.57,0.54,0.6,False,False,0,,,0.595,0.0,22320820,15000,40000,80000
206,4,599,1.1847904133885692,2.373715833115867,2.5810567902922563,0.295141101146524,0.5,5.0,0.67,0.5147904133885691,2.499812541134452,2.023103491855727,0.8093020810822931,0.8405,0.7589780405405405,0.1595,0.0,0.1595,2.7171159011479187,0.9501999999999999,0.5884573198198199,0.0498,0.0,0.0498,2.7856079636484,0.67,0.64,0.7,False,False,0,,,,,22320820,15000,40000,80000
206,4,599,1.1847904133885692,2.373715833115867,2.5810567902922563,0.295141101146524,1.0,10.0,0.785,0.39979041338856913,2.236751391084019,1.933715464807629,0.8645196209626468,0.8747625,0.7351620495495494,0.1252375,0.0,0.1252375,2.726832101148066,0.9501999999999999,0.5884573198198199,0.0498,0.0,0.0498,2.7856079636484,0.8,0.77,0.83,False,False,0,,,,,22320820,15000,40000,80000
206,4,599,1.1847904133885692,2.373715833115867,2.5810567902922563,0.295141101146524,2.0,20.0,0.935,0.2497904133885691,1.848109610635143,1.7549394107114331,0.9495862153480767,0.910225,0.6869001126126126,0.089775,0.0,0.089775,2.7452382136482196,0.9501999999999999,0.5884573198198199,0.0498,0.0,0.0498,2.7856079636484,0.95,0.92,0.98,False,False,0,,,,,22320820,15000,40000,80000
206,4,599,1.1847904133885692,2.373715833115867,2.5810567902922563,0.295141101146524,3.0,30.0,1.0999999999999983,0.08479041338857085,1.575327627208143,1.5616213246199961,0.9912993955343514,0.93791875,0.62279428490991,0.06208125,0.0,0.06208125,2.7711729761483443,0.94906875,0.5878531531531531,0.05093125,0.0,0.05093125,2.7859468636483955,1.15,1.12,1.18,False,True,1,1.0299999999999998,1.2699999999999947,,,22320820,15000,40000,80000
206,4,599,1.1847904133885692,2.373715833115867,2.5810567902922563,0.295141101146524,4.0,40.0,1.225,-0.040209586611430925,1.4110143907174755,1.397387302519042,0.9903423464083139,0.9553875,0.572492849099099,0.0446125,0.0,0.0446125,2.7926210511484246,0.9501999999999999,0.5884573198198199,0.0498,0.0,0.0498,2.7856079636484,1.2,1.17,1.23,False,False,0,,,,,22320820,15000,40000,80000
207,3,200,1.117930505993707,2.3369489604944014,2.732166313375913,0.3240798167050672,0.0,0.0,0.5400000000000001,0.5779305059937069,2.720580517743204,1.9756022606977572,0.7261693773858873,0.7993125,0.7448252252252252,0.2006875,0.0,0.2006875,2.737743729206288,0.94411875,0.5529279560810811,0.05588124999999999,0.0,0.05588124999999999,2.798781754206913,0.51,0.48,0.54,False,True,1,0.39,0.6300000000000002,0.5399999999999999,2.220446049250313e-16,22330820,15000,40000,80000
207,3,200,1.117930505993707,2.3369489604944014,2.732166313375913,0.3240798167050672,0.5,5.0,0.63,0.487930505993707,2.3595445942120095,1.8771617988482636,0.7955610601524393,0.8285875,0.732659009009009,0.1714125,0.0,0.1714125,2.7418543417064116,0.9421375000000001,0.5542432432432433,0.0578625,0.0,0.0578625,2.798437479206904,0.61,0.58,0.64,False,False,0,,,,,22330820,15000,40000,80000
207,3,200,1.117930505993707,2.3369489604944014,2.732166313375913,0.3240798167050672,1.0,10.0,0.71,0.40793050599370706,2.0783980234280515,1.773778213490483,0.8534352869354941,0.8558375,0.7148979166666667,0.1441625,0.0,0.1441625,2.746035216706527,0.9421375000000001,0.5542432432432433,0.0578625,0.0,0.0578625,2.798437479206904,0.71,0.68,0.74,False,False,0,,,,,22330820,15000,40000,80000
207,3,200,1.117930505993707,2.3369489604944014,2.732166313375913,0.3240798167050672,2.0,20.0,0.8800000000000001,0.2379305059937069,1.6695993104288707,1.5762767333249734,0.944104806152606,0.903225,0.6548111486486485,0.096775,0.0,0.096775,2.76270567295673,0.94411875,0.5529279560810811,0.05588124999999999,0.0,0.05588124999999999,2.798781754206913,0.85,0.82,0.88,False,True,1,0.73,0.9700000000000002,,,22330820,15000,40000,80000
207,3,200,1.117930505993707,2.3369489604944014,2.732166313375913,0.3240798167050672,3.0,30.0,1.0700000000000003,0.04793050599370674,1.384629249018581,1.376613969638582,0.9942112450782906,0.93754375,0.5737809121621622,0.06245625,0.0,0.06245625,2.790726560456883,0.94411875,0.5529279560810811,0.05588124999999999,0.0,0.05588124999999999,2.798781754206913,1.0,0.97,1.03,False,True,1,0.88,1.12,,,22330820,15000,40000,80000
207,3,200,1.117930505993707,2.3369489604944014,2.732166313375913,0.3240798167050672,4.0,40.0,1.25,-0.13206949400629298,1.1683598031246085,1.1534767013437979,0.9872615424281048,0.95775,0.49862680180180186,0.042249999999999996,0.0,0.042249999999999996,2.821278179206977,0.9421375000000001,0.5542432432432433,0.0578625,0.0,0.0578625,2.798437479206904,1.25,1.22,1.28,False,False,0,,,,,22330820,15000,40000,80000
208,2,479,1.1157945249886898,2.2133730452685683,2.4911940953590817,0.3253933914654401,0.0,0.0,0.505,0.6107945249886898,2.6240690213489195,1.8755270694100636,0.7147399912697178,0.764,0.7217989864864863,0.236,0.0,0.236,2.7506859789665175,0.9320125,0.5279203265765766,0.0679875,0.0,0.0679875,2.81478382896724,0.53,0.5,0.56,False,False,0,,,0.505,0.0,22340820,15000,40000,80000
208,2,479,1.1157945249886898,2.2133730452685683,2.4911940953590817,0.3253933914654401,0.5,5.0,0.605,0.5107945249886898,2.2473624670160155,1.754758470236775,0.7808079453096384,0.80455,0.7161729166666666,0.19545,0.0,0.19545,2.7518832664666872,0.9320125,0.5279203265765766,0.0679875,0.0,0.0679875,2.81478382896724,0.61,0.58,0.64,False,False,0,,,,,22340820,15000,40000,80000
208,2,479,1.1157945249886898,2.2133730452685683,2.4911940953590817,0.3253933914654401,1.0,10.0,0.7,0.41579452498868985,1.9260662193684,1.633989871063486,0.8483560194515574,0.8370875,0.6940602477477478,0.1629125,0.0,0.1629125,2.7576816539668245,0.9320125,0.5279203265765766,0.0679875,0.0,0.0679875,2.81478382896724,0.69,0.66,0.72,False,False,0,,,,,22340820,15000,40000,80000
208,2,479,1.1157945249886898,2.2133730452685683,2.4911940953590817,0.3253933914654401,2.0,20.0,0.945,0.17079452498868986,1.445896813864967,1.3924526727169082,0.9630373753952749,0.90095,0.6010305743243243,0.09905,0.0,0.09905,2.786717353967101,0.9320125,0.5279203265765766,0.0679875,0.0,0.0679875,2.81478382896724,0.95,0.92,0.98,False,False,0,,,,,22340820,15000,40000,80000
208,2,479,1.1157945249886898,2.2133730452685683,2.4911940953590817,0.3253933914654401,3.0,30.0,1.1,0.015794524988689718,1.1549208324170892,1.1509154743703303,0.9965319198213991,0.929925,0.5349650337837838,0.070075,0.0,0.070075,2.8117947539672308,0.9320125,0.5279203265765766,0.0679875,0.0,0.0679875,2.81478382896724,1.1,1.07,1.13,False,False,0,,,,,22340820,15000,40000,80000
208,2,479,1.1157945249886898,2.2133730452685683,2.4911940953590817,0.3253933914654401,4.0,40.0,1.275,-0.1592054750113101,0.9443132398724378,0.9093782760237524,0.9630048988263635,0.9519625,0.4608185810810811,0.0480375,0.0,0.0480375,2.845121403967333,0.9320125,0.5279203265765766,0.0679875,0.0,0.0679875,2.81478382896724,1.25,1.22,1.28,False,False,0,,,,,22340820,15000,40000,80000
209,1,716,1.0690926807602412,2.492888743458276,2.649304749087104,0.3131235413144362,0.0,0.0,0.57,0.49909268076024127,2.778502378449805,2.1835139059495945,0.785860009653053,0.8128500000000001,0.7574561373873874,0.18714999999999998,0.0,0.18714999999999998,2.726130966315713,0.9404125,0.6062204954954955,0.0595875,0.0,0.0595875,2.7763528038162626,0.59,0.56,0.62,False,False,0,,,0.57,0.0,22350820,15000,40000,80000
209,1,716,1.0690926807602412,2.492888743458276,2.649304749087104,0.3131235413144362,0.5,5.0,0.65,0.4190926807602412,2.4470823131953954,2.0762555902535844,0.84846168805103,0.83970625,0.7481557432432432,0.16029375,0.0,0.16029375,2.729817728815826,0.9389687499999999,0.6070198479729729,0.061031249999999995,0.0,0.061031249999999995,2.776653441316256,0.69,0.66,0.72,False,True,1,0.57,0.8100000000000002,,,22350820,15000,40000,80000
209,1,716,1.0690926807602412,2.492888743458276,2.649304749087104,0.3131235413144362,1.0,10.0,0.765,0.3040926807602412,2.1929749777063194,1.9688888052848177,0.8978163569126182,0.877575,0.7226154842342343,0.122425,0.0,0.122425,2.7368779413159867,0.9404125,0.6062204954954955,0.0595875,0.0,0.0595875,2.7763528038162626,0.75,0.72,0.78,False,False,0,,,,,22350820,15000,40000,80000
209,1,716,1.0690926807602412,2.492888743458276,2.649304749087104,0.3131235413144362,2.0,20.0,0.925,0.14409268076024118,1.8065350188557798,1.7542637046200413,0.9710654298476616,0.9158375000000001,0.666019481981982,0.0841625,0.0,0.0841625,2.7549672538161527,0.9404125,0.6062204954954955,0.0595875,0.0,0.0595875,2.7763528038162626,0.9,0.87,0.93,False,False,0,,,,,22350820,15000,40000,80000
209,1,716,1.0690926807602412,2.492888743458276,2.649304749087104,0.3131235413144362,3.0,30.0,1.0350000000000001,0.03409268076024108,1.5279864444703974,1.5267519225302142,0.9991920596254955,0.9339875,0.6214782094594595,0.0660125,0.0,0.0660125,2.7712334163162335,0.9389687499999999,0.6070198479729729,0.061031249999999995,0.0,0.061031249999999995,2.776653441316256,1.0,0.97,1.03,False,True,1,0.88,1.12,,,22350820,15000,40000,80000
209,1,716,1.0690926807602412,2.492888743458276,2.649304749087104,0.3131235413144362,4.0,40.0,1.19,-0.12090731923975873,1.352101478069271,1.3250135032904882,0.9799660194015444,0.9558249999999999,0.5548216216216216,0.044175,0.0,0.044175,2.7965476538163334,0.9404125,0.6062204954954955,0.0595875,0.0,0.0595875,2.7763528038162626,1.2,1.17,1.23,False,False,0,,,,,22350820,15000,40000,80000
210,1,1052,1.184461970715831,2.518692916979331,2.805805586121773,0.3450971681696745,0.0,0.0,0.485,0.699461970715831,2.649430726734901,1.7139283637018254,0.6469043883302555,0.78455,0.7298201013513513,0.21545,0.0,0.21545,2.7546298681708326,0.9586625,0.48337770270270275,0.0413375,0.0,0.0413375,2.8202911681715808,0.47,0.44,0.5,False,False,0,,,0.485,0.0,22360820,15000,40000,80000
210,1,1052,1.184461970715831,2.518692916979331,2.805805586121773,0.3450971681696745,0.5,5.0,0.57,0.6144619707158311,2.2947636248383207,1.6406424908343096,0.7149505391649662,0.81995,0.7219294481981983,0.18005,0.0,0.18005,2.75367990567098,0.9586625,0.48337770270270275,0.0413375,0.0,0.0413375,2.8202911681715808,0.57,0.54,0.6,False,False,0,,,,,22360820,15000,40000,80000
210,1,1052,1.184461970715831,2.518692916979331,2.805805586121773,0.3450971681696745,1.0,10.0,0.675,0.509461970715831,2.0098122643916976,1.567356617966794,0.779852250747997,0.85805,0.6960147522522522,0.14195,0.0,0.14195,2.75679854317114,0.9586625,0.48337770270270275,0.0413375,0.0,0.0413375,2.8202911681715808,0.65,0.62,0.68,False,False,0,,,,,22360820,15000,40000,80000
210,1,1052,1.184461970715831,2.518692916979331,2.805805586121773,0.3450971681696745,2.0,20.0,0.855,0.32946197071583105,1.5953870082977466,1.4207848722317624,0.890558130937595,0.9074500000000001,0.6273620495495495,0.09255,0.0,0.09255,2.7721301931713507,0.9586625,0.48337770270270275,0.0413375,0.0,0.0413375,2.8202911681715808,0.85,0.82,0.88,False,False,0,,,,,22360820,15000,40000,80000
210,1,1052,1.184461970715831,2.518692916979331,2.805805586121773,0.3450971681696745,3.0,30.0,1.025,0.15946197071583113,1.3137591872018257,1.274213126496731,0.9698985467882254,0.9384,0.5519971846846847,0.0616,0.0,0.0616,2.795011355671488,0.9586625,0.48337770270270275,0.0413375,0.0,0.0413375,2.8202911681715808,1.05,1.02,1.08,False,False,0,,,,,22360820,15000,40000,80000
210,1,1052,1.184461970715831,2.518692916979331,2.805805586121773,0.3450971681696745,4.0,40.0,1.1449999999999974,0.03946197071583368,1.1312251788294574,1.1296054236012534,0.9985681407570153,0.95440625,0.5006839527027027,0.04559375,0.0,0.04559375,2.8138425369215616,0.95865,0.4839974662162162,0.04135,0.0,0.04135,2.820431449421581,1.15,1.12,1.18,False,True,1,1.0299999999999998,1.2699999999999947,,,22360820,15000,40000,80000
211,3,825,1.174502603033178,2.3562674465600737,2.953276604432836,0.3198582880051497,0.0,0.0,0.555,0.619502603033178,2.7829663335205446,1.9904773330633396,0.7152358650869196,0.8135749999999999,0.7593918918918918,0.186425,0.0,0.186425,2.728713900506428,0.9551499999999999,0.5565350788288288,0.04485,0.0,0.04485,2.7959880255070413,0.53,0.5,0.56,False,False,0,,,0.555,0.0,22370820,15000,40000,80000
211,3,825,1.174502603033178,2.3562674465600737,2.953276604432836,0.3198582880051497,0.5,5.0,0.645,0.529502603033178,2.4658796349273224,1.910273126910013,0.7746822269231787,0.8462875000000001,0.750339358108108,0.1537125,0.0,0.1537125,2.7312083630065658,0.9551499999999999,0.5565350788288288,0.04485,0.0,0.04485,2.7959880255070413,0.63,0.6,0.66,False,False,0,,,,,22370820,15000,40000,80000
211,3,825,1.174502603033178,2.3562674465600737,2.953276604432836,0.3198582880051497,1.0,10.0,0.73,0.444502603033178,2.2063668431994494,1.830068920756686,0.8294490675462226,0.87295,0.7308215090090091,0.12705,0.0,0.12705,2.7364964755066787,0.9551499999999999,0.5565350788288288,0.04485,0.0,0.04485,2.7959880255070413,0.75,0.72,0.78,False,False,0,,,,,22370820,15000,40000,80000
211,3,825,1.174502603033178,2.3562674465600737,2.953276604432836,0.3198582880051497,2.0,20.0,0.915,0.25950260303317796,1.8136901998578596,1.6696605084500322,0.9205874898485336,0.917,0.6659115990990991,0.083,0.0,0.083,2.756322988006869,0.9551499999999999,0.5565350788288288,0.04485,0.0,0.04485,2.7959880255070413,0.9,0.87,0.93,False,False,0,,,,,22370820,15000,40000,80000
211,3,825,1.174502603033178,2.3562674465600737,2.953276604432836,0.3198582880051497,3.0,30.0,1.02,0.15450260303317798,1.5466600476872616,1.5092520961433789,0.9758137209273496,0.9353374999999999,0.6225789414414414,0.0646625,0.0,0.0646625,2.7710772130069508,0.9551499999999999,0.5565350788288288,0.04485,0.0,0.04485,2.7959880255070413,1.0,0.97,1.03,False,False,0,,,,,22370820,15000,40000,80000
211,3,825,1.174502603033178,2.3562674465600737,2.953276604432836,0.3198582880051497,4.0,40.0,1.1399999999999997,0.034502603033178314,1.3788860613143539,1.3741635435282062,0.9965751210932932,0.9528812499999999,0.5730284065315315,0.04711875,0.0,0.04711875,2.7888700692570296,0.9565125000000001,0.5579987331081081,0.0434875,0.0,0.0434875,2.7947818505070465,1.25,1.22,1.28,False,True,1,1.13,1.3699999999999948,,,22370820,15000,40000,80000
212,1,181,1.0023659578951165,2.541417971943985,2.535126196250301,0.3170790747502421,0.0,0.0,0.525,0.4773659578951165,2.7505357148581573,2.2357278909996046,0.8128336159833863,0.79315,0.7511645270270271,0.20685,0.0,0.20685,2.7309753622514368,0.9278,0.619864358108108,0.0722,0.0,0.0722,2.7725393622520125,0.55,0.52,0.58,False,False,0,,,0.525,0.0,22380820,15000,40000,80000
212,1,181,1.0023659578951165,2.541417971943985,2.535126196250301,0.3170790747502421,0.5,5.0,0.65,0.3523659578951165,2.41227125049966,2.105522345529269,0.8728381375407706,0.8391124999999999,0.7401129504504506,0.16088750000000002,0.0,0.16088750000000002,2.7346393997516305,0.9278,0.619864358108108,0.0722,0.0,0.0722,2.7725393622520125,0.67,0.64,0.7,False,False,0,,,,,22380820,15000,40000,80000
212,1,181,1.0023659578951165,2.541417971943985,2.535126196250301,0.3170790747502421,1.0,10.0,0.74,0.2623659578951165,2.142523624654239,1.9753168000589334,0.9219580019229474,0.8682625,0.7188895833333334,0.1317375,0.0,0.1317375,2.740469587251754,0.9278,0.619864358108108,0.0722,0.0,0.0722,2.7725393622520125,0.75,0.72,0.78,False,False,0,,,,,22380820,15000,40000,80000
212,1,181,1.0023659578951165,2.541417971943985,2.535126196250301,0.3170790747502421,2.0,20.0,0.93,0.07236595789511646,1.7357382111451551,1.7149057091182618,0.9879979008970776,0.9146,0.6502046734234235,0.0854,0.0,0.0854,2.7619641622519544,0.9278,0.619864358108108,0.0722,0.0,0.0722,2.7725393622520125,0.95,0.92,0.98,False,False,0,,,,,22380820,15000,40000,80000
212,1,181,1.0023659578951165,2.541417971943985,2.535126196250301,0.3170790747502421,3.0,30.0,1.035,-0.03263404210488341,1.4622430492970244,1.4544946181775902,0.9947009964429926,0.933325,0.6061638513513514,0.06667500000000001,0.0,0.06667500000000001,2.777505774752038,0.9278,0.619864358108108,0.0722,0.0,0.0722,2.7725393622520125,1.05,1.02,1.08,False,False,0,,,,,22380820,15000,40000,80000
212,1,181,1.0023659578951165,2.541417971943985,2.535126196250301,0.3170790747502421,4.0,40.0,1.19,-0.18763404210488344,1.2733757543044164,1.194083527236919,0.9377306919819508,0.954275,0.5398776463963963,0.045725,0.0,0.045725,2.803395974752134,0.9278,0.619864358108108,0.0722,0.0,0.0722,2.7725393622520125,1.2,1.17,1.23,False,False,0,,,,,22380820,15000,40000,80000
213,1,447,1.1601764781199877,2.5857771518109005,2.52374552592123,0.285306977663041,0.0,0.0,0.6,0.5601764781199877,2.8847183023496776,2.2860560805313197,0.7924711673473517,0.8209124999999999,0.7790324324324325,0.1790875,0.0,0.1790875,2.7005494151643523,0.9501999999999999,0.6319942004504504,0.0498,0.0,0.0498,2.764561227664913,0.61,0.58,0.64,False,False,0,,,0.6,0.0,22390820,15000,40000,80000
213,1,447,1.1601764781199877,2.5857771518109005,2.52374552592123,0.285306977663041,0.5,5.0,0.72,0.4401764781199877,2.59133530927777,2.1959875381860603,0.8474347300111088,0.8609625000000001,0.7709949324324326,0.1390375,0.0,0.1390375,2.707006615164522,0.9501999999999999,0.6319942004504504,0.0498,0.0,0.0498,2.764561227664913,0.73,0.7,0.76,False,False,0,,,,,22390820,15000,40000,80000
213,1,447,1.1601764781199877,2.5857771518109005,2.52374552592123,0.285306977663041,1.0,10.0,0.8,0.36017647811998765,2.3488417717749965,2.1059189958408004,0.8965776329196403,0.883025,0.7545229166666667,0.116975,0.0,0.116975,2.7143076401646162,0.9501999999999999,0.6319942004504504,0.0498,0.0,0.0498,2.764561227664913,0.8,0.77,0.83,False,False,0,,,,,22390820,15000,40000,80000
213,1,447,1.1601764781199877,2.5857771518109005,2.52374552592123,0.285306977663041,2.0,20.0,0.96,0.20017647811998773,2.0037252515589214,1.9257819111502812,0.9611007844773132,0.9199875,0.7076635698198197,0.0800125,0.0,0.0800125,2.733102102664777,0.9501999999999999,0.6319942004504504,0.0498,0.0,0.0498,2.764561227664913,0.95,0.92,0.98,False,False,0,,,,,22390820,15000,40000,80000
213,1,447,1.1601764781199877,2.5857771518109005,2.52374552592123,0.285306977663041,3.0,30.0,1.0950000000000002,0.0651764781199875,1.769234531291177,1.756664471327925,0.992895198606553,0.94295,0.6582895833333334,0.057050000000000003,0.0,0.057050000000000003,2.753391790164879,0.9511375,0.632199971846847,0.0488625,0.0,0.0488625,2.7644008276649172,1.1,1.07,1.13,False,True,1,0.9800000000000001,1.2200000000000002,,,22390820,15000,40000,80000
213,1,447,1.1601764781199877,2.5857771518109005,2.52374552592123,0.285306977663041,4.0,40.0,1.1999999999999962,-0.03982352188000848,1.5831476596313347,1.5799082661097616,0.9979538272997684,0.95565,0.6161383445945947,0.04435,0.0,0.04435,2.7713040026649383,0.9511375,0.632199971846847,0.0488625,0.0,0.0488625,2.7644008276649172,1.15,1.12,1.18,False,True,1,1.0299999999999998,1.2699999999999947,,,22390820,15000,40000,80000
214,2,1076,1.106624541050469,2.3833594875122377,2.880741542257132,0.3555112246724452,0.0,0.0,0.45,0.656624541050469,2.572017717992605,1.7114926182231645,0.6654280047335526,0.7656125,0.7120154842342342,0.2343875,0.0,0.2343875,2.768314849673525,0.9463375,0.4829851914414414,0.0536625,0.0,0.0536625,2.822011537174297,0.47,0.44,0.5,False,False,0,,,0.45,0.0,22400820,15000,40000,80000
214,2,1076,1.106624541050469,2.3833594875122377,2.880741542257132,0.3555112246724452,0.5,5.0,0.55,0.5566245410504689,2.1944545838002116,1.616414162141208,0.7365903920153174,0.809,0.7024788851351351,0.191,0.0,0.191,2.765966949673705,0.9463375,0.4829851914414414,0.0536625,0.0,0.0536625,2.822011537174297,0.53,0.5,0.56,False,False,0,,,,,22400820,15000,40000,80000
214,2,1076,1.106624541050469,2.3833594875122377,2.880741542257132,0.3555112246724452,1.0,10.0,0.625,0.4816245410504689,1.8770366205412832,1.521335706059252,0.8104986814911169,0.8366125,0.6829223536036035,0.1633875,0.0,0.1633875,2.767846124673821,0.9463375,0.4829851914414414,0.0536625,0.0,0.0536625,2.822011537174297,0.65,0.62,0.68,False,False,0,,,,,22400820,15000,40000,80000
214,2,1076,1.106624541050469,2.3833594875122377,2.880741542257132,0.3555112246724452,2.0,20.0,0.845,0.26162454105046895,1.4316779472494117,1.3311787938953397,0.9298032399345436,0.90055,0.59762134009009,0.09945000000000001,0.0,0.09945000000000001,2.7849932371740937,0.9463375,0.4829851914414414,0.0536625,0.0,0.0536625,2.822011537174297,0.85,0.82,0.88,False,False,0,,,,,22400820,15000,40000,80000
214,2,1076,1.106624541050469,2.3833594875122377,2.880741542257132,0.3555112246724452,3.0,30.0,1.065,0.04162454105046898,1.152593940192393,1.1410218817314273,0.9899599867243497,0.9411125,0.501134740990991,0.058887499999999995,0.0,0.058887499999999995,2.8151478996742725,0.9463375,0.4829851914414414,0.0536625,0.0,0.0536625,2.822011537174297,1.05,1.02,1.08,False,False,0,,,,,22400820,15000,40000,80000
214,2,1076,1.106624541050469,2.3833594875122377,2.880741542257132,0.3555112246724452,4.0,40.0,1.165,-0.05837545894953111,0.9652996996310874,0.950864969567515,0.9850463746450051,0.9536,0.4589317567567567,0.0464,0.0,0.0464,2.8315740371743305,0.9463375,0.4829851914414414,0.0536625,0.0,0.0536625,2.822011537174297,1.15,1.12,1.18,False,False,0,,,,,22400820,15000,40000,80000
215,1,134,1.0972802198720948,2.5849112227309923,2.6411316767297954,0.3313207832875331,0.0,0.0,0.53,0.5672802198720948,2.7101733312223883,1.9796709874181921,0.7304591793489782,0.8001750000000001,0.7431518581081082,0.199825,0.0,0.199825,2.742082395788757,0.9458625,0.55349481981982,0.0541375,0.0,0.0541375,2.7958929707893825,0.51,0.48,0.54,False,False,0,,,0.53,0.0,22410820,15000,40000,80000
215,1,134,1.0972802198720948,2.5849112227309923,2.6411316767297954,0.3313207832875331,0.5,5.0,0.595,0.5022802198720948,2.367475327466101,1.8828548707684996,0.7953007361574962,0.825225,0.7367638513513514,0.174775,0.0,0.174775,2.7429065207888614,0.9458625,0.55349481981982,0.0541375,0.0,0.0541375,2.7958929707893825,0.61,0.58,0.64,False,False,0,,,,,22410820,15000,40000,80000
215,1,134,1.0972802198720948,2.5849112227309923,2.6411316767297954,0.3313207832875331,1.0,10.0,0.7,0.39728021987209483,2.094396947932012,1.786038754118807,0.8527699373713874,0.8618875,0.7135096283783785,0.1381125,0.0,0.1381125,2.7473164957890157,0.9458625,0.55349481981982,0.0541375,0.0,0.0541375,2.7958929707893825,0.71,0.68,0.74,False,False,0,,,,,22410820,15000,40000,80000
215,1,134,1.0972802198720948,2.5849112227309923,2.6411316767297954,0.3313207832875331,2.0,20.0,0.87,0.2272802198720948,1.6882262960675443,1.5924065208194222,0.9432423393289637,0.907175,0.6521438063063063,0.09282499999999999,0.0,0.09282499999999999,2.7632184582892103,0.9458625,0.55349481981982,0.0541375,0.0,0.0541375,2.7958929707893825,0.85,0.82,0.88,False,False,0,,,,,22410820,15000,40000,80000
215,1,134,1.0972802198720948,2.5849112227309923,2.6411316767297954,0.3313207832875331,3.0,30.0,1.0350000000000001,0.062280219872094644,1.4151264875914442,1.4063345065365245,0.9937871411976157,0.9374,0.5819873873873873,0.06259999999999999,0.0,0.06259999999999999,2.7855275895393437,0.94615625,0.5546440878378378,0.053843749999999996,0.0,0.053843749999999996,2.7953010895393837,1.0,0.97,1.03,False,True,1,0.88,1.12,,,22410820,15000,40000,80000
215,1,134,1.0972802198720948,2.5849112227309923,2.6411316767297954,0.3313207832875331,4.0,40.0,1.16,-0.06271978012790513,1.2164507366092672,1.2051420542206526,0.9907035426521781,0.9537125,0.526501858108108,0.046287499999999995,0.0,0.046287499999999995,2.806129733289419,0.9458625,0.55349481981982,0.0541375,0.0,0.0541375,2.7958929707893825,1.15,1.12,1.18,False,False,0,,,,,22410820,15000,40000,80000
216,1,161,1.123853906690598,2.3038601492491715,2.6217701599972534,0.3187033679296045,0.0,0.0,0.535,0.5888539066905979,2.7091466410929175,1.9891866157251719,0.7342484107551664,0.788575,0.741542117117117,0.211425,0.0,0.211425,2.7371796929307814,0.941275,0.5569211711711711,0.058725,0.0,0.058725,2.79974320543144,0.55,0.52,0.58,False,False,0,,,0.535,0.0,22420820,15000,40000,80000
216,1,161,1.123853906690598,2.3038601492491715,2.6217701599972534,0.3187033679296045,0.5,5.0,0.64,0.4838539066905979,2.3664110403191088,1.884310925901057,0.7962737215961261,0.8293125,0.7336228603603603,0.1706875,0.0,0.1706875,2.739503405430953,0.941275,0.5569211711711711,0.058725,0.0,0.058725,2.79974320543144,0.65,0.62,0.68,False,False,0,,,,,22420820,15000,40000,80000
216,1,161,1.123853906690598,2.3038601492491715,2.6217701599972534,0.3187033679296045,1.0,10.0,0.725,0.39885390669059795,2.0775079138947508,1.7794352360769428,0.8565239266602819,0.8567625000000001,0.7135809684684685,0.14323750000000002,0.0,0.14323750000000002,2.745325130431069,0.941275,0.5569211711711711,0.058725,0.0,0.058725,2.79974320543144,0.71,0.68,0.74,False,False,0,,,,,22420820,15000,40000,80000
216,1,161,1.123853906690598,2.3038601492491715,2.6217701599972534,0.3187033679296045,2.0,20.0,0.9350000000000002,0.18885390669059776,1.6388284922714473,1.5581437861066865,0.9507668395166047,0.9084875,0.6369778434684684,0.0915125,0.0,0.0915125,2.769983836681294,0.93988125,0.5565739583333333,0.06011875,0.0,0.06011875,2.8003606741814346,0.9,0.87,0.93,False,True,1,0.78,1.0200000000000002,,,22420820,15000,40000,80000
216,1,161,1.123853906690598,2.3038601492491715,2.6217701599972534,0.3187033679296045,3.0,30.0,1.075,0.04885390669059797,1.3560091416410522,1.3599324767804843,1.0028932954940732,0.9337,0.5774509572072073,0.0663,0.0,0.0663,2.7916549054314057,0.941275,0.5569211711711711,0.058725,0.0,0.058725,2.79974320543144,1.05,1.02,1.08,False,False,0,,,,,22420820,15000,40000,80000
216,1,161,1.123853906690598,2.3038601492491715,2.6217701599972534,0.3187033679296045,4.0,40.0,1.2249999999999979,-0.10114609330939994,1.1498583785088685,1.1287794506174864,0.981668239945586,0.95255,0.5138774493243243,0.04745,0.0,0.04745,2.8184118616814935,0.93988125,0.5565739583333333,0.06011875,0.0,0.06011875,2.8003606741814346,1.25,1.22,1.28,False,True,1,1.13,1.3699999999999948,,,22420820,15000,40000,80000
217,4,397,1.0984704612416023,2.4372493770403407,2.9330958271234637,0.3582983396806115,0.0,0.0,0.465,0.6334704612416022,2.5733327393900733,1.7291912568567671,0.6719656694169355,0.776925,0.7122079954954955,0.223075,0.0,0.223075,2.7676482896817367,0.9503874999999999,0.487197804054054,0.049612500000000004,0.0,0.049612500000000004,2.8174894021824777,0.45,0.42,0.48,False,False,0,,,0.465,0.0,22430820,15000,40000,80000
217,4,397,1.0984704612416023,2.4372493770403407,2.9330958271234637,0.3582983396806115,0.5,5.0,0.555,0.5434704612416023,2.1995466012061566,1.6411474474256311,0.7461298826429418,0.815375,0.7006488738738739,0.18462499999999998,0.0,0.18462499999999998,2.765735327181897,0.9503874999999999,0.487197804054054,0.049612500000000004,0.0,0.049612500000000004,2.8174894021824777,0.53,0.5,0.56,False,False,0,,,,,22430820,15000,40000,80000
217,4,397,1.0984704612416023,2.4372493770403407,2.9330958271234637,0.3582983396806115,1.0,10.0,0.66,0.43847046124160227,1.8995025361104472,1.5531036379944947,0.8176370436307693,0.8542875000000001,0.6715114301801801,0.1457125,0.0,0.1457125,2.7680875396820603,0.9503874999999999,0.487197804054054,0.049612500000000004,0.0,0.049612500000000004,2.8174894021824777,0.67,0.64,0.7,False,False,0,,,,,22430820,15000,40000,80000
217,4,397,1.0984704612416023,2.4372493770403407,2.9330958271234637,0.3582983396806115,2.0,20.0,0.825,0.27347046124160235,1.475209526346514,1.3770160191322223,0.9334375860102554,0.9017625,0.6066703265765766,0.0982375,0.0,0.0982375,2.780590277182262,0.9503874999999999,0.487197804054054,0.049612500000000004,0.0,0.049612500000000004,2.8174894021824777,0.85,0.82,0.88,False,False,0,,,,,22430820,15000,40000,80000
217,4,397,1.0984704612416023,2.4372493770403407,2.9330958271234637,0.3582983396806115,3.0,30.0,0.99,0.10847046124160231,1.2127300700088774,1.2009284002699498,0.9902685106679665,0.935075,0.5344534346846848,0.064925,0.0,0.064925,2.8009401521824078,0.9503874999999999,0.487197804054054,0.049612500000000004,0.0,0.049612500000000004,2.8174894021824777,1.0,0.97,1.03,False,False,0,,,,,22430820,15000,40000,80000
217,4,397,1.0984704612416023,2.4372493770403407,2.9330958271234637,0.3582983396806115,4.0,40.0,1.165,-0.06652953875839773,1.0224075861432824,1.0248407814076772,1.0023798681635112,0.9575750000000001,0.458896509009009,0.042425,0.0,0.042425,2.828583364682511,0.9503874999999999,0.487197804054054,0.049612500000000004,0.0,0.049612500000000004,2.8174894021824777,1.15,1.12,1.18,False,False,0,,,,,22430820,15000,40000,80000
218,2,1114,1.2502760736991612,2.696023388665759,2.7325755655697894,0.2984181454818022,0.0,0.0,0.58,0.6702760736991612,2.9067421366162884,2.1131601522412975,0.7269857637599761,0.829675,0.7859453828828828,0.170325,0.0,0.170325,2.703870332983147,0.9680625,0.5875065878378378,0.0319375,0.0,0.0319375,2.7802274579837505,0.59,0.56,0.62,False,False,0,,,0.58,0.0,22440820,15000,40000,80000
218,2,1114,1.2502760736991612,2.696023388665759,2.7325755655697894,0.2984181454818022,0.5,5.0,0.695,0.5552760736991612,2.6291324487830185,2.055723304928162,0.7819017660672523,0.8686125,0.7778182995495495,0.1313875,0.0,0.1313875,2.708591382983311,0.9680625,0.5875065878378378,0.0319375,0.0,0.0319375,2.7802274579837505,0.67,0.64,0.7,False,False,0,,,,,22440820,15000,40000,80000
218,2,1114,1.2502760736991612,2.696023388665759,2.7325755655697894,0.2984181454818022,1.0,10.0,0.775,0.47527607369916114,2.4128518061345403,1.9982864576150263,0.8281844962606054,0.892425,0.7624501689189189,0.107575,0.0,0.107575,2.7141126829834126,0.9680625,0.5875065878378378,0.0319375,0.0,0.0319375,2.7802274579837505,0.75,0.72,0.78,False,False,0,,,,,22440820,15000,40000,80000
218,2,1114,1.2502760736991612,2.696023388665759,2.7325755655697894,0.2984181454818022,2.0,20.0,0.9,0.35027607369916114,2.081625247663392,1.883412762988755,0.9047799382251301,0.9212750000000001,0.7251819256756757,0.07872499999999999,0.0,0.07872499999999999,2.727349345483537,0.9680625,0.5875065878378378,0.0319375,0.0,0.0319375,2.7802274579837505,0.9,0.87,0.93,False,False,0,,,,,22440820,15000,40000,80000
218,2,1114,1.2502760736991612,2.696023388665759,2.7325755655697894,0.2984181454818022,3.0,30.0,1.025,0.22527607369916125,1.8427405001764765,1.7685390683624838,0.9597331084833233,0.9423375,0.6787173423423423,0.057662500000000005,0.0,0.057662500000000005,2.7444441704836313,0.9680625,0.5875065878378378,0.0319375,0.0,0.0319375,2.7802274579837505,1.05,1.02,1.08,False,False,0,,,,,22440820,15000,40000,80000
218,2,1114,1.2502760736991612,2.696023388665759,2.7325755655697894,0.2984181454818022,4.0,40.0,1.1499999999999972,0.10027607369916391,1.6761132150117495,1.6560936602393665,0.9880559650785626,0.958375,0.6296438626126126,0.041624999999999995,0.0,0.041624999999999995,2.763201545483704,0.968025,0.5882615990990991,0.031975,0.0,0.031975,2.77980412673375,1.15,1.12,1.18,False,True,1,1.0299999999999998,1.2699999999999947,,,22440820,15000,40000,80000
219,2,836,1.2860486655933565,2.415509957664692,2.7758421672653184,0.3371397386474919,0.0,0.0,0.5,0.7860486655933565,2.660698224956713,1.605175626677516,0.6032911254727622,0.7834125000000001,0.7318521396396396,0.2165875,0.0,0.2165875,2.750601826148646,0.9635499999999999,0.4553445382882883,0.03645,0.0,0.03645,2.8367272136494273,0.51,0.48,0.54,False,False,0,,,0.5,0.0,22450820,15000,40000,80000
219,2,836,1.2860486655933565,2.415509957664692,2.7758421672653184,0.3371397386474919,0.5,5.0,0.6100000000000002,0.6760486655933563,2.3158158654036862,1.5495274626890534,0.6691065061940684,0.8290875,0.722302759009009,0.17091250000000002,0.0,0.17091250000000002,2.7499876761488364,0.9652562499999999,0.45676207770270266,0.03474375,0.0,0.03474375,2.835639982399434,0.55,0.52,0.58,False,True,1,0.43000000000000005,0.6700000000000003,,,22450820,15000,40000,80000
219,2,836,1.2860486655933565,2.415509957664692,2.7758421672653184,0.3371397386474919,1.0,10.0,0.7050000000000001,0.5810486655933564,2.0300431246297594,1.4882648372929324,0.7331198136809842,0.86168125,0.6974858108108108,0.13831875,0.0,0.13831875,2.7544590261489743,0.9652562499999999,0.45676207770270266,0.03474375,0.0,0.03474375,2.835639982399434,0.73,0.7,0.76,False,True,1,0.61,0.8500000000000002,,,22450820,15000,40000,80000
219,2,836,1.2860486655933565,2.415509957664692,2.7758421672653184,0.3371397386474919,2.0,20.0,0.875,0.4110486655933565,1.5870026254677088,1.3481893375157366,0.8495192861564479,0.904625,0.630695945945946,0.09537499999999999,0.0,0.09537499999999999,2.7721815886491594,0.9635499999999999,0.4553445382882883,0.03645,0.0,0.03645,2.8367272136494273,0.9,0.87,0.93,False,False,0,,,,,22450820,15000,40000,80000
219,2,836,1.2860486655933565,2.415509957664692,2.7758421672653184,0.3371397386474919,3.0,30.0,1.025,0.2610486655933566,1.3056708557519645,1.2196961929348469,0.9341528820694991,0.9328624999999999,0.5660587274774775,0.0671375,0.0,0.0671375,2.792788288649284,0.9635499999999999,0.4553445382882883,0.03645,0.0,0.03645,2.8367272136494273,1.05,1.02,1.08,False,False,0,,,,,22450820,15000,40000,80000
219,2,836,1.2860486655933565,2.415509957664692,2.7758421672653184,0.3371397386474919,4.0,40.0,1.22,0.06604866559335654,1.0997241282387717,1.0912030483539572,0.9922516205055343,0.957175,0.48198648648648645,0.042825,0.0,0.042825,2.8251311261493965,0.9635499999999999,0.4553445382882883,0.03645,0.0,0.03645,2.8367272136494273,1.2,1.17,1.23,False,False,0,,,,,22450820,15000,40000,80000
220,1,317,1.1948415627238056,2.561105516148253,2.446791429809214,0.3212200410115391,0.0,0.0,0.53,0.6648415627238056,2.7251013824967,1.8721526176507612,0.6870029238822377,0.7920750000000001,0.7456600225225225,0.207925,0.0,0.207925,2.7362652535127303,0.9535374999999999,0.5259768018018018,0.046462500000000004,0.0,0.046462500000000004,2.8094760910134284,0.53,0.5,0.56,False,False,0,,,0.53,0.0,22460820,15000,40000,80000
220,1,317,1.1948415627238056,2.561105516148253,2.446791429809214,0.3212200410115391,0.5,5.0,0.615,0.5798415627238056,2.3857516782208394,1.7894637132165538,0.7500628542158403,0.8253625,0.7404244369369369,0.1746375,0.0,0.1746375,2.7375258410128698,0.9535374999999999,0.5259768018018018,0.046462500000000004,0.0,0.046462500000000004,2.8094760910134284,0.63,0.6,0.66,False,False,0,,,,,22460820,15000,40000,80000
220,1,317,1.1948415627238056,2.561105516148253,2.446791429809214,0.3212200410115391,1.0,10.0,0.715,0.4798415627238056,2.101902976773583,1.7067748087823464,0.8120140785005417,0.8585,0.7181275900900901,0.14150000000000001,0.0,0.14150000000000001,2.7433596910130094,0.9535374999999999,0.5259768018018018,0.046462500000000004,0.0,0.046462500000000004,2.8094760910134284,0.73,0.7,0.76,False,False,0,,,,,22460820,15000,40000,80000
220,1,317,1.1948415627238056,2.561105516148253,2.446791429809214,0.3212200410115391,2.0,20.0,0.89,0.3048415627238056,1.6862932320266768,1.5413969999139316,0.9140741186877676,0.9046000000000001,0.656458277027027,0.09540000000000001,0.0,0.09540000000000001,2.761431216013208,0.9535374999999999,0.5259768018018018,0.046462500000000004,0.0,0.046462500000000004,2.8094760910134284,0.9,0.87,0.93,False,False,0,,,,,22460820,15000,40000,80000
220,1,317,1.1948415627238056,2.561105516148253,2.446791429809214,0.3212200410115391,3.0,30.0,1.075,0.11984156272380564,1.3970335441081823,1.3760191910455166,0.9849578750980669,0.9374875,0.5771932995495496,0.0625125,0.0,0.0625125,2.789165666013355,0.9535374999999999,0.5259768018018018,0.046462500000000004,0.0,0.046462500000000004,2.8094760910134284,1.05,1.02,1.08,False,False,0,,,,,22460820,15000,40000,80000
220,1,317,1.1948415627238056,2.561105516148253,2.446791429809214,0.3212200410115391,4.0,40.0,1.205,-0.010158437276194476,1.2137248604735058,1.2106413821771018,0.9974594915233086,0.95485,0.5218029279279279,0.045149999999999996,0.0,0.045149999999999996,2.8112049035134348,0.9535374999999999,0.5259768018018018,0.046462500000000004,0.0,0.046462500000000004,2.8094760910134284,1.2,1.17,1.23,False,False,0,,,,,22460820,15000,40000,80000
221,1,664,1.17064709142402,2.690173664357175,2.769573353194673,0.3023123756862365,0.0,0.0,0.58,0.5906470914240199,2.897842095775297,2.212732602235719,0.7635794253460585,0.83065,0.7844072635135135,0.16935,0.0,0.16935,2.7068668256875847,0.96055,0.6127782657657659,0.03945,0.0,0.03945,2.769328138188148,0.59,0.56,0.62,False,False,0,,,0.58,0.0,22470820,15000,40000,80000
221,1,664,1.17064709142402,2.690173664357175,2.769573353194673,0.3023123756862365,0.5,5.0,0.68,0.49064709142401985,2.6245309350630786,2.1415059399706062,0.8159575912634982,0.8660875,0.7781923986486488,0.1339125,0.0,0.1339125,2.709955288187734,0.96055,0.6127782657657659,0.03945,0.0,0.03945,2.769328138188148,0.69,0.66,0.72,False,False,0,,,,,22470820,15000,40000,80000
221,1,664,1.17064709142402,2.690173664357175,2.769573353194673,0.3023123756862365,1.0,10.0,0.74,0.4306470914240199,2.3985625181442263,2.070279277705494,0.863133340092079,0.884,0.7669457770270269,0.11599999999999999,0.0,0.11599999999999999,2.71389956318781,0.96055,0.6127782657657659,0.03945,0.0,0.03945,2.769328138188148,0.75,0.72,0.78,False,False,0,,,,,22470820,15000,40000,80000
221,1,664,1.17064709142402,2.690173664357175,2.769573353194673,0.3023123756862365,2.0,20.0,0.9250000000000002,0.24564709142401975,2.055110755003714,1.932979981098001,0.9405721693546913,0.9257875,0.7101911036036037,0.0742125,0.0,0.0742125,2.733507681937991,0.96084375,0.6135844876126126,0.039156250000000004,0.0,0.039156250000000004,2.7691543256881492,0.85,0.82,0.88,False,True,1,0.73,0.9700000000000002,,,22470820,15000,40000,80000
221,1,664,1.17064709142402,2.690173664357175,2.769573353194673,0.3023123756862365,3.0,30.0,1.025,0.14564709142402,1.8191720275616674,1.785372628645044,0.9814204493008137,0.94255,0.6720728040540541,0.05745,0.0,0.05745,2.7469793756880656,0.96055,0.6127782657657659,0.03945,0.0,0.03945,2.769328138188148,1.0,0.97,1.03,False,False,0,,,,,22470820,15000,40000,80000
221,1,664,1.17064709142402,2.690173664357175,2.769573353194673,0.3023123756862365,4.0,40.0,1.135,0.035647091424019894,1.6487605867229536,1.6429193041148187,0.9964571674898265,0.956975,0.6277363175675676,0.043024999999999994,0.0,0.043024999999999994,2.763508063188131,0.96055,0.6127782657657659,0.03945,0.0,0.03945,2.769328138188148,1.15,1.12,1.18,False,False,0,,,,,22470820,15000,40000,80000
222,2,371,1.1158608369311376,2.385234432492821,2.7627335499118018,0.3028332020927533,0.0,0.0,0.575,0.5408608369311376,2.8275306254048638,2.2165185921564805,0.7839061307564459,0.8139375,0.7679600788288288,0.18606250000000002,0.0,0.18606250000000002,2.716009764594035,0.9449625,0.6147835022522523,0.0550375,0.0,0.0550375,2.773644689594601,0.59,0.56,0.62,False,False,0,,,0.575,0.0,22480820,15000,40000,80000
222,2,371,1.1158608369311376,2.385234432492821,2.7627335499118018,0.3028332020927533,0.5,5.0,0.665,0.45086083693113754,2.519990229394695,2.1173034688090766,0.8402030468656442,0.8459125000000001,0.7623256756756756,0.1540875,0.0,0.1540875,2.7193832645941693,0.9449625,0.6147835022522523,0.0550375,0.0,0.0550375,2.773644689594601,0.69,0.66,0.72,False,False,0,,,,,22480820,15000,40000,80000
222,2,371,1.1158608369311376,2.385234432492821,2.7627335499118018,0.3028332020927533,1.0,10.0,0.78,0.33586083693113755,2.2616900398495883,2.0180883454616727,0.8922921841208108,0.879525,0.7375792792792792,0.120475,0.0,0.120475,2.728509514594313,0.9449625,0.6147835022522523,0.0550375,0.0,0.0550375,2.773644689594601,0.8,0.77,0.83,False,False,0,,,,,22480820,15000,40000,80000
222,2,371,1.1158608369311376,2.385234432492821,2.7627335499118018,0.3028332020927533,2.0,20.0,0.915,0.20086083693113754,1.8807065126105633,1.8196580987668651,0.967539638197478,0.9111374999999999,0.6937835585585586,0.08886250000000001,0.0,0.08886250000000001,2.74396113959445,0.9449625,0.6147835022522523,0.0550375,0.0,0.0550375,2.773644689594601,0.9,0.87,0.93,False,False,0,,,,,22480820,15000,40000,80000
222,2,371,1.1158608369311376,2.385234432492821,2.7627335499118018,0.3028332020927533,3.0,30.0,1.075,0.04086083693113762,1.6223254187158667,1.621227852072057,0.9993234608598573,0.9391499999999999,0.6314676801801802,0.06085,0.0,0.06085,2.767124739594575,0.9449625,0.6147835022522523,0.0550375,0.0,0.0550375,2.773644689594601,1.05,1.02,1.08,False,False,0,,,,,22480820,15000,40000,80000
222,2,371,1.1158608369311376,2.385234432492821,2.7627335499118018,0.3028332020927533,4.0,40.0,1.225,-0.10913916306886251,1.4421530375530984,1.4227976053772495,0.9865787945718374,0.9582125,0.5697981981981982,0.0417875,0.0,0.0417875,2.7919935520946626,0.9449625,0.6147835022522523,0.0550375,0.0,0.0550375,2.773644689594601,1.25,1.22,1.28,False,False,0,,,,,22480820,15000,40000,80000
223,4,380,1.239811263978837,2.3821279720936417,2.850818687421326,0.3409645022504179,0.0,0.0,0.5,0.739811263978837,2.6640219672112053,1.662129871651727,0.6239174797014548,0.78745,0.7331121058558558,0.21255,0.0,0.21255,2.7518996272515883,0.9609125000000001,0.4703046734234234,0.0390875,0.0,0.0390875,2.829530239752338,0.51,0.48,0.54,False,False,0,,,0.5,0.0,22490820,15000,40000,80000
223,4,380,1.239811263978837,2.3821279720936417,2.850818687421326,0.3409645022504179,0.5,5.0,0.595,0.644811263978837,2.312655556592553,1.593059219126343,0.6888441361642038,0.8257,0.7235793355855856,0.1743,0.0,0.1743,2.7519417397517474,0.9609125000000001,0.4703046734234234,0.0390875,0.0,0.0390875,2.829530239752338,0.61,0.58,0.64,False,False,0,,,,,22490820,15000,40000,80000
223,4,380,1.239811263978837,2.3821279720936417,2.850818687421326,0.3409645022504179,1.0,10.0,0.675,0.564811263978837,2.018705942411823,1.523988566600959,0.7549334128279195,0.8529875,0.703260304054054,0.1470125,0.0,0.1470125,2.755467214751863,0.9609125000000001,0.4703046734234234,0.0390875,0.0,0.0390875,2.829530239752338,0.67,0.64,0.7,False,False,0,,,,,22490820,15000,40000,80000
223,4,380,1.239811263978837,2.3821279720936417,2.850818687421326,0.3409645022504179,2.0,20.0,0.8450000000000001,0.3948112639788369,1.584922979391904,1.3912473669919074,0.8778012465474473,0.8992687500000001,0.6405548423423424,0.10073125,0.0,0.10073125,2.7704333147520606,0.9608937500000001,0.47184253941441445,0.03910625,0.0,0.03910625,2.8293317835023375,0.85,0.82,0.88,False,True,1,0.73,0.9700000000000002,,,22490820,15000,40000,80000
223,4,380,1.239811263978837,2.3821279720936417,2.850818687421326,0.3409645022504179,3.0,30.0,1.04,0.19981126397883697,1.31305802048181,1.2477059564994235,0.9502291117658255,0.9370125,0.556134966216216,0.0629875,0.0,0.0629875,2.796315627252227,0.9609125000000001,0.4703046734234234,0.0390875,0.0,0.0390875,2.829530239752338,1.05,1.02,1.08,False,False,0,,,,,22490820,15000,40000,80000
223,4,380,1.239811263978837,2.3821279720936417,2.850818687421326,0.3409645022504179,4.0,40.0,1.215,0.024811263978836928,1.1168524552910122,1.1095646514486557,0.9934746941658846,0.9587,0.4807214527027026,0.0413,0.0,0.0413,2.8250952147523276,0.9609125000000001,0.4703046734234234,0.0390875,0.0,0.0390875,2.829530239752338,1.2,1.17,1.23,False,False,0,,,,,22490820,15000,40000,80000
224,3,1113,1.0720866343612123,2.475909587430889,2.6482910988751813,0.3351158821541971,0.0,0.0,0.5,0.5720866343612123,2.6631415800579483,1.9581099481677269,0.7352631804596433,0.7813375,0.7322518581081081,0.2186625,0.0,0.2186625,2.7495791571553427,0.9384125000000001,0.5482064189189189,0.061587499999999996,0.0,0.061587499999999996,2.799671282156015,0.51,0.48,0.54,False,False,0,,,0.5,0.0,22500820,15000,40000,80000
224,3,1113,1.0720866343612123,2.475909587430889,2.6482910988751813,0.3351158821541971,0.5,5.0,0.61,0.46208663436121233,2.312745133078637,1.8481193567855636,0.7991020412722342,0.826225,0.7228338400900902,0.173775,0.0,0.173775,2.74974674465553,0.9384125000000001,0.5482064189189189,0.061587499999999996,0.0,0.061587499999999996,2.799671282156015,0.61,0.58,0.64,False,False,0,,,,,22500820,15000,40000,80000
224,3,1113,1.0720866343612123,2.475909587430889,2.6482910988751813,0.3351158821541971,1.0,10.0,0.68,0.39208663436121227,2.0191492117065066,1.7381287654034,0.8608223480098337,0.850275,0.7056100225225224,0.149725,0.0,0.149725,2.7530655946556317,0.9384125000000001,0.5482064189189189,0.061587499999999996,0.0,0.061587499999999996,2.799671282156015,0.69,0.66,0.72,False,False,0,,,,,22500820,15000,40000,80000
224,3,1113,1.0720866343612123,2.475909587430889,2.6482910988751813,0.3351158821541971,2.0,20.0,0.8700000000000001,0.20208663436121221,1.5781179018689868,1.5195126887601553,0.9628638563446846,0.9011750000000001,0.6349699324324324,0.098825,0.0,0.098825,2.77114866965585,0.938725,0.5479314470720722,0.061274999999999996,0.0,0.061274999999999996,2.7994596571560164,0.85,0.82,0.88,False,True,1,0.73,0.9700000000000002,,,22500820,15000,40000,80000
224,3,1113,1.0720866343612123,2.475909587430889,2.6482910988751813,0.3351158821541971,3.0,30.0,1.04,0.032086634361212285,1.2997919001594072,1.298166399874746,0.9987494149759959,0.9336625,0.562250731981982,0.0663375,0.0,0.0663375,2.7945875946559937,0.9384125000000001,0.5482064189189189,0.061587499999999996,0.0,0.061587499999999996,2.799671282156015,1.05,1.02,1.08,False,False,0,,,,,22500820,15000,40000,80000
224,3,1113,1.0720866343612123,2.475909587430889,2.6482910988751813,0.3351158821541971,4.0,40.0,1.165,-0.09291336563878771,1.1075977959371206,1.0781852171104191,0.9734447116682677,0.95085,0.5083747747747748,0.04915,0.0,0.04915,2.814873557156072,0.9384125000000001,0.5482064189189189,0.061587499999999996,0.0,0.061587499999999996,2.799671282156015,1.15,1.12,1.18,False,False,0,,,,,22500820,15000,40000,80000
225,1,1093,1.097652102960598,2.544325547176654,2.7860264703555284,0.3305094510535171,0.0,0.0,0.525,0.5726521029605979,2.7326169232600437,2.0206244691076205,0.7394466644439105,0.8015,0.7485073198198198,0.1985,0.0,0.1985,2.7391593510547456,0.94825,0.5639604166666667,0.051750000000000004,0.0,0.051750000000000004,2.7910204260553755,0.53,0.5,0.56,False,False,0,,,0.525,0.0,22510820,15000,40000,80000
225,1,1093,1.097652102960598,2.544325547176654,2.7860264703555284,0.3305094510535171,0.5,5.0,0.605,0.4926521029605979,2.4054657402542845,1.9279164410385823,0.8014732485172622,0.83325,0.7423555180180179,0.16675,0.0,0.16675,2.739513213554878,0.94825,0.5639604166666667,0.051750000000000004,0.0,0.051750000000000004,2.7910204260553755,0.63,0.6,0.66,False,False,0,,,,,22510820,15000,40000,80000
225,1,1093,1.097652102960598,2.544325547176654,2.7860264703555284,0.3305094510535171,1.0,10.0,0.6950000000000002,0.4026521029605977,2.1432965669008253,1.8385928028071836,0.8578340632840006,0.864725,0.723170974099099,0.135275,0.0,0.135275,2.742952063555011,0.9491875000000001,0.5639022804054054,0.0508125,0.0,0.0508125,2.7906656635553793,0.67,0.64,0.7,False,True,1,0.55,0.7900000000000003,,,22510820,15000,40000,80000
225,1,1093,1.097652102960598,2.544325547176654,2.7860264703555284,0.3305094510535171,2.0,20.0,0.9000000000000001,0.19765210296059776,1.7504181594501433,1.6565125892452923,0.9463524931469236,0.9171687500000001,0.6491967905405405,0.08283125,0.0,0.08283125,2.762393019805236,0.9491875000000001,0.5639022804054054,0.0508125,0.0,0.0508125,2.7906656635553793,0.85,0.82,0.88,False,True,1,0.73,0.9700000000000002,,,22510820,15000,40000,80000
225,1,1093,1.097652102960598,2.544325547176654,2.7860264703555284,0.3305094510535171,3.0,30.0,1.02,0.07765210296059788,1.48848213934469,1.4744323756834012,0.9905610129339716,0.93854375,0.5979693693693693,0.06145625,0.0,0.06145625,2.7786737135553308,0.9491875000000001,0.5639022804054054,0.0508125,0.0,0.0508125,2.7906656635553793,1.0,0.97,1.03,False,True,1,0.88,1.12,,,22510820,15000,40000,80000
225,1,1093,1.097652102960598,2.544325547176654,2.7860264703555284,0.3305094510535171,4.0,40.0,1.155,-0.05734789703940213,1.2861807226559114,1.2789602445553168,0.9943861092197955,0.9552125,0.5393045608108109,0.044787499999999994,0.0,0.044787499999999994,2.800186276055407,0.94825,0.5639604166666667,0.051750000000000004,0.0,0.051750000000000004,2.7910204260553755,1.15,1.12,1.18,False,False,0,,,,,22510820,15000,40000,80000
226,4,86,1.1580932826347587,2.767024956076538,2.617276777212258,0.3150327879746366,0.0,0.0,0.565,0.5930932826347588,2.819216380237396,2.0790041106586226,0.7374404196968936,0.8212250000000001,0.7673653153153153,0.17877500000000002,0.0,0.17877500000000002,2.7219099629759462,0.9577125,0.5787431306306305,0.042287500000000006,0.0,0.042287500000000006,2.783751737976537,0.55,0.52,0.58,False,False,0,,,0.565,0.0,22520820,15000,40000,80000
226,4,86,1.1580932826347587,2.767024956076538,2.617276777212258,0.3150327879746366,0.5,5.0,0.66,0.4980932826347587,2.5243474419820804,2.0030499596057383,0.7934921818975018,0.8568875,0.7591709459459459,0.14311249999999998,0.0,0.14311249999999998,2.723930487976096,0.9577125,0.5787431306306305,0.042287500000000006,0.0,0.042287500000000006,2.783751737976537,0.67,0.64,0.7,False,False,0,,,,,22520820,15000,40000,80000
226,4,86,1.1580932826347587,2.767024956076538,2.617276777212258,0.3150327879746366,1.0,10.0,0.72,0.4380932826347588,2.2809145543370555,1.9270958085528533,0.8448785619297172,0.875875,0.7462355292792793,0.12412499999999999,0.0,0.12412499999999999,2.727460912976176,0.9577125,0.5787431306306305,0.042287500000000006,0.0,0.042287500000000006,2.783751737976537,0.73,0.7,0.76,False,False,0,,,,,22520820,15000,40000,80000
226,4,86,1.1580932826347587,2.767024956076538,2.617276777212258,0.3150327879746366,2.0,20.0,0.8850000000000001,0.2730932826347586,1.9123511494388195,1.7813988275810175,0.931522868121668,0.9163937499999999,0.6919175112612612,0.08360625,0.0,0.08360625,2.743769162976351,0.958125,0.5795889921171172,0.041874999999999996,0.0,0.041874999999999996,2.7834249379765383,0.85,0.82,0.88,False,True,1,0.73,0.9700000000000002,,,22520820,15000,40000,80000
226,4,86,1.1580932826347587,2.767024956076538,2.617276777212258,0.3150327879746366,3.0,30.0,1.02,0.13809328263475873,1.6555564374448397,1.623279204341315,0.9805036950879542,0.940025,0.6372246058558559,0.059975,0.0,0.059975,2.762210912976456,0.9577125,0.5787431306306305,0.042287500000000006,0.0,0.042287500000000006,2.783751737976537,1.0,0.97,1.03,False,False,0,,,,,22520820,15000,40000,80000
226,4,86,1.1580932826347587,2.767024956076538,2.617276777212258,0.3150327879746366,4.0,40.0,1.17,-0.011906717365241182,1.4750327399621068,1.4713709022355455,0.9975174532555423,0.9592375,0.5739319819819819,0.0407625,0.0,0.0407625,2.785578725476544,0.9577125,0.5787431306306305,0.042287500000000006,0.0,0.042287500000000006,2.783751737976537,1.15,1.12,1.18,False,False,0,,,,,22520820,15000,40000,80000
227,2,602,1.1164790024702822,2.4864674051708784,2.4437152395366426,0.3362626747602968,0.0,0.0,0.5,0.6164790024702822,2.6245559433172723,1.810621731955054,0.6898773625173875,0.7747375000000001,0.7230523085585586,0.2252625,0.0,0.2252625,2.754951024761417,0.9386375,0.5101085585585585,0.0613625,0.0,0.0613625,2.8173115872621217,0.49,0.46,0.52,False,False,0,,,0.5,0.0,22530820,15000,40000,80000
227,2,602,1.1164790024702822,2.4864674051708784,2.4437152395366426,0.3362626747602968,0.5,5.0,0.575,0.5414790024702822,2.246421947665436,1.7017191521384698,0.7575242727248809,0.80495,0.7165166103603603,0.19505,0.0,0.19505,2.7554556747615426,0.9386375,0.5101085585585585,0.0613625,0.0,0.0613625,2.8173115872621217,0.59,0.56,0.62,False,False,0,,,,,22530820,15000,40000,80000
227,2,602,1.1164790024702822,2.4864674051708784,2.4437152395366426,0.3362626747602968,1.0,10.0,0.66,0.45647900247028217,1.923028991249623,1.5928165723218861,0.8282852622449762,0.8344875,0.6961886261261261,0.1655125,0.0,0.1655125,2.7595846372616677,0.9386375,0.5101085585585585,0.0613625,0.0,0.0613625,2.8173115872621217,0.67,0.64,0.7,False,False,0,,,,,22530820,15000,40000,80000
227,2,602,1.1164790024702822,2.4864674051708784,2.4437152395366426,0.3362626747602968,2.0,20.0,0.89,0.2264790024702822,1.4578191149898403,1.3750114126887183,0.9431975466299883,0.8981874999999999,0.6092485923423423,0.1018125,0.0,0.1018125,2.782400012261941,0.9386375,0.5101085585585585,0.0613625,0.0,0.0613625,2.8173115872621217,0.9,0.87,0.93,False,False,0,,,,,22530820,15000,40000,80000
227,2,602,1.1164790024702822,2.4864674051708784,2.4437152395366426,0.3362626747602968,3.0,30.0,1.105,0.011479002470282218,1.1599419366871975,1.1572062530555502,0.9976415339896578,0.9371375,0.5151438626126126,0.0628625,0.0,0.0628625,2.815281974762115,0.9386375,0.5101085585585585,0.0613625,0.0,0.0613625,2.8173115872621217,1.1,1.07,1.13,False,False,0,,,,,22530820,15000,40000,80000
227,2,602,1.1164790024702822,2.4864674051708784,2.4437152395366426,0.3362626747602968,4.0,40.0,1.265,-0.1485209975297177,0.9743067972456702,0.9394010934223824,0.9641738065238128,0.9570375,0.4489163288288288,0.0429625,0.0,0.0429625,2.8437277622622075,0.9386375,0.5101085585585585,0.0613625,0.0,0.0613625,2.8173115872621217,1.25,1.22,1.28,False,False,0,,,,,22530820,15000,40000,80000
228,2,1024,1.0135457389041114,2.290722168327659,2.5061415321628755,0.3158294626650413,0.0,0.0,0.56,0.4535457389041113,2.697537175146986,2.1694425658696534,0.8042308316849953,0.79245,0.7385583896396395,0.20755,0.0,0.20755,2.7378988376662363,0.9182250000000001,0.6038965653153152,0.081775,0.0,0.081775,2.7836485501667765,0.57,0.54,0.6,False,False,0,,,0.56,0.0,22540820,15000,40000,80000
228,2,1024,1.0135457389041114,2.290722168327659,2.5061415321628755,0.3158294626650413,0.5,5.0,0.63,0.38354573890411137,2.345523896654561,2.022558003170277,0.8623054346430098,0.8192875,0.7330055743243242,0.1807125,0.0,0.1807125,2.739896725166348,0.9182250000000001,0.6038965653153152,0.081775,0.0,0.081775,2.7836485501667765,0.63,0.6,0.66,False,False,0,,,,,22540820,15000,40000,80000
228,2,1024,1.0135457389041114,2.290722168327659,2.5061415321628755,0.3158294626650413,1.0,10.0,0.73,0.2835457389041114,2.049943674412537,1.8756734404709006,0.9149877939980091,0.852075,0.7109978040540541,0.147925,0.0,0.147925,2.746772075166488,0.9182250000000001,0.6038965653153152,0.081775,0.0,0.081775,2.7836485501667765,0.73,0.7,0.76,False,False,0,,,,,22540820,15000,40000,80000
228,2,1024,1.0135457389041114,2.290722168327659,2.5061415321628755,0.3158294626650413,2.0,20.0,0.92,0.09354573890411133,1.6105999714965888,1.5819043150721477,0.9821832503835345,0.901,0.6439546171171171,0.099,0.0,0.099,2.7688726251666993,0.9182250000000001,0.6038965653153152,0.081775,0.0,0.081775,2.7836485501667765,0.9,0.87,0.93,False,False,0,,,,,22540820,15000,40000,80000
228,2,1024,1.0135457389041114,2.290722168327659,2.5061415321628755,0.3158294626650413,3.0,30.0,1.1150000000000002,-0.10145426109588884,1.3240718825603768,1.3023540327846685,0.9835976807137449,0.9364875,0.5612057995495495,0.0635125,0.0,0.0635125,2.799457525166858,0.9194249999999999,0.6041304617117118,0.08057500000000001,0.0,0.08057500000000001,2.7826954314167813,1.1,1.07,1.13,False,True,1,0.9800000000000001,1.2200000000000002,,,22540820,15000,40000,80000
228,2,1024,1.0135457389041114,2.290722168327659,2.5061415321628755,0.3158294626650413,4.0,40.0,1.225,-0.21145426109588872,1.0961320151348553,0.9943660642746425,0.9071590379123333,0.9488875000000001,0.5136525337837837,0.051112500000000005,0.0,0.051112500000000005,2.8208512251669164,0.9182250000000001,0.6038965653153152,0.081775,0.0,0.081775,2.7836485501667765,1.2,1.17,1.23,False,False,0,,,,,22540820,15000,40000,80000
229,2,933,1.161957272767674,2.530972284503267,2.545617396962695,0.3252283031359485,0.0,0.0,0.52,0.6419572727676739,2.6999922163262187,1.9002706170960588,0.7038059612192838,0.787325,0.7400579954954954,0.212675,0.0,0.212675,2.7409634406371195,0.9503999999999999,0.5332958896396396,0.049600000000000005,0.0,0.049600000000000005,2.8064207531378225,0.51,0.48,0.54,False,False,0,,,0.52,0.0,22550820,15000,40000,80000
229,2,933,1.161957272767674,2.530972284503267,2.545617396962695,0.3252283031359485,0.5,5.0,0.6200000000000001,0.5419572727676738,2.3598272587468117,1.8139135463065201,0.7686636975580156,0.8266625000000001,0.7337167792792794,0.1733375,0.0,0.1733375,2.7419296343872848,0.94978125,0.5340564470720721,0.05021875,0.0,0.05021875,2.8057956406378195,0.61,0.58,0.64,False,True,1,0.49,0.7300000000000002,,,22550820,15000,40000,80000
229,2,933,1.161957272767674,2.530972284503267,2.545617396962695,0.3252283031359485,1.0,10.0,0.75,0.4119572727676739,2.076754647878493,1.7235330415042915,0.8299165446746275,0.87025,0.7007929054054055,0.12975,0.0,0.12975,2.7496888281374687,0.9503999999999999,0.5332958896396396,0.049600000000000005,0.0,0.049600000000000005,2.8064207531378225,0.73,0.7,0.76,False,False,0,,,,,22550820,15000,40000,80000
229,2,933,1.161957272767674,2.530972284503267,2.545617396962695,0.3252283031359485,2.0,20.0,0.8800000000000001,0.2819572727676738,1.6549604024101665,1.5454402337495292,0.9338230881529613,0.9019937499999999,0.6533855855855857,0.09800625,0.0,0.09800625,2.7636497218876057,0.94978125,0.5340564470720721,0.05021875,0.0,0.05021875,2.8057956406378195,0.85,0.82,0.88,False,True,1,0.73,0.9700000000000002,,,22550820,15000,40000,80000
229,2,933,1.161957272767674,2.530972284503267,2.545617396962695,0.3252283031359485,3.0,30.0,1.05,0.11195727276767387,1.3880140850277518,1.3700578903207572,0.9870633915745635,0.935175,0.58142759009009,0.064825,0.0,0.064825,2.787814578137753,0.9503999999999999,0.5332958896396396,0.049600000000000005,0.0,0.049600000000000005,2.8064207531378225,1.05,1.02,1.08,False,False,0,,,,,22550820,15000,40000,80000
229,2,933,1.161957272767674,2.530972284503267,2.545617396962695,0.3252283031359485,4.0,40.0,1.165,-0.0030427272323261256,1.1933226625824667,1.1933203147289901,0.9999980325074264,0.95075,0.5319604166666667,0.04925,0.0,0.04925,2.806955965637824,0.9503999999999999,0.5332958896396396,0.049600000000000005,0.0,0.049600000000000005,2.8064207531378225,1.15,1.12,1.18,False,False,0,,,,,22550820,15000,40000,80000
230,3,442,1.076375231429727,2.713644649695107,2.5853705255313217,0.3412201361668596,0.0,0.0,0.495,0.581375231429727,2.6703128528305764,1.9300427000447615,0.7227777441878707,0.7886,0.7345178490990991,0.2114,0.0,0.2114,2.7506808736680344,0.9456249999999999,0.5403220157657658,0.054375,0.0,0.054375,2.7995339986687062,0.51,0.48,0.54,False,False,0,,,0.495,0.0,22560820,15000,40000,80000
230,3,442,1.076375231429727,2.713644649695107,2.5853705255313217,0.3412201361668596,0.5,5.0,0.595,0.48137523142972705,2.3261338520936623,1.8329283231058542,0.7879719911457833,0.8297875,0.724829617117117,0.1702125,0.0,0.1702125,2.750157161168206,0.9456249999999999,0.5403220157657658,0.054375,0.0,0.054375,2.7995339986687062,0.59,0.56,0.62,False,False,0,,,,,22560820,15000,40000,80000
230,3,442,1.076375231429727,2.713644649695107,2.5853705255313217,0.3412201361668596,1.0,10.0,0.6900000000000001,0.38637523142972696,2.033676514156276,1.7377718262151747,0.8544976618054395,0.861075,0.6991415259009008,0.13892500000000002,0.0,0.13892500000000002,2.7546983111683385,0.94539375,0.5410505630630631,0.054606249999999995,0.0,0.054606249999999995,2.7992415674187052,0.71,0.68,0.74,False,True,1,0.59,0.8300000000000002,,,22560820,15000,40000,80000
230,3,442,1.076375231429727,2.713644649695107,2.5853705255313217,0.3412201361668596,2.0,20.0,0.845,0.23137523142972705,1.629398620072186,1.5415851922891313,0.946106847826369,0.9046125,0.6417521959459459,0.0953875,0.0,0.0953875,2.7677524111685243,0.9456249999999999,0.5403220157657658,0.054375,0.0,0.054375,2.7995339986687062,0.85,0.82,0.88,False,False,0,,,,,22560820,15000,40000,80000
230,3,442,1.076375231429727,2.713644649695107,2.5853705255313217,0.3412201361668596,3.0,30.0,1.045,0.03137523142972709,1.3509747491539876,1.347356438411316,0.9973217036477272,0.9411624999999999,0.5540722972972972,0.0588375,0.0,0.0588375,2.794721348668686,0.9456249999999999,0.5403220157657658,0.054375,0.0,0.054375,2.7995339986687062,1.05,1.02,1.08,False,False,0,,,,,22560820,15000,40000,80000
230,3,442,1.076375231429727,2.713644649695107,2.5853705255313217,0.3412201361668596,4.0,40.0,1.159999999999997,-0.08362476857027001,1.1687251043498863,1.1525463426172586,0.9861569143398975,0.9559,0.5051131756756757,0.0441,0.0,0.0441,2.812579061168753,0.94539375,0.5410505630630631,0.054606249999999995,0.0,0.054606249999999995,2.7992415674187052,1.15,1.12,1.18,False,True,1,1.0299999999999998,1.2699999999999947,,,22560820,15000,40000,80000
231,2,1189,1.0651962940216706,2.57577620604884,2.848508006538189,0.3242391875304727,0.0,0.0,0.545,0.5201962940216706,2.779324798857822,2.1655909751600926,0.7791788048845725,0.8131625,0.7589041103603604,0.1868375,0.0,0.1868375,2.7305340875317485,0.9471375,0.601095945945946,0.0528625,0.0,0.0528625,2.7756670250323223,0.53,0.5,0.56,False,False,0,,,0.545,0.0,22570820,15000,40000,80000
231,2,1189,1.0651962940216706,2.57577620604884,2.848508006538189,0.3242391875304727,0.5,5.0,0.625,0.4401962940216706,2.470790217262535,2.0703661165526657,0.8379368276949422,0.8441875,0.7527469031531531,0.1558125,0.0,0.1558125,2.7312745875318782,0.9471375,0.601095945945946,0.0528625,0.0,0.0528625,2.7756670250323223,0.61,0.58,0.64,False,False,0,,,,,22570820,15000,40000,80000
231,2,1189,1.0651962940216706,2.57577620604884,2.848508006538189,0.3242391875304727,1.0,10.0,0.72,0.3451962940216706,2.213798579889698,1.9751412579452388,0.892195557395131,0.8744875000000001,0.7312757882882883,0.1255125,0.0,0.1255125,2.7363071500320064,0.9471375,0.601095945945946,0.0528625,0.0,0.0528625,2.7756670250323223,0.71,0.68,0.74,False,False,0,,,,,22570820,15000,40000,80000
231,2,1189,1.0651962940216706,2.57577620604884,2.848508006538189,0.3242391875304727,2.0,20.0,0.8850000000000001,0.18019629402167048,1.8384331737440178,1.7776119933007128,0.9669168391258731,0.9159875,0.6740225788288288,0.0840125,0.0,0.0840125,2.752330550032185,0.9468812499999999,0.5998105292792792,0.05311875,0.0,0.05311875,2.7766072187823223,0.85,0.82,0.88,False,True,1,0.73,0.9700000000000002,,,22570820,15000,40000,80000
231,2,1189,1.0651962940216706,2.57577620604884,2.848508006538189,0.3242391875304727,3.0,30.0,1.055,0.01019629402167066,1.5977860367879706,1.5942418235155316,0.9977817973177661,0.945875,0.6056122747747748,0.054125,0.0,0.054125,2.774071525032317,0.9471375,0.601095945945946,0.0528625,0.0,0.0528625,2.7756670250323223,1.05,1.02,1.08,False,False,0,,,,,22570820,15000,40000,80000
231,2,1189,1.0651962940216706,2.57577620604884,2.848508006538189,0.3242391875304727,4.0,40.0,1.1650000000000003,-0.09980370597832966,1.4022276442036288,1.3949957583454846,0.9948425736091864,0.95864375,0.5569812218468468,0.04135625,0.0,0.04135625,2.7923869812823763,0.9468812499999999,0.5998105292792792,0.05311875,0.0,0.05311875,2.7766072187823223,1.1,1.07,1.13,False,True,1,0.9800000000000001,1.2200000000000002,,,22570820,15000,40000,80000
232,4,853,1.125021436418744,2.2735085197813643,2.65891795567821,0.3555628423766142,0.0,0.0,0.455,0.670021436418744,2.5097221428757717,1.6175287054717675,0.6445050939457059,0.7524500000000001,0.6967682995495494,0.24755,0.0,0.24755,2.7762766548776416,0.9401125,0.4588704391891892,0.059887499999999996,0.0,0.059887499999999996,2.836861179878445,0.43,0.4,0.46,False,False,0,,,0.455,0.0,22580820,15000,40000,80000
232,4,853,1.125021436418744,2.2735085197813643,2.65891795567821,0.3555628423766142,0.5,5.0,0.54,0.585021436418744,2.1039560227793306,1.5095938432476317,0.7175025651218008,0.78994375,0.6887472128378378,0.21005625,0.0,0.21005625,2.774388254877797,0.9399,0.4583596846846847,0.0601,0.0,0.0601,2.8372511361284443,0.57,0.54,0.6,False,True,1,0.44999999999999996,0.6900000000000002,,,22580820,15000,40000,80000
232,4,853,1.125021436418744,2.2735085197813643,2.65891795567821,0.3555628423766142,1.0,10.0,0.645,0.48002143641874406,1.7556298780049058,1.4064239097039108,0.801093628744897,0.8281125,0.6595927927927929,0.17188750000000003,0.0,0.17188750000000003,2.777950517377958,0.9401125,0.4588704391891892,0.059887499999999996,0.0,0.059887499999999996,2.836861179878445,0.63,0.6,0.66,False,False,0,,,,,22580820,15000,40000,80000
232,4,853,1.125021436418744,2.2735085197813643,2.65891795567821,0.3555628423766142,2.0,20.0,0.9050000000000001,0.22002143641874394,1.2753785123683439,1.1918567249077523,0.9345121572532269,0.9016500000000001,0.5541619932432432,0.09834999999999999,0.0,0.09834999999999999,2.802791404878273,0.9399,0.4583596846846847,0.0601,0.0,0.0601,2.8372511361284443,0.85,0.82,0.88,False,True,1,0.73,0.9700000000000002,,,22580820,15000,40000,80000
232,4,853,1.125021436418744,2.2735085197813643,2.65891795567821,0.3555628423766142,3.0,30.0,1.12,0.005021436418743974,0.984480415930296,0.9842143181681977,0.9997297074093172,0.9394125,0.4609606418918919,0.0605875,0.0,0.0605875,2.835994879878442,0.9401125,0.4588704391891892,0.059887499999999996,0.0,0.059887499999999996,2.836861179878445,1.1,1.07,1.13,False,False,0,,,,,22580820,15000,40000,80000
232,4,853,1.125021436418744,2.2735085197813643,2.65891795567821,0.3555628423766142,4.0,40.0,1.31,-0.18497856358125597,0.800413216669355,0.773109522400341,0.9658880017216245,0.96085,0.38638367117117123,0.039150000000000004,0.0,0.039150000000000004,2.8708130548785427,0.9401125,0.4588704391891892,0.059887499999999996,0.0,0.059887499999999996,2.836861179878445,1.3,1.27,1.33,False,False,0,,,,,22580820,15000,40000,80000
233,3,1035,1.125659563273194,2.429243980782781,2.6548755414977765,0.3310305949377323,0.0,0.0,0.54,0.585659563273194,2.675977528275856,1.8962928653717255,0.7086355716124101,0.7976375,0.7347342342342341,0.2023625,0.0,0.2023625,2.745666682438946,0.945575,0.5321488175675676,0.054425,0.0,0.054425,2.8062586074395837,0.53,0.5,0.56,False,False,0,,,0.54,0.0,22590820,15000,40000,80000
233,3,1035,1.125659563273194,2.429243980782781,2.6548755414977765,0.3310305949377323,0.5,5.0,0.6,0.5256595632731941,2.325331437333566,1.7993221160335933,0.7737916785302905,0.82115,0.7280829954954955,0.17885,0.0,0.17885,2.7465245824390445,0.945575,0.5321488175675676,0.054425,0.0,0.054425,2.8062586074395837,0.61,0.58,0.64,False,False,0,,,,,22590820,15000,40000,80000
233,3,1035,1.125659563273194,2.429243980782781,2.6548755414977765,0.3310305949377323,1.0,10.0,0.685,0.440659563273194,2.03314860981316,1.702351366695461,0.8372980501665845,0.8505750000000001,0.7086563063063063,0.149425,0.0,0.149425,2.7505677824391688,0.945575,0.5321488175675676,0.054425,0.0,0.054425,2.8062586074395837,0.71,0.68,0.74,False,False,0,,,,,22590820,15000,40000,80000
233,3,1035,1.125659563273194,2.429243980782781,2.6548755414977765,0.3310305949377323,2.0,20.0,0.905,0.22065956327319403,1.600314026821088,1.5084098680191964,0.9425711721189791,0.9082625,0.6272252815315316,0.0917375,0.0,0.0917375,2.7728950324394175,0.945575,0.5321488175675676,0.054425,0.0,0.054425,2.8062586074395837,0.9,0.87,0.93,False,False,0,,,,,22590820,15000,40000,80000
233,3,1035,1.125659563273194,2.429243980782781,2.6548755414977765,0.3310305949377323,3.0,30.0,1.0350000000000001,0.09065956327319391,1.3349978872007389,1.3247152627553667,0.9922976474015752,0.9332125,0.572933980855856,0.0667875,0.0,0.0667875,2.790802026189527,0.946075,0.5334463400900901,0.053925,0.0,0.053925,2.805669644939586,1.05,1.02,1.08,False,True,1,0.93,1.1700000000000004,,,22590820,15000,40000,80000
233,3,1035,1.125659563273194,2.429243980782781,2.6548755414977765,0.3310305949377323,4.0,40.0,1.21,-0.08434043672680591,1.1419302329264407,1.1205268706666673,0.9812568564675597,0.9562875,0.4969346846846847,0.0437125,0.0,0.0437125,2.8205285699396336,0.945575,0.5321488175675676,0.054425,0.0,0.054425,2.8062586074395837,1.2,1.17,1.23,False,False,0,,,,,22590820,15000,40000,80000
234,3,928,1.126627929468465,2.320386009031805,2.4959636124155717,0.3225535133828004,0.0,0.0,0.54,0.5866279294684649,2.6788163827424225,1.9119322516891673,0.7137227709992716,0.787875,0.7347643018018019,0.212125,0.0,0.212125,2.7428692258839753,0.93745,0.5371018581081082,0.06255,0.0,0.06255,2.809209675884622,0.53,0.5,0.56,False,False,0,,,0.54,0.0,22600820,15000,40000,80000
234,3,928,1.126627929468465,2.320386009031805,2.4959636124155717,0.3225535133828004,0.5,5.0,0.61,0.5166279294684649,2.3134516871015833,1.8006020072133735,0.7783183963825345,0.8141,0.727983671171171,0.1859,0.0,0.1859,2.7449618883840854,0.93745,0.5371018581081082,0.06255,0.0,0.06255,2.809209675884622,0.63,0.6,0.66,False,False,0,,,,,22600820,15000,40000,80000
234,3,928,1.126627929468465,2.320386009031805,2.4959636124155717,0.3225535133828004,1.0,10.0,0.735,0.3916279294684649,2.004406752000698,1.6892717627375802,0.8427789225173155,0.854825,0.6971095157657659,0.145175,0.0,0.145175,2.7536053508842584,0.93745,0.5371018581081082,0.06255,0.0,0.06255,2.809209675884622,0.71,0.68,0.74,False,False,0,,,,,22600820,15000,40000,80000
234,3,928,1.126627929468465,2.320386009031805,2.4959636124155717,0.3225535133828004,2.0,20.0,0.905,0.22162792946846488,1.5502262882621654,1.4666112737859929,0.9460627038069993,0.898425,0.6331020270270269,0.101575,0.0,0.101575,2.773479138384447,0.93745,0.5371018581081082,0.06255,0.0,0.06255,2.809209675884622,0.9,0.87,0.93,False,False,0,,,,,22600820,15000,40000,80000
234,3,928,1.126627929468465,2.320386009031805,2.4959636124155717,0.3225535133828004,3.0,30.0,1.0799999999999987,0.04662792946846617,1.258364435043422,1.2516743122485743,0.9946834775296102,0.93109375,0.5591221002252252,0.06890625,0.0,0.06890625,2.8004872071345925,0.937675,0.5385438063063064,0.062325,0.0,0.062325,2.8087882196346228,1.15,1.12,1.18,False,True,1,1.0299999999999998,1.2699999999999947,,,22600820,15000,40000,80000
234,3,928,1.126627929468465,2.320386009031805,2.4959636124155717,0.3225535133828004,4.0,40.0,1.23,-0.10337207053153508,1.0526450162911065,1.0212902958828183,0.9702133958523229,0.9510375,0.4935336711711712,0.048962500000000006,0.0,0.048962500000000006,2.827958775884685,0.93745,0.5371018581081082,0.06255,0.0,0.06255,2.809209675884622,1.25,1.22,1.28,False,False,0,,,,,22600820,15000,40000,80000
235,4,809,1.066402627723662,2.433886429336186,2.5728946712962397,0.3023789568707777,0.0,0.0,0.57,0.49640262772366206,2.8008495306255226,2.266416501024864,0.8091889536524648,0.8069375000000001,0.7614229729729729,0.19306250000000003,0.0,0.19306250000000003,2.718542944372031,0.935825,0.6277159909909911,0.06417500000000001,0.0,0.06417500000000001,2.769640931872586,0.59,0.56,0.62,False,False,0,,,0.57,0.0,22610820,15000,40000,80000
235,4,809,1.066402627723662,2.433886429336186,2.5728946712962397,0.3023789568707777,0.5,5.0,0.66,0.406402627723662,2.4825760359622686,2.137904492592482,0.8611637515319088,0.8399875,0.7557847972972973,0.1600125,0.0,0.1600125,2.7220860006221703,0.9359,0.6243542511261261,0.06409999999999999,0.0,0.06409999999999999,2.770489763122587,0.71,0.68,0.74,False,True,1,0.59,0.8300000000000002,,,22610820,15000,40000,80000
235,4,809,1.066402627723662,2.433886429336186,2.5728946712962397,0.3023789568707777,1.0,10.0,0.74,0.326402627723662,2.2234750753169568,2.0347077648436342,0.9151025740882597,0.8649125,0.7415335022522522,0.1350875,0.0,0.1350875,2.727469306872276,0.935825,0.6277159909909911,0.06417500000000001,0.0,0.06417500000000001,2.769640931872586,0.75,0.72,0.78,False,False,0,,,,,22610820,15000,40000,80000
235,4,809,1.066402627723662,2.433886429336186,2.5728946712962397,0.3023789568707777,2.0,20.0,0.93,0.13640262772366196,1.8364127835447372,1.8029990286624047,0.9818048778674718,0.9116625,0.6815203265765766,0.0883375,0.0,0.0883375,2.7490841443724783,0.935825,0.6277159909909911,0.06417500000000001,0.0,0.06417500000000001,2.769640931872586,0.95,0.92,0.98,False,False,0,,,,,22610820,15000,40000,80000
235,4,809,1.066402627723662,2.433886429336186,2.5728946712962397,0.3023789568707777,3.0,30.0,1.065,0.0014026277236620643,1.5720910669226715,1.5712902924811751,0.999490631008378,0.935675,0.6283471283783784,0.06432500000000001,0.0,0.06432500000000001,2.769382369372585,0.935825,0.6277159909909911,0.06417500000000001,0.0,0.06417500000000001,2.769640931872586,1.05,1.02,1.08,False,False,0,,,,,22610820,15000,40000,80000
235,4,809,1.066402627723662,2.433886429336186,2.5728946712962397,0.3023789568707777,4.0,40.0,1.23,-0.16359737227633797,1.375329256652258,1.3395815562999454,0.9740078965241186,0.9564125,0.5591728603603604,0.0435875,0.0,0.0435875,2.7980416943726816,0.935825,0.6277159909909911,0.06417500000000001,0.0,0.06417500000000001,2.769640931872586,1.25,1.22,1.28,False,False,0,,,,,22610820,15000,40000,80000
236,4,167,1.1428522615359953,2.3055631346112,2.6508420041271323,0.3400832709298402,0.0,0.0,0.49,0.6528522615359953,2.6072937913235594,1.7461233520084454,0.6697071721718204,0.770475,0.7191997184684685,0.229525,0.0,0.229525,2.758414570930942,0.9428875,0.4930492117117117,0.0571125,0.0,0.0571125,2.823679158431683,0.49,0.46,0.52,False,False,0,,,0.49,0.0,22620820,15000,40000,80000
236,4,167,1.1428522615359953,2.3055631346112,2.6508420041271323,0.3400832709298402,0.5,5.0,0.595,0.5478522615359953,2.226617608791673,1.6449919967879727,0.7387851377321437,0.8129500000000001,0.7078267454954956,0.18705,0.0,0.18705,2.75890095843112,0.9428875,0.4930492117117117,0.0571125,0.0,0.0571125,2.823679158431683,0.59,0.56,0.62,False,False,0,,,,,22620820,15000,40000,80000
236,4,167,1.1428522615359953,2.3055631346112,2.6508420041271323,0.3400832709298402,1.0,10.0,0.675,0.46785226153599524,1.911104436875221,1.5438606415675,0.8078368778693287,0.8410625,0.686906981981982,0.1589375,0.0,0.1589375,2.7626406584312377,0.9428875,0.4930492117117117,0.0571125,0.0,0.0571125,2.823679158431683,0.65,0.62,0.68,False,False,0,,,,,22620820,15000,40000,80000
236,4,167,1.1428522615359953,2.3055631346112,2.6508420041271323,0.3400832709298402,2.0,20.0,0.8900000000000001,0.25285226153599516,1.4531339647276629,1.3467422799501723,0.9267846686128283,0.9002749999999999,0.6040315596846847,0.09972500000000001,0.0,0.09972500000000001,2.784200008431492,0.94355,0.49320616554054053,0.05645,0.0,0.05645,2.823897127181686,0.85,0.82,0.88,False,True,1,0.73,0.9700000000000002,,,22620820,15000,40000,80000
236,4,167,1.1428522615359953,2.3055631346112,2.6508420041271323,0.3400832709298402,3.0,30.0,1.0750000000000002,0.0678522615359951,1.1582362831829165,1.1468412302389939,0.9901617199276401,0.93430625,0.5227911036036037,0.06569375,0.0,0.06569375,2.8121192396816443,0.94355,0.49320616554054053,0.05645,0.0,0.05645,2.823897127181686,1.0,0.97,1.03,False,True,1,0.88,1.12,,,22620820,15000,40000,80000
236,4,167,1.1428522615359953,2.3055631346112,2.6508420041271323,0.3400832709298402,4.0,40.0,1.22,-0.07714773846400469,0.9578745772142451,0.9370725102446638,0.9782830994115334,0.9526125,0.4613219594594595,0.0473875,0.0,0.0473875,2.8372395084317286,0.9428875,0.4930492117117117,0.0571125,0.0,0.0571125,2.823679158431683,1.2,1.17,1.23,False,False,0,,,,,22620820,15000,40000,80000
237,2,80,1.1223977551011213,2.4769524170621504,2.739665979851756,0.3090712331281424,0.0,0.0,0.585,0.5373977551011213,2.807715698098433,2.158987236229157,0.7689479521346706,0.8201875000000001,0.7639972972972973,0.1798125,0.0,0.1798125,2.7210635956294498,0.9482375000000001,0.599811768018018,0.0517625,0.0,0.0517625,2.778208958130003,0.57,0.54,0.6,False,False,0,,,0.585,0.0,22630820,15000,40000,80000
237,2,80,1.1223977551011213,2.4769524170621504,2.739665979851756,0.3090712331281424,0.5,5.0,0.655,0.46739775510112125,2.4963353007585325,2.0658291966790268,0.8275447597329202,0.8449249999999999,0.7574513513513512,0.155075,0.0,0.155075,2.723647945629554,0.9482375000000001,0.599811768018018,0.0517625,0.0,0.0517625,2.778208958130003,0.65,0.62,0.68,False,False,0,,,,,22630820,15000,40000,80000
237,2,80,1.1223977551011213,2.4769524170621504,2.739665979851756,0.3090712331281424,1.0,10.0,0.77,0.35239775510112126,2.2449866667587615,1.972671157128897,0.8787006116062931,0.8805375,0.7326672297297299,0.1194625,0.0,0.1194625,2.7314404081297052,0.9482375000000001,0.599811768018018,0.0517625,0.0,0.0517625,2.778208958130003,0.75,0.72,0.78,False,False,0,,,,,22630820,15000,40000,80000
237,2,80,1.1223977551011213,2.4769524170621504,2.739665979851756,0.3090712331281424,2.0,20.0,0.93,0.19239775510112123,1.8628196116362234,1.786355078028637,0.9589522607932911,0.9172750000000001,0.6776698198198199,0.08272499999999999,0.0,0.08272499999999999,2.7497016706298645,0.9482375000000001,0.599811768018018,0.0517625,0.0,0.0517625,2.778208958130003,0.95,0.92,0.98,False,False,0,,,,,22630820,15000,40000,80000
237,2,80,1.1223977551011213,2.4769524170621504,2.739665979851756,0.3090712331281424,3.0,30.0,1.075,0.04739775510112132,1.6095312191731679,1.6000389989283772,0.9941024938617425,0.9420375,0.6198135698198198,0.0579625,0.0,0.0579625,2.7705338331299747,0.9482375000000001,0.599811768018018,0.0517625,0.0,0.0517625,2.778208958130003,1.05,1.02,1.08,False,False,0,,,,,22630820,15000,40000,80000
237,2,80,1.1223977551011213,2.4769524170621504,2.739665979851756,0.3090712331281424,4.0,40.0,1.205,-0.0826022448988788,1.4186157354335682,1.4137229198281176,0.9965509929974411,0.9577125,0.5651884572072072,0.042275,1.25e-05,0.042287500000000006,2.7920771447396335,0.9482375000000001,0.599811768018018,0.0517625,0.0,0.0517625,2.778208958130003,1.2,1.17,1.23,False,False,0,,,,,22630820,15000,40000,80000
238,3,1248,1.1055920562288328,2.3799696567843003,2.539012166092041,0.345079013002715,0.0,0.0,0.49,0.6155920562288328,2.5677996649622403,1.7594765174975429,0.6852078616200832,0.7672125,0.7099747747747748,0.23278749999999998,0.0,0.23278749999999998,2.7649149755038036,0.9382874999999999,0.496516722972973,0.061712499999999997,0.0,0.061712499999999997,2.821957088004537,0.47,0.44,0.5,False,False,0,,,0.49,0.0,22640820,15000,40000,80000
238,3,1248,1.1055920562288328,2.3799696567843003,2.539012166092041,0.345079013002715,0.5,5.0,0.565,0.5405920562288329,2.1819025585591576,1.6501330759152364,0.7562817456912097,0.7993250000000001,0.7034452702702703,0.200675,0.0,0.200675,2.764137050503937,0.9382874999999999,0.496516722972973,0.061712499999999997,0.0,0.061712499999999997,2.821957088004537,0.55,0.52,0.58,False,False,0,,,,,22640820,15000,40000,80000
238,3,1248,1.1055920562288328,2.3799696567843003,2.539012166092041,0.345079013002715,1.0,10.0,0.67,0.4355920562288328,1.8520626392664548,1.54078963433293,0.8319317077435294,0.83665,0.6761030405405406,0.16335,0.0,0.16335,2.768551288004095,0.9382874999999999,0.496516722972973,0.061712499999999997,0.0,0.061712499999999997,2.821957088004537,0.67,0.64,0.7,False,False,0,,,,,22640820,15000,40000,80000
238,3,1248,1.1055920562288328,2.3799696567843003,2.539012166092041,0.345079013002715,2.0,20.0,0.86,0.24559205622883284,1.3895051143373751,1.3221027511683168,0.9514918207399322,0.8917375000000001,0.6036014076576577,0.1082625,0.0,0.1082625,2.78571416300433,0.9382874999999999,0.496516722972973,0.061712499999999997,0.0,0.061712499999999997,2.821957088004537,0.85,0.82,0.88,False,False,0,,,,,22640820,15000,40000,80000
238,3,1248,1.1055920562288328,2.3799696567843003,2.539012166092041,0.345079013002715,3.0,30.0,1.1050000000000002,0.000592056228832627,1.1004446572950155,1.1003606245948767,0.9999236375045472,0.938525,0.4950192286036036,0.061475,0.0,0.061475,2.822442969254538,0.93860625,0.49476314752252254,0.06139375,0.0,0.06139375,2.822546450504538,1.05,1.02,1.08,False,True,1,0.93,1.1700000000000004,,,22640820,15000,40000,80000
238,3,1248,1.1055920562288328,2.3799696567843003,2.539012166092041,0.345079013002715,4.0,40.0,1.2599999999999993,-0.1544079437711665,0.9058828710524852,0.8828487037936239,0.9745726870493759,0.9569375,0.430473704954955,0.043062500000000004,0.0,0.043062500000000004,2.850519788004624,0.93860625,0.49476314752252254,0.06139375,0.0,0.06139375,2.822546450504538,1.35,1.32,1.38,False,True,1,1.23,1.4699999999999949,,,22640820,15000,40000,80000
239,1,743,1.142689387682488,2.3983354391494465,2.6876825734005565,0.3011510939983173,0.0,0.0,0.5900000000000001,0.5526893876824879,2.818173226936881,2.1562875679996596,0.7651366308462748,0.8173937499999999,0.7655216497747748,0.18260625,0.0,0.18260625,2.7163754252496144,0.94670625,0.5994173704954955,0.05329375,0.0,0.05329375,2.7798582127501748,0.59,0.56,0.62,False,True,1,0.47,0.7100000000000002,0.5899999999999999,2.220446049250313e-16,22650820,15000,40000,80000
239,1,743,1.142689387682488,2.3983354391494465,2.6876825734005565,0.3011510939983173,0.5,5.0,0.685,0.4576893876824879,2.4935634283684553,2.0569904573621227,0.8249200457307062,0.8484625,0.7544896959459458,0.1515375,0.0,0.1515375,2.7218916439997463,0.9463,0.5987149211711712,0.0537,0.0,0.0537,2.780104881500174,0.69,0.66,0.72,False,False,0,,,,,22650820,15000,40000,80000
239,1,743,1.142689387682488,2.3983354391494465,2.6876825734005565,0.3011510939983173,1.0,10.0,0.765,0.37768938768248794,2.237185950324895,1.960411367203799,0.8762844979064429,0.8728625,0.7374420608108109,0.12713750000000001,0.0,0.12713750000000001,2.7280010439998494,0.9463,0.5987149211711712,0.0537,0.0,0.0537,2.780104881500174,0.75,0.72,0.78,False,False,0,,,,,22650820,15000,40000,80000
239,1,743,1.142689387682488,2.3983354391494465,2.6876825734005565,0.3011510939983173,2.0,20.0,0.95,0.192689387682488,1.8459530304149003,1.7672531868871526,0.9573662805981261,0.9158,0.6760418355855857,0.0842,0.0,0.0842,2.7500257440000357,0.9463,0.5987149211711712,0.0537,0.0,0.0537,2.780104881500174,0.95,0.92,0.98,False,False,0,,,,,22650820,15000,40000,80000
239,1,743,1.142689387682488,2.3983354391494465,2.6876825734005565,0.3011510939983173,3.0,30.0,1.1,0.04268938768248787,1.5837890399021493,1.574095006570506,0.993879214284598,0.940875,0.6165341216216216,0.059125,0.0,0.059125,2.7728384940001485,0.9463,0.5987149211711712,0.0537,0.0,0.0537,2.780104881500174,1.1,1.07,1.13,False,False,0,,,,,22650820,15000,40000,80000
239,1,743,1.142689387682488,2.3983354391494465,2.6876825734005565,0.3011510939983173,4.0,40.0,1.2,-0.057310612317512,1.393930068116404,1.3809368262538595,0.9906786989105544,0.9534,0.5752876126126126,0.0466,0.0,0.0466,2.7898645815002068,0.9463,0.5987149211711712,0.0537,0.0,0.0537,2.780104881500174,1.2,1.17,1.23,False,False,0,,,,,22650820,15000,40000,80000
240,4,565,1.0840013956249694,2.662764080598043,2.6505729846919537,0.3222371160493574,0.0,0.0,0.56,0.5240013956249694,2.770764898064023,2.1225366121640397,0.7660471711790089,0.81621875,0.7565733108108108,0.18378125,0.0,0.18378125,2.7305575848006467,0.947025,0.590245579954955,0.052975,0.0,0.052975,2.7808499348012097,0.57,0.54,0.6,False,True,1,0.44999999999999996,0.6900000000000002,0.5599999999999999,1.1102230246251565e-16,22660820,15000,40000,80000
240,4,565,1.0840013956249694,2.662764080598043,2.6505729846919537,0.3222371160493574,0.5,5.0,0.6300000000000001,0.45400139562496933,2.458568237981046,2.0272869560480453,0.824580308461495,0.84298125,0.7501228322072072,0.15701874999999998,0.0,0.15701874999999998,2.7317259160507588,0.947025,0.590245579954955,0.052975,0.0,0.052975,2.7808499348012097,0.67,0.64,0.7,False,True,1,0.55,0.7900000000000003,,,22660820,15000,40000,80000
240,4,565,1.0840013956249694,2.662764080598043,2.6505729846919537,0.3222371160493574,1.0,10.0,0.735,0.34900139562496946,2.197353021449008,1.9237897952093967,0.8755032880154985,0.8766875000000001,0.7249921171171172,0.12331249999999999,0.0,0.12331249999999999,2.7382018785509015,0.9468875,0.5882586148648647,0.0531125,0.0,0.0531125,2.781728628551209,0.71,0.68,0.74,False,False,0,,,,,22660820,15000,40000,80000
240,4,565,1.0840013956249694,2.662764080598043,2.6505729846919537,0.3222371160493574,2.0,20.0,0.9,0.18400139562496942,1.8107011162818354,1.7328563610315912,0.9570085009887808,0.9165875,0.6657477477477478,0.0834125,0.0,0.0834125,2.7554119410510736,0.9468875,0.5882586148648647,0.0531125,0.0,0.0531125,2.781728628551209,0.9,0.87,0.93,False,False,0,,,,,22660820,15000,40000,80000
240,4,565,1.0840013956249694,2.662764080598043,2.6505729846919537,0.3222371160493574,3.0,30.0,1.0,0.08400139562496944,1.5450243981968625,1.5419229268537855,0.9979926068826508,0.9345625,0.624136204954955,0.0654375,0.0,0.0654375,2.7690417410511534,0.9468875,0.5882586148648647,0.0531125,0.0,0.0531125,2.781728628551209,1.0,0.97,1.03,False,False,0,,,,,22660820,15000,40000,80000
240,4,565,1.0840013956249694,2.662764080598043,2.6505729846919537,0.3222371160493574,4.0,40.0,1.13,-0.04599860437503045,1.3639296445637685,1.3509894926759798,0.9905125957637445,0.9529125,0.5687441441441441,0.047087500000000004,0.0,0.047087500000000004,2.7889572285512365,0.9468875,0.5882586148648647,0.0531125,0.0,0.0531125,2.781728628551209,1.15,1.12,1.18,False,False,0,,,,,22660820,15000,40000,80000
241,1,1186,1.0945138901136473,2.42235731830858,2.54278157145548,0.3489461479705571,0.0,0.0,0.475,0.6195138901136473,2.563398612302536,1.7413251197375437,0.6793032934403531,0.764675,0.7093686373873874,0.235325,0.0,0.235325,2.767297422971635,0.9370624999999999,0.4916815878378378,0.06293750000000001,0.0,0.06293750000000001,2.8236058979723735,0.47,0.44,0.5,False,False,0,,,0.475,0.0,22670820,15000,40000,80000
241,1,1186,1.0945138901136473,2.42235731830858,2.54278157145548,0.3489461479705571,0.5,5.0,0.55,0.5445138901136473,2.1782334205138207,1.6298763158425043,0.7482560411078601,0.7976375,0.7036550112612612,0.2023625,0.0,0.2023625,2.765882460471772,0.9370624999999999,0.4916815878378378,0.06293750000000001,0.0,0.06293750000000001,2.8236058979723735,0.57,0.54,0.6,False,False,0,,,,,22670820,15000,40000,80000
241,1,1186,1.0945138901136473,2.42235731830858,2.54278157145548,0.3489461479705571,1.0,10.0,0.655,0.4395138901136473,1.852808671089252,1.5184275119474648,0.8195274210665222,0.8361375,0.6769979166666666,0.1638625,0.0,0.1638625,2.769500297971934,0.9370624999999999,0.4916815878378378,0.06293750000000001,0.0,0.06293750000000001,2.8236058979723735,0.63,0.6,0.66,False,False,0,,,,,22670820,15000,40000,80000
241,1,1186,1.0945138901136473,2.42235731830858,2.54278157145548,0.3489461479705571,2.0,20.0,0.87,0.2245138901136473,1.3681829635375056,1.2955299041573856,0.9468981405876653,0.895575,0.5906030405405405,0.10442499999999999,0.0,0.10442499999999999,2.7902192229721887,0.9370624999999999,0.4916815878378378,0.06293750000000001,0.0,0.06293750000000001,2.8236058979723735,0.85,0.82,0.88,False,False,0,,,,,22670820,15000,40000,80000
241,1,1186,1.0945138901136473,2.42235731830858,2.54278157145548,0.3489461479705571,3.0,30.0,1.01,0.0845138901136473,1.076239979174669,1.0726322963673065,0.9966478825567052,0.9243875,0.5292170045045046,0.0756125,0.0,0.0756125,2.809591822972316,0.9370624999999999,0.4916815878378378,0.06293750000000001,0.0,0.06293750000000001,2.8236058979723735,1.0,0.97,1.03,False,False,0,,,,,22670820,15000,40000,80000
241,1,1186,1.0945138901136473,2.42235731830858,2.54278157145548,0.3489461479705571,4.0,40.0,1.275,-0.1804861098863526,0.8937857161101103,0.8497346885772276,0.9507141065930217,0.959225,0.4183111486486486,0.040775000000000006,0.0,0.040775000000000006,2.8553952479724765,0.9370624999999999,0.4916815878378378,0.06293750000000001,0.0,0.06293750000000001,2.8236058979723735,1.3,1.27,1.33,False,False,0,,,,,22670820,15000,40000,80000
242,2,905,1.0247166216067534,2.416856737634707,2.7459863351221423,0.3415571873607928,0.0,0.0,0.49,0.5347166216067534,2.6432349435853717,1.9830681389399232,0.7502428581887707,0.7800625,0.728095777027027,0.2199375,0.0,0.2199375,2.7545632248619327,0.9334625,0.5546664414414415,0.0665375,0.0,0.0665375,2.797011512362587,0.51,0.48,0.54,False,False,0,,,0.49,0.0,22680820,15000,40000,80000
242,2,905,1.0247166216067534,2.416856737634707,2.7459863351221423,0.3415571873607928,0.5,5.0,0.59,0.4347166216067534,2.282421809996625,1.8641242237899334,0.8167308144469096,0.8210249999999999,0.718134009009009,0.178975,0.0,0.178975,2.7542959248621033,0.9334625,0.5546664414414415,0.0665375,0.0,0.0665375,2.797011512362587,0.59,0.56,0.62,False,False,0,,,,,22680820,15000,40000,80000
242,2,905,1.0247166216067534,2.416856737634707,2.7459863351221423,0.3415571873607928,1.0,10.0,0.6900000000000001,0.3347166216067533,1.9869872637949382,1.7467623118302762,0.8791009100350964,0.8557625,0.6923657376126126,0.1442375,0.0,0.1442375,2.75858958736225,0.933425,0.5551207488738737,0.066575,0.0,0.066575,2.796864493612587,0.69,0.66,0.72,False,True,1,0.57,0.8100000000000002,,,22680820,15000,40000,80000
242,2,905,1.0247166216067534,2.416856737634707,2.7459863351221423,0.3415571873607928,2.0,20.0,0.865,0.15971662160675337,1.556837586310848,1.5087278981071859,0.9690978117263568,0.9033,0.6253927646396396,0.0967,0.0,0.0967,2.7748094498624543,0.933425,0.5551207488738737,0.066575,0.0,0.066575,2.796864493612587,0.95,0.92,0.98,False,True,1,0.83,1.0700000000000003,,,22680820,15000,40000,80000
242,2,905,1.0247166216067534,2.416856737634707,2.7459863351221423,0.3415571873607928,3.0,30.0,1.055,-0.030283378393246574,1.2726816106250853,1.2694046480399848,0.9974251513043462,0.9383250000000001,0.5415794481981981,0.061675,0.0,0.061675,2.801599749862609,0.9334625,0.5546664414414415,0.0665375,0.0,0.0665375,2.797011512362587,1.05,1.02,1.08,False,False,0,,,,,22680820,15000,40000,80000
242,2,905,1.0247166216067534,2.416856737634707,2.7459863351221423,0.3415571873607928,4.0,40.0,1.225,-0.20028337839324672,1.0714299919149526,1.0315168177400054,0.9627477534919375,0.9586625,0.46861007882882877,0.0413375,0.0,0.0413375,2.830423649862704,0.9334625,0.5546664414414415,0.0665375,0.0,0.0665375,2.797011512362587,1.25,1.22,1.28,False,False,0,,,,,22680820,15000,40000,80000
243,4,413,1.13800198303636,2.1363535434010466,2.574318879207936,0.3507464463644498,0.0,0.0,0.47,0.6680019830363599,2.5259600412593266,1.5868616479252644,0.6282211998627376,0.7564124999999999,0.7003765202702702,0.2435875,0.0,0.2435875,2.772714171365494,0.936175,0.45138868243243235,0.06382499999999999,0.0,0.06382499999999999,2.8445370963662686,0.47,0.44,0.5,False,False,0,,,0.47,0.0,22690820,15000,40000,80000
243,4,413,1.13800198303636,2.1363535434010466,2.574318879207936,0.3507464463644498,0.5,5.0,0.54,0.5980019830363599,2.1169383633920886,1.4746729194296286,0.6966064505849277,0.7863,0.6936759009009008,0.2137,0.0,0.2137,2.7720500088656186,0.936175,0.45138868243243235,0.06382499999999999,0.0,0.06382499999999999,2.8445370963662686,0.55,0.52,0.58,False,False,0,,,,,22690820,15000,40000,80000
243,4,413,1.13800198303636,2.1363535434010466,2.574318879207936,0.3507464463644498,1.0,10.0,0.65,0.4880019830363599,1.7620949409435684,1.3624841909339924,0.7732183773278459,0.82585,0.6634573198198197,0.17415,0.0,0.17415,2.776849921365786,0.936175,0.45138868243243235,0.06382499999999999,0.0,0.06382499999999999,2.8445370963662686,0.65,0.62,0.68,False,False,0,,,,,22690820,15000,40000,80000
243,4,413,1.13800198303636,2.1363535434010466,2.574318879207936,0.3507464463644498,2.0,20.0,0.89,0.2480019830363599,1.239493547557685,1.1381067339427207,0.9182030323475759,0.892425,0.5625373310810811,0.107575,0.0,0.107575,2.802655421366072,0.936175,0.45138868243243235,0.06382499999999999,0.0,0.06382499999999999,2.8445370963662686,0.9,0.87,0.93,False,False,0,,,,,22690820,15000,40000,80000
243,4,413,1.13800198303636,2.1363535434010466,2.574318879207936,0.3507464463644498,3.0,30.0,1.095,0.043001983036359936,0.9203740085278669,0.9137292769514487,0.9927804006688038,0.9302874999999999,0.470193581081081,0.0697125,0.0,0.0697125,2.8364130088662414,0.936175,0.45138868243243235,0.06382499999999999,0.0,0.06382499999999999,2.8445370963662686,1.1,1.07,1.13,False,False,0,,,,,22690820,15000,40000,80000
243,4,413,1.13800198303636,2.1363535434010466,2.574318879207936,0.3507464463644498,4.0,40.0,1.39,-0.25199801696364,0.6989351657094828,0.6893518199601767,0.9862886484763174,0.9622999999999999,0.35311554054054056,0.0376875,1.25e-05,0.0377,2.895340662035815,0.936175,0.45138868243243235,0.06382499999999999,0.0,0.06382499999999999,2.8445370963662686,1.4,1.37,1.43,False,False,0,,,,,22690820,15000,40000,80000
244,3,513,1.2081322479744812,2.7062799446990216,2.6578996310344216,0.3264428827822297,0.0,0.0,0.525,0.6831322479744811,2.770668038045111,1.8881068679531126,0.6814626804896109,0.8056875,0.7571754504504504,0.1943125,0.0,0.1943125,2.7328263077834745,0.962075,0.5292826576576577,0.037925,0.0,0.037925,2.8032452327841506,0.53,0.5,0.56,False,False,0,,,0.525,0.0,22700820,15000,40000,80000
244,3,513,1.2081322479744812,2.7062799446990216,2.6578996310344216,0.3264428827822297,0.5,5.0,0.61,0.5981322479744812,2.4544997118194036,1.820462054797873,0.7416835479880547,0.8387875,0.7515449324324325,0.1612125,0.0,0.1612125,2.7335048327836127,0.962075,0.5292826576576577,0.037925,0.0,0.037925,2.8032452327841506,0.61,0.58,0.64,False,False,0,,,,,22700820,15000,40000,80000
244,3,513,1.2081322479744812,2.7062799446990216,2.6578996310344216,0.3264428827822297,1.0,10.0,0.67,0.5381322479744811,2.189740518180761,1.7528172416426333,0.80046801303146,0.859225,0.739890596846847,0.14077499999999998,0.0,0.14077499999999998,2.736011832783699,0.962075,0.5292826576576577,0.037925,0.0,0.037925,2.8032452327841506,0.69,0.66,0.72,False,False,0,,,,,22700820,15000,40000,80000
244,3,513,1.2081322479744812,2.7062799446990216,2.6578996310344216,0.3264428827822297,2.0,20.0,0.8750000000000001,0.33313224797448104,1.7993022547977302,1.6204185640154798,0.9005816336275532,0.9125375,0.6705777027027027,0.0874625,0.0,0.0874625,2.754693945283928,0.96216875,0.5299389076576576,0.03783125,0.0,0.03783125,2.803451020284151,0.85,0.82,0.88,False,True,1,0.73,0.9700000000000002,,,22700820,15000,40000,80000
244,3,513,1.2081322479744812,2.7062799446990216,2.6578996310344216,0.3264428827822297,3.0,30.0,1.02,0.18813224797448114,1.5377998420295282,1.4822379890216748,0.9638692556148757,0.9388125,0.610104054054054,0.0611875,0.0,0.0611875,2.7737130827840444,0.962075,0.5292826576576577,0.037925,0.0,0.037925,2.8032452327841506,1.0,0.97,1.03,False,False,0,,,,,22700820,15000,40000,80000
244,3,513,1.2081322479744812,2.7062799446990216,2.6578996310344216,0.3264428827822297,4.0,40.0,1.175,0.03313224797448111,1.3526976797074999,1.3469483627111958,0.9957497398845636,0.9587625,0.5433981418918918,0.041237499999999996,0.0,0.041237499999999996,2.7977289202841353,0.962075,0.5292826576576577,0.037925,0.0,0.037925,2.8032452327841506,1.15,1.12,1.18,False,False,0,,,,,22700820,15000,40000,80000
245,2,632,1.1168168176106454,2.213665098260489,2.812266399838496,0.3353053182216871,0.0,0.0,0.5000000000000001,0.6168168176106453,2.64456343762675,1.8546903891288713,0.7013219508144163,0.7771625,0.7278049268018018,0.22283750000000002,0.0,0.22283750000000002,2.7520796682228164,0.9405812499999999,0.5216353603603604,0.05941875,0.0,0.05941875,2.8125198869735186,0.53,0.5,0.56,False,True,1,0.41000000000000003,0.6500000000000002,0.4999999999999999,2.220446049250313e-16,22710820,15000,40000,80000
245,2,632,1.1168168176106454,2.213665098260489,2.812266399838496,0.3353053182216871,0.5,5.0,0.595,0.5218168176106455,2.278697456702062,1.7533711745596394,0.7694620316543809,0.814775,0.719852027027027,0.185225,0.0,0.185225,2.7526231057229733,0.9408125,0.5226056869369369,0.059187500000000004,0.0,0.059187500000000004,2.8117944682235194,0.61,0.58,0.64,False,False,0,,,,,22710820,15000,40000,80000
245,2,632,1.1168168176106454,2.213665098260489,2.812266399838496,0.3353053182216871,1.0,10.0,0.705,0.4118168176106455,1.974663816901277,1.6481225501155592,0.8346345013308951,0.8525125,0.6921323761261262,0.1474875,0.0,0.1474875,2.758165068223133,0.9408125,0.5226056869369369,0.059187500000000004,0.0,0.059187500000000004,2.8117944682235194,0.69,0.66,0.72,False,False,0,,,,,22710820,15000,40000,80000
245,2,632,1.1168168176106454,2.213665098260489,2.812266399838496,0.3353053182216871,2.0,20.0,0.895,0.22181681761064542,1.526766600600253,1.4376253012273983,0.9416143244567909,0.9024375,0.6192322635135135,0.0975625,0.0,0.0975625,2.777813343223348,0.9408125,0.5226056869369369,0.059187500000000004,0.0,0.059187500000000004,2.8117944682235194,0.9,0.87,0.93,False,False,0,,,,,22710820,15000,40000,80000
245,2,632,1.1168168176106454,2.213665098260489,2.812266399838496,0.3353053182216871,3.0,30.0,1.125,-0.00818318238935456,1.2251837902575746,1.2271280523392374,1.0015869146303789,0.941875,0.5190458333333334,0.058124999999999996,0.0,0.058124999999999996,2.8132173807235246,0.9408125,0.5226056869369369,0.059187500000000004,0.0,0.059187500000000004,2.8117944682235194,1.15,1.12,1.18,False,False,0,,,,,22710820,15000,40000,80000
245,2,632,1.1168168176106454,2.213665098260489,2.812266399838496,0.3353053182216871,4.0,40.0,1.175,-0.058183182389354604,1.0352369842069777,1.0166308034510765,0.9820271290151461,0.9485250000000001,0.4980225788288289,0.051475,0.0,0.051475,2.821794268223555,0.9408125,0.5226056869369369,0.059187500000000004,0.0,0.059187500000000004,2.8117944682235194,1.2,1.17,1.23,False,False,0,,,,,22710820,15000,40000,80000
246,2,349,1.201392285869803,2.3439424267015725,2.5043096481393765,0.3227232695842446,0.0,0.0,0.545,0.6563922858698029,2.671443588883306,1.802048982585077,0.6745599982286559,0.7881,0.7330105292792792,0.2119,0.0,0.2119,2.743874257085421,0.947025,0.5084802927927928,0.052975,0.0,0.052975,2.82167853208611,0.53,0.5,0.56,False,False,0,,,0.545,0.0,22720820,15000,40000,80000
246,2,349,1.201392285869803,2.3439424267015725,2.5043096481393765,0.3227232695842446,0.5,5.0,0.635,0.566392285869803,2.3086412727576238,1.7081775521623583,0.7399060097898952,0.822025,0.7230757882882883,0.177975,0.0,0.177975,2.7465864695855635,0.947025,0.5084802927927928,0.052975,0.0,0.052975,2.82167853208611,0.63,0.6,0.66,False,False,0,,,,,22720820,15000,40000,80000
246,2,349,1.201392285869803,2.3439424267015725,2.5043096481393765,0.3227232695842446,1.0,10.0,0.715,0.486392285869803,2.0086030081832478,1.6143061217396397,0.8036959594119876,0.8487,0.7040163851351351,0.1513,0.0,0.1513,2.751745282085677,0.947025,0.5084802927927928,0.052975,0.0,0.052975,2.82167853208611,0.71,0.68,0.74,False,False,0,,,,,22720820,15000,40000,80000
246,2,349,1.201392285869803,2.3439424267015725,2.5043096481393765,0.3227232695842446,2.0,20.0,0.915,0.2863922858698029,1.557233548709066,1.4265632608942025,0.9160881886193705,0.90055,0.6309273085585585,0.09945000000000001,0.0,0.09945000000000001,2.7743257195859004,0.947025,0.5084802927927928,0.052975,0.0,0.052975,2.82167853208611,0.9,0.87,0.93,False,False,0,,,,,22720820,15000,40000,80000
246,2,349,1.201392285869803,2.3439424267015725,2.5043096481393765,0.3227232695842446,3.0,30.0,1.06,0.1413922858698029,1.2627308508970554,1.2388204000487655,0.9810644914303759,0.927875,0.5694996058558559,0.072125,0.0,0.072125,2.796515232086022,0.947025,0.5084802927927928,0.052975,0.0,0.052975,2.82167853208611,1.05,1.02,1.08,False,False,0,,,,,22720820,15000,40000,80000
246,2,349,1.201392285869803,2.3439424267015725,2.5043096481393765,0.3227232695842446,4.0,40.0,1.23,-0.028607714130197026,1.0530929761715897,1.0510775392033282,0.9980861737625596,0.9503125,0.49645833333333333,0.049687499999999996,0.0,0.049687499999999996,2.826990019586126,0.947025,0.5084802927927928,0.052975,0.0,0.052975,2.82167853208611,1.25,1.22,1.28,False,False,0,,,,,22720820,15000,40000,80000
247,4,707,1.1473672913685815,2.462019722021761,2.921358979151737,0.3589481650412958,0.0,0.0,0.455,0.6923672913685814,2.574708148528325,1.6467361592045264,0.6395816784693763,0.7725625,0.712886036036036,0.22743750000000001,0.0,0.22743750000000001,2.7688032775424034,0.9537375,0.4655228603603604,0.0462625,0.0,0.0462625,2.8269426025431796,0.45,0.42,0.48,False,False,0,,,0.455,0.0,22730820,15000,40000,80000
247,4,707,1.1473672913685815,2.462019722021761,2.921358979151737,0.3589481650412958,0.5,5.0,0.535,0.6123672913685815,2.2049682055694872,1.564911894434557,0.7097208433580928,0.8081750000000001,0.7058489864864865,0.19182500000000002,0.0,0.19182500000000002,2.766191752542552,0.9537375,0.4655228603603604,0.0462625,0.0,0.0462625,2.8269426025431796,0.55,0.52,0.58,False,False,0,,,,,22730820,15000,40000,80000
247,4,707,1.1473672913685815,2.462019722021761,2.921358979151737,0.3589481650412958,1.0,10.0,0.645,0.5023672913685815,1.895214977319334,1.4830876296645872,0.7825432193250837,0.848375,0.6763551801801801,0.151625,0.0,0.151625,2.76871060254272,0.9537375,0.4655228603603604,0.0462625,0.0,0.0462625,2.8269426025431796,0.63,0.6,0.66,False,False,0,,,,,22730820,15000,40000,80000
247,4,707,1.1473672913685815,2.462019722021761,2.921358979151737,0.3589481650412958,2.0,20.0,0.8500000000000002,0.2973672913685813,1.4660403486776379,1.3311092456487341,0.9079622173082678,0.90665,0.5948942849099099,0.09335,0.0,0.09335,2.7843318587929686,0.9551937500000001,0.4658019988738739,0.04480625,0.0,0.04480625,2.826135421293185,0.8,0.77,0.83,False,True,1,0.68,0.9200000000000003,,,22730820,15000,40000,80000
247,4,707,1.1473672913685815,2.462019722021761,2.921358979151737,0.3589481650412958,3.0,30.0,1.06,0.08736729136858146,1.176770330522627,1.155790570584709,0.9821717463520682,0.9428749999999999,0.502422240990991,0.057124999999999995,0.0,0.057124999999999995,2.8131848025431294,0.9537375,0.4655228603603604,0.0462625,0.0,0.0462625,2.8269426025431796,1.05,1.02,1.08,False,False,0,,,,,22730820,15000,40000,80000
247,4,707,1.1473672913685815,2.462019722021761,2.921358979151737,0.3589481650412958,4.0,40.0,1.22,-0.07263270863141846,1.0068626076174378,0.9921420410447699,0.985379766354119,0.9621625,0.4371473536036036,0.037837499999999996,0.0,0.037837499999999996,2.8384940650432187,0.9537375,0.4655228603603604,0.0462625,0.0,0.0462625,2.8269426025431796,1.2,1.17,1.23,False,False,0,,,,,22730820,15000,40000,80000
248,1,284,1.239877086625615,2.2300663690155087,2.343185023751527,0.3186077878540664,0.0,0.0,0.55,0.689877086625615,2.6351422003258187,1.7129960131944517,0.6500582826166461,0.77715,0.7238124436936937,0.22285,0.0,0.22285,2.7467680628551996,0.94425,0.4858769707207208,0.05575,0.0,0.05575,2.836416237855927,0.55,0.52,0.58,False,False,0,,,0.55,0.0,22740820,15000,40000,80000
248,1,284,1.239877086625615,2.2300663690155087,2.343185023751527,0.3186077878540664,0.5,5.0,0.625,0.614877086625615,2.2530029821395283,1.6147205921614973,0.7166970505418966,0.80555,0.7166460022522523,0.19445,0.0,0.19445,2.749312837855319,0.94425,0.4858769707207208,0.05575,0.0,0.05575,2.836416237855927,0.61,0.58,0.64,False,False,0,,,,,22740820,15000,40000,80000
248,1,284,1.239877086625615,2.2300663690155087,2.343185023751527,0.3186077878540664,1.0,10.0,0.7150000000000002,0.5248770866256148,1.926650986494682,1.4945776812291602,0.7757386738468761,0.8361125,0.6949346283783784,0.16388750000000002,0.0,0.16388750000000002,2.756322406605449,0.9427062500000001,0.48160960022522525,0.057287500000000005,6.25e-06,0.057293750000000004,2.839076921557247,0.67,0.64,0.7,False,True,1,0.55,0.7900000000000003,,,22740820,15000,40000,80000
248,1,284,1.239877086625615,2.2300663690155087,2.343185023751527,0.3186077878540664,2.0,20.0,0.925,0.314877086625615,1.4520585793946077,1.3198943290626335,0.9089814610736461,0.8917875,0.6202001689189189,0.1082125,0.0,0.1082125,2.7807085378556895,0.94425,0.4858769707207208,0.05575,0.0,0.05575,2.836416237855927,0.9,0.87,0.93,False,False,0,,,,,22740820,15000,40000,80000
248,1,284,1.239877086625615,2.2300663690155087,2.343185023751527,0.3186077878540664,3.0,30.0,1.1250000000000002,0.1148770866256148,1.1193097384091757,1.0910134131037474,0.9747198435478239,0.92801875,0.5311896677927928,0.07198125,0.0,0.07198125,2.8164314753558526,0.9427062500000001,0.48160960022522525,0.057287500000000005,6.25e-06,0.057293750000000004,2.839076921557247,1.1,1.07,1.13,False,True,1,0.9800000000000001,1.2200000000000002,,,22740820,15000,40000,80000
248,1,284,1.239877086625615,2.2300663690155087,2.343185023751527,0.3186077878540664,4.0,40.0,1.325,-0.08512291337438493,0.9494054167738732,0.9267926449308157,0.9761821752398497,0.9547125000000001,0.45202179054054054,0.045287499999999994,0.0,0.045287499999999994,2.853067675355976,0.94425,0.4858769707207208,0.05575,0.0,0.05575,2.836416237855927,1.35,1.32,1.38,False,False,0,,,,,22740820,15000,40000,80000
249,2,1185,1.2071240479256835,2.1835531718498933,2.482535906204316,0.3446981625720102,0.0,0.0,0.47,0.7371240479256835,2.530427715176763,1.5326862589331132,0.6057024469580816,0.7490125000000001,0.7010453828828829,0.25098750000000003,0.0,0.25098750000000003,2.7704620000730245,0.9421625,0.4373107545045045,0.0578375,0.0,0.0578375,2.853230737573859,0.47,0.44,0.5,False,False,0,,,0.47,0.0,22750820,15000,40000,80000
249,2,1185,1.2071240479256835,2.1835531718498933,2.482535906204316,0.3446981625720102,0.5,5.0,0.57,0.6371240479256836,2.117006192886606,1.4313318552419838,0.676111321757787,0.79025,0.6914106981981982,0.20975,0.0,0.20975,2.770590375073197,0.9421625,0.4373107545045045,0.0578375,0.0,0.0578375,2.853230737573859,0.59,0.56,0.62,False,False,0,,,,,22750820,15000,40000,80000
249,2,1185,1.2071240479256835,2.1835531718498933,2.482535906204316,0.3446981625720102,1.0,10.0,0.655,0.5521240479256835,1.767759281236946,1.3299774515508542,0.7523521249003061,0.8211125,0.6693391891891891,0.1788875,0.0,0.1788875,2.7744257625733275,0.9421625,0.4373107545045045,0.0578375,0.0,0.0578375,2.853230737573859,0.65,0.62,0.68,False,False,0,,,,,22750820,15000,40000,80000
249,2,1185,1.2071240479256835,2.1835531718498933,2.482535906204316,0.3446981625720102,2.0,20.0,0.93,0.27712404792568346,1.2584910052922234,1.1272686441685953,0.8957303941213643,0.89725,0.5584458333333333,0.10275000000000001,0.0,0.10275000000000001,2.804516137573655,0.9421625,0.4373107545045045,0.0578375,0.0,0.0578375,2.853230737573859,0.95,0.92,0.98,False,False,0,,,,,22750820,15000,40000,80000
249,2,1185,1.2071240479256835,2.1835531718498933,2.482535906204316,0.3446981625720102,3.0,30.0,1.075,0.13212404792568355,0.9301729695800218,0.9245598367863362,0.9939654956903123,0.92335,0.4930775900900901,0.07665,0.0,0.07665,2.8288028000737717,0.9421625,0.4373107545045045,0.0578375,0.0,0.0578375,2.853230737573859,1.1,1.07,1.13,False,False,0,,,,,22750820,15000,40000,80000
249,2,1185,1.2071240479256835,2.1835531718498933,2.482535906204316,0.3446981625720102,4.0,40.0,1.3149999999999973,-0.10787595207431377,0.7612345774639588,0.7527346261002041,0.9888339920237568,0.95556875,0.3965004786036036,0.044431250000000005,0.0,0.044431250000000005,2.8739561375739218,0.94386875,0.43923417792792796,0.056131249999999994,0.0,0.056131249999999994,2.8523887500738656,1.3,1.27,1.33,False,True,1,1.1800000000000002,1.419999999999995,,,22750820,15000,40000,80000
250,4,986,1.155533004200497,2.437777704534836,2.867248997760883,0.3597314507750256,0.0,0.0,0.445,0.7105330042004969,2.560296670024823,1.609262620282405,0.6285453709810913,0.7660875,0.7094470157657657,0.23391250000000002,0.0,0.23391250000000002,2.770956288276106,0.9549875,0.45551734234234237,0.0450125,0.0,0.0450125,2.830596675776915,0.45,0.42,0.48,False,False,0,,,0.445,0.0,22760820,15000,40000,80000
250,4,986,1.155533004200497,2.437777704534836,2.867248997760883,0.3597314507750256,0.5,5.0,0.545,0.6105330042004969,2.18465769355899,1.5297519991027813,0.7002250300415199,0.81045,0.699447240990991,0.18955,0.0,0.18955,2.76781228827629,0.9549875,0.45551734234234237,0.0450125,0.0,0.0450125,2.830596675776915,0.55,0.52,0.58,False,False,0,,,,,22760820,15000,40000,80000
250,4,986,1.155533004200497,2.437777704534836,2.867248997760883,0.3597314507750256,1.0,10.0,0.655,0.500533004200497,1.8712178691935066,1.4502413779231578,0.7750254001946928,0.8505875,0.6678636824324323,0.1494125,0.0,0.1494125,2.770661775776459,0.9549875,0.45551734234234237,0.0450125,0.0,0.0450125,2.830596675776915,0.67,0.64,0.7,False,False,0,,,,,22760820,15000,40000,80000
250,4,986,1.155533004200497,2.437777704534836,2.867248997760883,0.3597314507750256,2.0,20.0,0.835,0.320533004200497,1.4276184487977333,1.2912201355639108,0.904457445651049,0.9013249999999999,0.5949663288288289,0.098675,0.0,0.098675,2.785172250776676,0.9549875,0.45551734234234237,0.0450125,0.0,0.0450125,2.830596675776915,0.85,0.82,0.88,False,False,0,,,,,22760820,15000,40000,80000
250,4,986,1.155533004200497,2.437777704534836,2.867248997760883,0.3597314507750256,3.0,30.0,1.0350000000000001,0.12053300420049684,1.1405189060184857,1.1142732153236743,0.976987938949268,0.93815625,0.5062637105855856,0.06184375,0.0,0.06184375,2.8121625945268383,0.9534750000000001,0.4550761542792793,0.046525,0.0,0.046525,2.8314523757769092,1.1,1.07,1.13,False,True,1,0.9800000000000001,1.2200000000000002,,,22760820,15000,40000,80000
250,4,986,1.155533004200497,2.437777704534836,2.867248997760883,0.3597314507750256,4.0,40.0,1.195,-0.03946699579950308,0.9732163204561951,0.9731776508454165,0.9999602661710806,0.95915,0.43952719594594597,0.04085,0.0,0.04085,2.8372643382769347,0.9549875,0.45551734234234237,0.0450125,0.0,0.0450125,2.830596675776915,1.2,1.17,1.23,False,False,0,,,,,22760820,15000,40000,80000
251,3,1142,1.0892007940781627,2.282092412742518,3.1041792737719263,0.3422706654260276,0.0,0.0,0.51,0.5792007940781627,2.6735058548717134,1.9051476542827626,0.7126027612062887,0.7967625,0.7353159346846847,0.2032375,0.0,0.2032375,2.7503808654272364,0.943425,0.5341780405405406,0.056575,0.0,0.056575,2.8038668779278657,0.51,0.48,0.54,False,False,0,,,0.51,0.0,22770820,15000,40000,80000
251,3,1142,1.0892007940781627,2.282092412742518,3.1041792737719263,0.3422706654260276,0.5,5.0,0.5850000000000001,0.5042007940781627,2.315459954939248,1.8097161272772841,0.7815795403487196,0.824975,0.7245669763513514,0.175025,0.0,0.175025,2.751308546677354,0.94475625,0.5349196227477477,0.055243749999999994,0.0,0.055243749999999994,2.803189627927871,0.63,0.6,0.66,False,True,1,0.51,0.7500000000000002,,,22770820,15000,40000,80000
251,3,1142,1.0892007940781627,2.282092412742518,3.1041792737719263,0.3422706654260276,1.0,10.0,0.675,0.4142007940781627,2.0340120817736818,1.7033727396270049,0.8374447501519482,0.8566499999999999,0.7036122747747746,0.14335,0.0,0.14335,2.7544687654274873,0.943425,0.5341780405405406,0.056575,0.0,0.056575,2.8038668779278657,0.67,0.64,0.7,False,False,0,,,,,22770820,15000,40000,80000
251,3,1142,1.0892007940781627,2.282092412742518,3.1041792737719263,0.3422706654260276,2.0,20.0,0.845,0.24420079407816275,1.6098121405997672,1.5015978249712478,0.9327782957406434,0.9024375,0.6409243806306306,0.0975625,0.0,0.0975625,2.7692633779276834,0.943425,0.5341780405405406,0.056575,0.0,0.056575,2.8038668779278657,0.85,0.82,0.88,False,False,0,,,,,22770820,15000,40000,80000
251,3,1142,1.0892007940781627,2.282092412742518,3.1041792737719263,0.3422706654260276,3.0,30.0,1.03,0.0592007940781627,1.3187661225088385,1.2998229103154904,0.9856356545182474,0.935975,0.5605780405405405,0.064025,0.0,0.064025,2.7943016904278317,0.943425,0.5341780405405406,0.056575,0.0,0.056575,2.8038668779278657,1.05,1.02,1.08,False,False,0,,,,,22770820,15000,40000,80000
251,3,1142,1.0892007940781627,2.282092412742518,3.1041792737719263,0.3422706654260276,4.0,40.0,1.1400000000000001,-0.0507992059218374,1.134734041728674,1.1199549956233854,0.9869757621065338,0.9513499999999999,0.5136019425675675,0.04865,0.0,0.04865,2.811248546677901,0.94475625,0.5349196227477477,0.055243749999999994,0.0,0.055243749999999994,2.803189627927871,1.1,1.07,1.13,False,True,1,0.9800000000000001,1.2200000000000002,,,22770820,15000,40000,80000
252,4,834,1.1019875138943354,2.396088402894744,2.674975180974428,0.3340956867261259,0.0,0.0,0.53,0.5719875138943353,2.662690797593244,1.9067057951733657,0.7160823167664835,0.7931,0.7319142454954954,0.2069,0.0,0.2069,2.748776711727321,0.9419625,0.5349032657657657,0.0580375,0.0,0.0580375,2.8053791367279612,0.51,0.48,0.54,False,False,0,,,0.53,0.0,22780820,15000,40000,80000
252,4,834,1.1019875138943354,2.396088402894744,2.674975180974428,0.3340956867261259,0.5,5.0,0.6050000000000001,0.49698751389433526,2.3050650195487177,1.8048534467703776,0.7829945929784354,0.8225875,0.7225418637387387,0.1774125,0.0,0.1774125,2.749751561727444,0.9424875,0.5350723817567568,0.05751250000000001,0.0,0.05751250000000001,2.8053032929779635,0.57,0.54,0.6,False,True,1,0.44999999999999996,0.6900000000000002,,,22780820,15000,40000,80000
252,4,834,1.1019875138943354,2.396088402894744,2.674975180974428,0.3340956867261259,1.0,10.0,0.695,0.4069875138943354,2.0033640287840053,1.699826449561308,0.8484860590179721,0.852225,0.6996605855855855,0.147775,0.0,0.147775,2.7547943242275696,0.9419625,0.5349032657657657,0.0580375,0.0,0.0580375,2.8053791367279612,0.71,0.68,0.74,False,False,0,,,,,22780820,15000,40000,80000
252,4,834,1.1019875138943354,2.396088402894744,2.674975180974428,0.3340956867261259,2.0,20.0,0.88,0.22198751389433535,1.5766175039913883,1.4929471039492501,0.9469304382132527,0.9028125,0.6314861486486486,0.09718750000000001,0.0,0.09718750000000001,2.772461599227787,0.9419625,0.5349032657657657,0.0580375,0.0,0.0580375,2.8053791367279612,0.9,0.87,0.93,False,False,0,,,,,22780820,15000,40000,80000
252,4,834,1.1019875138943354,2.396088402894744,2.674975180974428,0.3340956867261259,3.0,30.0,1.08,0.021987513894335287,1.2942032026272625,1.2860677583371924,0.9937139359000542,0.9392375,0.5448667792792792,0.0607625,0.0,0.0607625,2.8015637617279485,0.9419625,0.5349032657657657,0.0580375,0.0,0.0580375,2.8053791367279612,1.1,1.07,1.13,False,False,0,,,,,22780820,15000,40000,80000
252,4,834,1.1019875138943354,2.396088402894744,2.674975180974428,0.3340956867261259,4.0,40.0,1.18,-0.07801248610566458,1.0923290843854523,1.0791884127251348,0.9879700432331613,0.951675,0.5012018581081081,0.048325,0.0,0.048325,2.818764624228006,0.9419625,0.5349032657657657,0.0580375,0.0,0.0580375,2.8053791367279612,1.2,1.17,1.23,False,False,0,,,,,22780820,15000,40000,80000
253,3,498,1.1221261493018415,2.5160706441245124,2.609303153811012,0.3313266260256214,0.0,0.0,0.51,0.6121261493018415,2.6970605978881186,1.9083162002554086,0.7075540689555433,0.7896125,0.7400240990990989,0.2103875,0.0,0.2103875,2.743817101026801,0.9464125,0.5351552927927927,0.053587499999999996,0.0,0.053587499999999996,2.804332388527476,0.51,0.48,0.54,False,False,0,,,0.51,0.0,22790820,15000,40000,80000
253,3,498,1.1221261493018415,2.5160706441245124,2.609303153811012,0.3313266260256214,0.5,5.0,0.605,0.5171261493018415,2.3448873908799848,1.8127720696465932,0.7730742536707913,0.8261875,0.7306306869369369,0.1738125,0.0,0.1738125,2.7452253760269536,0.9464125,0.5351552927927927,0.053587499999999996,0.0,0.053587499999999996,2.804332388527476,0.61,0.58,0.64,False,False,0,,,,,22790820,15000,40000,80000
253,3,498,1.1221261493018415,2.5160706441245124,2.609303153811012,0.3313266260256214,1.0,10.0,0.7,0.42212614930184156,2.0507923746850523,1.717227939037778,0.8373485098907192,0.8575375000000001,0.7065386261261262,0.1424625,0.0,0.1424625,2.7505277135270867,0.9464125,0.5351552927927927,0.053587499999999996,0.0,0.053587499999999996,2.804332388527476,0.69,0.66,0.72,False,False,0,,,,,22790820,15000,40000,80000
253,3,498,1.1221261493018415,2.5160706441245124,2.609303153811012,0.3313266260256214,2.0,20.0,0.885,0.2371261493018415,1.6245203010617157,1.5261396778201477,0.9394402007920303,0.906025,0.6377891891891891,0.093975,0.0,0.093975,2.7690585885272956,0.9464125,0.5351552927927927,0.053587499999999996,0.0,0.053587499999999996,2.804332388527476,0.9,0.87,0.93,False,False,0,,,,,22790820,15000,40000,80000
253,3,498,1.1221261493018415,2.5160706441245124,2.609303153811012,0.3313266260256214,3.0,30.0,1.0500000000000003,0.07212614930184125,1.3686628833584995,1.3505397848094371,0.9867585372779374,0.9374374999999999,0.5697153153153153,0.0625625,0.0,0.0625625,2.7912484510274336,0.9469875000000001,0.5376238175675676,0.053012500000000004,0.0,0.053012500000000004,2.803222251027478,1.05,1.02,1.08,False,True,1,0.93,1.1700000000000004,,,22790820,15000,40000,80000
253,3,498,1.1221261493018415,2.5160706441245124,2.609303153811012,0.3313266260256214,4.0,40.0,1.25,-0.1278738506981585,1.153919630699252,1.1439631553848866,0.9913716041832722,0.96115,0.48153226351351347,0.03885,0.0,0.03885,2.826299638527545,0.9464125,0.5351552927927927,0.053587499999999996,0.0,0.053587499999999996,2.804332388527476,1.25,1.22,1.28,False,False,0,,,,,22790820,15000,40000,80000
254,2,851,1.1373369304639875,2.3313669525175182,2.74063272164121,0.3108888868415322,0.0,0.0,0.575,0.5623369304639876,2.7760673079236975,2.0850091215249145,0.7510657668759315,0.81,0.7568137387387388,0.19,0.0,0.19,2.7262081743427977,0.944975,0.5813838963963964,0.055025000000000004,0.0,0.055025000000000004,2.788399774343382,0.55,0.52,0.58,False,False,0,,,0.575,0.0,22800820,15000,40000,80000
254,2,851,1.1373369304639875,2.3313669525175182,2.74063272164121,0.3108888868415322,0.5,5.0,0.645,0.4923369304639875,2.450060525189369,1.9863414188047093,0.810731571070548,0.8352875,0.7508903153153154,0.16471249999999998,0.0,0.16471249999999998,2.728643061842904,0.944975,0.5813838963963964,0.055025000000000004,0.0,0.055025000000000004,2.788399774343382,0.65,0.62,0.68,False,False,0,,,,,22800820,15000,40000,80000
254,2,851,1.1373369304639875,2.3313669525175182,2.74063272164121,0.3108888868415322,1.0,10.0,0.74,0.39733693046398755,2.180620191205334,1.887673716084504,0.865659101799427,0.8652625,0.7311449887387387,0.1347375,0.0,0.1347375,2.7350360743430313,0.944975,0.5813838963963964,0.055025000000000004,0.0,0.055025000000000004,2.788399774343382,0.75,0.72,0.78,False,False,0,,,,,22800820,15000,40000,80000
254,2,851,1.1373369304639875,2.3313669525175182,2.74063272164121,0.3108888868415322,2.0,20.0,0.9150000000000001,0.2223369304639874,1.772604959781449,1.681410002542337,0.948553141106885,0.90920625,0.669995045045045,0.09079375,0.0,0.09079375,2.755309593093221,0.94533125,0.5784554335585586,0.05466875,0.0,0.05466875,2.790027018093384,0.85,0.82,0.88,False,True,1,0.73,0.9700000000000002,,,22800820,15000,40000,80000
254,2,851,1.1373369304639875,2.3313669525175182,2.74063272164121,0.3108888868415322,3.0,30.0,1.085,0.052336930463987574,1.5011105935472566,1.4930029052036833,0.9945988734085114,0.9379249999999999,0.6034853603603604,0.062075,0.0,0.062075,2.7796776743433496,0.944975,0.5813838963963964,0.055025000000000004,0.0,0.055025000000000004,2.788399774343382,1.1,1.07,1.13,False,False,0,,,,,22800820,15000,40000,80000
254,2,851,1.1373369304639875,2.3313669525175182,2.74063272164121,0.3108888868415322,4.0,40.0,1.195,-0.05766306953601252,1.3072362268647253,1.295667499763273,0.9911502398237548,0.952125,0.5572961711711713,0.047875,0.0,0.047875,2.798240774343415,0.944975,0.5813838963963964,0.055025000000000004,0.0,0.055025000000000004,2.788399774343382,1.2,1.17,1.23,False,False,0,,,,,22800820,15000,40000,80000
255,2,734,1.1239736098653528,2.6275458410365844,2.7105138953197017,0.3335033100242803,0.0,0.0,0.52,0.6039736098653528,2.72579172434042,1.950689797325618,0.715641543668433,0.800775,0.747209740990991,0.19922499999999999,0.0,0.19922499999999999,2.7412576475255053,0.952575,0.5455746058558558,0.047425,0.0,0.047425,2.796829135026157,0.51,0.48,0.54,False,False,0,,,0.52,0.0,22810820,15000,40000,80000
255,2,734,1.1239736098653528,2.6275458410365844,2.7105138953197017,0.3335033100242803,0.5,5.0,0.605,0.5189736098653528,2.3944112214207784,1.8659062840854423,0.7792756179025357,0.8340625,0.7394557995495497,0.16593750000000002,0.0,0.16593750000000002,2.7417472975256443,0.952575,0.5455746058558558,0.047425,0.0,0.047425,2.796829135026157,0.61,0.58,0.64,False,False,0,,,,,22810820,15000,40000,80000
255,2,734,1.1239736098653528,2.6275458410365844,2.7105138953197017,0.3335033100242803,1.0,10.0,0.685,0.4389736098653527,2.135800517139811,1.7754487643965924,0.831280239024481,0.86435,0.7217579391891893,0.13565,0.0,0.13565,2.7442073100257716,0.95310625,0.5436582207207207,0.04689375,0.0,0.04689375,2.79796567877616,0.69,0.66,0.72,False,True,1,0.57,0.8100000000000002,,,22810820,15000,40000,80000
255,2,734,1.1239736098653528,2.6275458410365844,2.7105138953197017,0.3335033100242803,2.0,20.0,0.87,0.2539736098653528,1.7357345007909875,1.6115557443649144,0.9284575167633737,0.9114625000000001,0.6562884009009009,0.08853749999999999,0.0,0.08853749999999999,2.760868097525974,0.952575,0.5455746058558558,0.047425,0.0,0.047425,2.796829135026157,0.85,0.82,0.88,False,False,0,,,,,22810820,15000,40000,80000
255,2,734,1.1239736098653528,2.6275458410365844,2.7105138953197017,0.3335033100242803,3.0,30.0,1.0150000000000001,0.10897360986535265,1.4662499943488017,1.4402498707453202,0.9822676053171759,0.9386812499999999,0.5917071227477477,0.061318750000000005,0.0,0.061318750000000005,2.780909628776094,0.95310625,0.5436582207207207,0.04689375,0.0,0.04689375,2.79796567877616,1.05,1.02,1.08,False,True,1,0.93,1.1700000000000004,,,22810820,15000,40000,80000
255,2,734,1.1239736098653528,2.6275458410365844,2.7105138953197017,0.3335033100242803,4.0,40.0,1.1500000000000004,-0.02602639013464758,1.2765864225577244,1.2726504239196839,0.9969167785521684,0.9562937499999999,0.5325390484234235,0.04370625,0.0,0.04370625,2.8021138412761744,0.95310625,0.5436582207207207,0.04689375,0.0,0.04689375,2.79796567877616,1.05,1.02,1.08,False,True,1,0.93,1.1700000000000004,,,22810820,15000,40000,80000
256,1,199,1.087737073625481,2.425339716160404,2.496395748521038,0.2936104227641936,0.0,0.0,0.59,0.49773707362548103,2.8244514697745697,2.2731511344870983,0.8048115390945368,0.81175,0.7660421734234235,0.18825,0.0,0.18825,2.712180335265468,0.9354625,0.6293859797297299,0.0645375,0.0,0.0645375,2.768781935266003,0.59,0.56,0.62,False,False,0,,,0.59,0.0,22820820,15000,40000,80000
256,1,199,1.087737073625481,2.425339716160404,2.496395748521038,0.2936104227641936,0.5,5.0,0.695,0.39273707362548105,2.515067969210052,2.1566062033424944,0.8574743226600968,0.848975,0.7589038851351351,0.15102500000000002,0.0,0.15102500000000002,2.717188535265625,0.9354625,0.6293859797297299,0.0645375,0.0,0.0645375,2.768781935266003,0.71,0.68,0.74,False,False,0,,,,,22820820,15000,40000,80000
256,1,199,1.087737073625481,2.425339716160404,2.496395748521038,0.2936104227641936,1.0,10.0,0.7700000000000001,0.31773707362548087,2.2481412555931852,2.04875351920906,0.9113099606672554,0.86986875,0.7425199324324325,0.13013125,0.0,0.13013125,2.7239777790157147,0.93594375,0.6311235360360361,0.06405625000000001,0.0,0.06405625000000001,2.767864854016005,0.8,0.77,0.83,False,True,1,0.68,0.9200000000000003,,,22820820,15000,40000,80000
256,1,199,1.087737073625481,2.425339716160404,2.496395748521038,0.2936104227641936,2.0,20.0,0.925,0.16273707362548095,1.8558029517730268,1.806971409908682,0.973687108419732,0.9077,0.6936404279279279,0.0923,0.0,0.0923,2.742965935265879,0.9354625,0.6293859797297299,0.0645375,0.0,0.0645375,2.768781935266003,0.95,0.92,0.98,False,False,0,,,,,22820820,15000,40000,80000
256,1,199,1.087737073625481,2.425339716160404,2.496395748521038,0.2936104227641936,3.0,30.0,1.07,0.017737073625480937,1.5750009925650477,1.573881547619474,0.9992892417523176,0.93295,0.636751632882883,0.06705,0.0,0.06705,2.7657229102659917,0.9354625,0.6293859797297299,0.0645375,0.0,0.0645375,2.768781935266003,1.05,1.02,1.08,False,False,0,,,,,22820820,15000,40000,80000
256,1,199,1.087737073625481,2.425339716160404,2.496395748521038,0.2936104227641936,4.0,40.0,1.27,-0.18226292637451902,1.3859921097004375,1.3407916853302657,0.9673876755474884,0.9583625,0.5547889639639638,0.0416375,0.0,0.0416375,2.8011628727661098,0.9354625,0.6293859797297299,0.0645375,0.0,0.0645375,2.768781935266003,1.25,1.22,1.28,False,False,0,,,,,22820820,15000,40000,80000
257,2,634,1.063983330831845,2.2152020210725767,2.6807497136225145,0.3145794461353459,0.0,0.0,0.525,0.5389833308318449,2.7198300462860594,2.117798594335823,0.7786510768302184,0.782725,0.7435936936936937,0.217275,0.0,0.217275,2.733971171136499,0.929275,0.5903185810810812,0.070725,0.0,0.070725,2.787416058637129,0.53,0.5,0.56,False,False,0,,,0.525,0.0,22830820,15000,40000,80000
257,2,634,1.063983330831845,2.2152020210725767,2.6807497136225145,0.3145794461353459,0.5,5.0,0.63,0.4339833308318449,2.3675298533208693,1.9909337874462119,0.840932917763881,0.82165,0.7371827702702702,0.17835,0.0,0.17835,2.7370627211366627,0.929275,0.5903185810810812,0.070725,0.0,0.070725,2.787416058637129,0.63,0.6,0.66,False,False,0,,,,,22830820,15000,40000,80000
257,2,634,1.063983330831845,2.2152020210725767,2.6807497136225145,0.3145794461353459,1.0,10.0,0.76,0.3039833308318449,2.0759563931207716,1.8640689805566009,0.8979326284182483,0.863075,0.7070694256756758,0.136925,0.0,0.136925,2.7464181211368386,0.929275,0.5903185810810812,0.070725,0.0,0.070725,2.787416058637129,0.75,0.72,0.78,False,False,0,,,,,22830820,15000,40000,80000
257,2,634,1.063983330831845,2.2152020210725767,2.6807497136225145,0.3145794461353459,2.0,20.0,0.9050000000000001,0.1589833308318448,1.6411051389350948,1.6027106187050593,0.9766044726086535,0.8994562500000001,0.6546635698198199,0.10054375,0.0,0.10054375,2.7638452836369964,0.9290375,0.588793947072072,0.0709625,0.0,0.0709625,2.788207314887128,0.9,0.87,0.93,False,True,1,0.78,1.0200000000000002,,,22830820,15000,40000,80000
257,2,634,1.063983330831845,2.2152020210725767,2.6807497136225145,0.3145794461353459,3.0,30.0,1.07,-0.006016669168155131,1.3592190250885077,1.356609752998157,0.9980803152088157,0.9303625,0.5879103040540541,0.06963749999999999,0.0,0.06963749999999999,2.7883497586371337,0.929275,0.5903185810810812,0.070725,0.0,0.070725,2.787416058637129,1.05,1.02,1.08,False,False,0,,,,,22830820,15000,40000,80000
257,2,634,1.063983330831845,2.2152020210725767,2.6807497136225145,0.3145794461353459,4.0,40.0,1.255,-0.19101666916815496,1.1693738762219892,1.102880139218935,0.9431373161696736,0.9549,0.5102975788288289,0.0451,0.0,0.0451,2.8211471586372467,0.929275,0.5903185810810812,0.070725,0.0,0.070725,2.787416058637129,1.25,1.22,1.28,False,False,0,,,,,22830820,15000,40000,80000
258,3,121,1.0882668739142516,2.3749429105156885,2.671760741416782,0.3240223999586596,0.0,0.0,0.5400000000000001,0.5482668739142514,2.702503256803642,2.0210476033497646,0.7478428002858868,0.7945562500000001,0.7405226632882882,0.20544375,0.0,0.20544375,2.740136062459861,0.93840625,0.5647653153153154,0.06159375,0.0,0.06159375,2.7944186687104793,0.55,0.52,0.58,False,True,1,0.43000000000000005,0.6700000000000003,0.5399999999999999,2.220446049250313e-16,22840820,15000,40000,80000
258,3,121,1.0882668739142516,2.3749429105156885,2.671760741416782,0.3240223999586596,0.5,5.0,0.615,0.4732668739142516,2.3622856361397715,1.9110765091764474,0.8089946786872699,0.8250375,0.7349518018018018,0.17496250000000002,0.0,0.17496250000000002,2.740864787459988,0.9388000000000001,0.5646814189189189,0.061200000000000004,0.0,0.061200000000000004,2.794662674960481,0.59,0.56,0.62,False,False,0,,,,,22840820,15000,40000,80000
258,3,121,1.0882668739142516,2.3749429105156885,2.671760741416782,0.3240223999586596,1.0,10.0,0.705,0.3832668739142516,2.0771712216946705,1.8015820779731082,0.8673247824525888,0.855375,0.7149802927927928,0.144625,0.0,0.144625,2.7458270499601167,0.9388000000000001,0.5646814189189189,0.061200000000000004,0.0,0.061200000000000004,2.794662674960481,0.69,0.66,0.72,False,False,0,,,,,22840820,15000,40000,80000
258,3,121,1.0882668739142516,2.3749429105156885,2.671760741416782,0.3240223999586596,2.0,20.0,0.88,0.20826687391425158,1.652890586920134,1.58259321556643,0.9574700395113928,0.9017,0.6534015202702703,0.0983,0.0,0.0983,2.7636524999603163,0.9388000000000001,0.5646814189189189,0.061200000000000004,0.0,0.061200000000000004,2.794662674960481,0.9,0.87,0.93,False,False,0,,,,,22840820,15000,40000,80000
258,3,121,1.0882668739142516,2.3749429105156885,2.671760741416782,0.3240223999586596,3.0,30.0,1.1,-0.011733126085748502,1.3605224387686867,1.359796474200711,0.9994664075010532,0.9401999999999999,0.5598414414414414,0.059800000000000006,0.0,0.059800000000000006,2.7962893562104876,0.93840625,0.5647653153153154,0.06159375,0.0,0.06159375,2.7944186687104793,1.0,0.97,1.03,False,True,1,0.88,1.12,,,22840820,15000,40000,80000
258,3,121,1.0882668739142516,2.3749429105156885,2.671760741416782,0.3240223999586596,4.0,40.0,1.185,-0.09673312608574847,1.16796342294161,1.1446154907530737,0.9800097060148231,0.9512875000000001,0.5231879504504505,0.0487125,0.0,0.0487125,2.8112006249605392,0.9388000000000001,0.5646814189189189,0.061200000000000004,0.0,0.061200000000000004,2.794662674960481,1.2,1.17,1.23,False,False,0,,,,,22840820,15000,40000,80000
259,3,586,1.1523101148193702,2.41261877777473,2.955312741505247,0.3462443886963818,0.0,0.0,0.48,0.6723101148193702,2.654769840792484,1.764247371971486,0.6645575615868963,0.7848125,0.7312579391891891,0.2151875,0.0,0.2151875,2.7545059761975406,0.9554,0.49669003378378374,0.0446,0.0,0.0446,2.8153083386982725,0.49,0.46,0.52,False,False,0,,,0.48,0.0,22850820,15000,40000,80000
259,3,586,1.1523101148193702,2.41261877777473,2.955312741505247,0.3462443886963818,0.5,5.0,0.58,0.5723101148193702,2.3038879570122863,1.6850375756821356,0.7313886817079922,0.82625,0.7212360923423424,0.17375000000000002,0.0,0.17375000000000002,2.7534372511977128,0.9554,0.49669003378378374,0.0446,0.0,0.0446,2.8153083386982725,0.59,0.56,0.62,False,False,0,,,,,22850820,15000,40000,80000
259,3,586,1.1523101148193702,2.41261877777473,2.955312741505247,0.3462443886963818,1.0,10.0,0.65,0.5023101148193702,2.0115467195486203,1.605827779392785,0.7983049877922417,0.85085,0.70349375,0.14915,0.0,0.14915,2.7558084761978163,0.9554,0.49669003378378374,0.0446,0.0,0.0446,2.8153083386982725,0.67,0.64,0.7,False,False,0,,,,,22850820,15000,40000,80000
259,3,586,1.1523101148193702,2.41261877777473,2.955312741505247,0.3462443886963818,2.0,20.0,0.865,0.2873101148193702,1.5969847754370785,1.4474081868140838,0.9063381248690633,0.9101874999999999,0.6225591779279278,0.08981249999999999,0.0,0.08981249999999999,2.7735654386980695,0.9554,0.49669003378378374,0.0446,0.0,0.0446,2.8153083386982725,0.85,0.82,0.88,False,False,0,,,,,22850820,15000,40000,80000
259,3,586,1.1523101148193702,2.41261877777473,2.955312741505247,0.3462443886963818,3.0,30.0,1.0500000000000003,0.10231011481936991,1.2977483948368802,1.2706810555124595,0.979142845075279,0.9409375,0.540489695945946,0.059062500000000004,0.0,0.059062500000000004,2.799480988698207,0.95378125,0.49643963963963955,0.04621875,0.0,0.04621875,2.8156820949482655,1.05,1.02,1.08,False,True,1,0.93,1.1700000000000004,,,22850820,15000,40000,80000
259,3,586,1.1523101148193702,2.41261877777473,2.955312741505247,0.3462443886963818,4.0,40.0,1.14,0.012310114819370277,1.1330224379213454,1.130569001656682,0.9978346092870284,0.954175,0.5020416103603604,0.045825,0.0,0.045825,2.813197688698267,0.9554,0.49669003378378374,0.0446,0.0,0.0446,2.8153083386982725,1.15,1.12,1.18,False,False,0,,,,,22850820,15000,40000,80000
260,1,846,1.162030407009572,2.3299050318116383,2.936122420518139,0.3602263168113545,0.0,0.0,0.45,0.712030407009572,2.5411196787522687,1.57676330209184,0.620499426011315,0.7661875,0.7045554617117119,0.23381249999999998,0.0,0.23381249999999998,2.7726181793124365,0.9532625,0.4471837274774775,0.046725,1.25e-05,0.0467375,2.8360866014842783,0.45,0.42,0.48,False,False,0,,,0.45,0.0,22860820,15000,40000,80000
260,1,846,1.162030407009572,2.3299050318116383,2.936122420518139,0.3602263168113545,0.5,5.0,0.535,0.6270304070095719,2.1508449461370325,1.4943874677722069,0.694790886928489,0.802775,0.6945261824324325,0.19722499999999998,0.0,0.19722499999999998,2.770602704312588,0.9532625,0.4471837274774775,0.046725,1.25e-05,0.0467375,2.8360866014842783,0.51,0.48,0.54,False,False,0,,,,,22860820,15000,40000,80000
260,1,846,1.162030407009572,2.3299050318116383,2.936122420518139,0.3602263168113545,1.0,10.0,0.635,0.5270304070095719,1.8441877134384541,1.4120116334525739,0.7656550486500662,0.8420125,0.6691621621621621,0.1579875,0.0,0.1579875,2.7718147043127526,0.9532625,0.4471837274774775,0.046725,1.25e-05,0.0467375,2.8360866014842783,0.65,0.62,0.68,False,False,0,,,,,22860820,15000,40000,80000
260,1,846,1.162030407009572,2.3299050318116383,2.936122420518139,0.3602263168113545,2.0,20.0,0.8550000000000001,0.30703040700957185,1.372151829127432,1.2438565858040618,0.9065006943109534,0.9017625,0.5794242398648649,0.0982375,0.0,0.0982375,2.7908663730630083,0.9525625,0.44757528153153153,0.047437499999999994,0.0,0.047437499999999994,2.8355381605632357,0.9,0.87,0.93,False,True,1,0.78,1.0200000000000002,,,22860820,15000,40000,80000
260,1,846,1.162030407009572,2.3299050318116383,2.936122420518139,0.3602263168113545,3.0,30.0,1.025,0.13703040700957203,1.11331809598713,1.0825082961740418,0.9723261483630421,0.9358875,0.5055651463963964,0.0641125,0.0,0.0641125,2.813460479313158,0.9532625,0.4471837274774775,0.046725,1.25e-05,0.0467375,2.8360866014842783,1.05,1.02,1.08,False,False,0,,,,,22860820,15000,40000,80000
260,1,846,1.162030407009572,2.3299050318116383,2.936122420518139,0.3602263168113545,4.0,40.0,1.17,-0.007969592990427987,0.9215077360740583,0.9177566275347755,0.9959293792201205,0.954325,0.44411480855855856,0.0456625,1.25e-05,0.045675,2.8373588014842834,0.9532625,0.4471837274774775,0.046725,1.25e-05,0.0467375,2.8360866014842783,1.15,1.12,1.18,False,False,0,,,,,22860820,15000,40000,80000
261,3,740,1.169506648928884,2.3839968986406053,2.618834048759641,0.3249721254484017,0.0,0.0,0.535,0.6345066489288839,2.7033093791222425,1.8728081240879895,0.6927834966103974,0.7934625,0.740938795045045,0.20653749999999998,0.0,0.20653749999999998,2.7408583004495988,0.9489749999999999,0.5264756193693694,0.051025,0.0,0.051025,2.811156212950271,0.53,0.5,0.56,False,False,0,,,0.535,0.0,22870820,15000,40000,80000
261,3,740,1.169506648928884,2.3839968986406053,2.618834048759641,0.3249721254484017,0.5,5.0,0.62,0.5495066489288839,2.35726370096242,1.7820536513110217,0.7559840040736415,0.8263,0.7333435810810811,0.1737,0.0,0.1737,2.7425594379497364,0.9489749999999999,0.5264756193693694,0.051025,0.0,0.051025,2.811156212950271,0.61,0.58,0.64,False,False,0,,,,,22870820,15000,40000,80000
261,3,740,1.169506648928884,2.3839968986406053,2.618834048759641,0.3249721254484017,1.0,10.0,0.725,0.4445066489288839,2.064845174243935,1.6912991785340534,0.819092491597265,0.860325,0.7073695945945946,0.139675,0.0,0.139675,2.7493325004498805,0.9489749999999999,0.5264756193693694,0.051025,0.0,0.051025,2.811156212950271,0.73,0.7,0.76,False,False,0,,,,,22870820,15000,40000,80000
261,3,740,1.169506648928884,2.3839968986406053,2.618834048759641,0.3249721254484017,2.0,20.0,0.925,0.24450664892888385,1.6394437843824328,1.5097902329801172,0.920916134705311,0.9107875,0.6328164977477477,0.0892125,0.0,0.0892125,2.7716198754500994,0.9489749999999999,0.5264756193693694,0.051025,0.0,0.051025,2.811156212950271,0.9,0.87,0.93,False,False,0,,,,,22870820,15000,40000,80000
261,3,740,1.169506648928884,2.3839968986406053,2.618834048759641,0.3249721254484017,3.0,30.0,1.0550000000000002,0.11450664892888374,1.3596747429232061,1.3489992632651886,0.9921485048438379,0.93374375,0.5782296734234235,0.06625625,0.0,0.06625625,2.790821300450201,0.9499124999999999,0.5293317567567568,0.0500875,0.0,0.0500875,2.8100034379502747,1.1,1.07,1.13,False,True,1,0.9800000000000001,1.2200000000000002,,,22870820,15000,40000,80000
261,3,740,1.169506648928884,2.3839968986406053,2.618834048759641,0.3249721254484017,4.0,40.0,1.24,-0.0704933510711161,1.1479762833359506,1.146772341872245,0.9989512488357277,0.956875,0.4966708896396397,0.043125,0.0,0.043125,2.8238465754503084,0.9489749999999999,0.5264756193693694,0.051025,0.0,0.051025,2.811156212950271,1.25,1.22,1.28,False,False,0,,,,,22870820,15000,40000,80000
262,2,647,1.1711999933357884,2.3315551965033454,2.674177953979909,0.3324672427021686,0.0,0.0,0.51,0.6611999933357884,2.65711549477457,1.791424543453505,0.674198975158018,0.781175,0.7305431306306307,0.218825,0.0,0.218825,2.749384180203315,0.9483125,0.5050338400900901,0.0516875,0.0,0.0516875,2.819174505204036,0.51,0.48,0.54,False,False,0,,,0.51,0.0,22880820,15000,40000,80000
262,2,647,1.1711999933357884,2.3315551965033454,2.674177953979909,0.3324672427021686,0.5,5.0,0.61,0.5611999933357884,2.291206048988952,1.6997532050801836,0.7418596008989411,0.8202375,0.7201493243243242,0.1797625,0.0,0.1797625,2.7508135927034787,0.9483125,0.5050338400900901,0.0516875,0.0,0.0516875,2.819174505204036,0.59,0.56,0.62,False,False,0,,,,,22880820,15000,40000,80000
262,2,647,1.1711999933357884,2.3315551965033454,2.674177953979909,0.3324672427021686,1.0,10.0,0.7,0.47119999333578844,1.996005490971427,1.6080818667068624,0.8056500214957987,0.8517125,0.69823384009009,0.14828750000000002,0.0,0.14828750000000002,2.7552346052036114,0.9483125,0.5050338400900901,0.0516875,0.0,0.0516875,2.819174505204036,0.71,0.68,0.74,False,False,0,,,,,22880820,15000,40000,80000
262,2,647,1.1711999933357884,2.3315551965033454,2.674177953979909,0.3324672427021686,2.0,20.0,0.8550000000000001,0.3161999933357883,1.5613740095590236,1.425942953655283,0.9132616176043623,0.89510625,0.6423215090090091,0.10489375000000001,0.0,0.10489375000000001,2.770213967703798,0.9486749999999999,0.504672804054054,0.051324999999999996,0.0,0.051324999999999996,2.8193470364540376,0.85,0.82,0.88,False,True,1,0.73,0.9700000000000002,,,22880820,15000,40000,80000
262,2,647,1.1711999933357884,2.3315551965033454,2.674177953979909,0.3324672427021686,3.0,30.0,1.025,0.14619999333578848,1.2689040464650376,1.241396513213577,0.9783218176913437,0.9284749999999999,0.5691243243243242,0.071525,0.0,0.071525,2.794138180203945,0.9483125,0.5050338400900901,0.0516875,0.0,0.0516875,2.819174505204036,1.0,0.97,1.03,False,False,0,,,,,22880820,15000,40000,80000
262,2,647,1.1711999933357884,2.3315551965033454,2.674177953979909,0.3324672427021686,4.0,40.0,1.1999999999999984,-0.02880000666421001,1.0682722323433036,1.061851557056213,0.9939896637835409,0.95225625,0.4926958896396396,0.04774375,0.0,0.04774375,2.824382030204054,0.9486749999999999,0.504672804054054,0.051324999999999996,0.0,0.051324999999999996,2.8193470364540376,1.25,1.22,1.28,False,True,1,1.13,1.3699999999999948,,,22880820,15000,40000,80000
263,3,232,1.041687450891057,2.2913269688871445,2.559913443158561,0.3428712532998617,0.0,0.0,0.485,0.556687450891057,2.5773122261187287,1.8676503242780296,0.724650395614114,0.7641249999999999,0.7122492680180179,0.235875,0.0,0.235875,2.7635350533009375,0.9258,0.5253275337837837,0.0742,0.0,0.0742,2.8127724283016287,0.47,0.44,0.5,False,False,0,,,0.485,0.0,22890820,15000,40000,80000
263,3,232,1.041687450891057,2.2913269688871445,2.559913443158561,0.3428712532998617,0.5,5.0,0.5700000000000002,0.4716874508910568,2.1893765810910093,1.7310292535209513,0.7906493878080789,0.800125,0.7049069256756757,0.199875,0.0,0.199875,2.7632040595510876,0.925025,0.5245174831081081,0.074975,0.0,0.074975,2.813528322051626,0.55,0.52,0.58,False,True,1,0.43000000000000005,0.6700000000000003,,,22890820,15000,40000,80000
263,3,232,1.041687450891057,2.2913269688871445,2.559913443158561,0.3428712532998617,1.0,10.0,0.6350000000000001,0.40668745089105685,1.8587284030065738,1.5977890806526573,0.8596140662983167,0.8241125,0.6899311092342344,0.1758875,0.0,0.1758875,2.765566009551189,0.925025,0.5245174831081081,0.074975,0.0,0.074975,2.813528322051626,0.63,0.6,0.66,False,True,1,0.51,0.7500000000000002,,,22890820,15000,40000,80000
263,3,232,1.041687450891057,2.2913269688871445,2.559913443158561,0.3428712532998617,2.0,20.0,0.865,0.17668745089105697,1.3878794913208805,1.3400569843162717,0.9655427525922334,0.8913125,0.6040894707207207,0.10868749999999999,0.0,0.10868749999999999,2.786369228301476,0.9258,0.5253275337837837,0.0742,0.0,0.0742,2.8127724283016287,0.85,0.82,0.88,False,False,0,,,,,22890820,15000,40000,80000
263,3,232,1.041687450891057,2.2913269688871445,2.559913443158561,0.3428712532998617,3.0,30.0,1.1150000000000002,-0.07331254910894325,1.0721678707758056,1.064828389179481,0.9931545406308306,0.9366687499999999,0.4929682995495495,0.06333125,0.0,0.06333125,2.825812615801679,0.925025,0.5245174831081081,0.074975,0.0,0.074975,2.813528322051626,1.05,1.02,1.08,False,True,1,0.93,1.1700000000000004,,,22890820,15000,40000,80000
263,3,232,1.041687450891057,2.2913269688871445,2.559913443158561,0.3428712532998617,4.0,40.0,1.2449999999999997,-0.2033125491089427,0.8835771138772148,0.7983480434428928,0.9035408804780725,0.9531562499999999,0.43914107545045045,0.04684375,0.0,0.04684375,2.8493956158017557,0.925025,0.5245174831081081,0.074975,0.0,0.074975,2.813528322051626,1.35,1.32,1.38,False,True,1,1.23,1.4699999999999949,,,22890820,15000,40000,80000
264,1,242,1.0475757190672124,2.5367642963688715,2.692355457067736,0.3098031286847902,0.0,0.0,0.56,0.4875757190672123,2.8155283524241965,2.2856573481861377,0.8118040602283991,0.811825,0.765997804054054,0.18817499999999998,0.0,0.18817499999999998,2.7206183286860623,0.938375,0.6322744932432431,0.061625,0.0,0.061625,2.7662698161866057,0.55,0.52,0.58,False,False,0,,,0.56,0.0,22900820,15000,40000,80000
264,1,242,1.0475757190672124,2.5367642963688715,2.692355457067736,0.3098031286847902,0.5,5.0,0.66,0.38757571906721233,2.5105291242920047,2.1742708889922326,0.8660608108282352,0.848625,0.7593979166666667,0.15137499999999998,0.0,0.15137499999999998,2.723371778686217,0.938375,0.6322744932432431,0.061625,0.0,0.061625,2.7662698161866057,0.67,0.64,0.7,False,False,0,,,,,22900820,15000,40000,80000
264,1,242,1.0475757190672124,2.5367642963688715,2.692355457067736,0.3098031286847902,1.0,10.0,0.735,0.3125757190672124,2.2590016271399493,2.062884429798328,0.9131841274546052,0.8721375,0.7441614864864865,0.1278625,0.0,0.1278625,2.728191866186317,0.938375,0.6322744932432431,0.061625,0.0,0.061625,2.7662698161866057,0.75,0.72,0.78,False,False,0,,,,,22900820,15000,40000,80000
264,1,242,1.0475757190672124,2.5367642963688715,2.692355457067736,0.3098031286847902,2.0,20.0,0.91,0.13757571906721233,1.8816797041343643,1.8401115114105184,0.9779089966095114,0.9147,0.6874364301801802,0.0853,0.0,0.0853,2.7466759036865005,0.938375,0.6322744932432431,0.061625,0.0,0.061625,2.7662698161866057,0.9,0.87,0.93,False,False,0,,,,,22900820,15000,40000,80000
264,1,242,1.0475757190672124,2.5367642963688715,2.692355457067736,0.3098031286847902,3.0,30.0,1.04,0.007575719067212328,1.6186454721961432,1.6173385930227087,0.9991926093787162,0.9373499999999999,0.6355150337837838,0.06265,0.0,0.06265,2.765059066186601,0.938375,0.6322744932432431,0.061625,0.0,0.061625,2.7662698161866057,1.05,1.02,1.08,False,False,0,,,,,22900820,15000,40000,80000
264,1,242,1.0475757190672124,2.5367642963688715,2.692355457067736,0.3098031286847902,4.0,40.0,1.1849999999999978,-0.13742428093278547,1.4332037617786129,1.3932667896999695,0.9721344772155207,0.95651875,0.5735924268018019,0.04348125,0.0,0.04348125,2.7886294849366893,0.9386625,0.6307999155405406,0.0613375,0.0,0.0613375,2.766519078686607,1.2,1.17,1.23,False,True,1,1.08,1.319999999999995,,,22900820,15000,40000,80000
265,2,636,1.142761274069218,2.4731557722159017,2.4712244844399267,0.324370851828072,0.0,0.0,0.525,0.6177612740692179,2.689828933481564,1.9061952687560306,0.7086678431586199,0.786125,0.7375201576576577,0.21387499999999998,0.0,0.21387499999999998,2.741884989329239,0.9450125,0.5350874999999999,0.054987499999999995,0.0,0.054987499999999995,2.8070969893299242,0.53,0.5,0.56,False,False,0,,,0.525,0.0,22910820,15000,40000,80000
265,2,636,1.142761274069218,2.4731557722159017,2.4712244844399267,0.324370851828072,0.5,5.0,0.635,0.5077612740692179,2.3297308064708537,1.8082515564279327,0.7761633023890543,0.8276125,0.725630349099099,0.1723875,0.0,0.1723875,2.7446801893294133,0.9450125,0.5350874999999999,0.054987499999999995,0.0,0.054987499999999995,2.8070969893299242,0.65,0.62,0.68,False,False,0,,,,,22910820,15000,40000,80000
265,2,636,1.142761274069218,2.4731557722159017,2.4712244844399267,0.324370851828072,1.0,10.0,0.725,0.4177612740692179,2.0409195682260157,1.7103078440998347,0.8380084500764763,0.8579,0.7033702702702703,0.1421,0.0,0.1421,2.7500852018295414,0.9450125,0.5350874999999999,0.054987499999999995,0.0,0.054987499999999995,2.8070969893299242,0.75,0.72,0.78,False,False,0,,,,,22910820,15000,40000,80000
265,2,636,1.142761274069218,2.4731557722159017,2.4712244844399267,0.324370851828072,2.0,20.0,0.925,0.21776127406921786,1.6129531564796062,1.514420419443639,0.9389115941525404,0.909125,0.6289055743243244,0.090875,0.0,0.090875,2.7722787393297628,0.9450125,0.5350874999999999,0.054987499999999995,0.0,0.054987499999999995,2.8070969893299242,0.9,0.87,0.93,False,False,0,,,,,22910820,15000,40000,80000
265,2,636,1.142761274069218,2.4731557722159017,2.4712244844399267,0.324370851828072,3.0,30.0,1.025,0.11776127406921799,1.3299064036901882,1.318532994787443,0.9914479629008578,0.9280625,0.5864711711711711,0.0719375,0.0,0.0719375,2.7871034393298464,0.9450125,0.5350874999999999,0.054987499999999995,0.0,0.054987499999999995,2.8070969893299242,1.0,0.97,1.03,False,False,0,,,,,22910820,15000,40000,80000
265,2,636,1.142761274069218,2.4731557722159017,2.4712244844399267,0.324370851828072,4.0,40.0,1.225,-0.08223872593078219,1.134992446674186,1.122645570131247,0.9891216222811715,0.9549875,0.5003189752252253,0.0450125,0.0,0.0450125,2.8217718643299703,0.9450125,0.5350874999999999,0.054987499999999995,0.0,0.054987499999999995,2.8070969893299242,1.2,1.17,1.23,False,False,0,,,,,22910820,15000,40000,80000
266,3,741,1.1908461816413085,2.4825983581713555,2.8528926862991484,0.3309546354176296,0.0,0.0,0.515,0.6758461816413085,2.7233937085585804,1.8710822212497131,0.6870406637753551,0.7959,0.7463658783783784,0.2041,0.0,0.2041,2.740572822918835,0.9586749999999999,0.5252301801801802,0.041325,0.0,0.041325,2.8070929979195363,0.51,0.48,0.54,False,False,0,,,0.515,0.0,22920820,15000,40000,80000
266,3,741,1.1908461816413085,2.4825983581713555,2.8528926862991484,0.3309546354176296,0.5,5.0,0.625,0.5658461816413085,2.392902392154027,1.797474043624982,0.751168977689451,0.8388125,0.7366129504504504,0.1611875,0.0,0.1611875,2.741520935419014,0.9586749999999999,0.5252301801801802,0.041325,0.0,0.041325,2.8070929979195363,0.61,0.58,0.64,False,False,0,,,,,22920820,15000,40000,80000
266,3,741,1.1908461816413085,2.4825983581713555,2.8528926862991484,0.3309546354176296,1.0,10.0,0.7100000000000001,0.48084618164130843,2.1429023620170495,1.720734786663824,0.8029926221389518,0.869425,0.7186683277027028,0.130575,0.0,0.130575,2.7443776166691434,0.9594687500000001,0.5234889358108108,0.040531250000000005,0.0,0.040531250000000005,2.8066944979195396,0.69,0.66,0.72,False,True,1,0.57,0.8100000000000002,,,22920820,15000,40000,80000
266,3,741,1.1908461816413085,2.4825983581713555,2.8528926862991484,0.3309546354176296,2.0,20.0,0.86,0.3308461816413085,1.7271546252127248,1.5766495107507887,0.9128595018275222,0.9063125000000001,0.6639827139639639,0.0936875,0.0,0.0936875,2.759496497919302,0.9586749999999999,0.5252301801801802,0.041325,0.0,0.041325,2.8070929979195363,0.85,0.82,0.88,False,False,0,,,,,22920820,15000,40000,80000
266,3,741,1.1908461816413085,2.4825983581713555,2.8528926862991484,0.3309546354176296,3.0,30.0,1.05,0.14084618164130847,1.4613786648977638,1.4294331555013269,0.9781401561663884,0.940775,0.5846563626126127,0.059225,0.0,0.059225,2.7849138104194546,0.9586749999999999,0.5252301801801802,0.041325,0.0,0.041325,2.8070929979195363,1.05,1.02,1.08,False,False,0,,,,,22920820,15000,40000,80000
266,3,741,1.1908461816413085,2.4825983581713555,2.8528926862991484,0.3309546354176296,4.0,40.0,1.1450000000000002,0.04584618164130827,1.292546983847994,1.2875071942410243,0.9961008847879821,0.95465,0.5431851914414414,0.04535,0.0,0.04535,2.799009985419517,0.9594687500000001,0.5234889358108108,0.040531250000000005,0.0,0.040531250000000005,2.8066944979195396,1.1,1.07,1.13,False,True,1,0.9800000000000001,1.2200000000000002,,,22920820,15000,40000,80000
267,1,309,1.0611581209111876,2.617175967887708,2.528428341086264,0.3570847797603674,0.0,0.0,0.445,0.6161581209111875,2.54038124791081,1.7447418699639288,0.6868031605093885,0.7582875,0.7043653716216216,0.2417125,0.0,0.2417125,2.7726758422614175,0.9378124999999999,0.49184864864864863,0.0621875,0.0,0.0621875,2.8190339047621826,0.47,0.44,0.5,False,False,0,,,0.445,0.0,22930820,15000,40000,80000
267,1,309,1.0611581209111876,2.617175967887708,2.528428341086264,0.3570847797603674,0.5,5.0,0.55,0.5111581209111875,2.149364561120147,1.6344425580348547,0.760430588463346,0.803825,0.6935232545045045,0.196175,0.0,0.196175,2.7702873922616065,0.9378124999999999,0.49184864864864863,0.0621875,0.0,0.0621875,2.8190339047621826,0.53,0.5,0.56,False,False,0,,,,,22930820,15000,40000,80000
267,1,309,1.0611581209111876,2.617175967887708,2.528428341086264,0.3570847797603674,1.0,10.0,0.63,0.43115812091118755,1.8265038611835653,1.5241432461057802,0.8344593616780767,0.834025,0.6722960585585585,0.16597499999999998,0.0,0.16597499999999998,2.772077679761733,0.9378124999999999,0.49184864864864863,0.0621875,0.0,0.0621875,2.8190339047621826,0.63,0.6,0.66,False,False,0,,,,,22930820,15000,40000,80000
267,1,309,1.0611581209111876,2.617175967887708,2.528428341086264,0.3570847797603674,2.0,20.0,0.89,0.17115812091118754,1.3728940706912136,1.3035446222476321,0.94948667204261,0.9077375,0.5681469594594594,0.0922625,0.0,0.0922625,2.7942575297620484,0.9378124999999999,0.49184864864864863,0.0621875,0.0,0.0621875,2.8190339047621826,0.9,0.87,0.93,False,False,0,,,,,22930820,15000,40000,80000
267,1,309,1.0611581209111876,2.617175967887708,2.528428341086264,0.3570847797603674,3.0,30.0,1.015,0.04615812091118765,1.085714390467666,1.0829459983894836,0.9974501654371644,0.9309875,0.5123130067567567,0.0690125,0.0,0.0690125,2.8117478172621513,0.9378124999999999,0.49184864864864863,0.0621875,0.0,0.0621875,2.8190339047621826,1.0,0.97,1.03,False,False,0,,,,,22930820,15000,40000,80000
267,1,309,1.0611581209111876,2.617175967887708,2.528428341086264,0.3570847797603674,4.0,40.0,1.205,-0.14384187908881252,0.8908626654447176,0.8623473745313353,0.9679913728350625,0.9554,0.4316865990990991,0.0446,0.0,0.0446,2.8431610047622637,0.9378124999999999,0.49184864864864863,0.0621875,0.0,0.0621875,2.8190339047621826,1.2,1.17,1.23,False,False,0,,,,,22930820,15000,40000,80000
268,1,1120,1.1211413212903114,2.535954888592667,2.7016503269699808,0.335547744050673,0.0,0.0,0.515,0.6061413212903114,2.698885141722772,1.9007759909518545,0.7042819131378586,0.796325,0.7408815315315316,0.203675,0.0,0.203675,2.74513916905188,0.9497249999999999,0.5328692567567567,0.050275,0.0,0.050275,2.8034300690525393,0.51,0.48,0.54,False,False,0,,,0.515,0.0,22940820,15000,40000,80000
268,1,1120,1.1211413212903114,2.535954888592667,2.7016503269699808,0.335547744050673,0.5,5.0,0.59,0.5311413212903114,2.3577798333289555,1.811109049452238,0.7681417169876834,0.8264125,0.734088795045045,0.1735875,0.0,0.1735875,2.745358306552005,0.9497249999999999,0.5328692567567567,0.050275,0.0,0.050275,2.8034300690525393,0.61,0.58,0.64,False,False,0,,,,,22940820,15000,40000,80000
268,1,1120,1.1211413212903114,2.535954888592667,2.7016503269699808,0.335547744050673,1.0,10.0,0.705,0.41614132129031145,2.074049533658584,1.7214421079526216,0.8299908367742936,0.8652625,0.7052747184684685,0.1347375,0.0,0.1347375,2.75083699405217,0.9497249999999999,0.5328692567567567,0.050275,0.0,0.050275,2.8034300690525393,0.73,0.7,0.76,False,False,0,,,,,22940820,15000,40000,80000
268,1,1120,1.1211413212903114,2.535954888592667,2.7016503269699808,0.335547744050673,2.0,20.0,0.83,0.29114132129031145,1.654729071397353,1.5421082249533886,0.9319400085544756,0.8989499999999999,0.6591786599099101,0.10105,0.0,0.10105,2.762256781552314,0.9497249999999999,0.5328692567567567,0.050275,0.0,0.050275,2.8034300690525393,0.85,0.82,0.88,False,False,0,,,,,22940820,15000,40000,80000
268,1,1120,1.1211413212903114,2.535954888592667,2.7016503269699808,0.335547744050673,3.0,30.0,1.05,0.07114132129031137,1.3851394413969673,1.3627743419541551,0.983853539380659,0.9407,0.5646016891891892,0.059300000000000005,0.0,0.059300000000000005,2.791788881552498,0.9497249999999999,0.5328692567567567,0.050275,0.0,0.050275,2.8034300690525393,1.05,1.02,1.08,False,False,0,,,,,22940820,15000,40000,80000
268,1,1120,1.1211413212903114,2.535954888592667,2.7016503269699808,0.335547744050673,4.0,40.0,1.145,-0.023858678709688608,1.1910555535988812,1.1834404589549221,0.9936064320249804,0.9528749999999999,0.5228569256756757,0.047125,0.0,0.047125,2.8072319940525547,0.9497249999999999,0.5328692567567567,0.050275,0.0,0.050275,2.8034300690525393,1.15,1.12,1.18,False,False,0,,,,,22940820,15000,40000,80000
269,3,1111,1.1384412885368822,2.267030774453568,2.860524048589004,0.3413305976117664,0.0,0.0,0.49,0.6484412885368822,2.6244900699287332,1.7844526392573687,0.6799235629441054,0.775525,0.7234911036036036,0.22447499999999998,0.0,0.22447499999999998,2.7566920976128886,0.946,0.502870213963964,0.054,0.0,0.054,2.8180642226136206,0.51,0.48,0.54,False,False,0,,,0.49,0.0,22950820,15000,40000,80000
269,3,1111,1.1384412885368822,2.267030774453568,2.860524048589004,0.3413305976117664,0.5,5.0,0.57,0.5684412885368822,2.253969018005459,1.688642189717795,0.7491860696524024,0.8084875,0.7170115990990991,0.1915125,0.0,0.1915125,2.7562727976130255,0.946,0.502870213963964,0.054,0.0,0.054,2.8180642226136206,0.57,0.54,0.6,False,False,0,,,,,22950820,15000,40000,80000
269,3,1111,1.1384412885368822,2.267030774453568,2.860524048589004,0.3413305976117664,1.0,10.0,0.69,0.44844128853688225,1.9571386995961881,1.5928317401782215,0.8138573625399501,0.8519,0.688381813063063,0.1481,0.0,0.1481,2.7605698726132086,0.946,0.502870213963964,0.054,0.0,0.054,2.8180642226136206,0.67,0.64,0.7,False,False,0,,,,,22950820,15000,40000,80000
269,3,1111,1.1384412885368822,2.267030774453568,2.860524048589004,0.3413305976117664,2.0,20.0,0.8750000000000001,0.2634412885368821,1.514828442533895,1.3942630923888302,0.9204098980717633,0.90205,0.6168092905405405,0.09795,0.0,0.09795,2.7785937913634235,0.94585625,0.5012941722972973,0.054143750000000004,0.0,0.054143750000000004,2.8187411288636204,0.85,0.82,0.88,False,True,1,0.73,0.9700000000000002,,,22950820,15000,40000,80000
269,3,1111,1.1384412885368822,2.267030774453568,2.860524048589004,0.3413305976117664,3.0,30.0,1.0500000000000003,0.08844128853688193,1.2241302183352512,1.2021782306554358,0.9820672773606808,0.9343187500000001,0.5402586430180181,0.06568125,0.0,0.06568125,2.803744960113567,0.94585625,0.5012941722972973,0.054143750000000004,0.0,0.054143750000000004,2.8187411288636204,1.0,0.97,1.03,False,True,1,0.88,1.12,,,22950820,15000,40000,80000
269,3,1111,1.1384412885368822,2.267030774453568,2.860524048589004,0.3413305976117664,4.0,40.0,1.2199999999999958,-0.08155871146311355,1.0224417384116273,1.0100933689220417,0.9879226668614205,0.95551875,0.46756692004504496,0.04448125,0.0,0.04448125,2.832845228863665,0.94585625,0.5012941722972973,0.054143750000000004,0.0,0.054143750000000004,2.8187411288636204,1.15,1.12,1.18,False,True,1,1.0299999999999998,1.2699999999999947,,,22950820,15000,40000,80000
270,1,1039,1.081420080768977,2.21157336122771,2.734702500060329,0.3060086470006496,0.0,0.0,0.555,0.5264200807689771,2.766418345848194,2.1759364357921016,0.7865536458206763,0.7968375,0.7536579391891892,0.2031625,0.0,0.2031625,2.7243093595018615,0.933425,0.6048865427927927,0.066575,0.0,0.066575,2.7798906845024502,0.57,0.54,0.6,False,False,0,,,0.555,0.0,22960820,15000,40000,80000
270,1,1039,1.081420080768977,2.21157336122771,2.734702500060329,0.3060086470006496,0.5,5.0,0.665,0.4164200807689771,2.4367681253238223,2.056192518574156,0.8438195235752718,0.8370875,0.7462710585585586,0.1629125,0.0,0.1629125,2.7282645470020306,0.933425,0.6048865427927927,0.066575,0.0,0.066575,2.7798906845024502,0.67,0.64,0.7,False,False,0,,,,,22960820,15000,40000,80000
270,1,1039,1.081420080768977,2.21157336122771,2.734702500060329,0.3060086470006496,1.0,10.0,0.725,0.35642008076897713,2.1624976353877874,1.9364486013562099,0.895468540481876,0.8564499999999999,0.7344331644144144,0.14355,0.0,0.14355,2.732410684502113,0.933425,0.6048865427927927,0.066575,0.0,0.066575,2.7798906845024502,0.75,0.72,0.78,False,False,0,,,,,22960820,15000,40000,80000
270,1,1039,1.081420080768977,2.21157336122771,2.734702500060329,0.3060086470006496,2.0,20.0,0.905,0.17642008076897708,1.7389601224817766,1.6969607669203184,0.9758480053576396,0.9014625,0.6758021959459459,0.0985375,0.0,0.0985375,2.7529509720023078,0.933425,0.6048865427927927,0.066575,0.0,0.066575,2.7798906845024502,0.9,0.87,0.93,False,False,0,,,,,22960820,15000,40000,80000
270,1,1039,1.081420080768977,2.21157336122771,2.734702500060329,0.3060086470006496,3.0,30.0,1.12,-0.038579919231023,1.4616356060529652,1.457472932484427,0.9971520442227191,0.9393750000000001,0.5891278153153153,0.060625,0.0,0.060625,2.7862814345024773,0.933425,0.6048865427927927,0.066575,0.0,0.066575,2.7798906845024502,1.1,1.07,1.13,False,False,0,,,,,22960820,15000,40000,80000
270,1,1039,1.081420080768977,2.21157336122771,2.734702500060329,0.3060086470006496,4.0,40.0,1.255,-0.17357991923102278,1.2605248580758743,1.2179850980485354,0.9662523434148902,0.95545,0.5325024211711711,0.04455,0.0,0.04455,2.810753147002553,0.933425,0.6048865427927927,0.066575,0.0,0.066575,2.7798906845024502,1.25,1.22,1.28,False,False,0,,,,,22960820,15000,40000,80000
271,4,254,1.258015961242116,2.283277057210249,2.8712649352194544,0.3283809630407444,0.0,0.0,0.515,0.743015961242116,2.708846567846312,1.7371633678068514,0.641292640353564,0.7898624999999999,0.7425386261261261,0.2101375,0.0,0.2101375,2.741161625541925,0.9615,0.49054341216216224,0.0385,0.0,0.0385,2.8238185380426692,0.53,0.5,0.56,False,False,0,,,0.515,0.0,22970820,15000,40000,80000
271,4,254,1.258015961242116,2.283277057210249,2.8712649352194544,0.3283809630407444,0.5,5.0,0.62,0.638015961242116,2.3637740225464983,1.6689932650163826,0.7060714133825589,0.8302375,0.7331845157657658,0.16976249999999998,0.0,0.16976249999999998,2.7426617755420946,0.9615,0.49054341216216224,0.0385,0.0,0.0385,2.8238185380426692,0.61,0.58,0.64,False,False,0,,,,,22970820,15000,40000,80000
271,4,254,1.258015961242116,2.283277057210249,2.8712649352194544,0.3283809630407444,1.0,10.0,0.725,0.533015961242116,2.0885517995999967,1.600823162225914,0.7664752018755324,0.86575,0.7081992680180179,0.13425,0.0,0.13425,2.748072938042244,0.9615,0.49054341216216224,0.0385,0.0,0.0385,2.8238185380426692,0.73,0.7,0.76,False,False,0,,,,,22970820,15000,40000,80000
271,4,254,1.258015961242116,2.283277057210249,2.8712649352194544,0.3283809630407444,2.0,20.0,0.86,0.398015961242116,1.6731490988559115,1.4644829566449764,0.8752853870861721,0.901125,0.6597835022522522,0.098875,0.0,0.098875,2.7614604255423965,0.9615,0.49054341216216224,0.0385,0.0,0.0385,2.8238185380426692,0.85,0.82,0.88,False,False,0,,,,,22970820,15000,40000,80000
271,4,254,1.258015961242116,2.283277057210249,2.8712649352194544,0.3283809630407444,3.0,30.0,1.0700000000000003,0.18801596124211573,1.385202477138594,1.313429479370949,0.9481859158121734,0.93900625,0.5697230011261261,0.06099375,0.0,0.06099375,2.791951050542565,0.9606250000000001,0.48911506193693693,0.039375,0.0,0.039375,2.824590644292666,1.0,0.97,1.03,False,True,1,0.88,1.12,,,22970820,15000,40000,80000
271,4,254,1.258015961242116,2.283277057210249,2.8712649352194544,0.3283809630407444,4.0,40.0,1.18,0.07801596124211607,1.1996677924904378,1.1918025454831012,0.9934438124816131,0.9534499999999999,0.5232987049549549,0.04655,0.0,0.04655,2.8099337755426306,0.9615,0.49054341216216224,0.0385,0.0,0.0385,2.8238185380426692,1.2,1.17,1.23,False,False,0,,,,,22970820,15000,40000,80000
272,3,1056,1.0575285546501307,2.42820618323402,2.585996649706072,0.3122991987382097,0.0,0.0,0.565,0.4925285546501308,2.7537396236655627,2.183154919773025,0.7927964216409756,0.8034375,0.7515403153153153,0.1965625,0.0,0.1965625,2.7291625862394486,0.933925,0.6065137950450451,0.066075,0.0,0.066075,2.7781527987400096,0.55,0.52,0.58,False,False,0,,,0.565,0.0,22980820,15000,40000,80000
272,3,1056,1.0575285546501307,2.42820618323402,2.585996649706072,0.3122991987382097,0.5,5.0,0.64,0.4175285546501307,2.4234042398489586,2.0642359747280166,0.8517918475114463,0.8316625,0.7460596846846846,0.1683375,0.0,0.1683375,2.7312444362395674,0.933925,0.6065137950450451,0.066075,0.0,0.066075,2.7781527987400096,0.65,0.62,0.68,False,False,0,,,,,22980820,15000,40000,80000
272,3,1056,1.0575285546501307,2.42820618323402,2.585996649706072,0.3122991987382097,1.0,10.0,0.74,0.31752855465013075,2.149424255587151,1.9453170296830078,0.9050409776601374,0.863825,0.7246546171171171,0.136175,0.0,0.136175,2.7378476612397034,0.933925,0.6065137950450451,0.066075,0.0,0.066075,2.7781527987400096,0.75,0.72,0.78,False,False,0,,,,,22980820,15000,40000,80000
272,3,1056,1.0575285546501307,2.42820618323402,2.585996649706072,0.3122991987382097,2.0,20.0,0.91,0.1475285546501307,1.752511561000069,1.7074791395929907,0.9743040659992105,0.9076375,0.6677286036036036,0.0923625,0.0,0.0923625,2.756065148739893,0.933925,0.6065137950450451,0.066075,0.0,0.066075,2.7781527987400096,0.9,0.87,0.93,False,False,0,,,,,22980820,15000,40000,80000
272,3,1056,1.0575285546501307,2.42820618323402,2.585996649706072,0.3122991987382097,3.0,30.0,1.1050000000000002,-0.04747144534986947,1.4676217937801221,1.4638894306788912,0.9974568631257392,0.9405749999999999,0.5871289132882882,0.059425,0.0,0.059425,2.78582612374004,0.9332625,0.6069152871621623,0.0667375,0.0,0.0667375,2.778234329990007,1.05,1.02,1.08,False,True,1,0.93,1.1700000000000004,,,22980820,15000,40000,80000
272,3,1056,1.0575285546501307,2.42820618323402,2.585996649706072,0.3122991987382097,4.0,40.0,1.155,-0.09747144534986929,1.2777427829609003,1.2318033594129565,0.9640464229886012,0.9479,0.565436599099099,0.0521,0.0,0.0521,2.7942759987400736,0.933925,0.6065137950450451,0.066075,0.0,0.066075,2.7781527987400096,1.15,1.12,1.18,False,False,0,,,,,22980820,15000,40000,80000
273,3,296,1.1378682740130064,2.357462361607803,3.05027421575591,0.3331742927441593,0.0,0.0,0.525,0.6128682740130064,2.7221533369875,1.930414238889666,0.7091497061021476,0.803025,0.746179391891892,0.196975,0.0,0.196975,2.7411365177453937,0.952475,0.5406250563063062,0.047525,0.0,0.047525,2.800565005246037,0.53,0.5,0.56,False,False,0,,,0.525,0.0,22990820,15000,40000,80000
273,3,296,1.1378682740130064,2.357462361607803,3.05027421575591,0.3331742927441593,0.5,5.0,0.615,0.5228682740130064,2.3959365516472126,1.8455652889260408,0.7702897172536601,0.8387375,0.7374912162162162,0.1612625,0.0,0.1612625,2.7415582677455426,0.952475,0.5406250563063062,0.047525,0.0,0.047525,2.800565005246037,0.61,0.58,0.64,False,False,0,,,,,22990820,15000,40000,80000
273,3,296,1.1378682740130064,2.357462361607803,3.05027421575591,0.3331742927441593,1.0,10.0,0.715,0.4228682740130064,2.126584556135617,1.760716338962416,0.8279550107153751,0.871625,0.712457545045045,0.12837500000000002,0.0,0.12837500000000002,2.7465756927456817,0.952475,0.5406250563063062,0.047525,0.0,0.047525,2.800565005246037,0.69,0.66,0.72,False,False,0,,,,,22990820,15000,40000,80000
273,3,296,1.1378682740130064,2.357462361607803,3.05027421575591,0.3331742927441593,2.0,20.0,0.8900000000000002,0.24786827401300615,1.7178301038541386,1.5937417002104826,0.9277644492518496,0.91395625,0.6468748592342342,0.08604375,0.0,0.08604375,2.763878442745864,0.9527375,0.5407226632882883,0.0472625,0.0,0.0472625,2.799686192746038,0.8,0.77,0.83,False,True,1,0.68,0.9200000000000003,,,22990820,15000,40000,80000
273,3,296,1.1378682740130064,2.357462361607803,3.05027421575591,0.3331742927441593,3.0,30.0,1.0350000000000001,0.10286827401300624,1.4489396118767262,1.4249281377388858,0.9834282437024827,0.9393750000000001,0.5851987331081081,0.060625,0.0,0.060625,2.7835786239959766,0.9527375,0.5407226632882883,0.0472625,0.0,0.0472625,2.799686192746038,1.05,1.02,1.08,False,True,1,0.93,1.1700000000000004,,,22990820,15000,40000,80000
273,3,296,1.1378682740130064,2.357462361607803,3.05027421575591,0.3331742927441593,4.0,40.0,1.12,0.01786827401300628,1.25272766438917,1.2516226391806664,0.9991179046811882,0.9505125,0.5484123873873874,0.049487500000000004,0.0,0.049487500000000004,2.7975943802460277,0.952475,0.5406250563063062,0.047525,0.0,0.047525,2.800565005246037,1.1,1.07,1.13,False,False,0,,,,,22990820,15000,40000,80000
274,1,389,1.035704491716681,2.3826526542425133,2.6010971978696373,0.325676088746577,0.0,0.0,0.54,0.4957044917166811,2.6854151985951082,2.085394957883021,0.7765633258402679,0.7918875000000001,0.7366702139639639,0.2081125,0.0,0.2081125,2.743226501247768,0.9285,0.5817414414414415,0.07150000000000001,0.0,0.07150000000000001,2.7895983887483533,0.55,0.52,0.58,False,False,0,,,0.54,0.0,23000820,15000,40000,80000
274,1,389,1.035704491716681,2.3826526542425133,2.6010971978696373,0.325676088746577,0.5,5.0,0.605,0.4307044917166811,2.3297935185804106,1.9572403097293831,0.8400917480970453,0.8169625,0.7309186936936938,0.18303750000000002,0.0,0.18303750000000002,2.744448976247873,0.9285,0.5817414414414415,0.07150000000000001,0.0,0.07150000000000001,2.7895983887483533,0.63,0.6,0.66,False,False,0,,,,,23000820,15000,40000,80000
274,1,389,1.035704491716681,2.3826526542425133,2.6010971978696373,0.325676088746577,1.0,10.0,0.7,0.33570449171668115,2.040532478392729,1.8290856615757454,0.8963766472447747,0.850025,0.7109474662162162,0.14997500000000002,0.0,0.14997500000000002,2.7491474512480125,0.9285,0.5817414414414415,0.07150000000000001,0.0,0.07150000000000001,2.7895983887483533,0.69,0.66,0.72,False,False,0,,,,,23000820,15000,40000,80000
274,1,389,1.035704491716681,2.3826526542425133,2.6010971978696373,0.325676088746577,2.0,20.0,0.905,0.13070449171668108,1.606977803974173,1.5727763652684699,0.9787169190382591,0.903925,0.6373677364864865,0.096075,0.0,0.096075,2.7705282262482447,0.9285,0.5817414414414415,0.07150000000000001,0.0,0.07150000000000001,2.7895983887483533,0.9,0.87,0.93,False,False,0,,,,,23000820,15000,40000,80000
274,1,389,1.035704491716681,2.3826526542425133,2.6010971978696373,0.325676088746577,3.0,30.0,1.0350000000000001,0.0007044917166809661,1.3258712623775464,1.3259239622167,1.0000397473273983,0.929075,0.5825768018018018,0.070925,0.0,0.070925,2.789122988748356,0.9291875,0.5822691441441441,0.0708125,0.0,0.0708125,2.7892372012483566,1.05,1.02,1.08,False,True,1,0.93,1.1700000000000004,,,23000820,15000,40000,80000
274,1,389,1.035704491716681,2.3826526542425133,2.6010971978696373,0.325676088746577,4.0,40.0,1.24,-0.20429550828331888,1.1211647885999938,1.0601577726539186,0.9455860400126773,0.9555625,0.494431081081081,0.044437500000000005,0.0,0.044437500000000005,2.824572126248478,0.9285,0.5817414414414415,0.07150000000000001,0.0,0.07150000000000001,2.7895983887483533,1.25,1.22,1.28,False,False,0,,,,,23000820,15000,40000,80000
275,2,1091,1.1583427154687618,2.3666273762038834,2.5846749713786963,0.3410940511157719,0.0,0.0,0.4800000000000001,0.6783427154687617,2.6014592554434355,1.7056278061503363,0.655642713827398,0.76631875,0.7179219876126126,0.23368125,0.0,0.23368125,2.7596895323668567,0.9450875,0.48230850225225225,0.0549125,0.0,0.0549125,2.8277476511176256,0.51,0.48,0.54,False,True,1,0.39,0.6300000000000002,0.4799999999999998,2.7755575615628914e-16,23010820,15000,40000,80000
275,2,1091,1.1583427154687618,2.3666273762038834,2.5846749713786963,0.3410940511157719,0.5,5.0,0.5850000000000002,0.5733427154687616,2.2219633281795343,1.608531977994849,0.7239237288910287,0.809725,0.7082998029279279,0.190275,0.0,0.190275,2.759551857367038,0.9450875,0.48230850225225225,0.0549125,0.0,0.0549125,2.8277476511176256,0.55,0.52,0.58,False,True,1,0.43000000000000005,0.6700000000000003,,,23010820,15000,40000,80000
275,2,1091,1.1583427154687618,2.3666273762038834,2.5846749713786963,0.3410940511157719,1.0,10.0,0.69,0.4683427154687618,1.916833155378299,1.5212934801090685,0.793649398144322,0.8474250000000001,0.682297804054054,0.15257500000000002,0.0,0.15257500000000002,2.7635311011171964,0.9457125,0.4842565315315315,0.0542875,0.0,0.0542875,2.8263384886176275,0.69,0.66,0.72,False,False,0,,,,,23010820,15000,40000,80000
275,2,1091,1.1583427154687618,2.3666273762038834,2.5846749713786963,0.3410940511157719,2.0,20.0,0.895,0.26334271546876176,1.45558085195361,1.3292163449087753,0.9131861985713576,0.9022125000000001,0.600895945945946,0.0977875,0.0,0.0977875,2.7845993261174318,0.9457125,0.4842565315315315,0.0542875,0.0,0.0542875,2.8263384886176275,0.9,0.87,0.93,False,False,0,,,,,23010820,15000,40000,80000
275,2,1091,1.1583427154687618,2.3666273762038834,2.5846749713786963,0.3410940511157719,3.0,30.0,1.05,0.10834271546876173,1.1582290367597408,1.137139209708482,0.9817913155499368,0.9310499999999999,0.5320395270270271,0.06895,0.0,0.06895,2.8076444011175603,0.9457125,0.4842565315315315,0.0542875,0.0,0.0542875,2.8263384886176275,1.05,1.02,1.08,False,False,0,,,,,23010820,15000,40000,80000
275,2,1091,1.1583427154687618,2.3666273762038834,2.5846749713786963,0.3410940511157719,4.0,40.0,1.22,-0.0616572845312382,0.9551917922451817,0.945062074508189,0.9893950954989021,0.9530875000000001,0.45866801801801804,0.046912499999999996,0.0,0.046912499999999996,2.837315188617662,0.9457125,0.4842565315315315,0.0542875,0.0,0.0542875,2.8263384886176275,1.2,1.17,1.23,False,False,0,,,,,23010820,15000,40000,80000
276,4,1214,1.0901737278463894,2.2949612505091967,3.1007678798856944,0.3522756554241083,0.0,0.0,0.48,0.6101737278463895,2.613833183599123,1.8139544136495553,0.6939824718086358,0.782625,0.7217371058558559,0.217375,0.0,0.217375,2.761220992925258,0.9462625,0.5098805743243243,0.053737499999999994,0.0,0.053737499999999994,2.8108786554259577,0.47,0.44,0.5,False,False,0,,,0.48,0.0,23020820,15000,40000,80000
276,4,1214,1.0901737278463894,2.2949612505091967,3.1007678798856944,0.3522756554241083,0.5,5.0,0.5750000000000001,0.5151737278463894,2.2533953367519435,1.706493030549423,0.7572985541938555,0.8235375,0.7101353322072073,0.17646250000000002,0.0,0.17646250000000002,2.759853417925428,0.9457249999999999,0.5070873592342343,0.054275000000000004,0.0,0.054275000000000004,2.812492349175956,0.59,0.56,0.62,False,True,1,0.47,0.7100000000000002,,,23020820,15000,40000,80000
276,4,1214,1.0901737278463894,2.2949612505091967,3.1007678798856944,0.3522756554241083,1.0,10.0,0.6450000000000001,0.4451737278463893,1.9518472406296838,1.6100038791817717,0.824861621169887,0.84803125,0.6911131475225227,0.15196874999999999,0.0,0.15196874999999999,2.762226399175531,0.9457249999999999,0.5070873592342343,0.054275000000000004,0.0,0.054275000000000004,2.812492349175956,0.63,0.6,0.66,False,True,1,0.51,0.7500000000000002,,,23020820,15000,40000,80000
276,4,1214,1.0901737278463894,2.2949612505091967,3.1007678798856944,0.3522756554241083,2.0,20.0,0.85,0.24017372784638946,1.542674929010072,1.4316006617629826,0.9279989159359935,0.9062,0.6160239301801802,0.0938,0.0,0.0938,2.777149755425779,0.9462625,0.5098805743243243,0.053737499999999994,0.0,0.053737499999999994,2.8108786554259577,0.85,0.82,0.88,False,False,0,,,,,23020820,15000,40000,80000
276,4,1214,1.0901737278463894,2.2949612505091967,3.1007678798856944,0.3522756554241083,3.0,30.0,1.0,0.09017372784638944,1.2557187759690143,1.240423785819696,0.9878197328557778,0.9338625,0.5496298423423422,0.0661375,0.0,0.0661375,2.7969426679259013,0.9462625,0.5098805743243243,0.053737499999999994,0.0,0.053737499999999994,2.8108786554259577,1.0,0.97,1.03,False,False,0,,,,,23020820,15000,40000,80000
276,4,1214,1.0901737278463894,2.2949612505091967,3.1007678798856944,0.3522756554241083,4.0,40.0,1.185,-0.09482627215361061,1.05875712400191,1.0492469098764097,0.9910175677594938,0.9572875000000001,0.4700899211711712,0.0427125,0.0,0.0427125,2.8263320679260087,0.9462625,0.5098805743243243,0.053737499999999994,0.0,0.053737499999999994,2.8108786554259577,1.2,1.17,1.23,False,False,0,,,,,23020820,15000,40000,80000
277,2,146,1.1324405709450307,2.205620740918508,2.257835132290396,0.3113700417658927,0.0,0.0,0.535,0.5974405709450307,2.6572797679869864,1.9063377079780317,0.7174019578006916,0.7703625000000001,0.7282155405405405,0.2296375,0.0,0.2296375,2.740454916766998,0.9274625,0.5365894144144144,0.0725375,0.0,0.0725375,2.8147657792676783,0.53,0.5,0.56,False,False,0,,,0.535,0.0,23030820,15000,40000,80000
277,2,146,1.1324405709450307,2.205620740918508,2.257835132290396,0.3113700417658927,0.5,5.0,0.635,0.4974405709450307,2.2750678491990928,1.7774859567341466,0.7812892074229288,0.8076375,0.7205841216216216,0.1923625,0.0,0.1923625,2.7445461542671543,0.9274625,0.5365894144144144,0.0725375,0.0,0.0725375,2.8147657792676783,0.63,0.6,0.66,False,False,0,,,,,23030820,15000,40000,80000
277,2,146,1.1324405709450307,2.205620740918508,2.257835132290396,0.3113700417658927,1.0,10.0,0.71,0.42244057094503074,1.9507714165097751,1.6486342054902612,0.8451191111052452,0.8325374999999999,0.7039971846846846,0.16746250000000001,0.0,0.16746250000000001,2.7503718792672602,0.9274625,0.5365894144144144,0.0725375,0.0,0.0725375,2.8147657792676783,0.73,0.7,0.76,False,False,0,,,,,23030820,15000,40000,80000
277,2,146,1.1324405709450307,2.205620740918508,2.257835132290396,0.3113700417658927,2.0,20.0,0.955,0.17744057094503074,1.461612023751143,1.3909307030024902,0.9516415303103123,0.8962625,0.6141611486486487,0.1037375,0.0,0.1037375,2.7824493917675373,0.9274625,0.5365894144144144,0.0725375,0.0,0.0725375,2.8147657792676783,0.95,0.92,0.98,False,False,0,,,,,23030820,15000,40000,80000
277,2,146,1.1324405709450307,2.205620740918508,2.257835132290396,0.3113700417658927,3.0,30.0,1.1599999999999984,-0.027559429054967666,1.1208101149388676,1.1192433508765987,0.9986021146299573,0.9296375,0.5271204673423423,0.0703625,0.0,0.0703625,2.819683398017689,0.9254,0.5388027871621621,0.0746,0.0,0.0746,2.81442625426767,1.2,1.17,1.23,False,True,1,1.08,1.319999999999995,,,23030820,15000,40000,80000
277,2,146,1.1324405709450307,2.205620740918508,2.257835132290396,0.3113700417658927,4.0,40.0,1.2999999999999994,-0.16755942905496868,0.91044291526148,0.8541804454731264,0.9382031878712627,0.9476312499999999,0.4687628378378378,0.052368750000000006,0.0,0.052368750000000006,2.8479307542677734,0.9254,0.5388027871621621,0.0746,0.0,0.0746,2.81442625426767,1.4,1.37,1.43,False,True,1,1.2799999999999998,1.5199999999999947,,,23030820,15000,40000,80000
278,4,651,1.0671331198958482,2.545835652329099,3.0049302418018424,0.3482769005231148,0.0,0.0,0.485,0.5821331198958483,2.6596733269890933,1.9262124618355931,0.7242289653730442,0.7906375,0.7325372747747747,0.2093625,0.0,0.2093625,2.754237775524297,0.9492375,0.5387392454954955,0.0507625,0.0,0.0507625,2.7968838130249734,0.51,0.48,0.54,False,False,0,,,0.485,0.0,23040820,15000,40000,80000
278,4,651,1.0671331198958482,2.545835652329099,3.0049302418018424,0.3482769005231148,0.5,5.0,0.57,0.4971331198958483,2.312624129679578,1.8354641444339175,0.7936716221534137,0.8257625,0.7237910472972973,0.1742375,0.0,0.1742375,2.753029725524443,0.9492375,0.5387392454954955,0.0507625,0.0,0.0507625,2.7968838130249734,0.59,0.56,0.62,False,False,0,,,,,23040820,15000,40000,80000
278,4,651,1.0671331198958482,2.545835652329099,3.0049302418018424,0.3482769005231148,1.0,10.0,0.66,0.4071331198958482,2.02534646232882,1.7447158270322412,0.8614406766860525,0.8572249999999999,0.7008923423423423,0.14277499999999999,0.0,0.14277499999999999,2.7556635505245755,0.9492375,0.5387392454954955,0.0507625,0.0,0.0507625,2.7968838130249734,0.67,0.64,0.7,False,False,0,,,,,23040820,15000,40000,80000
278,4,651,1.0671331198958482,2.545835652329099,3.0049302418018424,0.3482769005231148,2.0,20.0,0.89,0.17713311989584823,1.641465197073401,1.5632191922288894,0.9523316089893237,0.91995,0.615352195945946,0.08005,0.0,0.08005,2.773450188024843,0.9492375,0.5387392454954955,0.0507625,0.0,0.0507625,2.7968838130249734,0.9,0.87,0.93,False,False,0,,,,,23040820,15000,40000,80000
278,4,651,1.0671331198958482,2.545835652329099,3.0049302418018424,0.3482769005231148,3.0,30.0,1.0,0.06713311989584825,1.4064960438490863,1.3985807088089643,0.9943723019522611,0.9409624999999999,0.5690755067567568,0.0590375,0.0,0.0590375,2.786804900524935,0.95045625,0.5397409065315315,0.04954375,0.0,0.04954375,2.7964754130249783,0.95,0.92,0.98,False,True,1,0.83,1.0700000000000003,,,23040820,15000,40000,80000
278,4,651,1.0671331198958482,2.545835652329099,3.0049302418018424,0.3482769005231148,4.0,40.0,1.16,-0.09286688010415167,1.2159450626488617,1.2002259226221854,0.9870724915873805,0.9605250000000001,0.4996891328828829,0.039474999999999996,0.0,0.039474999999999996,2.810892888025025,0.9492375,0.5387392454954955,0.0507625,0.0,0.0507625,2.7968838130249734,1.15,1.12,1.18,False,False,0,,,,,23040820,15000,40000,80000
279,4,230,1.09455001528498,2.3227766862242185,2.904263575510761,0.3327022195527018,0.0,0.0,0.53,0.5645500152849801,2.699315561152529,1.973714235933098,0.7311906263713679,0.798575,0.7407158783783783,0.201425,0.0,0.201425,2.7440877570539186,0.9430499999999999,0.5522793355855855,0.05695,0.0,0.05695,2.7981727320545398,0.53,0.5,0.56,False,False,0,,,0.53,0.0,23050820,15000,40000,80000
279,4,230,1.09455001528498,2.3227766862242185,2.904263575510761,0.3327022195527018,0.5,5.0,0.63,0.4645500152849801,2.3536514238372312,1.8719513973713326,0.7953392666444346,0.8363875,0.7280980292792794,0.1636125,0.0,0.1636125,2.7459111945540764,0.9430499999999999,0.5522793355855855,0.05695,0.0,0.05695,2.7981727320545398,0.61,0.58,0.64,False,False,0,,,,,23050820,15000,40000,80000
279,4,230,1.09455001528498,2.3227766862242185,2.904263575510761,0.3327022195527018,1.0,10.0,0.71,0.3845500152849801,2.0760934558764284,1.7701885588095674,0.8526535998651744,0.86305,0.7078949887387387,0.13695000000000002,0.0,0.13695000000000002,2.7500929070541895,0.9430499999999999,0.5522793355855855,0.05695,0.0,0.05695,2.7981727320545398,0.71,0.68,0.74,False,False,0,,,,,23050820,15000,40000,80000
279,4,230,1.09455001528498,2.3227766862242185,2.904263575510761,0.3327022195527018,2.0,20.0,0.87,0.2245500152849801,1.6584896198149335,1.5666628816860364,0.9446323106085259,0.9046875,0.6493010698198196,0.0953125,0.0,0.0953125,2.7656252070543683,0.9430499999999999,0.5522793355855855,0.05695,0.0,0.05695,2.7981727320545398,0.85,0.82,0.88,False,False,0,,,,,23050820,15000,40000,80000
279,4,230,1.09455001528498,2.3227766862242185,2.904263575510761,0.3327022195527018,3.0,30.0,1.04,0.05455001528498005,1.3797464489780216,1.3631372045625059,0.9879621038866828,0.936025,0.576758277027027,0.063975,0.0,0.063975,2.789159394554507,0.9430499999999999,0.5522793355855855,0.05695,0.0,0.05695,2.7981727320545398,1.05,1.02,1.08,False,False,0,,,,,23050820,15000,40000,80000
279,4,230,1.09455001528498,2.3227766862242185,2.904263575510761,0.3327022195527018,4.0,40.0,1.175,-0.08044998471501996,1.1771303452922162,1.159611527438975,0.9851173509175892,0.9532125,0.5180871621621621,0.0467875,0.0,0.0467875,2.8113892695545863,0.9430499999999999,0.5522793355855855,0.05695,0.0,0.05695,2.7981727320545398,1.15,1.12,1.18,False,False,0,,,,,23050820,15000,40000,80000
280,3,485,1.1674391780408464,2.6887934252122023,2.578697933482973,0.3022514964865868,0.0,0.0,0.585,0.5824391780408464,2.861543471145318,2.1689999310274257,0.7579825198878752,0.825,0.7758740990990991,0.175,0.0,0.175,2.711383233987913,0.9566375,0.6020389639639638,0.0433625,0.0,0.0433625,2.7756522964884844,0.59,0.56,0.62,False,False,0,,,0.585,0.0,23060820,15000,40000,80000
280,3,485,1.1674391780408464,2.6887934252122023,2.578697933482973,0.3022514964865868,0.5,5.0,0.6650000000000001,0.5024391780408463,2.551949045321551,2.0859044714821393,0.8173770065300465,0.8509375,0.7675704391891891,0.1490625,0.0,0.1490625,2.7157250277380234,0.95570625,0.6012661317567567,0.04429375,0.0,0.04429375,2.776346015238481,0.65,0.62,0.68,False,True,1,0.53,0.7700000000000002,,,23060820,15000,40000,80000
280,3,485,1.1674391780408464,2.6887934252122023,2.578697933482973,0.3022514964865868,1.0,10.0,0.75,0.4174391780408464,2.3347750004313648,2.0127753921871014,0.8620853794542207,0.879875,0.7551175675675674,0.12012500000000001,0.0,0.12012500000000001,2.7197163214881455,0.9566375,0.6020389639639638,0.0433625,0.0,0.0433625,2.7756522964884844,0.75,0.72,0.78,False,False,0,,,,,23060820,15000,40000,80000
280,3,485,1.1674391780408464,2.6887934252122023,2.578697933482973,0.3022514964865868,2.0,20.0,0.9,0.2674391780408464,1.9740373273375857,1.8565508533467776,0.940484167972009,0.9156875,0.7086703265765766,0.08431250000000001,0.0,0.08431250000000001,2.7357401964883,0.9566375,0.6020389639639638,0.0433625,0.0,0.0433625,2.7756522964884844,0.9,0.87,0.93,False,False,0,,,,,23060820,15000,40000,80000
280,3,485,1.1674391780408464,2.6887934252122023,2.578697933482973,0.3022514964865868,3.0,30.0,1.07,0.09743917804084634,1.7208019753547503,1.7003263145064538,0.9881010940587307,0.9442375000000001,0.6422353040540539,0.0557625,0.0,0.0557625,2.7600375339884273,0.9566375,0.6020389639639638,0.0433625,0.0,0.0433625,2.7756522964884844,1.05,1.02,1.08,False,False,0,,,,,23060820,15000,40000,80000
280,3,485,1.1674391780408464,2.6887934252122023,2.578697933482973,0.3022514964865868,4.0,40.0,1.135,0.032439178040846395,1.54557044521623,1.5441017756661295,0.9990497556713469,0.9531000000000001,0.6157516328828829,0.0469,0.0,0.0469,2.7701851714884675,0.9566375,0.6020389639639638,0.0433625,0.0,0.0433625,2.7756522964884844,1.15,1.12,1.18,False,False,0,,,,,23060820,15000,40000,80000
281,3,1185,1.1591073397507008,2.485804519821019,2.8590738239692493,0.3225058221327179,0.0,0.0,0.55,0.6091073397507007,2.7793747394040604,2.0011066775815247,0.7199844803981316,0.81380625,0.758776829954955,0.18619375,0.0,0.18619375,2.730027078383997,0.95565625,0.5589574887387387,0.04434375,0.0,0.04434375,2.79324183463461,0.57,0.54,0.6,False,True,1,0.44999999999999996,0.6900000000000002,0.5499999999999999,1.1102230246251565e-16,23070820,15000,40000,80000
281,3,1185,1.1591073397507008,2.485804519821019,2.8590738239692493,0.3225058221327179,0.5,5.0,0.63,0.5291073397507008,2.466665661637685,1.918613738028253,0.777816697198612,0.8445,0.7515121058558558,0.1555,0.0,0.1555,2.7314691096341255,0.9556,0.5582262387387387,0.044399999999999995,0.0,0.044399999999999995,2.79382049713461,0.61,0.58,0.64,False,False,0,,,,,23070820,15000,40000,80000
281,3,1185,1.1591073397507008,2.485804519821019,2.8590738239692493,0.3225058221327179,1.0,10.0,0.71,0.44910733975070083,2.2114658149011235,1.8391526558908404,0.8316441717065703,0.870625,0.7343732545045044,0.12937500000000002,0.0,0.12937500000000002,2.7357341471342362,0.9556,0.5582262387387387,0.044399999999999995,0.0,0.044399999999999995,2.79382049713461,0.73,0.7,0.76,False,False,0,,,,,23070820,15000,40000,80000
281,3,1185,1.1591073397507008,2.485804519821019,2.8590738239692493,0.3225058221327179,2.0,20.0,0.8650000000000001,0.2941073397507007,1.8156279737142356,1.6835992605712058,0.9272820671115029,0.9088625,0.6817351069819821,0.09113750000000001,0.0,0.09113750000000001,2.7508945346344005,0.95565625,0.5589574887387387,0.04434375,0.0,0.04434375,2.79324183463461,0.9,0.87,0.93,False,True,1,0.78,1.0200000000000002,,,23070820,15000,40000,80000
281,3,1185,1.1591073397507008,2.485804519821019,2.8590738239692493,0.3225058221327179,3.0,30.0,1.025,0.13410733975070088,1.5588885693109207,1.5213083273411903,0.9758929260823677,0.9386874999999999,0.6161277027027027,0.0613125,0.0,0.0613125,2.7724252471345325,0.9556,0.5582262387387387,0.044399999999999995,0.0,0.044399999999999995,2.79382049713461,1.0,0.97,1.03,False,False,0,,,,,23070820,15000,40000,80000
281,3,1185,1.1591073397507008,2.485804519821019,2.8590738239692493,0.3225058221327179,4.0,40.0,1.11,0.049107339750700696,1.362014944007155,1.3623861630663652,1.0002725513848754,0.9500124999999999,0.5793733671171171,0.049987500000000004,0.0,0.049987500000000004,2.785750397134584,0.9556,0.5582262387387387,0.044399999999999995,0.0,0.044399999999999995,2.79382049713461,1.1,1.07,1.13,False,False,0,,,,,23070820,15000,40000,80000
282,4,835,1.1227661790738033,2.2832066204211894,2.5996665051429075,0.3374068531388616,0.0,0.0,0.495,0.6277661790738033,2.620653114733753,1.7946776939095597,0.6848207738061858,0.771875,0.7222387387387387,0.228125,0.0,0.228125,2.7559494031399687,0.9399375,0.5059311373873874,0.060062500000000005,0.0,0.060062500000000005,2.819064053140692,0.49,0.46,0.52,False,False,0,,,0.495,0.0,23080820,15000,40000,80000
282,4,835,1.1227661790738033,2.2832066204211894,2.5996665051429075,0.3374068531388616,0.5,5.0,0.56,0.5627661790738032,2.2372473642670982,1.6881485429789787,0.7545649935459866,0.798125,0.7175543355855856,0.201875,0.0,0.201875,2.756140628140079,0.9399375,0.5059311373873874,0.060062500000000005,0.0,0.060062500000000005,2.819064053140692,0.57,0.54,0.6,False,False,0,,,,,23080820,15000,40000,80000
282,4,835,1.1227661790738033,2.2832066204211894,2.5996665051429075,0.3374068531388616,1.0,10.0,0.67,0.45276617907380323,1.9206720258360024,1.5816193920483979,0.8234718737885368,0.8375250000000001,0.6927186936936938,0.16247499999999998,0.0,0.16247499999999998,2.7607196156402445,0.9399375,0.5059311373873874,0.060062500000000005,0.0,0.060062500000000005,2.819064053140692,0.69,0.66,0.72,False,False,0,,,,,23080820,15000,40000,80000
282,4,835,1.1227661790738033,2.2832066204211894,2.5996665051429075,0.3374068531388616,2.0,20.0,0.875,0.24776617907380327,1.4518477467257613,1.368561090187236,0.9426340284466087,0.8945624999999999,0.6146280405405405,0.10543749999999999,0.0,0.10543749999999999,2.78095992814049,0.9399375,0.5059311373873874,0.060062500000000005,0.0,0.060062500000000005,2.819064053140692,0.85,0.82,0.88,False,False,0,,,,,23080820,15000,40000,80000
282,4,835,1.1227661790738033,2.2832066204211894,2.5996665051429075,0.3374068531388616,3.0,30.0,1.06,0.06276617907380322,1.1593604101800745,1.155502788326074,0.9966726293048066,0.9307125,0.5334449887387387,0.0692875,0.0,0.0692875,2.8082940031406496,0.9399375,0.5059311373873874,0.060062500000000005,0.0,0.060062500000000005,2.819064053140692,1.05,1.02,1.08,False,False,0,,,,,23080820,15000,40000,80000
282,4,835,1.1227661790738033,2.2832066204211894,2.5996665051429075,0.3374068531388616,4.0,40.0,1.235,-0.11223382092619683,0.9560406469709095,0.9424444864649121,0.985778679443102,0.95335,0.45808063063063065,0.04665,0.0,0.04665,2.839634815640755,0.9399375,0.5059311373873874,0.060062500000000005,0.0,0.060062500000000005,2.819064053140692,1.25,1.22,1.28,False,False,0,,,,,23080820,15000,40000,80000
283,1,91,1.1070315907316504,2.4693146846349183,2.7343851835164843,0.3017605016844015,0.0,0.0,0.59,0.5170315907316504,2.8474659616516758,2.2495125658366613,0.7900050768409639,0.8230875,0.7726243243243245,0.1769125,0.0,0.1769125,2.713375101685721,0.9460375000000001,0.6228567567567567,0.0539625,0.0,0.0539625,2.768852089186252,0.59,0.56,0.62,False,False,0,,,0.59,0.0,23090820,15000,40000,80000
283,1,91,1.1070315907316504,2.4693146846349183,2.7343851835164843,0.3017605016844015,0.5,5.0,0.68,0.4270315907316503,2.5417055798538644,2.1520669489134057,0.8467019020500159,0.8532625,0.7641308558558558,0.14673750000000002,0.0,0.14673750000000002,2.7177109391858485,0.9460375000000001,0.6228567567567567,0.0539625,0.0,0.0539625,2.768852089186252,0.67,0.64,0.7,False,False,0,,,,,23090820,15000,40000,80000
283,1,91,1.1070315907316504,2.4693146846349183,2.7343851835164843,0.3017605016844015,1.0,10.0,0.77,0.33703159073165034,2.297847182423404,2.0546213319901496,0.8941505543563875,0.8804125,0.7455922860360361,0.1195875,0.0,0.1195875,2.7243099141859632,0.9460375000000001,0.6228567567567567,0.0539625,0.0,0.0539625,2.768852089186252,0.75,0.72,0.78,False,False,0,,,,,23090820,15000,40000,80000
283,1,91,1.1070315907316504,2.4693146846349183,2.7343851835164843,0.3017605016844015,2.0,20.0,0.935,0.1720315907316503,1.9270988686503585,1.8597300981436382,0.9650413522613389,0.9184875,0.6916587837837838,0.0815125,0.0,0.0815125,2.7431586016861287,0.9460375000000001,0.6228567567567567,0.0539625,0.0,0.0539625,2.768852089186252,0.95,0.92,0.98,False,False,0,,,,,23090820,15000,40000,80000
283,1,91,1.1070315907316504,2.4693146846349183,2.7343851835164843,0.3017605016844015,3.0,30.0,1.075,0.032031590731650406,1.6657447379874146,1.6648388642971266,0.9994561749650894,0.9414750000000001,0.6359591216216216,0.058524999999999994,0.0,0.058524999999999994,2.7638335641862315,0.9460375000000001,0.6228567567567567,0.0539625,0.0,0.0539625,2.768852089186252,1.05,1.02,1.08,False,False,0,,,,,23090820,15000,40000,80000
283,1,91,1.1070315907316504,2.4693146846349183,2.7343851835164843,0.3017605016844015,4.0,40.0,1.1850000000000003,-0.07796840926834991,1.4890681418371745,1.4734108819297664,0.9894851958298627,0.955875,0.5907618806306306,0.044125,0.0,0.044125,2.7820209766862978,0.946275,0.622904588963964,0.053725,0.0,0.053725,2.7691161641862534,1.1,1.07,1.13,False,True,1,0.9800000000000001,1.2200000000000002,,,23090820,15000,40000,80000
284,1,114,1.2584188953436122,2.613361185875174,2.727258670422595,0.3771203621628178,0.0,0.0,0.425,0.8334188953436121,2.423075139836235,1.2879583373220744,0.5315387526154562,0.757675,0.6758309121621622,0.242325,0.0,0.242325,2.7891454996638636,0.9661375,0.3688516891891892,0.0338625,0.0,0.0338625,2.8638479871647586,0.41,0.38,0.44,False,False,0,,,0.425,0.0,23100820,15000,40000,80000
284,1,114,1.2584188953436122,2.613361185875174,2.727258670422595,0.3771203621628178,0.5,5.0,0.5,0.7584188953436122,2.014611401148898,1.2288377063532423,0.6099626487035948,0.7921374999999999,0.6651377252252253,0.2078625,0.0,0.2078625,2.7856810246640067,0.9661375,0.3688516891891892,0.0338625,0.0,0.0338625,2.8638479871647586,0.51,0.48,0.54,False,False,0,,,,,23100820,15000,40000,80000
284,1,114,1.2584188953436122,2.613361185875174,2.727258670422595,0.3771203621628178,1.0,10.0,0.605,0.6534188953436122,1.680899161920878,1.1697170753844104,0.6958877140778005,0.8338875,0.6343948761261262,0.1661125,0.0,0.1661125,2.785904037164181,0.9661375,0.3688516891891892,0.0338625,0.0,0.0338625,2.8638479871647586,0.61,0.58,0.64,False,False,0,,,,,23100820,15000,40000,80000
284,1,114,1.2584188953436122,2.613361185875174,2.727258670422595,0.3771203621628178,2.0,20.0,0.835,0.4234188953436122,1.2360641462710975,1.0514758134467463,0.8506644389118405,0.9030499999999999,0.5401900900900901,0.09695000000000001,0.0,0.09695000000000001,2.8015543621644747,0.9661375,0.3688516891891892,0.0338625,0.0,0.0338625,2.8638479871647586,0.85,0.82,0.88,False,False,0,,,,,23100820,15000,40000,80000
284,1,114,1.2584188953436122,2.613361185875174,2.727258670422595,0.3771203621628178,3.0,30.0,1.03,0.22841889534361215,0.976383050266325,0.9332345515090824,0.9558078166704419,0.939925,0.45623091216216216,0.060075,0.0,0.060075,2.826819987164637,0.9661375,0.3688516891891892,0.0338625,0.0,0.0338625,2.8638479871647586,1.05,1.02,1.08,False,False,0,,,,,23100820,15000,40000,80000
284,1,114,1.2584188953436122,2.613361185875174,2.727258670422595,0.3771203621628178,4.0,40.0,1.2399999999999975,0.018418895343614627,0.8273712701304056,0.8234477958734945,0.9952579036781243,0.96513125,0.3760943412162162,0.034868750000000004,0.0,0.034868750000000004,2.8598931309147537,0.966575,0.36946506193693696,0.033424999999999996,0.0,0.033424999999999996,2.8631452184147608,1.25,1.22,1.28,False,True,1,1.13,1.3699999999999948,,,23100820,15000,40000,80000
285,2,1218,1.126728393346728,2.398404524268272,2.620349067323291,0.3397134678668624,0.0,0.0,0.49,0.636728393346728,2.625288006165004,1.7998029269847404,0.6855639925060548,0.7731625,0.7236462274774775,0.2268375,0.0,0.2268375,2.756445105367975,0.943075,0.5070218468468468,0.056924999999999996,0.0,0.056924999999999996,2.8170964678687045,0.49,0.46,0.52,False,False,0,,,0.49,0.0,23110820,15000,40000,80000
285,2,1218,1.126728393346728,2.398404524268272,2.620349067323291,0.3397134678668624,0.5,5.0,0.6,0.526728393346728,2.251329169795497,1.6987680482553886,0.7545622697234003,0.8172375000000001,0.7120742117117116,0.1827625,0.0,0.1827625,2.757006705368159,0.943075,0.5070218468468468,0.056924999999999996,0.0,0.056924999999999996,2.8170964678687045,0.61,0.58,0.64,False,False,0,,,,,23110820,15000,40000,80000
285,2,1218,1.126728393346728,2.398404524268272,2.620349067323291,0.3397134678668624,1.0,10.0,0.675,0.451728393346728,1.9543183625987823,1.5981660856857114,0.8177613823167109,0.8457812499999999,0.6935344031531532,0.15421875000000002,0.0,0.15421875000000002,2.7596100178682788,0.94409375,0.5061870213963964,0.055906250000000005,0.0,0.055906250000000005,2.8174842116187087,0.71,0.68,0.74,False,True,1,0.59,0.8300000000000002,,,23110820,15000,40000,80000
285,2,1218,1.126728393346728,2.398404524268272,2.620349067323291,0.3397134678668624,2.0,20.0,0.8750000000000001,0.2517283933467279,1.5092629872353098,1.399739951585458,0.9274327691223133,0.9009875,0.6174222691441442,0.0990125,0.0,0.0990125,2.778821667868516,0.94409375,0.5061870213963964,0.055906250000000005,0.0,0.055906250000000005,2.8174842116187087,0.85,0.82,0.88,False,True,1,0.73,0.9700000000000002,,,23110820,15000,40000,80000
285,2,1218,1.126728393346728,2.398404524268272,2.620349067323291,0.3397134678668624,3.0,30.0,1.05,0.07672839334672799,1.205633096555192,1.1935936546086294,0.9900140084234894,0.9324250000000001,0.5408133445945946,0.067575,0.0,0.067575,2.8042390803686557,0.943075,0.5070218468468468,0.056924999999999996,0.0,0.056924999999999996,2.8170964678687045,1.05,1.02,1.08,False,False,0,,,,,23110820,15000,40000,80000
285,2,1218,1.126728393346728,2.398404524268272,2.620349067323291,0.3397134678668624,4.0,40.0,1.22,-0.09327160665327194,1.0070329206123385,0.9915238971499257,0.984599288518808,0.9543874999999999,0.46777342342342343,0.0456125,0.0,0.0456125,2.833307805368757,0.943075,0.5070218468468468,0.056924999999999996,0.0,0.056924999999999996,2.8170964678687045,1.2,1.17,1.23,False,False,0,,,,,23110820,15000,40000,80000
286,1,375,1.1282010768239683,2.358103614111504,2.578537487384737,0.3351652700512551,0.0,0.0,0.51,0.6182010768239683,2.6319054883009647,1.8134410777432721,0.6890221118517235,0.77905,0.7246825450450451,0.22094999999999998,0.0,0.22094999999999998,2.7534520075523927,0.941025,0.5108903153153153,0.058975,0.0,0.058975,2.8172424325530896,0.51,0.48,0.54,False,False,0,,,0.51,0.0,23120820,15000,40000,80000
286,1,375,1.1282010768239683,2.358103614111504,2.578537487384737,0.3351652700512551,0.5,5.0,0.585,0.5432010768239683,2.256346508937877,1.7087731242179613,0.7573185756040312,0.8087,0.7171202702702703,0.19130000000000003,0.0,0.19130000000000003,2.7543210575525165,0.941025,0.5108903153153153,0.058975,0.0,0.058975,2.8172424325530896,0.61,0.58,0.64,False,False,0,,,,,23120820,15000,40000,80000
286,1,375,1.1282010768239683,2.358103614111504,2.578537487384737,0.3351652700512551,1.0,10.0,0.7,0.42820107682396835,1.9465360137345724,1.6041051706926506,0.8240819380552107,0.8487875,0.6884784346846847,0.1512125,0.0,0.1512125,2.760112995052686,0.941025,0.5108903153153153,0.058975,0.0,0.058975,2.8172424325530896,0.69,0.66,0.72,False,False,0,,,,,23120820,15000,40000,80000
286,1,375,1.1282010768239683,2.358103614111504,2.578537487384737,0.3351652700512551,2.0,20.0,0.9,0.22820107682396829,1.4878080805572216,1.3947692636420292,0.9374658478260537,0.901575,0.6106833333333335,0.098425,0.0,0.098425,2.7814967450529133,0.941025,0.5108903153153153,0.058975,0.0,0.058975,2.8172424325530896,0.9,0.87,0.93,False,False,0,,,,,23120820,15000,40000,80000
286,1,375,1.1282010768239683,2.358103614111504,2.578537487384737,0.3351652700512551,3.0,30.0,1.12,0.0082010768239682,1.1844184790738874,1.185433356591408,1.0008568572134353,0.9397500000000001,0.5142701013513513,0.060250000000000005,0.0,0.060250000000000005,2.8158974825530843,0.941025,0.5108903153153153,0.058975,0.0,0.058975,2.8172424325530896,1.1,1.07,1.13,False,False,0,,,,,23120820,15000,40000,80000
286,1,375,1.1282010768239683,2.358103614111504,2.578537487384737,0.3351652700512551,4.0,40.0,1.22,-0.09179892317603167,0.9903193685821982,0.9760974495407866,0.985639057972003,0.9521625,0.4719797860360361,0.0478375,0.0,0.0478375,2.833730157553142,0.941025,0.5108903153153153,0.058975,0.0,0.058975,2.8172424325530896,1.2,1.17,1.23,False,False,0,,,,,23120820,15000,40000,80000
287,1,831,1.0986712933183476,2.403914177447256,2.6318949215022704,0.3093110288463077,0.0,0.0,0.57,0.5286712933183476,2.773279034601252,2.1442483450529837,0.77318160859399,0.8075749999999999,0.7558385135135136,0.192425,0.0,0.192425,2.7254326163475637,0.9409000000000001,0.5965217342342342,0.0591,0.0,0.0591,2.781961966348139,0.55,0.52,0.58,False,False,0,,,0.57,0.0,23130820,15000,40000,80000
287,1,831,1.0986712933183476,2.403914177447256,2.6318949215022704,0.3093110288463077,0.5,5.0,0.66,0.43867129331834753,2.447776726105259,2.0380283450765284,0.8326038577543404,0.840375,0.7477343468468468,0.15962500000000002,0.0,0.15962500000000002,2.728687791347702,0.9409000000000001,0.5965217342342342,0.0591,0.0,0.0591,2.781961966348139,0.65,0.62,0.68,False,False,0,,,,,23130820,15000,40000,80000
287,1,831,1.0986712933183476,2.403914177447256,2.6318949215022704,0.3093110288463077,1.0,10.0,0.73,0.3686712933183476,2.1788180758397484,1.9318083451000723,0.8866313193016471,0.8626875,0.7328938626126127,0.1373125,0.0,0.1373125,2.733506616347796,0.9409000000000001,0.5965217342342342,0.0591,0.0,0.0591,2.781961966348139,0.73,0.7,0.76,False,False,0,,,,,23130820,15000,40000,80000
287,1,831,1.0986712933183476,2.403914177447256,2.6318949215022704,0.3093110288463077,2.0,20.0,0.89,0.20867129331834755,1.7788577560398844,1.7193683451471609,0.9665575222691445,0.9039999999999999,0.6812907094594595,0.096,0.0,0.096,2.750589291347975,0.9409000000000001,0.5965217342342342,0.0591,0.0,0.0591,2.781961966348139,0.9,0.87,0.93,False,False,0,,,,,23130820,15000,40000,80000
287,1,831,1.0986712933183476,2.403914177447256,2.6318949215022704,0.3093110288463077,3.0,30.0,1.1,-0.001328706681652525,1.5073887681550158,1.5069283451942497,0.9996945559297687,0.941125,0.5960054617117116,0.058875000000000004,0.0,0.058875000000000004,2.7821652288481404,0.9409000000000001,0.5965217342342342,0.0591,0.0,0.0591,2.781961966348139,1.1,1.07,1.13,False,False,0,,,,,23130820,15000,40000,80000
287,1,831,1.0986712933183476,2.403914177447256,2.6318949215022704,0.3093110288463077,4.0,40.0,1.185,-0.08632870668165249,1.304727349073676,1.2944883452413383,0.9921523804650779,0.9513499999999999,0.5595509009009009,0.04865,0.0,0.04865,2.797143028848188,0.9409000000000001,0.5965217342342342,0.0591,0.0,0.0591,2.781961966348139,1.2,1.17,1.23,False,False,0,,,,,23130820,15000,40000,80000
288,1,1202,1.0903143259885903,2.646365439899379,2.891134198921668,0.3148071705574485,0.0,0.0,0.56,0.5303143259885903,2.852029236631126,2.244923094835667,0.7871318659718282,0.825125,0.7751848536036036,0.174875,0.0,0.174875,2.7180115955587727,0.952025,0.621283108108108,0.047975000000000004,0.0,0.047975000000000004,2.7675028580593195,0.57,0.54,0.6,False,False,0,,,0.56,0.0,23140820,15000,40000,80000
288,1,1202,1.0903143259885903,2.646365439899379,2.891134198921668,0.3148071705574485,0.5,5.0,0.655,0.4353143259885903,2.562500550756373,2.15824748425718,0.8422427396630726,0.859175,0.767510641891892,0.14082499999999998,0.0,0.14082499999999998,2.7203824080589163,0.952025,0.621283108108108,0.047975000000000004,0.0,0.047975000000000004,2.7675028580593195,0.65,0.62,0.68,False,False,0,,,,,23140820,15000,40000,80000
288,1,1202,1.0903143259885903,2.646365439899379,2.891134198921668,0.3148071705574485,1.0,10.0,0.74,0.35031432598859036,2.3291484311866912,2.0715718736786926,0.8894117034109481,0.8851375,0.7496505630630632,0.1148625,0.0,0.1148625,2.725408370559026,0.952025,0.621283108108108,0.047975000000000004,0.0,0.047975000000000004,2.7675028580593195,0.75,0.72,0.78,False,False,0,,,,,23140820,15000,40000,80000
288,1,1202,1.0903143259885903,2.646365439899379,2.891134198921668,0.3148071705574485,2.0,20.0,0.865,0.22531432598859036,1.9873338950497745,1.898220652521718,0.9551594008686575,0.9163,0.7112997747747748,0.0837,0.0,0.0837,2.7368313705591603,0.952025,0.621283108108108,0.047975000000000004,0.0,0.047975000000000004,2.7675028580593195,0.85,0.82,0.88,False,False,0,,,,,23140820,15000,40000,80000
288,1,1202,1.0903143259885903,2.646365439899379,2.891134198921668,0.3148071705574485,3.0,30.0,0.975,0.11531432598859037,1.7398794933460382,1.7248694313647435,0.9913729301145862,0.9364375,0.669260472972973,0.0635625,0.0,0.0635625,2.7506098830592487,0.952025,0.621283108108108,0.047975000000000004,0.0,0.047975000000000004,2.7675028580593195,0.95,0.92,0.98,False,False,0,,,,,23140820,15000,40000,80000
288,1,1202,1.0903143259885903,2.646365439899379,2.891134198921668,0.3148071705574485,4.0,40.0,1.1250000000000002,-0.03468567401140987,1.5800184501879813,1.5759054794314546,0.9973968843490167,0.957675,0.6073393581081081,0.042325,0.0,0.042325,2.772368626809344,0.95355625,0.6218362894144145,0.04644375,0.0,0.04644375,2.7670523080593252,1.05,1.02,1.08,False,True,1,0.93,1.1700000000000004,,,23140820,15000,40000,80000
289,2,554,1.1572904279445018,2.825294125713561,2.953662952561373,0.3238141819725957,0.0,0.0,0.55,0.6072904279445017,2.855625435653965,2.1089172003324634,0.7385132426688521,0.8309249999999999,0.7770701576576576,0.169075,0.0,0.169075,2.721190769473943,0.9662999999999999,0.5856806306306306,0.0337,0.0,0.0337,2.777162756974527,0.57,0.54,0.6,False,False,0,,,0.55,0.0,23150820,15000,40000,80000
289,2,554,1.1572904279445018,2.825294125713561,2.953662952561373,0.3238141819725957,0.5,5.0,0.65,0.5072904279445017,2.5769977166268583,2.048243766779881,0.7948178430910348,0.86765,0.7677752252252252,0.13235000000000002,0.0,0.13235000000000002,2.7225488819740966,0.9662999999999999,0.5856806306306306,0.0337,0.0,0.0337,2.777162756974527,0.63,0.6,0.66,False,False,0,,,,,23150820,15000,40000,80000
289,2,554,1.1572904279445018,2.825294125713561,2.953662952561373,0.3238141819725957,1.0,10.0,0.72,0.4372904279445018,2.357955935505149,1.9875703332272991,0.8429208974176604,0.88985,0.7528617117117116,0.11015,0.0,0.11015,2.72571553197419,0.9662999999999999,0.5856806306306306,0.0337,0.0,0.0337,2.777162756974527,0.73,0.7,0.76,False,False,0,,,,,23150820,15000,40000,80000
289,2,554,1.1572904279445018,2.825294125713561,2.953662952561373,0.3238141819725957,2.0,20.0,0.8700000000000001,0.28729042794450166,2.018105495029809,1.8647869437532374,0.92402847539231,0.9249375,0.7029451858108109,0.0750625,0.0,0.0750625,2.7393027132243413,0.9661187499999999,0.5856732826576576,0.03388125,0.0,0.03388125,2.7773187944745255,0.9,0.87,0.93,False,True,1,0.78,1.0200000000000002,,,23150820,15000,40000,80000
289,2,554,1.1572904279445018,2.825294125713561,2.953662952561373,0.3238141819725957,3.0,30.0,1.005,0.15229042794450187,1.7946668846709866,1.7448765990169701,0.9722565306802636,0.9482625,0.6497175675675675,0.0517375,0.0,0.0517375,2.755414231974444,0.9662999999999999,0.5856806306306306,0.0337,0.0,0.0337,2.777162756974527,1.0,0.97,1.03,False,False,0,,,,,23150820,15000,40000,80000
289,2,554,1.1572904279445018,2.825294125713561,2.953662952561373,0.3238141819725957,4.0,40.0,1.1,0.057290427944501676,1.6292950897527192,1.620801629086396,0.9947870335338627,0.96029375,0.6099341779279279,0.03970625,0.0,0.03970625,2.768738338224499,0.9661187499999999,0.5856732826576576,0.03388125,0.0,0.03388125,2.7773187944745255,1.05,1.02,1.08,False,True,1,0.93,1.1700000000000004,,,23150820,15000,40000,80000
290,4,1068,1.0667460625257883,2.6037525087196864,2.732795503124135,0.319823160798162,0.0,0.0,0.545,0.5217460625257883,2.8016728647557763,2.1865099302734743,0.7804301343597707,0.813075,0.7638965653153154,0.186925,0.0,0.186925,2.7265730232994376,0.9447625,0.6067898085585587,0.055237499999999995,0.0,0.055237499999999995,2.775152310800004,0.57,0.54,0.6,False,False,0,,,0.545,0.0,23160820,15000,40000,80000
290,4,1068,1.0667460625257883,2.6037525087196864,2.732795503124135,0.319823160798162,0.5,5.0,0.635,0.4317460625257883,2.4926300671614006,2.0869883656641495,0.8372635767973405,0.8465374999999999,0.7568317567567567,0.1534625,0.0,0.1534625,2.728445410799578,0.9447625,0.6067898085585587,0.055237499999999995,0.0,0.055237499999999995,2.775152310800004,0.65,0.62,0.68,False,False,0,,,,,23160820,15000,40000,80000
290,4,1068,1.0667460625257883,2.6037525087196864,2.732795503124135,0.319823160798162,1.0,10.0,0.71,0.35674606252578833,2.2330972636465654,1.9874668010548244,0.8900045839514238,0.8698875,0.7404124436936937,0.1301125,0.0,0.1301125,2.732975198299677,0.9447625,0.6067898085585587,0.055237499999999995,0.0,0.055237499999999995,2.775152310800004,0.73,0.7,0.76,False,False,0,,,,,23160820,15000,40000,80000
290,4,1068,1.0667460625257883,2.6037525087196864,2.732795503124135,0.319823160798162,2.0,20.0,0.9,0.16674606252578827,1.8539654779559351,1.7884236718361743,0.9646477742444142,0.9169624999999999,0.6762386824324325,0.0830375,0.0,0.0830375,2.7517431607998795,0.9447625,0.6067898085585587,0.055237499999999995,0.0,0.055237499999999995,2.775152310800004,0.9,0.87,0.93,False,False,0,,,,,23160820,15000,40000,80000
290,4,1068,1.0667460625257883,2.6037525087196864,2.732795503124135,0.319823160798162,3.0,30.0,1.0450000000000002,0.021746062525788146,1.5929777566373586,1.5921565532034017,0.9994844853102717,0.94186875,0.615946509009009,0.058131249999999995,0.0,0.058131249999999995,2.7718702107999906,0.945025,0.606768384009009,0.054974999999999996,0.0,0.054974999999999996,2.775125242050004,1.1,1.07,1.13,False,True,1,0.9800000000000001,1.2200000000000002,,,23160820,15000,40000,80000
290,4,1068,1.0667460625257883,2.6037525087196864,2.732795503124135,0.319823160798162,4.0,40.0,1.115,-0.048253937474211694,1.3934772506292945,1.3903374133988746,0.9977467610404103,0.95055,0.5855953265765765,0.04945,0.0,0.04945,2.7829325983000306,0.9447625,0.6067898085585587,0.055237499999999995,0.0,0.055237499999999995,2.775152310800004,1.1,1.07,1.13,False,False,0,,,,,23160820,15000,40000,80000
291,4,998,1.1333641437851565,2.6735455354340893,2.721760290481554,0.3230003794777109,0.0,0.0,0.545,0.5883641437851564,2.775125666760944,2.0462598965742282,0.7373575622478281,0.812325,0.7577259572072073,0.18767499999999998,0.0,0.18767499999999998,2.7304203419789843,0.9545250000000001,0.5704190878378379,0.045475,0.0,0.045475,2.7876179794795966,0.53,0.5,0.56,False,False,0,,,0.545,0.0,23170820,15000,40000,80000
291,4,998,1.1333641437851565,2.6735455354340893,2.721760290481554,0.3230003794777109,0.5,5.0,0.62,0.5133641437851565,2.461651473368074,1.9646938420883666,0.7981202308059633,0.8411500000000001,0.7518014076576576,0.15885,0.0,0.15885,2.7314037544791043,0.9545250000000001,0.5704190878378379,0.045475,0.0,0.045475,2.7876179794795966,0.63,0.6,0.66,False,False,0,,,,,23170820,15000,40000,80000
291,4,998,1.1333641437851565,2.6735455354340893,2.721760290481554,0.3230003794777109,1.0,10.0,0.72,0.4133641437851565,2.2057747908550995,1.8831277876025054,0.8537262259999284,0.87365,0.7299896396396397,0.12635000000000002,0.0,0.12635000000000002,2.736633141979242,0.9545250000000001,0.5704190878378379,0.045475,0.0,0.045475,2.7876179794795966,0.71,0.68,0.74,False,False,0,,,,,23170820,15000,40000,80000
291,4,998,1.1333641437851565,2.6735455354340893,2.721760290481554,0.3230003794777109,2.0,20.0,0.88,0.2533641437851565,1.8324514453174672,1.7199956786307824,0.9386309705645696,0.9142125,0.6758289414414416,0.08578749999999999,0.0,0.08578749999999999,2.7517997419794167,0.9545250000000001,0.5704190878378379,0.045475,0.0,0.045475,2.7876179794795966,0.9,0.87,0.93,False,False,0,,,,,23170820,15000,40000,80000
291,4,998,1.1333641437851565,2.6735455354340893,2.721760290481554,0.3230003794777109,3.0,30.0,1.025,0.10836414378515657,1.5692891143077277,1.5568635696590591,0.9920820551577267,0.9396375,0.6159865427927927,0.0603625,0.0,0.0603625,2.7713124294795293,0.9545250000000001,0.5704190878378379,0.045475,0.0,0.045475,2.7876179794795966,1.05,1.02,1.08,False,False,0,,,,,23170820,15000,40000,80000
291,4,998,1.1333641437851565,2.6735455354340893,2.721760290481554,0.3230003794777109,4.0,40.0,1.145,-0.011635856214843532,1.3970366216437466,1.393731460687336,0.9976341629809806,0.9560125,0.5656404279279279,0.0439875,0.0,0.0439875,2.789407391979603,0.9545250000000001,0.5704190878378379,0.045475,0.0,0.045475,2.7876179794795966,1.15,1.12,1.18,False,False,0,,,,,23170820,15000,40000,80000
292,4,1234,1.0332598181401442,2.4900481412268207,2.910639007194105,0.3295825497970261,0.0,0.0,0.525,0.5082598181401442,2.745262664316844,2.1560299726070404,0.7853638198746153,0.8037000000000001,0.7514037162162164,0.1963,0.0,0.1963,2.7370922497982626,0.941575,0.5990220157657659,0.058425,0.0,0.058425,2.7783566247988523,0.55,0.52,0.58,False,False,0,,,0.525,0.0,23180820,15000,40000,80000
292,4,1234,1.0332598181401442,2.4900481412268207,2.910639007194105,0.3295825497970261,0.5,5.0,0.64,0.3932598181401442,2.420815632464777,2.050886882842187,0.8471883836746611,0.84735,0.7393222409909909,0.15265,0.0,0.15265,2.7387349622984454,0.941575,0.5990220157657659,0.058425,0.0,0.058425,2.7783566247988523,0.63,0.6,0.66,False,False,0,,,,,23180820,15000,40000,80000
292,4,1234,1.0332598181401442,2.4900481412268207,2.910639007194105,0.3295825497970261,1.0,10.0,0.7000000000000001,0.33325981814014416,2.1713839770252727,1.9386132165942882,0.8928007377350766,0.86871875,0.7264161599099099,0.13128125,0.0,0.13128125,2.740809162298535,0.94131875,0.5973032657657659,0.058681250000000004,0.0,0.058681250000000004,2.7783882372988504,0.69,0.66,0.72,False,True,1,0.57,0.8100000000000002,,,23180820,15000,40000,80000
292,4,1234,1.0332598181401442,2.4900481412268207,2.910639007194105,0.3295825497970261,2.0,20.0,0.895,0.1382598181401442,1.784163093368412,1.7354576135476278,0.9727012177295795,0.9175125,0.6573313626126126,0.08248749999999999,0.0,0.08248749999999999,2.759592799798745,0.941575,0.5990220157657659,0.058425,0.0,0.058425,2.7783566247988523,0.9,0.87,0.93,False,False,0,,,,,23180820,15000,40000,80000
292,4,1234,1.0332598181401442,2.4900481412268207,2.910639007194105,0.3295825497970261,3.0,30.0,1.03,0.0032598181401441995,1.5261457900469717,1.5251714340179219,0.9993615576995303,0.9411499999999999,0.6004893018018018,0.05885,0.0,0.05885,2.77784274979885,0.941575,0.5990220157657659,0.058425,0.0,0.058425,2.7783566247988523,1.05,1.02,1.08,False,False,0,,,,,23180820,15000,40000,80000
292,4,1234,1.0332598181401442,2.4900481412268207,2.910639007194105,0.3295825497970261,4.0,40.0,1.115,-0.08174018185985577,1.3294109471962783,1.3148852544882157,0.9890735872615634,0.9519625,0.5632125563063063,0.0480375,0.0,0.0480375,2.7911802372989,0.941575,0.5990220157657659,0.058425,0.0,0.058425,2.7783566247988523,1.1,1.07,1.13,False,False,0,,,,,23180820,15000,40000,80000
293,1,683,1.1261256077170427,2.564455101889802,2.840007754548382,0.3597850292803278,0.0,0.0,0.465,0.6611256077170427,2.5865621949463495,1.6737855792155003,0.6471081895829758,0.7821,0.7155774211711712,0.21789999999999998,0.0,0.21789999999999998,2.7665192917814747,0.955025,0.4723234234234234,0.044975,0.0,0.044975,2.821887279282215,0.45,0.42,0.48,False,False,0,,,0.465,0.0,23190820,15000,40000,80000
293,1,683,1.1261256077170427,2.564455101889802,2.840007754548382,0.3597850292803278,0.5,5.0,0.545,0.5811256077170427,2.1837392701977483,1.592177397560006,0.7291059968967021,0.8106437500000001,0.6991193693693694,0.18935625,0.0,0.18935625,2.767918554281594,0.9533625,0.47276435810810813,0.0466375,0.0,0.0466375,2.8228362542822083,0.57,0.54,0.6,False,True,1,0.44999999999999996,0.6900000000000002,,,23190820,15000,40000,80000
293,1,683,1.1261256077170427,2.564455101889802,2.840007754548382,0.3597850292803278,1.0,10.0,0.645,0.4811256077170427,1.9171049665666036,1.5144064277866027,0.7899444496765324,0.8532375000000001,0.6771980855855857,0.14676250000000002,0.0,0.14676250000000002,2.7668572917817715,0.955025,0.4723234234234234,0.044975,0.0,0.044975,2.821887279282215,0.65,0.62,0.68,False,False,0,,,,,23190820,15000,40000,80000
293,1,683,1.1261256077170427,2.564455101889802,2.840007754548382,0.3597850292803278,2.0,20.0,0.855,0.27112560771704275,1.4844734763049436,1.3550272763577051,0.9127999240044035,0.9108875000000001,0.5914995495495494,0.08911250000000001,0.0,0.08911250000000001,2.783980691782018,0.955025,0.4723234234234234,0.044975,0.0,0.044975,2.821887279282215,0.85,0.82,0.88,False,False,0,,,,,23190820,15000,40000,80000
293,1,683,1.1261256077170427,2.564455101889802,2.840007754548382,0.3597850292803278,3.0,30.0,0.97,0.15612560771704276,1.2117525681146197,1.1956481249288076,0.9867097924035191,0.9330125,0.5400726351351353,0.0669875,0.0,0.0669875,2.798509729282115,0.955025,0.4723234234234234,0.044975,0.0,0.044975,2.821887279282215,0.95,0.92,0.98,False,False,0,,,,,23190820,15000,40000,80000
293,1,683,1.1261256077170427,2.564455101889802,2.840007754548382,0.3597850292803278,4.0,40.0,1.155,-0.028874392282957295,1.0441601097288136,1.03626897349991,0.9924425994103978,0.9586,0.46071953828828827,0.0414,0.0,0.0414,2.8263820417822316,0.955025,0.4723234234234234,0.044975,0.0,0.044975,2.821887279282215,1.15,1.12,1.18,False,False,0,,,,,23190820,15000,40000,80000
294,3,764,1.1001393081870134,2.227243451484392,2.482939219159893,0.339355336015108,0.0,0.0,0.48,0.6201393081870135,2.567129236757139,1.7711148836208013,0.6899204209360792,0.7555375,0.7094572072072072,0.2444625,0.0,0.2444625,2.7636209235161493,0.9293750000000001,0.5003748873873873,0.070625,0.0,0.070625,2.8251972360168955,0.49,0.46,0.52,False,False,0,,,0.48,0.0,23200820,15000,40000,80000
294,3,764,1.1001393081870134,2.227243451484392,2.482939219159893,0.339355336015108,0.5,5.0,0.58,0.5201393081870135,2.1663768514926334,1.6461236102689083,0.7598509969005297,0.796,0.7008406531531532,0.204,0.0,0.204,2.764249686016319,0.9293750000000001,0.5003748873873873,0.070625,0.0,0.070625,2.8251972360168955,0.57,0.54,0.6,False,False,0,,,,,23200820,15000,40000,80000
294,3,764,1.1001393081870134,2.227243451484392,2.482939219159893,0.339355336015108,1.0,10.0,0.68,0.4201393081870134,1.8292979127567532,1.5211323369170155,0.8315388796484593,0.831325,0.6752759572072072,0.168675,0.0,0.168675,2.769373723516468,0.9293750000000001,0.5003748873873873,0.070625,0.0,0.070625,2.8251972360168955,0.67,0.64,0.7,False,False,0,,,,,23200820,15000,40000,80000
294,3,764,1.1001393081870134,2.227243451484392,2.482939219159893,0.339355336015108,2.0,20.0,0.87,0.23013930818701345,1.3347857676087556,1.27114979021323,0.952324950610218,0.8851374999999999,0.6019885698198197,0.1148625,0.0,0.1148625,2.7889387110166988,0.9293750000000001,0.5003748873873873,0.070625,0.0,0.070625,2.8251972360168955,0.85,0.82,0.88,False,False,0,,,,,23200820,15000,40000,80000
294,3,764,1.1001393081870134,2.227243451484392,2.482939219159893,0.339355336015108,3.0,30.0,1.0850000000000002,0.015139308187013256,1.0326630638982193,1.0310154296356748,0.9984044802993876,0.9283125,0.5065092905405405,0.0716875,0.0,0.0716875,2.8222834797668903,0.93049375,0.49978626126126124,0.06950624999999999,0.0,0.06950624999999999,2.8250548235169006,1.05,1.02,1.08,False,True,1,0.93,1.1700000000000004,,,23200820,15000,40000,80000
294,3,764,1.1001393081870134,2.227243451484392,2.482939219159893,0.339355336015108,4.0,40.0,1.285,-0.18486069181298648,0.8194503132272823,0.7711846968056585,0.9411000085758258,0.95275,0.42336886261261264,0.04725,0.0,0.04725,2.860074111017005,0.9293750000000001,0.5003748873873873,0.070625,0.0,0.070625,2.8251972360168955,1.3,1.27,1.33,False,False,0,,,,,23200820,15000,40000,80000
295,2,246,1.0629355956738822,2.4383352122959403,2.5677427377322903,0.3154028536555618,0.0,0.0,0.555,0.5079355956738821,2.745056029876857,2.1399818128925823,0.7795767334441555,0.80128125,0.7498064470720721,0.19871875,0.0,0.19871875,2.7314795724067915,0.9346375,0.5955724662162163,0.0653625,0.0,0.0653625,2.7830725599073656,0.59,0.56,0.62,False,True,1,0.47,0.7100000000000002,0.5549999999999998,2.220446049250313e-16,23210820,15000,40000,80000
295,2,246,1.0629355956738822,2.4383352122959403,2.5677427377322903,0.3154028536555618,0.5,5.0,0.63,0.4329355956738822,2.392580746360082,2.01095118612685,0.8404945952968071,0.8269,0.7409453828828829,0.1731,0.0,0.1731,2.7351026036569,0.933125,0.5932998873873874,0.06687499999999999,0.0,0.06687499999999999,2.7840675161573594,0.65,0.62,0.68,False,False,0,,,,,23210820,15000,40000,80000
295,2,246,1.0629355956738822,2.4383352122959403,2.5677427377322903,0.3154028536555618,1.0,10.0,0.715,0.3479355956738822,2.1162802635450437,1.8908481361614835,0.8934771867096978,0.8558125000000001,0.7240274211711711,0.14418750000000002,0.0,0.14418750000000002,2.739901378657022,0.933125,0.5932998873873874,0.06687499999999999,0.0,0.06687499999999999,2.7840675161573594,0.73,0.7,0.76,False,False,0,,,,,23210820,15000,40000,80000
295,2,246,1.0629355956738822,2.4383352122959403,2.5677427377322903,0.3154028536555618,2.0,20.0,0.94,0.12293559567388224,1.6938607546013096,1.6506420362307512,0.9744850819330005,0.9117500000000001,0.6448992117117116,0.08825,0.0,0.08825,2.765275778657264,0.933125,0.5932998873873874,0.06687499999999999,0.0,0.06687499999999999,2.7840675161573594,0.95,0.92,0.98,False,False,0,,,,,23210820,15000,40000,80000
295,2,246,1.0629355956738822,2.4383352122959403,2.5677427377322903,0.3154028536555618,3.0,30.0,1.06,0.00293559567388213,1.4366077098853123,1.4354098127772608,0.9991661626901981,0.934275,0.5969182150900901,0.065725,0.0,0.065725,2.782549559907364,0.9346375,0.5955724662162163,0.0653625,0.0,0.0653625,2.7830725599073656,1.1,1.07,1.13,False,True,1,0.9800000000000001,1.2200000000000002,,,23210820,15000,40000,80000
295,2,246,1.0629355956738822,2.4383352122959403,2.5677427377322903,0.3154028536555618,4.0,40.0,1.2449999999999966,-0.18206440432611437,1.2432743330811615,1.200552479405487,0.9656376291708696,0.9579,0.5183230574324325,0.0421,0.0,0.0421,2.814528122407473,0.9346375,0.5955724662162163,0.0653625,0.0,0.0653625,2.7830725599073656,1.2,1.17,1.23,False,True,1,1.08,1.319999999999995,,,23210820,15000,40000,80000
296,3,0,1.1282651856308794,2.31634658878176,2.787460524902344,0.325731464760675,0.0,0.0,0.525,0.6032651856308794,2.710404459375437,1.9563001287293746,0.721774243678808,0.791725,0.7427018018018018,0.208275,0.0,0.208275,2.7401880897618645,0.9447375,0.5481081081081081,0.0552625,0.0,0.0552625,2.8017587897625233,0.55,0.52,0.58,False,False,0,,,0.525,0.0,23220820,15000,40000,80000
296,3,0,1.1282651856308794,2.31634658878176,2.787460524902344,0.325731464760675,0.5,5.0,0.615,0.5132651856308794,2.3653906414709818,1.8576790407864612,0.7853582440958731,0.82635,0.7353543918918919,0.17365,0.0,0.17365,2.7417432897620095,0.9447375,0.5481081081081081,0.0552625,0.0,0.0552625,2.8017587897625233,0.61,0.58,0.64,False,False,0,,,,,23220820,15000,40000,80000
296,3,0,1.1282651856308794,2.31634658878176,2.787460524902344,0.325731464760675,1.0,10.0,0.7100000000000001,0.41826518563087933,2.0831484219326932,1.7582355413588724,0.8440279736417557,0.85839375,0.713790061936937,0.14160625,0.0,0.14160625,2.746726089762145,0.94494375,0.5476284065315316,0.05505625,0.0,0.05505625,2.8015140460125245,0.69,0.66,0.72,False,True,1,0.57,0.8100000000000002,,,23220820,15000,40000,80000
296,3,0,1.1282651856308794,2.31634658878176,2.787460524902344,0.325731464760675,2.0,20.0,0.875,0.2532651856308794,1.6541538525854047,1.5618157769577217,0.9441780608959918,0.9010125,0.655168581081081,0.0989875,0.0,0.0989875,2.7639120772623285,0.9447375,0.5481081081081081,0.0552625,0.0,0.0552625,2.8017587897625233,0.9,0.87,0.93,False,False,0,,,,,23220820,15000,40000,80000
296,3,0,1.1282651856308794,2.31634658878176,2.787460524902344,0.325731464760675,3.0,30.0,1.05,0.07826518563087936,1.3795989211925384,1.3645736010718952,0.9891089215207163,0.9341875,0.5821587274774774,0.0658125,0.0,0.0658125,2.7886454647624745,0.9447375,0.5481081081081081,0.0552625,0.0,0.0552625,2.8017587897625233,1.05,1.02,1.08,False,False,0,,,,,23220820,15000,40000,80000
296,3,0,1.1282651856308794,2.31634658878176,2.787460524902344,0.325731464760675,4.0,40.0,1.2299999999999955,-0.10173481436911613,1.18074115512941,1.1686659468923035,0.9897731961110621,0.9570062500000001,0.5048398085585586,0.04299375,0.0,0.04299375,2.8191175272625806,0.94494375,0.5476284065315316,0.05505625,0.0,0.05505625,2.8015140460125245,1.15,1.12,1.18,False,True,1,1.0299999999999998,1.2699999999999947,,,23220820,15000,40000,80000
297,3,813,1.1664286803499522,2.672883359298217,2.802457492935978,0.3071627721535503,0.0,0.0,0.585,0.5814286803499522,2.8707740626842146,2.167527555179986,0.7550324434634599,0.8328,0.7786300112612612,0.16720000000000002,0.0,0.16720000000000002,2.7122650346549078,0.9595374999999999,0.6014466779279277,0.0404625,0.0,0.0404625,2.7748052221554573,0.59,0.56,0.62,False,False,0,,,0.585,0.0,23230820,15000,40000,80000
297,3,813,1.1664286803499522,2.672883359298217,2.802457492935978,0.3071627721535503,0.5,5.0,0.68,0.4864286803499521,2.58352425283702,2.09461703216935,0.8107595776850977,0.8651875,0.7690902027027027,0.1348125,0.0,0.1348125,2.7159952221550445,0.9595374999999999,0.6014466779279277,0.0404625,0.0,0.0404625,2.7748052221554573,0.69,0.66,0.72,False,False,0,,,,,23230820,15000,40000,80000
297,3,813,1.1664286803499522,2.672883359298217,2.802457492935978,0.3071627721535503,1.0,10.0,0.725,0.4414286803499522,2.351554720330608,2.021706509158713,0.859731858110654,0.87895,0.7603949324324326,0.12105,0.0,0.12105,2.7188180096551027,0.9595374999999999,0.6014466779279277,0.0404625,0.0,0.0404625,2.7748052221554573,0.71,0.68,0.74,False,False,0,,,,,23230820,15000,40000,80000
297,3,813,1.1664286803499522,2.672883359298217,2.802457492935978,0.3071627721535503,2.0,20.0,0.925,0.24142868034995213,2.0036136922529475,1.8758854631374402,0.9362510699495749,0.9253875,0.6981097409909909,0.0746125,0.0,0.0746125,2.739473897155303,0.9595374999999999,0.6014466779279277,0.0404625,0.0,0.0404625,2.7748052221554573,0.95,0.92,0.98,False,False,0,,,,,23230820,15000,40000,80000
297,3,813,1.1664286803499522,2.672883359298217,2.802457492935978,0.3071627721535503,3.0,30.0,1.02,0.14642868034995216,1.7780389806901504,1.7459651415429647,0.9819611158723099,0.94186875,0.6635182432432433,0.058131249999999995,0.0,0.058131249999999995,2.7509210909053765,0.9601875,0.6036274493243243,0.0398125,0.0,0.0398125,2.77319367840546,1.0,0.97,1.03,False,True,1,0.88,1.12,,,23230820,15000,40000,80000
297,3,813,1.1664286803499522,2.672883359298217,2.802457492935978,0.3071627721535503,4.0,40.0,1.115,0.05142868034995218,1.5856874777907148,1.5842433710948938,0.9990892866872904,0.9539500000000001,0.6228943130630631,0.04605,0.0,0.04605,2.766587484655432,0.9595374999999999,0.6014466779279277,0.0404625,0.0,0.0404625,2.7748052221554573,1.1,1.07,1.13,False,False,0,,,,,23230820,15000,40000,80000
298,3,648,1.1287865092524585,2.4284559868663336,3.093426066067756,0.3355285011559019,0.0,0.0,0.515,0.6137865092524585,2.740838538427193,1.9487051543406697,0.7109886726340755,0.8052625,0.750993018018018,0.1947375,0.0,0.1947375,2.7400118886571443,0.9534125,0.5450590653153153,0.046587500000000004,0.0,0.046587500000000004,2.797031988657782,0.51,0.48,0.54,False,False,0,,,0.515,0.0,23240820,15000,40000,80000
298,3,648,1.1287865092524585,2.4284559868663336,3.093426066067756,0.3355285011559019,0.5,5.0,0.6,0.5287865092524585,2.4179402592387387,1.8654249126614242,0.7714933838972234,0.8386125,0.7432643018018018,0.16138750000000002,0.0,0.16138750000000002,2.740227138657283,0.9534125,0.5450590653153153,0.046587500000000004,0.0,0.046587500000000004,2.797031988657782,0.61,0.58,0.64,False,False,0,,,,,23240820,15000,40000,80000
298,3,648,1.1287865092524585,2.4284559868663336,3.093426066067756,0.3355285011559019,1.0,10.0,0.695,0.43378650925245854,2.1488244488632904,1.7821446709821789,0.8293579645023669,0.8696250000000001,0.7201472972972973,0.130375,0.0,0.130375,2.7446276386574144,0.9534125,0.5450590653153153,0.046587500000000004,0.0,0.046587500000000004,2.797031988657782,0.71,0.68,0.74,False,False,0,,,,,23240820,15000,40000,80000
298,3,648,1.1287865092524585,2.4284559868663336,3.093426066067756,0.3355285011559019,2.0,20.0,0.85,0.2787865092524585,1.7419580395829668,1.6155841876236887,0.9274529873351413,0.9084625,0.6636542229729729,0.0915375,0.0,0.0915375,2.7588450011575816,0.9534125,0.5450590653153153,0.046587500000000004,0.0,0.046587500000000004,2.797031988657782,0.85,0.82,0.88,False,False,0,,,,,23240820,15000,40000,80000
298,3,648,1.1287865092524585,2.4284559868663336,3.093426066067756,0.3355285011559019,3.0,30.0,1.005,0.1237865092524586,1.4739399583821378,1.4490237042651983,0.9830954755142886,0.9370375,0.598413400900901,0.0629625,0.0,0.0629625,2.778443576157707,0.9534125,0.5450590653153153,0.046587500000000004,0.0,0.046587500000000004,2.797031988657782,1.0,0.97,1.03,False,False,0,,,,,23240820,15000,40000,80000
298,3,648,1.1287865092524585,2.4284559868663336,3.093426066067756,0.3355285011559019,4.0,40.0,1.205,-0.07621349074754158,1.2835568943849256,1.2824632209067077,0.9991479353326663,0.9618125,0.5133092342342342,0.0381875,0.0,0.0381875,2.8090631261578207,0.9534125,0.5450590653153153,0.046587500000000004,0.0,0.046587500000000004,2.797031988657782,1.2,1.17,1.23,False,False,0,,,,,23240820,15000,40000,80000
299,1,514,1.1483149250842275,2.7017169807799344,2.624667270285,0.3685728075756854,0.0,0.0,0.43,0.7183149250842276,2.4943712325023406,1.5287503625827892,0.6128800487524684,0.7594,0.693586036036036,0.24059999999999998,0.0,0.24059999999999998,2.7806046950767387,0.9558249999999999,0.43369352477477485,0.044175000000000006,0.0,0.044175000000000006,2.8369152700775775,0.43,0.4,0.46,False,False,0,,,0.43,0.0,23250820,15000,40000,80000
299,1,514,1.1483149250842275,2.7017169807799344,2.624667270285,0.3685728075756854,0.5,5.0,0.535,0.6133149250842275,2.0995729768467317,1.4508929086328304,0.6910419045361648,0.8064375,0.6797929617117116,0.1935625,0.0,0.1935625,2.7768108950769337,0.9558249999999999,0.43369352477477485,0.044175000000000006,0.0,0.044175000000000006,2.8369152700775775,0.55,0.52,0.58,False,False,0,,,,,23250820,15000,40000,80000
299,1,514,1.1483149250842275,2.7017169807799344,2.624667270285,0.3685728075756854,1.0,10.0,0.61,0.5383149250842275,1.7814276070148196,1.3730354546828716,0.7707500710532378,0.8359749999999999,0.6587947635135135,0.164025,0.0,0.164025,2.777377882577058,0.9558249999999999,0.43369352477477485,0.044175000000000006,0.0,0.044175000000000006,2.8369152700775775,0.61,0.58,0.64,False,False,0,,,,,23250820,15000,40000,80000
299,1,514,1.1483149250842275,2.7017169807799344,2.624667270285,0.3685728075756854,2.0,20.0,0.845,0.3033149250842275,1.3400479703051542,1.217320546782954,0.9084156491097458,0.905425,0.5635891328828829,0.09457499999999999,0.0,0.09457499999999999,2.794221857577353,0.9558249999999999,0.43369352477477485,0.044175000000000006,0.0,0.044175000000000006,2.8369152700775775,0.85,0.82,0.88,False,False,0,,,,,23250820,15000,40000,80000
299,1,514,1.1483149250842275,2.7017169807799344,2.624667270285,0.3685728075756854,3.0,30.0,1.035,0.11331492508422758,1.071356258120806,1.0616056388830362,0.9908988077832552,0.9406749999999999,0.48002663288288283,0.059325,0.0,0.059325,2.8193388575775087,0.9558249999999999,0.43369352477477485,0.044175000000000006,0.0,0.044175000000000006,2.8369152700775775,1.05,1.02,1.08,False,False,0,,,,,23250820,15000,40000,80000
299,1,514,1.1483149250842275,2.7017169807799344,2.624667270285,0.3685728075756854,4.0,40.0,1.1649999999999991,-0.016685074915771647,0.9127100833879478,0.9071440594182045,0.9939016517171779,0.958025,0.42709313063063065,0.041975,0.0,0.041975,2.839818857577588,0.955975,0.43347164977477476,0.044024999999999995,0.0,0.044024999999999995,2.8371640325775784,1.25,1.22,1.28,False,True,1,1.13,1.3699999999999948,,,23250820,15000,40000,80000
300,4,257,1.1429860197409811,2.489867611569731,2.557076721423265,0.3202547149647966,0.0,0.0,0.53,0.6129860197409811,2.7284400467916887,1.9687505808465322,0.7215663701907402,0.79225,0.7463546734234233,0.20775,0.0,0.20775,2.735462977465988,0.946775,0.5511269144144144,0.053224999999999995,0.0,0.053224999999999995,2.799373977466655,0.55,0.52,0.58,False,False,0,,,0.53,0.0,23260820,15000,40000,80000
300,4,257,1.1429860197409811,2.489867611569731,2.557076721423265,0.3202547149647966,0.5,5.0,0.64,0.5029860197409811,2.3931930740448766,1.873684683205791,0.7829224910963686,0.8346125,0.7378680743243243,0.1653875,0.0,0.1653875,2.7376576149661656,0.946775,0.5511269144144144,0.053224999999999995,0.0,0.053224999999999995,2.799373977466655,0.65,0.62,0.68,False,False,0,,,,,23260820,15000,40000,80000
300,4,257,1.1429860197409811,2.489867611569731,2.557076721423265,0.3202547149647966,1.0,10.0,0.745,0.39798601974098113,2.115085770109523,1.7786187855650497,0.8409204064915767,0.8683749999999999,0.7121267454954955,0.131625,0.0,0.131625,2.744577802466309,0.946775,0.5511269144144144,0.053224999999999995,0.0,0.053224999999999995,2.799373977466655,0.75,0.72,0.78,False,False,0,,,,,23260820,15000,40000,80000
300,4,257,1.1429860197409811,2.489867611569731,2.557076721423265,0.3202547149647966,2.0,20.0,0.915,0.2279860197409811,1.6993947843898194,1.588486990283567,0.9347368868464107,0.9101250000000001,0.6494108108108108,0.089875,0.0,0.089875,2.7636945524664895,0.946775,0.5511269144144144,0.053224999999999995,0.0,0.053224999999999995,2.799373977466655,0.9,0.87,0.93,False,False,0,,,,,23260820,15000,40000,80000
300,4,257,1.1429860197409811,2.489867611569731,2.557076721423265,0.3202547149647966,3.0,30.0,1.095,0.047986019740981156,1.4146605735980733,1.398355195002084,0.9884739994170348,0.94085,0.5722872747747747,0.05915000000000001,0.0,0.05915000000000001,2.7910389399666267,0.946775,0.5511269144144144,0.053224999999999995,0.0,0.053224999999999995,2.799373977466655,1.1,1.07,1.13,False,False,0,,,,,23260820,15000,40000,80000
300,4,257,1.1429860197409811,2.489867611569731,2.557076721423265,0.3202547149647966,4.0,40.0,1.24,-0.09701398025901886,1.2165118350259043,1.2082233997206016,0.993186720369945,0.9581375,0.5100538288288288,0.0418625,0.0,0.0418625,2.8162802774667077,0.946775,0.5511269144144144,0.053224999999999995,0.0,0.053224999999999995,2.799373977466655,1.25,1.22,1.28,False,False,0,,,,,23260820,15000,40000,80000
301,4,1090,1.1452716757694628,2.645715656748004,2.7046880535160818,0.2934528019976448,0.0,0.0,0.615,0.5302716757694628,2.90732804726757,2.3074921341719907,0.7936813791414662,0.8382000000000001,0.7856172297297297,0.1618,0.0,0.1618,2.702196714499026,0.9553750000000001,0.6370740990990992,0.044625,0.0,0.044625,2.760893914499534,0.61,0.58,0.64,False,False,0,,,0.615,0.0,23270820,15000,40000,80000
301,4,1090,1.1452716757694628,2.645715656748004,2.7046880535160818,0.2934528019976448,0.5,5.0,0.7000000000000001,0.4452716757694627,2.6252472127368343,2.233174083209592,0.8506528727561227,0.8648125,0.7781610078828829,0.13518750000000002,0.0,0.13518750000000002,2.7066679832491385,0.9548,0.638987697072072,0.045200000000000004,0.0,0.045200000000000004,2.760141726999532,0.73,0.7,0.76,False,True,1,0.61,0.8500000000000002,,,23270820,15000,40000,80000
301,4,1090,1.1452716757694628,2.645715656748004,2.7046880535160818,0.2934528019976448,1.0,10.0,0.79,0.3552716757694627,2.4050492910638193,2.145859701409397,0.8922310696011658,0.8919375,0.7606485360360361,0.1080625,0.0,0.1080625,2.713399839499254,0.9553750000000001,0.6370740990990992,0.044625,0.0,0.044625,2.760893914499534,0.8,0.77,0.83,False,False,0,,,,,23270820,15000,40000,80000
301,4,1090,1.1452716757694628,2.645715656748004,2.7046880535160818,0.2934528019976448,2.0,20.0,0.915,0.23027167576946272,2.0653012732161957,1.987534522976925,0.9623460503085982,0.91919375,0.724831447072072,0.08080625,0.0,0.08080625,2.7270546644993723,0.9548,0.638987697072072,0.045200000000000004,0.0,0.045200000000000004,2.760141726999532,0.95,0.92,0.98,False,True,1,0.83,1.0700000000000003,,,23270820,15000,40000,80000
301,4,1090,1.1452716757694628,2.645715656748004,2.7046880535160818,0.2934528019976448,3.0,30.0,1.06,0.08527167576946271,1.8410988262443861,1.8225948358842097,0.9899494855483003,0.9449000000000001,0.67110625,0.055099999999999996,0.0,0.055099999999999996,2.7473063519994865,0.9553750000000001,0.6370740990990992,0.044625,0.0,0.044625,2.760893914499534,1.05,1.02,1.08,False,False,0,,,,,23270820,15000,40000,80000
301,4,1090,1.1452716757694628,2.645715656748004,2.7046880535160818,0.2934528019976448,4.0,40.0,1.15,-0.004728324230537151,1.6635607210348249,1.6609624031216161,0.998438098543471,0.956025,0.6353101351351352,0.043975,0.0,0.043975,2.7616072519995374,0.9553750000000001,0.6370740990990992,0.044625,0.0,0.044625,2.760893914499534,1.15,1.12,1.18,False,False,0,,,,,23270820,15000,40000,80000
302,4,259,1.1574041945658105,2.294943926549302,2.4549425429241234,0.3565882593018656,0.0,0.0,0.44,0.7174041945658105,2.480521769430784,1.5155845487936128,0.6109942543021505,0.7402375,0.6898007882882882,0.2597625,0.0,0.2597625,2.7808697218028433,0.939225,0.4321101914414414,0.060774999999999996,0.0,0.060774999999999996,2.8511124093036972,0.45,0.42,0.48,False,False,0,,,0.44,0.0,23280820,15000,40000,80000
302,4,259,1.1574041945658105,2.294943926549302,2.4549425429241234,0.3565882593018656,0.5,5.0,0.525,0.6324041945658104,2.051242177191915,1.409003342451695,0.6869024818807965,0.776375,0.6819634572072072,0.22362500000000002,0.0,0.22362500000000002,2.7795399468029935,0.939225,0.4321101914414414,0.060774999999999996,0.0,0.060774999999999996,2.8511124093036972,0.55,0.52,0.58,False,False,0,,,,,23280820,15000,40000,80000
302,4,259,1.1574041945658105,2.294943926549302,2.4549425429241234,0.3565882593018656,1.0,10.0,0.65,0.5074041945658104,1.6939781835579941,1.3024221361097768,0.7688541379996986,0.82335,0.6481720157657658,0.17665,0.0,0.17665,2.783518821803191,0.939225,0.4321101914414414,0.060774999999999996,0.0,0.060774999999999996,2.8511124093036972,0.67,0.64,0.7,False,False,0,,,,,23280820,15000,40000,80000
302,4,259,1.1574041945658105,2.294943926549302,2.4549425429241234,0.3565882593018656,2.0,20.0,0.87,0.28740419456581046,1.184625427742092,1.0892597234259411,0.919497165869621,0.8873375,0.5575832207207208,0.1126625,0.0,0.1126625,2.804753409303465,0.939225,0.4321101914414414,0.060774999999999996,0.0,0.060774999999999996,2.8511124093036972,0.85,0.82,0.88,False,False,0,,,,,23280820,15000,40000,80000
302,4,259,1.1574041945658105,2.294943926549302,2.4549425429241234,0.3565882593018656,3.0,30.0,1.155,0.0024041945658104247,0.8772937483145034,0.8760973107421055,0.9986362178293229,0.9389749999999999,0.43315923423423425,0.061024999999999996,0.0,0.061024999999999996,2.850632809303696,0.939225,0.4321101914414414,0.060774999999999996,0.0,0.060774999999999996,2.8511124093036972,1.15,1.12,1.18,False,False,0,,,,,23280820,15000,40000,80000
302,4,259,1.1574041945658105,2.294943926549302,2.4549425429241234,0.3565882593018656,4.0,40.0,1.245,-0.08759580543418966,0.6810636470594065,0.6629348980582697,0.9733817109760441,0.94955,0.39711435810810813,0.05045,0.0,0.05045,2.8677842218037464,0.939225,0.4321101914414414,0.060774999999999996,0.0,0.060774999999999996,2.8511124093036972,1.25,1.22,1.28,False,False,0,,,,,23280820,15000,40000,80000
303,3,1024,1.1574289355472005,2.5605954962830486,2.530546580566919,0.3016846495351429,0.0,0.0,0.58,0.5774289355472005,2.8214386610564386,2.138241857674618,0.757855163462597,0.8138624999999999,0.7663795045045043,0.1861375,0.0,0.1861375,2.716272074536424,0.9492625,0.5947296734234235,0.0507375,0.0,0.0507375,2.7813957120370114,0.57,0.54,0.6,False,False,0,,,0.58,0.0,23290820,15000,40000,80000
303,3,1024,1.1574289355472005,2.5605954962830486,2.530546580566919,0.3016846495351429,0.5,5.0,0.675,0.48242893554720045,2.5097970260781732,2.047752716906961,0.815903714774415,0.847675,0.7588790822072071,0.152325,0.0,0.152325,2.7202063557865674,0.9500375,0.5945656531531531,0.0499625,0.0,0.0499625,2.7815096932870143,0.71,0.68,0.74,False,True,1,0.59,0.8300000000000002,,,23290820,15000,40000,80000
303,3,1024,1.1574289355472005,2.5605954962830486,2.530546580566919,0.3016846495351429,1.0,10.0,0.8,0.35742893554720045,2.2532205988105476,1.9558244483846563,0.8680128565383772,0.8842749999999999,0.7309188063063063,0.115725,0.0,0.115725,2.7302866245367228,0.9492625,0.5947296734234235,0.0507375,0.0,0.0507375,2.7813957120370114,0.8,0.77,0.83,False,False,0,,,,,23290820,15000,40000,80000
303,3,1024,1.1574289355472005,2.5605954962830486,2.530546580566919,0.3016846495351429,2.0,20.0,0.94,0.21742893554720055,1.8653279450346911,1.7734070390946943,0.9507213162250205,0.9151,0.6823322072072073,0.0849,0.0,0.0849,2.747678812036858,0.9492625,0.5947296734234235,0.0507375,0.0,0.0507375,2.7813957120370114,0.95,0.92,0.98,False,False,0,,,,,23290820,15000,40000,80000
303,3,1024,1.1574289355472005,2.5605954962830486,2.530546580566919,0.3016846495351429,3.0,30.0,1.1050000000000002,0.052428935547200295,1.6173903260402847,1.5986935232559276,0.98844014182394,0.94383125,0.6169122747747746,0.05616875,0.0,0.05616875,2.7724045182869856,0.9500375,0.5945656531531531,0.0499625,0.0,0.0499625,2.7815096932870143,1.1,1.07,1.13,False,True,1,0.9800000000000001,1.2200000000000002,,,23290820,15000,40000,80000
303,3,1024,1.1574289355472005,2.5605954962830486,2.530546580566919,0.3016846495351429,4.0,40.0,1.2200000000000004,-0.06257106445279992,1.4322981610469951,1.4190698457955142,0.9907642726834117,0.9577,0.569114527027027,0.0423,0.0,0.0423,2.79211785578705,0.9500375,0.5945656531531531,0.0499625,0.0,0.0499625,2.7815096932870143,1.1,1.07,1.13,False,True,2,0.8900000000000001,1.3100000000000005,,,23290820,15000,40000,80000
304,3,339,1.1199163872507818,2.628889275902997,2.624692460495431,0.3352838915064569,0.0,0.0,0.51,0.6099163872507818,2.6969943903745595,1.9110125298900849,0.7085711919573858,0.7935875,0.7403598536036036,0.2064125,0.0,0.2064125,2.7451293790076523,0.95,0.535441554054054,0.05,0.0,0.05,2.8018735915083237,0.51,0.48,0.54,False,False,0,,,0.51,0.0,23300820,15000,40000,80000
304,3,339,1.1199163872507818,2.628889275902997,2.624692460495431,0.3352838915064569,0.5,5.0,0.615,0.5049163872507818,2.3574104302882275,1.8217865202807726,0.7727914057197214,0.8353875,0.7295695945945946,0.1646125,0.0,0.1646125,2.7456540290078264,0.95,0.535441554054054,0.05,0.0,0.05,2.8018735915083237,0.63,0.6,0.66,False,False,0,,,,,23300820,15000,40000,80000
304,3,339,1.1199163872507818,2.628889275902997,2.624692460495431,0.3352838915064569,1.0,10.0,0.685,0.43491638725078174,2.08495662866037,1.7325605106714603,0.8309815594507921,0.86,0.7130442004504505,0.14,0.0,0.14,2.74847060400793,0.95,0.535441554054054,0.05,0.0,0.05,2.8018735915083237,0.69,0.66,0.72,False,False,0,,,,,23300820,15000,40000,80000
304,3,339,1.1199163872507818,2.628889275902997,2.624692460495431,0.3352838915064569,2.0,20.0,0.895,0.22491638725078178,1.6692555974048435,1.5541084914528358,0.9310188888202475,0.9140375000000001,0.634107150900901,0.0859625,0.0,0.0859625,2.7687919790081628,0.95,0.535441554054054,0.05,0.0,0.05,2.8018735915083237,0.9,0.87,0.93,False,False,0,,,,,23300820,15000,40000,80000
304,3,339,1.1199163872507818,2.628889275902997,2.624692460495431,0.3352838915064569,3.0,30.0,1.055,0.06491638725078186,1.3929108001772716,1.375656472234211,0.987612754570598,0.941575,0.564099831081081,0.058425000000000005,0.0,0.058425000000000005,2.791455354008285,0.95,0.535441554054054,0.05,0.0,0.05,2.8018735915083237,1.05,1.02,1.08,False,False,0,,,,,23300820,15000,40000,80000
304,3,339,1.1199163872507818,2.628889275902997,2.624692460495431,0.3352838915064569,4.0,40.0,1.18,-0.06008361274921814,1.2004193728170547,1.1972044530155865,0.9973218361230513,0.9569624999999999,0.5096863175675675,0.0430375,0.0,0.0430375,2.811819979008357,0.95,0.535441554054054,0.05,0.0,0.05,2.8018735915083237,1.2,1.17,1.23,False,False,0,,,,,23300820,15000,40000,80000
305,4,1018,1.1168451910939214,2.679422258813885,2.6943167648318584,0.3365505054713168,0.0,0.0,0.52,0.5968451910939214,2.7187267438905196,1.9309385268748618,0.7102363380998244,0.804575,0.7456688626126126,0.19542500000000002,0.0,0.19542500000000002,2.7427135304725567,0.9533125,0.540389695945946,0.0466875,0.0,0.0466875,2.7985857054731964,0.51,0.48,0.54,False,False,0,,,0.52,0.0,23310820,15000,40000,80000
305,4,1018,1.1168451910939214,2.679422258813885,2.6943167648318584,0.3365505054713168,0.5,5.0,0.61,0.5068451910939215,2.38808923112131,1.8475258589892702,0.7736418869582096,0.8398875,0.7351852477477478,0.1601125,0.0,0.1601125,2.7433187554727043,0.9533125,0.540389695945946,0.0466875,0.0,0.0466875,2.7985857054731964,0.61,0.58,0.64,False,False,0,,,,,23310820,15000,40000,80000
305,4,1018,1.1168451910939214,2.679422258813885,2.6943167648318584,0.3365505054713168,1.0,10.0,0.705,0.4118451910939215,2.1190829586561013,1.7641131911036785,0.8324889707113965,0.87165,0.7106302364864865,0.12835000000000002,0.0,0.12835000000000002,2.7477934929728383,0.9533125,0.540389695945946,0.0466875,0.0,0.0466875,2.7985857054731964,0.71,0.68,0.74,False,False,0,,,,,23310820,15000,40000,80000
305,4,1018,1.1168451910939214,2.679422258813885,2.6943167648318584,0.3365505054713168,2.0,20.0,0.8500000000000001,0.26684519109392135,1.6994616523313109,1.5944411162450716,0.9382036446999714,0.90676875,0.6558492961711713,0.09323125,0.0,0.09323125,2.7619734492229897,0.952275,0.5416265202702703,0.047725000000000004,0.0,0.047725000000000004,2.798325480473192,0.9,0.87,0.93,False,True,1,0.78,1.0200000000000002,,,23310820,15000,40000,80000
305,4,1018,1.1168451910939214,2.679422258813885,2.6943167648318584,0.3365505054713168,3.0,30.0,1.0550000000000002,0.06184519109392128,1.4418246035954547,1.423892692435809,0.9875630426093929,0.9444375,0.568763795045045,0.0555625,0.0,0.0555625,2.788663017973156,0.952275,0.5416265202702703,0.047725000000000004,0.0,0.047725000000000004,2.798325480473192,1.05,1.02,1.08,False,True,1,0.93,1.1700000000000004,,,23310820,15000,40000,80000
305,4,1018,1.1168451910939214,2.679422258813885,2.6943167648318584,0.3365505054713168,4.0,40.0,1.115,0.00184519109392145,1.2638510768266076,1.2636371837901286,0.999830760885993,0.9531125,0.5412108108108109,0.0468875,0.0,0.0468875,2.798279142973195,0.9533125,0.540389695945946,0.0466875,0.0,0.0466875,2.7985857054731964,1.1,1.07,1.13,False,False,0,,,,,23310820,15000,40000,80000
306,4,1149,1.1616616655894585,2.410241687000843,2.6828970186266026,0.3413534725369938,0.0,0.0,0.485,0.6766616655894585,2.6269998953450178,1.7383443965723282,0.6617222938046681,0.7744625,0.724118186936937,0.2255375,0.0,0.2255375,2.756445435038111,0.9498625,0.4906087274774775,0.0501375,0.0,0.0501375,2.822275772538865,0.49,0.46,0.52,False,False,0,,,0.485,0.0,23320820,15000,40000,80000
306,4,1149,1.1616616655894585,2.410241687000843,2.6828970186266026,0.3413534725369938,0.5,5.0,0.595,0.5666616655894585,2.258685803881204,1.649519802448953,0.7303006906115526,0.8192375000000001,0.7129805743243243,0.1807625,0.0,0.1807625,2.756467160038298,0.9498625,0.4906087274774775,0.0501375,0.0,0.0501375,2.822275772538865,0.61,0.58,0.64,False,False,0,,,,,23320820,15000,40000,80000
306,4,1149,1.1616616655894585,2.410241687000843,2.6828970186266026,0.3413534725369938,1.0,10.0,0.68,0.48166166558945844,1.9549113863947536,1.5606952083255776,0.7983457558164878,0.8489,0.6907076576576576,0.1511,0.0,0.1511,2.7602665850384236,0.9498625,0.4906087274774775,0.0501375,0.0,0.0501375,2.822275772538865,0.67,0.64,0.7,False,False,0,,,,,23320820,15000,40000,80000
306,4,1149,1.1616616655894585,2.410241687000843,2.6828970186266026,0.3413534725369938,2.0,20.0,0.8450000000000001,0.3166616655894584,1.5286352589992669,1.3900612570664537,0.9093478963559092,0.89690625,0.6302432995495495,0.10309375,0.0,0.10309375,2.7740809787886285,0.9506375,0.49095264639639635,0.049362500000000004,0.0,0.049362500000000004,2.8216572787888685,0.85,0.82,0.88,False,True,1,0.73,0.9700000000000002,,,23320820,15000,40000,80000
306,4,1149,1.1616616655894585,2.410241687000843,2.6828970186266026,0.3413534725369938,3.0,30.0,1.04,0.12166166558945846,1.2418146862848218,1.2053968318320767,0.9706736803365584,0.9344375,0.5445823761261261,0.0655625,0.0,0.0655625,2.801503960038794,0.9498625,0.4906087274774775,0.0501375,0.0,0.0501375,2.822275772538865,1.05,1.02,1.08,False,False,0,,,,,23320820,15000,40000,80000
306,4,1149,1.1616616655894585,2.410241687000843,2.6828970186266026,0.3413534725369938,4.0,40.0,1.134999999999999,0.026661665589459593,1.0416959422738774,1.040178226472549,0.9985430337781527,0.94769375,0.502662331081081,0.05230625,0.0,0.05230625,2.8169192100388543,0.9506375,0.49095264639639635,0.049362500000000004,0.0,0.049362500000000004,2.8216572787888685,1.2,1.17,1.23,False,True,1,1.08,1.319999999999995,,,23320820,15000,40000,80000
307,4,390,1.1153225831366194,2.434185805992548,2.781419255353625,0.3129252301129083,0.0,0.0,0.55,0.5653225831366193,2.7918654380416172,2.1297937822169044,0.7628568888731507,0.806725,0.7607045608108108,0.193275,0.0,0.193275,2.724717855114159,0.94665,0.5925417229729729,0.053349999999999995,0.0,0.053349999999999995,2.7821553801147623,0.57,0.54,0.6,False,False,0,,,0.55,0.0,23330820,15000,40000,80000
307,4,390,1.1153225831366194,2.434185805992548,2.781419255353625,0.3129252301129083,0.5,5.0,0.66,0.45532258313661933,2.4749247979293654,2.03391488130915,0.8218087608200522,0.8468625000000001,0.7517306306306306,0.1531375,0.0,0.1531375,2.728009680114328,0.94665,0.5925417229729729,0.053349999999999995,0.0,0.053349999999999995,2.7821553801147623,0.65,0.62,0.68,False,False,0,,,,,23330820,15000,40000,80000
307,4,390,1.1153225831366194,2.434185805992548,2.781419255353625,0.3129252301129083,1.0,10.0,0.74,0.37532258313661937,2.2188637852334336,1.938035980401395,0.873436212398007,0.8721875,0.7342682432432432,0.1278125,0.0,0.1278125,2.7331814926144355,0.94665,0.5925417229729729,0.053349999999999995,0.0,0.053349999999999995,2.7821553801147623,0.73,0.7,0.76,False,False,0,,,,,23330820,15000,40000,80000
307,4,390,1.1153225831366194,2.434185805992548,2.781419255353625,0.3129252301129083,2.0,20.0,0.9,0.21532258313661934,1.8273710447857963,1.7462781785858854,0.955623207212733,0.9110750000000001,0.680454786036036,0.088925,0.0,0.088925,2.7504254676146034,0.94665,0.5925417229729729,0.053349999999999995,0.0,0.053349999999999995,2.7821553801147623,0.9,0.87,0.93,False,False,0,,,,,23330820,15000,40000,80000
307,4,390,1.1153225831366194,2.434185805992548,2.781419255353625,0.3129252301129083,3.0,30.0,1.04,0.07532258313661933,1.5570433491977123,1.5545203767703764,0.9983796389300041,0.9358375,0.623841948198198,0.0641625,0.0,0.0641625,2.7703432176147134,0.94665,0.5925417229729729,0.053349999999999995,0.0,0.053349999999999995,2.7821553801147623,1.05,1.02,1.08,False,False,0,,,,,23330820,15000,40000,80000
307,4,390,1.1153225831366194,2.434185805992548,2.781419255353625,0.3129252301129083,4.0,40.0,1.175,-0.05967741686338068,1.3727007292902669,1.3627625749548666,0.9927601449293768,0.9539375,0.5675142454954956,0.046062500000000006,0.0,0.046062500000000006,2.7920451801147963,0.94665,0.5925417229729729,0.053349999999999995,0.0,0.053349999999999995,2.7821553801147623,1.15,1.12,1.18,False,False,0,,,,,23330820,15000,40000,80000
308,4,252,1.153602619989718,2.3907681086638872,2.7885658943162195,0.3296209195851518,0.0,0.0,0.52,0.633602619989718,2.7021142227335417,1.906793866954542,0.7056673810870847,0.791275,0.7410900900900901,0.208725,0.0,0.208725,2.7426305070863384,0.950175,0.5348684684684684,0.049824999999999994,0.0,0.049824999999999994,2.8050670695870226,0.53,0.5,0.56,False,False,0,,,0.52,0.0,23340820,15000,40000,80000
308,4,252,1.153602619989718,2.3907681086638872,2.7885658943162195,0.3296209195851518,0.5,5.0,0.6200000000000001,0.5336026199897179,2.359867929234389,1.81035088349169,0.7671407628642258,0.83119375,0.7318779842342342,0.16880625,0.0,0.16880625,2.7436910820865057,0.95093125,0.5324626126126125,0.049068749999999994,0.0,0.049068749999999994,2.8056894508370265,0.57,0.54,0.6,False,True,1,0.44999999999999996,0.6900000000000002,,,23340820,15000,40000,80000
308,4,252,1.153602619989718,2.3907681086638872,2.7885658943162195,0.3296209195851518,1.0,10.0,0.685,0.468602619989718,2.0767245975702884,1.7229057993870303,0.8296265192807865,0.8533125,0.717130320945946,0.1466875,0.0,0.1466875,2.746839044586599,0.95093125,0.5324626126126125,0.049068749999999994,0.0,0.049068749999999994,2.8056894508370265,0.75,0.72,0.78,False,True,1,0.63,0.8700000000000002,,,23340820,15000,40000,80000
308,4,252,1.153602619989718,2.3907681086638872,2.7885658943162195,0.3296209195851518,2.0,20.0,0.895,0.258602619989718,1.6708140565194523,1.5515438942162036,0.9286155381337253,0.908525,0.6451764639639639,0.091475,0.0,0.091475,2.766474594586836,0.950175,0.5348684684684684,0.049824999999999994,0.0,0.049824999999999994,2.8050670695870226,0.9,0.87,0.93,False,False,0,,,,,23340820,15000,40000,80000
308,4,252,1.153602619989718,2.3907681086638872,2.7885658943162195,0.3296209195851518,3.0,30.0,1.07,0.08360261998971796,1.3927333815616356,1.3739189078470346,0.9864909723830236,0.9393125,0.5708318693693694,0.060687500000000005,0.0,0.060687500000000005,2.7914127320869726,0.950175,0.5348684684684684,0.049824999999999994,0.0,0.049824999999999994,2.8050670695870226,1.05,1.02,1.08,False,False,0,,,,,23340820,15000,40000,80000
308,4,252,1.153602619989718,2.3907681086638872,2.7885658943162195,0.3296209195851518,4.0,40.0,1.1999999999999962,-0.046397380010278155,1.2047062163612479,1.1982352947590726,0.9946286310186725,0.95645625,0.5131175957207207,0.043543750000000006,0.0,0.043543750000000006,2.813487563337052,0.95093125,0.5324626126126125,0.049068749999999994,0.0,0.049068749999999994,2.8056894508370265,1.15,1.12,1.18,False,True,1,1.0299999999999998,1.2699999999999947,,,23340820,15000,40000,80000
309,1,109,1.14128916060067,2.5657643598985884,2.7267919087959824,0.3033079343639276,0.0,0.0,0.5850000000000002,0.5562891606006699,2.846787133284478,2.2138647714262105,0.7776713423851842,0.82250625,0.772499268018018,0.17749375,0.0,0.17749375,2.7135828281152437,0.95329375,0.6135724380630632,0.046706250000000005,0.0,0.046706250000000005,2.771499171865809,0.55,0.52,0.58,False,True,1,0.43000000000000005,0.6700000000000003,0.585,2.220446049250313e-16,23350820,15000,40000,80000
309,1,109,1.14128916060067,2.5657643598985884,2.7267919087959824,0.3033079343639276,0.5,5.0,0.685,0.45628916060067004,2.563466246708428,2.1264507056777986,0.8295216324413199,0.8590875,0.7667745495495495,0.1409125,0.0,0.1409125,2.716315459365398,0.9531625,0.6127145270270271,0.046837500000000004,0.0,0.046837500000000004,2.771264696865809,0.71,0.68,0.74,False,False,0,,,,,23350820,15000,40000,80000
309,1,109,1.14128916060067,2.5657643598985884,2.7267919087959824,0.3033079343639276,1.0,10.0,0.77,0.3712891606006701,2.328213944015716,2.041945064529605,0.8770435680011636,0.8846625,0.7491345157657658,0.11533750000000001,0.0,0.11533750000000001,2.7222455968655064,0.9531625,0.6127145270270271,0.046837500000000004,0.0,0.046837500000000004,2.771264696865809,0.75,0.72,0.78,False,False,0,,,,,23350820,15000,40000,80000
309,1,109,1.14128916060067,2.5657643598985884,2.7267919087959824,0.3033079343639276,2.0,20.0,0.925,0.21628916060067005,1.97170518434713,1.8729337822332175,0.9499055929364928,0.92045,0.6991864864864865,0.07955,0.0,0.07955,2.7391847968656617,0.9531625,0.6127145270270271,0.046837500000000004,0.0,0.046837500000000004,2.771264696865809,0.95,0.92,0.98,False,False,0,,,,,23350820,15000,40000,80000
309,1,109,1.14128916060067,2.5657643598985884,2.7267919087959824,0.3033079343639276,3.0,30.0,1.065,0.07628916060067015,1.7268359949758374,1.70392249993683,0.9867309373295013,0.9439124999999999,0.6446834459459458,0.0560875,0.0,0.0560875,2.7589241093657657,0.9531625,0.6127145270270271,0.046837500000000004,0.0,0.046837500000000004,2.771264696865809,1.05,1.02,1.08,False,False,0,,,,,23350820,15000,40000,80000
309,1,109,1.14128916060067,2.5657643598985884,2.7267919087959824,0.3033079343639276,4.0,40.0,1.19,-0.04871083939932985,1.540630527343897,1.5349112176404425,0.9962876824767878,0.9588625,0.5927133445945945,0.0411375,0.0,0.0411375,2.779143584365835,0.9531625,0.6127145270270271,0.046837500000000004,0.0,0.046837500000000004,2.771264696865809,1.2,1.17,1.23,False,False,0,,,,,23350820,15000,40000,80000
310,4,827,1.1329538207411836,2.398737890476828,2.742632055328341,0.3238452819809178,0.0,0.0,0.545,0.5879538207411835,2.7301647119093695,1.9835097836768574,0.726516526649291,0.8015875,0.7472561373873874,0.1984125,0.0,0.1984125,2.737036831982148,0.9470875000000001,0.5549309121621622,0.0529125,0.0,0.0529125,2.7977220819827755,0.53,0.5,0.56,False,False,0,,,0.545,0.0,23360820,15000,40000,80000
310,4,827,1.1329538207411836,2.398737890476828,2.742632055328341,0.3238452819809178,0.5,5.0,0.635,0.49795382074118355,2.3965795972329635,1.8889462451096164,0.7881842302632264,0.835925,0.7384273648648649,0.164075,0.0,0.164075,2.738861106982292,0.9470875000000001,0.5549309121621622,0.0529125,0.0,0.0529125,2.7977220819827755,0.61,0.58,0.64,False,False,0,,,,,23360820,15000,40000,80000
310,4,827,1.1329538207411836,2.398737890476828,2.742632055328341,0.3238452819809178,1.0,10.0,0.705,0.4279538207411836,2.1166333954359624,1.7943827065423752,0.8477531869295611,0.8585750000000001,0.7220252252252253,0.141425,0.0,0.141425,2.743036306982387,0.9470875000000001,0.5549309121621622,0.0529125,0.0,0.0529125,2.7977220819827755,0.71,0.68,0.74,False,False,0,,,,,23360820,15000,40000,80000
310,4,827,1.1329538207411836,2.398737890476828,2.742632055328341,0.3238452819809178,2.0,20.0,0.87,0.26295382074118356,1.6953237545938586,1.6052556294078932,0.9468726106492016,0.9014625,0.664894481981982,0.0985375,0.0,0.0985375,2.7594698694825723,0.9470875000000001,0.5549309121621622,0.0529125,0.0,0.0529125,2.7977220819827755,0.85,0.82,0.88,False,False,0,,,,,23360820,15000,40000,80000
310,4,827,1.1329538207411836,2.398737890476828,2.742632055328341,0.3238452819809178,3.0,30.0,1.075,0.057953820741183604,1.4198418184843613,1.4161285522734115,0.997384732466245,0.9388624999999999,0.579331081081081,0.0611375,0.0,0.0611375,2.7884696444827375,0.9470875000000001,0.5549309121621622,0.0529125,0.0,0.0529125,2.7977220819827755,1.1,1.07,1.13,False,False,0,,,,,23360820,15000,40000,80000
310,4,827,1.1329538207411836,2.398737890476828,2.742632055328341,0.3238452819809178,4.0,40.0,1.16,-0.02704617925881636,1.2301782324974049,1.2270014751389293,0.9974176446350979,0.95035,0.5433336711711712,0.04965,0.0,0.04965,2.8023067069827903,0.9470875000000001,0.5549309121621622,0.0529125,0.0,0.0529125,2.7977220819827755,1.15,1.12,1.18,False,False,0,,,,,23360820,15000,40000,80000
311,3,383,1.196679560650866,2.722079814914836,2.5633910905303416,0.302312612221646,0.0,0.0,0.575,0.621679560650866,2.867314588914299,2.1327369766046886,0.7438098996358274,0.82235,0.777164358108108,0.17765,0.0,0.17765,2.7104258497229607,0.9600124999999999,0.5928034346846847,0.039987499999999995,0.0,0.039987499999999995,2.7795430997235586,0.57,0.54,0.6,False,False,0,,,0.575,0.0,23370820,15000,40000,80000
311,3,383,1.196679560650866,2.722079814914836,2.5633910905303416,0.302312612221646,0.5,5.0,0.68,0.516679560650866,2.5829183589158107,2.0608051903985727,0.7978592057642903,0.860075,0.7709176801801803,0.139925,0.0,0.139925,2.7138108247231196,0.9600124999999999,0.5928034346846847,0.039987499999999995,0.0,0.039987499999999995,2.7795430997235586,0.69,0.66,0.72,False,False,0,,,,,23370820,15000,40000,80000
311,3,383,1.196679560650866,2.722079814914836,2.5633910905303416,0.302312612221646,1.0,10.0,0.77,0.426679560650866,2.3353484619723237,1.9888734041924565,0.8516388181799427,0.8849125,0.7505980855855856,0.1150875,0.0,0.1150875,2.7212666372232253,0.9600124999999999,0.5928034346846847,0.039987499999999995,0.0,0.039987499999999995,2.7795430997235586,0.75,0.72,0.78,False,False,0,,,,,23370820,15000,40000,80000
311,3,383,1.196679560650866,2.722079814914836,2.5633910905303416,0.302312612221646,2.0,20.0,0.925,0.27167956065086596,1.986975003095714,1.8450098317802246,0.9285521100696752,0.9210875,0.7018866554054055,0.0789125,0.0,0.0789125,2.7381404122233826,0.9600124999999999,0.5928034346846847,0.039987499999999995,0.0,0.039987499999999995,2.7795430997235586,0.95,0.92,0.98,False,False,0,,,,,23370820,15000,40000,80000
311,3,383,1.196679560650866,2.722079814914836,2.5633910905303416,0.302312612221646,3.0,30.0,1.0550000000000002,0.14167956065086584,1.7176144688206623,1.682035361267734,0.9792857429890204,0.9414687500000001,0.6492893862612613,0.05853124999999999,0.0,0.05853124999999999,2.757869387223474,0.9589000000000001,0.5910198198198198,0.0411,0.0,0.0411,2.7806776872235544,1.1,1.07,1.13,False,True,1,0.9800000000000001,1.2200000000000002,,,23370820,15000,40000,80000
311,3,383,1.196679560650866,2.722079814914836,2.5633910905303416,0.302312612221646,4.0,40.0,1.18,0.016679560650866065,1.5619265922278145,1.5572826869557606,0.9970268095215472,0.9584375,0.5999421734234234,0.0415625,0.0,0.0415625,2.7766488872235513,0.9600124999999999,0.5928034346846847,0.039987499999999995,0.0,0.039987499999999995,2.7795430997235586,1.2,1.17,1.23,False,False,0,,,,,23370820,15000,40000,80000
312,4,556,1.0950631900852852,2.5591778906519904,2.7031903453283816,0.3290375941284639,0.0,0.0,0.505,0.5900631900852852,2.729523357379586,2.0144832445664567,0.7380348071102104,0.7923875,0.7475451576576576,0.20761249999999998,0.0,0.20761249999999998,2.7387388191296544,0.9470000000000001,0.562455518018018,0.053,0.0,0.053,2.792058556630317,0.53,0.5,0.56,False,False,0,,,0.505,0.0,23380820,15000,40000,80000
312,4,556,1.0950631900852852,2.5591778906519904,2.7031903453283816,0.3290375941284639,0.5,5.0,0.6150000000000001,0.4800631900852851,2.395263711375167,1.916979630207776,0.8003209087600633,0.83461875,0.7389889358108108,0.16538125,0.0,0.16538125,2.739983525379831,0.94583125,0.5623470157657657,0.05416875,0.0,0.05416875,2.7922187191303127,0.63,0.6,0.66,False,True,1,0.51,0.7500000000000002,,,23380820,15000,40000,80000
312,4,556,1.0950631900852852,2.5591778906519904,2.7031903453283816,0.3290375941284639,1.0,10.0,0.7000000000000001,0.3950631900852851,2.1211116883639574,1.819980155150765,0.8580312697039263,0.8629375,0.7191521677927929,0.1370625,0.0,0.1370625,2.7442669378799502,0.94583125,0.5623470157657657,0.05416875,0.0,0.05416875,2.7922187191303127,0.73,0.7,0.76,False,True,1,0.61,0.8500000000000002,,,23380820,15000,40000,80000
312,4,556,1.0950631900852852,2.5591778906519904,2.7031903453283816,0.3290375941284639,2.0,20.0,0.86,0.2350631900852852,1.726911908130214,1.6348350464716093,0.9466812052050185,0.906575,0.6632509572072072,0.09342500000000001,0.0,0.09342500000000001,2.7586870816301374,0.9470000000000001,0.562455518018018,0.053,0.0,0.053,2.792058556630317,0.85,0.82,0.88,False,False,0,,,,,23380820,15000,40000,80000
312,4,556,1.0950631900852852,2.5591778906519904,2.7031903453283816,0.3290375941284639,3.0,30.0,1.0350000000000001,0.060063190085285045,1.445225391618252,1.4319822549227208,0.9908366288245859,0.93775,0.5889134009009008,0.06225,0.0,0.06225,2.782703675380276,0.94583125,0.5623470157657657,0.05416875,0.0,0.05416875,2.7922187191303127,1.05,1.02,1.08,False,True,1,0.93,1.1700000000000004,,,23380820,15000,40000,80000
312,4,556,1.0950631900852852,2.5591778906519904,2.7031903453283816,0.3290375941284639,4.0,40.0,1.125,-0.029936809914714813,1.2679905066332913,1.2551868483767623,0.9899024021161447,0.951175,0.549920608108108,0.04882499999999999,0.0,0.04882499999999999,2.7967134316303364,0.9470000000000001,0.562455518018018,0.053,0.0,0.053,2.792058556630317,1.15,1.12,1.18,False,False,0,,,,,23380820,15000,40000,80000
313,4,657,1.1334388902334045,2.3592697814672685,2.529231425436384,0.3238882913857481,0.0,0.0,0.53,0.6034388902334045,2.6817559994853553,1.9173090677669928,0.7149453821059544,0.7848375,0.7356332770270271,0.21516249999999998,0.0,0.21516249999999998,2.74310294138691,0.9407125000000001,0.538313063063063,0.05928749999999999,0.0,0.05928749999999999,2.8076488663875825,0.53,0.5,0.56,False,False,0,,,0.53,0.0,23390820,15000,40000,80000
313,4,657,1.1334388902334045,2.3592697814672685,2.529231425436384,0.3238882913857481,0.5,5.0,0.6350000000000001,0.4984388902334044,2.3182809136046614,1.8130235645748074,0.7820551659357637,0.82429375,0.7244666948198197,0.17570625,0.0,0.17570625,2.7460587976370756,0.94103125,0.5384928490990991,0.05896875,0.0,0.05896875,2.807511628887584,0.59,0.56,0.62,False,True,1,0.47,0.7100000000000002,,,23390820,15000,40000,80000
313,4,657,1.1334388902334045,2.3592697814672685,2.529231425436384,0.3238882913857481,1.0,10.0,0.72,0.4134388902334045,2.031998933485064,1.7061448416781324,0.8396386501797705,0.8537375,0.7052137387387387,0.1462625,0.0,0.1462625,2.7507457288872006,0.9407125000000001,0.538313063063063,0.05928749999999999,0.0,0.05928749999999999,2.8076488663875825,0.71,0.68,0.74,False,False,0,,,,,23390820,15000,40000,80000
313,4,657,1.1334388902334045,2.3592697814672685,2.529231425436384,0.3238882913857481,2.0,20.0,0.9050000000000001,0.22843889023340436,1.5799252348069261,1.497964762716709,0.94812382872014,0.9009375,0.6360328828828828,0.0990625,0.0,0.0990625,2.771700035137404,0.94103125,0.5384928490990991,0.05896875,0.0,0.05896875,2.807511628887584,0.85,0.82,0.88,False,True,1,0.73,0.9700000000000002,,,23390820,15000,40000,80000
313,4,657,1.1334388902334045,2.3592697814672685,2.529231425436384,0.3238882913857481,3.0,30.0,1.0849999999999986,0.04843889023340586,1.2950452897939486,1.287925561477977,0.9945023325654468,0.9342937499999999,0.5596111486486486,0.06570625,0.0,0.06570625,2.799071210137553,0.94103125,0.5384928490990991,0.05896875,0.0,0.05896875,2.807511628887584,1.15,1.12,1.18,False,True,1,1.0299999999999998,1.2699999999999947,,,23390820,15000,40000,80000
313,4,657,1.1334388902334045,2.3592697814672685,2.529231425436384,0.3238882913857481,4.0,40.0,1.17,-0.036561109766595434,1.091330525366909,1.0726521634115513,0.9828847800724002,0.9459875,0.5231366554054054,0.0540125,0.0,0.0540125,2.8138739663876065,0.9407125000000001,0.538313063063063,0.05928749999999999,0.0,0.05928749999999999,2.8076488663875825,1.15,1.12,1.18,False,False,0,,,,,23390820,15000,40000,80000
314,2,1008,1.1134187725441858,2.4883896239092227,2.7361907275387387,0.2982122545902131,0.0,0.0,0.59,0.5234187725441858,2.862637716436531,2.284611374771029,0.7980791148154643,0.823575,0.7755860923423424,0.176425,0.0,0.176425,2.7093407170915347,0.9487125,0.6316381193693694,0.0512875,0.0,0.0512875,2.7647508295920753,0.59,0.56,0.62,False,False,0,,,0.59,0.0,23400820,15000,40000,80000
314,2,1008,1.1134187725441858,2.4883896239092227,2.7361907275387387,0.2982122545902131,0.5,5.0,0.7,0.4134187725441858,2.5701629016186853,2.1918588933339094,0.8528093265813927,0.8616125,0.766750394144144,0.1383875,0.0,0.1383875,2.7140561545916944,0.9487125,0.6316381193693694,0.0512875,0.0,0.0512875,2.7647508295920753,0.69,0.66,0.72,False,False,0,,,,,23400820,15000,40000,80000
314,2,1008,1.1134187725441858,2.4883896239092227,2.7361907275387387,0.2982122545902131,1.0,10.0,0.775,0.33841877254418573,2.337009419391476,2.0991064118967895,0.8982019475314597,0.8840125,0.7515749436936937,0.1159875,0.0,0.1159875,2.7196614545917903,0.9487125,0.6316381193693694,0.0512875,0.0,0.0512875,2.7647508295920753,0.8,0.77,0.83,False,False,0,,,,,23400820,15000,40000,80000
314,2,1008,1.1134187725441858,2.4883896239092227,2.7361907275387387,0.2982122545902131,2.0,20.0,0.935,0.1784187725441857,1.969742836090849,1.8906494613753675,0.9598458370979785,0.92054375,0.698452027027027,0.07945625,0.0,0.07945625,2.739136892091949,0.94783125,0.6273897522522522,0.05216875,0.0,0.05216875,2.766521573342072,0.95,0.92,0.98,False,True,1,0.83,1.0700000000000003,,,23400820,15000,40000,80000
314,2,1008,1.1134187725441858,2.4883896239092227,2.7361907275387387,0.2982122545902131,3.0,30.0,1.06,0.0534187725441857,1.736472594135362,1.7280964861483115,0.9951763661486283,0.9417125,0.6534500563063061,0.0582875,0.0,0.0582875,2.756090467092043,0.9487125,0.6316381193693694,0.0512875,0.0,0.0512875,2.7647508295920753,1.05,1.02,1.08,False,False,0,,,,,23400820,15000,40000,80000
314,2,1008,1.1134187725441858,2.4883896239092227,2.7361907275387387,0.2982122545902131,4.0,40.0,1.19,-0.0765812274558142,1.5357334773000115,1.5425915232740721,1.0044656485486778,0.9568375,0.5992697635135135,0.0431625,0.0,0.0431625,2.7779544420921134,0.9487125,0.6316381193693694,0.0512875,0.0,0.0512875,2.7647508295920753,1.2,1.17,1.23,False,False,0,,,,,23400820,15000,40000,80000
315,3,616,1.1568299163467557,2.4755422903892192,3.066322954437052,0.317217977853549,0.0,0.0,0.55,0.6068299163467556,2.8361849270724715,2.1036250219571007,0.7417094004968414,0.820525,0.771648310810811,0.179475,0.0,0.179475,2.720726365354855,0.958975,0.5850313063063063,0.041025,0.0,0.041025,2.781062690355453,0.55,0.52,0.58,False,False,0,,,0.55,0.0,23410820,15000,40000,80000
315,3,616,1.1568299163467557,2.4755422903892192,3.066322954437052,0.317217977853549,0.5,5.0,0.635,0.5218299163467557,2.5420888890893734,2.029867245582134,0.7985036456806484,0.85195,0.7660421171171172,0.14805,0.0,0.14805,2.7222380778549864,0.958975,0.5850313063063063,0.041025,0.0,0.041025,2.781062690355453,0.65,0.62,0.68,False,False,0,,,,,23410820,15000,40000,80000
315,3,616,1.1568299163467557,2.4755422903892192,3.066322954437052,0.317217977853549,1.0,10.0,0.735,0.4218299163467557,2.2957129044570714,1.9561094692071674,0.8520705988146113,0.88205,0.7443009572072071,0.11795,0.0,0.11795,2.7283505528551144,0.958975,0.5850313063063063,0.041025,0.0,0.041025,2.781062690355453,0.75,0.72,0.78,False,False,0,,,,,23410820,15000,40000,80000
315,3,616,1.1568299163467557,2.4755422903892192,3.066322954437052,0.317217977853549,2.0,20.0,0.92,0.23682991634675565,1.9348276243387565,1.8085939164572349,0.9347571296307788,0.924825,0.6818620495495495,0.07517499999999999,0.0,0.07517499999999999,2.7470770153552992,0.958975,0.5850313063063063,0.041025,0.0,0.041025,2.781062690355453,0.9,0.87,0.93,False,False,0,,,,,23410820,15000,40000,80000
315,3,616,1.1568299163467557,2.4755422903892192,3.066322954437052,0.317217977853549,3.0,30.0,1.005,0.1518299163467558,1.6959225973174417,1.661078363707302,0.9794541132565513,0.9397625000000001,0.6484604729729729,0.0602375,0.0,0.0602375,2.758073827855365,0.958975,0.5850313063063063,0.041025,0.0,0.041025,2.781062690355453,1.0,0.97,1.03,False,False,0,,,,,23410820,15000,40000,80000
315,3,616,1.1568299163467557,2.4755422903892192,3.066322954437052,0.317217977853549,4.0,40.0,1.135,0.021829916346755684,1.5167198911598205,1.513562810957369,0.9979184817045966,0.9567375,0.5943244369369369,0.043262499999999995,0.0,0.043262499999999995,2.777536177855442,0.958975,0.5850313063063063,0.041025,0.0,0.041025,2.781062690355453,1.15,1.12,1.18,False,False,0,,,,,23410820,15000,40000,80000
316,3,135,1.1135119116983825,2.3281971650154234,2.7436153591305747,0.3372727691427224,0.0,0.0,0.51,0.6035119116983825,2.6472684824439625,1.8507120254884222,0.6991025042461284,0.784575,0.7285777027027027,0.215425,0.0,0.215425,2.7521866691438817,0.9420875,0.5203085022522522,0.057912500000000006,0.0,0.057912500000000006,2.8113963441445593,0.51,0.48,0.54,False,False,0,,,0.51,0.0,23420820,15000,40000,80000
316,3,135,1.1135119116983825,2.3281971650154234,2.7436153591305747,0.3372727691427224,0.5,5.0,0.5850000000000001,0.5285119116983824,2.2845725707093285,1.7532552935172847,0.7674325237008877,0.8148625,0.7213961993243243,0.1851375,0.0,0.1851375,2.7524949628940085,0.9430875000000001,0.5212809403153154,0.056912500000000005,0.0,0.056912500000000005,2.8109123191445637,0.61,0.58,0.64,False,True,1,0.49,0.7300000000000002,,,23420820,15000,40000,80000
316,3,135,1.1135119116983825,2.3281971650154234,2.7436153591305747,0.3372727691427224,1.0,10.0,0.675,0.43851191169838244,1.9829909806912507,1.6447200808783446,0.8294137980925217,0.846525,0.7000567004504504,0.153475,0.0,0.153475,2.756349906644142,0.9420875,0.5203085022522522,0.057912500000000006,0.0,0.057912500000000006,2.8113963441445593,0.67,0.64,0.7,False,False,0,,,,,23420820,15000,40000,80000
316,3,135,1.1135119116983825,2.3281971650154234,2.7436153591305747,0.3372727691427224,2.0,20.0,0.87,0.2435119116983825,1.5314885549650163,1.4387281362682671,0.9394312034549497,0.8992249999999999,0.6265668918918919,0.100775,0.0,0.100775,2.7751881691443683,0.9420875,0.5203085022522522,0.057912500000000006,0.0,0.057912500000000006,2.8113963441445593,0.85,0.82,0.88,False,False,0,,,,,23420820,15000,40000,80000
316,3,135,1.1135119116983825,2.3281971650154234,2.7436153591305747,0.3372727691427224,3.0,30.0,1.055,0.058511911698382546,1.2418698109294324,1.23273619165819,0.9926452682955498,0.933975,0.546004054054054,0.066025,0.0,0.066025,2.801654819144522,0.9420875,0.5203085022522522,0.057912500000000006,0.0,0.057912500000000006,2.8113963441445593,1.05,1.02,1.08,False,False,0,,,,,23420820,15000,40000,80000
316,3,135,1.1135119116983825,2.3281971650154234,2.7436153591305747,0.3372727691427224,4.0,40.0,1.21,-0.09648808830161748,1.0504036887981258,1.0267442470481125,0.9774758580892985,0.9542875,0.4798877815315315,0.0457125,0.0,0.0457125,2.8278440441446158,0.9420875,0.5203085022522522,0.057912500000000006,0.0,0.057912500000000006,2.8113963441445593,1.2,1.17,1.23,False,False,0,,,,,23420820,15000,40000,80000
317,4,1052,1.1306237552087484,2.4133899489638933,2.6794371566580577,0.3249068853586237,0.0,0.0,0.535,0.5956237552087483,2.711614021122478,1.9630183714132337,0.7239298646938838,0.7945125,0.7429444819819819,0.2054875,0.0,0.2054875,2.739860747859825,0.946025,0.5496618243243243,0.053975,0.0,0.053975,2.8000849728604775,0.55,0.52,0.58,False,False,0,,,0.535,0.0,23430820,15000,40000,80000
317,4,1052,1.1306237552087484,2.4133899489638933,2.6794371566580577,0.3249068853586237,0.5,5.0,0.63,0.5006237552087484,2.3672610277794077,1.866637367759511,0.7885219863187191,0.8306125,0.7337635698198199,0.1693875,0.0,0.1693875,2.7418599478599757,0.946025,0.5496618243243243,0.053975,0.0,0.053975,2.8000849728604775,0.65,0.62,0.68,False,False,0,,,,,23430820,15000,40000,80000
317,4,1052,1.1306237552087484,2.4133899489638933,2.6794371566580577,0.3249068853586237,1.0,10.0,0.7,0.4306237552087484,2.0839000849772273,1.7702563641057882,0.8494919583081323,0.8541875000000001,0.7179741554054053,0.1458125,0.0,0.1458125,2.7456290228600757,0.946025,0.5496618243243243,0.053975,0.0,0.053975,2.8000849728604775,0.69,0.66,0.72,False,False,0,,,,,23430820,15000,40000,80000
317,4,1052,1.1306237552087484,2.4133899489638933,2.6794371566580577,0.3249068853586237,2.0,20.0,0.87,0.26062375520874836,1.6620977499186962,1.5774943567983424,0.9490984250929332,0.8999125,0.6592529842342343,0.1000875,0.0,0.1000875,2.7620396228602724,0.946025,0.5496618243243243,0.053975,0.0,0.053975,2.8000849728604775,0.85,0.82,0.88,False,False,0,,,,,23430820,15000,40000,80000
317,4,1052,1.1306237552087484,2.4133899489638933,2.6794371566580577,0.3249068853586237,3.0,30.0,1.06,0.0706237552087483,1.3882935392372495,1.3847323494908967,0.9974348438239442,0.9358,0.5797587274774775,0.06420000000000001,0.0,0.06420000000000001,2.788738235360431,0.946025,0.5496618243243243,0.053975,0.0,0.053975,2.8000849728604775,1.05,1.02,1.08,False,False,0,,,,,23430820,15000,40000,80000
317,4,1052,1.1306237552087484,2.4133899489638933,2.6794371566580577,0.3249068853586237,4.0,40.0,1.195,-0.0643762447912517,1.2060819308607822,1.191970342183451,0.9882996434021197,0.9540875,0.5226753941441442,0.045912499999999995,0.0,0.045912499999999995,2.8109648728605148,0.946025,0.5496618243243243,0.053975,0.0,0.053975,2.8000849728604775,1.2,1.17,1.23,False,False,0,,,,,23430820,15000,40000,80000
318,4,169,1.175829952503884,2.410611420451415,2.7894606669525186,0.3467316268488214,0.0,0.0,0.485,0.690829952503884,2.6220370384331213,1.6927818408490782,0.6455979896686174,0.778825,0.7234436373873873,0.221175,0.0,0.221175,2.759090076849956,0.954475,0.47813108108108116,0.045524999999999996,0.0,0.045524999999999996,2.824528651850711,0.49,0.46,0.52,False,False,0,,,0.485,0.0,23440820,15000,40000,80000
318,4,169,1.175829952503884,2.410611420451415,2.7894606669525186,0.3467316268488214,0.5,5.0,0.58,0.595829952503884,2.251112243513722,1.6121931734794435,0.716176271585196,0.8174,0.7123188063063063,0.18259999999999998,0.0,0.18259999999999998,2.758719864350117,0.954475,0.47813108108108116,0.045524999999999996,0.0,0.045524999999999996,2.824528651850711,0.57,0.54,0.6,False,False,0,,,,,23440820,15000,40000,80000
318,4,169,1.175829952503884,2.410611420451415,2.7894606669525186,0.3467316268488214,1.0,10.0,0.67,0.505829952503884,1.9549070131461141,1.5316045061098087,0.783466679392046,0.850375,0.6894621621621622,0.149625,0.0,0.149625,2.7614467518502557,0.954475,0.47813108108108116,0.045524999999999996,0.0,0.045524999999999996,2.824528651850711,0.67,0.64,0.7,False,False,0,,,,,23440820,15000,40000,80000
318,4,169,1.175829952503884,2.410611420451415,2.7894606669525186,0.3467316268488214,2.0,20.0,0.885,0.290829952503884,1.5105687651720698,1.370427171370539,0.9072259422856745,0.9078875,0.6043517454954954,0.0921125,0.0,0.0921125,2.781248726850502,0.954475,0.47813108108108116,0.045524999999999996,0.0,0.045524999999999996,2.824528651850711,0.9,0.87,0.93,False,False,0,,,,,23440820,15000,40000,80000
318,4,169,1.175829952503884,2.410611420451415,2.7894606669525186,0.3467316268488214,3.0,30.0,1.035,0.14082995250388408,1.2408407967380293,1.2092498366312694,0.9745406822617314,0.9362125,0.5389940878378379,0.0637875,0.0,0.0637875,2.8015809018506275,0.954475,0.47813108108108116,0.045524999999999996,0.0,0.045524999999999996,2.824528651850711,1.05,1.02,1.08,False,False,0,,,,,23440820,15000,40000,80000
318,4,169,1.175829952503884,2.410611420451415,2.7894606669525186,0.3467316268488214,4.0,40.0,1.21,-0.03417004749611596,1.0506900729334443,1.0480725018919999,0.9975087125034536,0.9583,0.46417837837837833,0.0417,0.0,0.0417,2.8303149143507293,0.954475,0.47813108108108116,0.045524999999999996,0.0,0.045524999999999996,2.824528651850711,1.2,1.17,1.23,False,False,0,,,,,23440820,15000,40000,80000
319,3,494,1.1601271659191834,2.4668421499397937,2.7240633440400144,0.3105574365519699,0.0,0.0,0.57,0.5901271659191835,2.803656904284828,2.0827897043084116,0.7428832326542113,0.814325,0.7632189189189189,0.185675,0.0,0.185675,2.7222265240532524,0.9528375,0.5803018581081081,0.047162499999999996,0.0,0.047162499999999996,2.7861759490538525,0.55,0.52,0.58,False,False,0,,,0.57,0.0,23450820,15000,40000,80000
319,3,494,1.1601271659191834,2.4668421499397937,2.7240633440400144,0.3105574365519699,0.5,5.0,0.665,0.4951271659191834,2.4917876962100687,1.9981530897112325,0.801895399335329,0.8486125,0.7547932995495495,0.1513875,0.0,0.1513875,2.725350761553397,0.9528375,0.5803018581081081,0.047162499999999996,0.0,0.047162499999999996,2.7861759490538525,0.67,0.64,0.7,False,False,0,,,,,23450820,15000,40000,80000
319,3,494,1.1601271659191834,2.4668421499397937,2.7240633440400144,0.3105574365519699,1.0,10.0,0.74,0.4201271659191834,2.23404571593085,1.9135164751140534,0.8565252096091314,0.871675,0.7383311936936936,0.128325,0.0,0.128325,2.7305000490534947,0.9528375,0.5803018581081081,0.047162499999999996,0.0,0.047162499999999996,2.7861759490538525,0.75,0.72,0.78,False,False,0,,,,,23450820,15000,40000,80000
319,3,494,1.1601271659191834,2.4668421499397937,2.7240633440400144,0.3105574365519699,2.0,20.0,0.955,0.20512716591918345,1.8515345796764975,1.744243245919696,0.942052751844609,0.92235,0.6652918918918918,0.07765,0.0,0.07765,2.7544281240537143,0.9528375,0.5803018581081081,0.047162499999999996,0.0,0.047162499999999996,2.7861759490538525,0.95,0.92,0.98,False,False,0,,,,,23450820,15000,40000,80000
319,3,494,1.1601271659191834,2.4668421499397937,2.7240633440400144,0.3105574365519699,3.0,30.0,1.0700000000000003,0.09012716591918313,1.595297466895942,1.5706814852800803,0.9845696604384645,0.9416374999999999,0.6173307995495495,0.0583625,0.0,0.0583625,2.7721682553038,0.9529375,0.5789597691441442,0.0470625,0.0,0.0470625,2.787148592803853,1.05,1.02,1.08,False,True,1,0.93,1.1700000000000004,,,23450820,15000,40000,80000
319,3,494,1.1601271659191834,2.4668421499397937,2.7240633440400144,0.3105574365519699,4.0,40.0,1.1700000000000004,-0.009872834080816961,1.4025567889267039,1.401826117749584,0.9994790434277682,0.9540875,0.5747974662162163,0.0459125,0.0,0.0459125,2.788817317803858,0.9529375,0.5789597691441442,0.0470625,0.0,0.0470625,2.787148592803853,1.1,1.07,1.13,False,True,1,0.9800000000000001,1.2200000000000002,,,23450820,15000,40000,80000
320,1,445,1.1691497533903608,2.469068287068814,2.7903260103421013,0.3205298955951395,0.0,0.0,0.575,0.5941497533903608,2.767537393023918,1.982186108071127,0.7162273987941727,0.8186625000000001,0.7557653716216216,0.18133749999999998,0.0,0.18133749999999998,2.73082262059644,0.9545375,0.5541598536036036,0.0454625,0.0,0.0454625,2.7957004205970284,0.55,0.52,0.58,False,False,0,,,0.575,0.0,23460820,15000,40000,80000
320,1,445,1.1691497533903608,2.469068287068814,2.7903260103421013,0.3205298955951395,0.5,5.0,0.65,0.5191497533903607,2.4575720851052316,1.9008782188833946,0.773478112973439,0.8472500000000001,0.7478724662162163,0.15275,0.0,0.15275,2.7323612205965597,0.9545375,0.5541598536036036,0.0454625,0.0,0.0454625,2.7957004205970284,0.65,0.62,0.68,False,False,0,,,,,23460820,15000,40000,80000
320,1,445,1.1691497533903608,2.469068287068814,2.7903260103421013,0.3205298955951395,1.0,10.0,0.7300000000000001,0.43914975339036066,2.178936080683635,1.8196481377072438,0.8351085439534024,0.8711,0.7256122466216217,0.12890000000000001,0.0,0.12890000000000001,2.7385486518466613,0.955025,0.5538115146396396,0.044975,0.0,0.044975,2.7963456455970306,0.71,0.68,0.74,False,True,1,0.59,0.8300000000000002,,,23460820,15000,40000,80000
320,1,445,1.1691497533903608,2.469068287068814,2.7903260103421013,0.3205298955951395,2.0,20.0,0.9,0.26914975339036074,1.7964576208243146,1.6569545513201973,0.9223454715062493,0.9134500000000001,0.6680814189189189,0.08655,0.0,0.08655,2.7553192080968434,0.9545375,0.5541598536036036,0.0454625,0.0,0.0454625,2.7957004205970284,0.9,0.87,0.93,False,False,0,,,,,23460820,15000,40000,80000
320,1,445,1.1691497533903608,2.469068287068814,2.7903260103421013,0.3205298955951395,3.0,30.0,1.03,0.13914975339036073,1.5303199088242543,1.4943387729447326,0.9764878339018892,0.9367125000000001,0.6142644707207208,0.0632875,0.0,0.0632875,2.773289220596947,0.9545375,0.5541598536036036,0.0454625,0.0,0.0454625,2.7957004205970284,1.05,1.02,1.08,False,False,0,,,,,23460820,15000,40000,80000
320,1,445,1.1691497533903608,2.469068287068814,2.7903260103421013,0.3205298955951395,4.0,40.0,1.18,-0.01085024660963918,1.3314839094639617,1.331722994569268,1.0001795628949075,0.9557374999999999,0.5495349099099099,0.044262499999999996,0.0,0.044262499999999996,2.7975171705970343,0.9545375,0.5541598536036036,0.0454625,0.0,0.0454625,2.7957004205970284,1.2,1.17,1.23,False,False,0,,,,,23460820,15000,40000,80000
