"subj_idx","rt","response","reward","congruency"
1,0.56139999999851,1,1,0
1,0.627699999999255,0,1,1
1,0.92070000000298,1,0,1
1,0.697599999997765,1,1,1
1,0.50139999999851,1,1,0
1,0.518199999999255,1,1,0
1,0.463699999999255,1,1,1
1,0.58410000000149,1,0,0
1,0.419099999997765,1,0,0
1,0.531300000000745,1,0,0
1,0.568199999999255,0,1,1
1,0.777900000002235,1,1,1
1,0.576,1,0,1
1,0.446,1,1,0
1,0.48539999999851,1,1,0
1,0.7315,0,1,1
1,0.64839999999851,0,0,0
1,0.728800000000745,0,1,0
1,0.64539999999851,1,0,0
1,0.424099999997765,1,1,0
1,0.534199999999255,1,0,1
1,0.50339999999851,1,0,1
1,0.62379999999702,1,0,1
1,0.49570000000298,1,0,1
1,0.503800000000745,1,0,1
1,0.49510000000149,1,0,0
1,0.78189999999851,1,0,0
1,0.57889999999851,1,0,0
1,0.495300000000745,1,0,1
1,0.440400000002235,1,0,0
1,0.43910000000149,1,1,1
1,0.460800000000745,1,1,0
1,0.484400000002235,1,1,1
1,0.408,1,0,1
1,0.451599999997765,1,1,1
1,0.53520000000298,1,1,0
1,0.498699999999255,1,1,0
1,0.46979999999702,1,1,1
1,0.5625,1,1,0
1,0.564699999999255,1,0,0
1,0.516099999997765,1,1,1
1,0.40960000000149,1,0,0
1,0.4315,1,0,1
1,0.39489999999851,1,0,1
1,0.431,1,0,1
1,0.62820000000298,1,1,0
1,0.57439999999851,1,0,0
1,0.504099999997765,1,1,1
1,0.578800000000745,1,0,1
1,0.448,1,0,0
1,0.372699999999255,1,0,1
1,0.530199999999255,1,1,1
1,0.5565,1,1,0
1,0.414300000000745,1,1,0
1,0.399699999999255,1,0,0
1,0.454900000002235,1,1,0
1,0.50139999999851,1,0,0
1,0.447800000000745,1,1,1
1,0.420300000000745,1,1,1
1,0.522900000002235,1,0,1
1,0.441199999999255,1,0,1
1,0.519599999997765,1,1,0
1,0.396300000000745,1,1,1
1,0.407800000000745,1,1,0
1,0.461099999997765,1,1,0
1,0.62270000000298,1,0,1
1,0.42779999999702,1,0,0
1,0.403800000000745,1,0,0
1,0.38,1,0,1
1,0.39260000000149,1,0,1
1,0.553800000000745,1,0,1
1,0.443800000000745,1,0,1
1,0.48079999999702,1,0,0
1,0.442900000002235,1,0,0
1,0.473,0,1,0
1,0.792300000000745,1,1,1
1,0.62089999999851,1,0,0
1,0.44879999999702,1,1,1
1,0.49960000000149,1,0,0
1,0.42479999999702,1,1,0
1,0.434199999999255,1,0,0
1,0.450199999999255,1,0,0
1,0.38610000000149,1,1,1
1,0.460300000000745,1,1,0
1,0.640900000002235,1,1,1
1,0.47579999999702,1,0,0
1,0.41239999999851,1,1,0
1,0.528300000000745,1,0,1
1,0.463099999997765,1,1,1
1,0.398699999999255,1,1,1
1,0.588699999999255,1,1,1
1,0.440599999997765,1,0,1
1,0.438300000000745,1,0,1
1,0.393900000002235,1,1,0
1,0.433699999999255,1,1,1
1,0.411699999999255,1,1,0
1,0.5775,1,1,0
1,0.4235,1,1,0
1,0.54,1,1,1
1,0.48610000000149,1,1,0
1,0.42179999999702,0,1,1
1,0.545300000000745,1,1,0
1,0.4575,1,0,0
1,0.418400000002235,1,1,1
1,0.460699999999255,1,1,0
1,0.425800000000745,1,1,0
1,0.55889999999851,0,0,1
1,0.6565,1,0,1
1,0.594199999999255,1,1,1
1,0.60139999999851,1,0,1
1,0.469800000000745,1,0,1
1,0.439199999999255,1,0,1
1,0.37710000000149,1,1,0
1,0.352099999997765,1,0,0
1,0.514400000002235,1,1,1
1,0.37860000000149,1,1,1
1,0.530599999997765,1,0,0
1,0.379300000000745,1,0,0
1,0.37689999999851,0,1,0
1,0.54060000000149,1,0,0
1,0.688300000000745,1,0,1
1,0.483099999997765,0,0,0
1,0.501800000000745,1,0,1
1,0.573300000000745,1,1,0
1,0.4795,1,0,1
1,0.5965,1,1,1
1,0.483699999999255,1,1,1
1,0.421800000000745,1,1,0
1,0.544300000000745,1,1,0
1,0.43379999999702,1,0,0
1,0.533800000000745,1,1,1
1,0.456199999999255,1,0,0
1,0.43360000000149,1,0,1
1,0.385099999997765,1,1,1
1,0.378199999999255,1,0,1
1,0.4365,1,0,0
1,0.406300000000745,1,1,1
1,0.411599999997765,1,0,1
1,0.456800000000745,1,0,1
1,0.540800000000745,1,1,0
1,0.445900000002235,1,0,0
1,0.604099999997765,1,0,0
1,0.509300000000745,1,0,0
1,0.459800000000745,1,1,1
1,1.15269999999925,1,0,1
1,0.407900000002235,1,0,0
1,0.394900000002235,1,0,0
1,0.35429999999702,1,1,1
1,0.418199999999255,1,1,1
1,0.417199999999255,1,1,0
1,0.422300000000745,1,1,0
1,0.397800000000745,1,1,1
1,0.422,1,0,0
1,0.51670000000298,1,0,0
1,0.411,1,1,1
1,0.42189999999851,0,1,0
1,0.47839999999851,1,1,0
1,0.606599999997765,1,1,1
1,0.387300000000745,1,0,1
1,0.360800000000745,1,1,1
1,0.409,1,1,0
1,0.429400000002235,1,0,0
1,0.46039999999851,1,1,0
1,0.454300000000745,1,1,1
1,0.406099999997765,1,0,1
1,0.373300000000745,1,0,0
1,0.391900000002235,1,0,1
1,0.483900000002235,1,0,1
1,0.48689999999851,1,1,0
1,0.490800000000745,1,0,0
1,0.498900000002235,1,1,1
1,0.385199999999255,1,0,1
1,0.45060000000149,1,0,0
1,0.56,1,0,1
1,0.4275,1,0,1
1,0.460699999999255,1,0,1
1,0.41320000000298,1,1,1
1,0.685,1,1,0
1,0.64610000000149,1,0,1
1,0.42860000000149,1,1,0
1,0.5915,1,1,0
1,0.4965,1,0,1
1,0.486699999999255,1,1,0
1,0.42379999999702,1,1,1
1,0.554199999999255,1,0,0
1,0.396199999999255,1,0,0
1,0.4025,1,0,1
1,0.424599999997765,1,1,1
1,0.425900000002235,1,0,0
1,0.484300000000745,1,1,0
1,0.468300000000745,0,1,1
1,0.54839999999851,1,0,0
1,0.424400000002235,0,1,1
1,0.520099999997765,1,1,0
1,0.465099999997765,1,0,0
1,0.42610000000149,0,0,1
1,0.55689999999851,1,1,1
1,0.47060000000149,1,0,0
1,0.416800000000745,1,0,0
1,0.516300000000745,1,1,0
1,0.45820000000298,1,1,1
1,0.508300000000745,1,0,1
1,0.6845,1,1,0
1,0.4165,1,1,1
1,0.43510000000149,1,0,0
1,0.39,1,1,0
1,0.44020000000298,1,0,1
1,0.504699999999255,0,0,0
1,0.46860000000149,1,0,1
1,0.511599999997765,1,1,0
1,0.636400000002235,1,0,1
1,0.452300000000745,1,0,0
1,0.41120000000298,1,1,1
1,0.5435,1,0,1
1,0.39889999999851,1,1,0
1,0.4135,1,0,0
1,0.387300000000745,1,1,0
1,0.466800000000745,1,1,1
1,0.400199999999255,1,1,1
1,0.51439999999851,1,0,0
1,0.4885,0,1,0
1,0.648099999997765,1,0,1
1,0.71239999999851,1,0,0
1,0.465800000000745,1,1,1
1,0.76039999999851,1,0,1
1,0.508,1,0,1
1,0.515599999997765,1,0,0
1,0.478800000000745,1,1,1
1,0.443699999999255,1,1,1
1,0.471699999999255,1,0,0
1,0.50829999999702,1,0,1
1,0.361300000000745,1,0,0
1,0.54189999999851,1,0,1
1,0.5485,1,1,0
1,0.546800000000745,1,0,1
1,0.420199999999255,1,1,0
1,0.49989999999851,1,1,0
1,0.383800000000745,1,1,1
1,0.436300000000745,1,1,1
1,0.4875,1,1,0
1,0.566,1,0,1
1,0.5375,1,0,0
1,0.388199999999255,1,1,0
1,0.4395,1,0,1
1,0.443099999997765,1,0,0
1,0.441300000000745,1,1,0
1,0.57239999999851,1,1,1
1,0.411599999997765,1,1,0
1,0.5085,1,0,0
1,0.5095,1,0,0
1,0.462900000002235,1,0,1
1,0.574800000000745,1,0,0
1,0.481199999999255,1,1,0
1,0.472,1,1,1
1,0.521900000002235,0,1,0
1,0.78339999999851,1,0,0
1,0.6065,1,1,1
1,0.4815,1,1,1
1,0.4135,1,1,0
1,0.51970000000298,1,0,1
1,0.421400000002235,1,0,1
1,0.461699999999255,1,1,1
1,0.66610000000149,1,1,1
1,0.508300000000745,1,1,0
1,0.451300000000745,1,0,1
1,0.426099999997765,1,0,1
1,0.496,1,0,1
1,0.48289999999851,1,1,1
1,0.70210000000149,1,1,1
1,0.58539999999851,1,0,1
1,0.504099999997765,1,0,1
1,0.5535,1,1,0
1,0.4555,1,1,1
1,0.60860000000149,1,1,0
1,0.51429999999702,1,0,0
1,0.379099999997765,1,0,0
1,0.5645,1,0,1
1,0.469,1,0,0
1,0.4055,1,1,1
1,1.32120000000298,1,1,0
1,0.386,1,1,1
1,0.40139999999851,1,0,0
1,0.490300000000745,1,0,0
1,0.47610000000149,1,0,0
1,0.48779999999702,1,0,1
1,0.441699999999255,1,1,0
1,0.426699999999255,1,1,0
1,0.408800000000745,1,1,1
2,1.043,0,0,1
2,0.566999999999767,1,1,1
2,0.572,1,0,1
2,0.729000000000233,1,1,1
2,0.349,1,1,1
2,0.74,1,0,1
2,0.683,1,1,1
2,0.405,1,1,1
2,0.556,1,1,0
2,0.58,1,0,1
2,0.686,1,0,1
2,0.527000000000233,1,0,0
2,0.379,1,1,1
2,0.575,1,0,0
2,0.657999999999767,1,0,0
2,0.639,1,0,1
2,0.683,1,1,0
2,0.571,1,1,1
2,0.504,1,1,0
2,0.687,1,1,1
2,0.371,0,1,1
2,0.641,1,0,0
2,0.562,1,1,0
2,0.424,1,1,0
2,0.697,1,0,0
2,0.401,1,0,1
2,0.413,1,0,0
2,0.474,1,1,1
2,0.417,1,1,0
2,0.542,1,1,0
2,0.48,1,1,0
2,0.404,1,1,0
2,0.492,1,0,0
2,0.412,1,0,1
2,0.430999999999767,1,0,0
2,0.653,1,0,1
2,0.574999999999767,1,1,0
2,0.468,1,0,0
2,0.635,1,1,0
2,0.494,1,0,0
2,0.52,1,1,1
2,0.617,1,0,1
2,0.599,1,0,0
2,0.483,1,1,0
2,0.626,1,0,1
2,0.44,1,1,1
2,0.524,1,0,1
2,0.7,1,0,0
2,0.688,1,1,0
2,0.41,1,1,0
2,0.822000000000233,0,0,0
2,0.901,1,0,1
2,0.632,1,0,1
2,0.602,1,1,0
2,0.606999999999767,1,1,0
2,0.578999999999767,0,0,1
2,0.414,1,1,1
2,0.568000000000233,1,0,0
2,0.641,1,0,1
2,0.439,1,0,1
2,0.431000000000233,1,1,0
2,0.573,1,0,0
2,0.345,1,0,1
2,0.491,1,1,1
2,0.43,0,1,1
2,0.632,0,0,0
2,0.535,1,0,0
2,0.691,1,0,1
2,0.538000000000233,1,1,0
2,0.538,1,1,1
2,0.642,1,1,1
2,0.52,1,0,1
2,0.764,0,0,1
2,0.715,1,0,0
2,0.596000000000233,1,1,1
2,0.7,1,0,0
2,0.519,1,0,1
2,0.377000000000233,1,1,0
2,0.489,1,1,1
2,0.607,0,0,0
2,0.576,0,1,1
2,0.441,1,1,1
2,0.628,1,1,1
2,0.93,1,0,0
2,0.615,1,1,0
2,0.961,1,0,1
2,0.927,1,0,1
2,0.412,1,1,0
2,0.522,1,1,0
2,0.624000000000233,1,1,1
2,0.684999999999767,1,1,1
2,0.685,1,1,0
2,0.481,1,0,0
2,0.483,1,0,0
2,0.504,1,1,0
2,0.786,1,0,0
2,0.676,1,0,0
2,0.44,1,1,1
2,0.631,1,0,1
2,0.83,1,0,1
2,0.356,1,1,1
2,0.413999999999767,0,1,1
2,0.815,1,0,1
2,0.587,1,0,1
2,0.471,1,0,0
2,0.447,1,1,0
2,1.006,1,0,1
2,0.619,1,0,1
2,0.393,1,1,0
2,0.389,1,1,0
2,0.484,1,1,1
2,0.453,1,0,1
2,0.502,1,0,0
2,0.520000000000233,1,1,0
2,0.568999999999767,1,0,1
2,0.464,1,0,1
2,0.405999999999767,1,0,0
2,0.700000000000233,1,0,0
2,0.570999999999767,1,0,0
2,0.516,1,1,1
2,0.811,1,1,1
2,0.417,1,1,0
2,0.513999999999767,1,0,1
2,0.461,1,1,1
2,0.528,1,0,0
2,0.486,1,1,0
2,0.502,1,1,1
2,0.493,1,0,0
2,0.499,1,0,0
2,0.583,1,0,0
2,0.564999999999767,1,1,1
2,0.466000000000233,1,1,0
2,0.528000000000233,1,1,1
2,0.413,1,1,0
2,0.477999999999767,1,0,0
2,0.519,1,1,0
2,0.594,1,1,0
2,0.669,0,0,1
2,0.390999999999767,1,1,1
2,0.414,1,1,0
2,0.558,1,1,1
2,0.495,0,0,1
2,0.529,1,1,0
2,0.557,1,0,0
2,0.544,1,0,0
2,0.578999999999767,1,0,0
2,0.382,1,1,0
2,0.75,1,0,0
2,0.549,1,0,1
2,0.385,1,1,1
2,0.556,1,1,1
2,0.413,1,1,1
2,0.607000000000233,1,1,1
2,0.413,1,1,0
2,0.497000000000233,1,0,0
2,0.681,1,0,1
2,0.924,1,0,1
2,0.496,1,0,1
2,0.396,1,1,0
2,0.352,1,1,1
2,0.693,1,0,0
2,0.368,1,0,1
2,0.404,1,1,1
2,0.602,1,0,0
2,0.381,1,1,0
2,0.5,1,1,0
2,0.922,0,0,1
2,0.566,1,0,1
2,0.794,1,0,1
2,1.493,1,0,0
2,0.534,1,1,0
2,0.523000000000233,1,0,1
2,0.460000000000233,0,1,0
2,0.377,1,1,0
2,0.389000000000233,1,0,1
2,0.557,0,0,0
2,0.331999999999767,1,0,0
2,1.00899999999977,1,1,1
2,0.551,1,0,0
2,0.488,1,1,0
2,0.521999999999767,1,0,0
2,0.457,1,0,1
2,0.388999999999767,1,1,1
2,0.6,1,1,0
2,0.435,1,1,1
2,0.581,1,1,0
2,0.35,1,1,1
2,0.775,1,1,1
2,0.377000000000233,1,1,1
2,0.618,0,0,0
2,0.401,0,1,0
2,0.568,1,0,1
2,0.658000000000233,1,0,0
2,0.459000000000233,1,1,0
2,0.526999999999767,1,1,0
2,0.440999999999767,1,0,1
2,0.527,1,1,1
2,0.438,1,1,0
2,0.464,1,0,1
2,0.552999999999767,1,0,1
2,0.387,1,1,0
2,0.731999999999767,1,0,0
2,0.529,1,1,1
2,0.517,1,0,1
2,0.663,1,0,0
2,0.454,1,0,0
2,0.524999999999767,1,0,0
2,0.388,1,1,1
2,0.65,1,0,1
2,0.401,1,1,0
2,0.388,1,1,0
2,0.572,1,0,1
2,0.579,1,1,1
2,0.436000000000233,1,0,0
2,0.452,1,1,0
2,0.42,1,1,1
2,0.532,1,0,0
2,0.559000000000233,1,0,1
2,0.528,1,1,0
2,0.532,1,0,0
2,0.596,1,1,0
2,0.537,1,0,1
2,0.521,1,0,1
2,0.451999999999767,1,0,1
2,0.481,1,1,0
2,0.824,1,1,0
2,0.539,1,1,1
2,0.507,1,0,0
2,0.607999999999767,1,1,0
2,0.469,1,1,1
2,0.372,1,1,1
2,0.596,1,1,1
2,0.492,1,0,0
2,0.384,0,1,1
2,0.394,1,1,1
2,0.514,1,0,0
2,0.74,0,0,1
2,0.579999999999767,1,0,1
2,0.395,1,1,1
2,0.399,1,0,0
2,0.397000000000233,1,1,0
2,0.436999999999767,1,0,1
2,0.419,1,1,1
2,0.339,1,1,0
2,0.363,1,0,0
2,0.515,1,0,1
2,0.354,1,1,0
2,0.407,1,0,1
2,0.38,1,1,1
2,0.518000000000233,1,0,0
2,0.55,1,0,0
2,0.466,1,1,1
2,0.515,1,1,1
2,0.641999999999767,1,0,1
2,0.543999999999767,1,0,0
2,0.515,1,1,1
2,0.629000000000233,1,1,0
2,0.488,1,1,1
2,0.516,1,0,1
2,0.428,1,1,0
2,0.494999999999767,1,0,1
2,0.452000000000233,1,0,0
2,0.661,1,0,1
2,0.598999999999534,1,0,0
2,0.624000000000233,1,0,1
2,0.374000000000233,0,1,0
2,0.407,1,1,1
2,0.535000000000466,1,0,1
2,0.348,1,1,1
2,0.492000000000233,1,0,0
2,0.512999999999767,1,1,1
2,0.643999999999767,1,1,1
2,0.525,1,1,0
2,0.557000000000233,1,0,0
2,0.609,1,1,0
2,0.946000000000466,1,0,1
2,0.488000000000233,0,1,1
2,0.506,1,0,0
2,0.014,1,1,0
2,0.59,1,0,1
2,0.447,1,1,1
2,0.494,1,0,0
2,0.48,1,0,0
2,0.444,0,1,0
2,0.544,1,0,1
2,0.475,1,1,0
2,0.494,1,0,0
2,0.426,1,1,0
3,0.704199999928474,1,0,1
3,0.416399999976158,1,0,1
3,0.662600000023842,1,1,0
3,0.415100000023842,1,1,0
3,0.508,1,0,1
3,0.454199999928474,1,1,1
3,0.448599999904633,1,1,0
3,0.957100000023842,1,0,0
3,0.495100000023842,1,1,0
3,0.436799999952316,1,1,0
3,0.396399999976158,1,0,0
3,0.743799999952316,1,1,1
3,0.509099999904633,1,1,1
3,0.751100000023842,1,1,1
3,0.451599999904633,0,1,0
3,0.635,1,1,0
3,0.5345,1,1,1
3,0.466300000071526,1,1,1
3,0.6555,1,0,1
3,0.705100000023842,1,0,0
3,0.612900000095367,1,0,0
3,0.575399999976158,1,1,1
3,0.4255,1,1,1
3,0.741100000023842,0,0,1
3,0.450200000047684,1,0,1
3,0.376899999976158,1,1,0
3,0.426399999976158,1,0,0
3,0.511699999928474,1,0,1
3,0.625299999952316,1,0,1
3,0.729100000023842,1,1,1
3,0.463200000047684,1,1,0
3,0.486099999904633,1,0,0
3,0.486400000095367,1,1,0
3,0.432800000071526,1,1,1
3,0.481399999976158,1,0,1
3,0.628899999976158,1,1,0
3,0.484299999952316,0,0,0
3,0.712600000023842,1,0,0
3,0.639600000023842,1,1,0
3,0.573100000023842,1,0,1
3,0.816399999976158,1,1,1
3,0.549399999976158,1,0,1
3,0.616899999976158,1,0,1
3,0.442199999928474,1,1,1
3,0.439299999952316,1,0,0
3,0.390099999904633,1,0,0
3,0.346399999976158,1,0,0
3,0.357800000071526,1,0,0
3,0.609600000023842,0,0,1
3,0.340099999904633,1,0,0
3,0.337799999952316,1,1,1
3,0.546,0,1,1
3,0.372299999952316,1,1,1
3,0.303700000047684,1,0,0
3,0.377899999976158,0,1,0
3,0.595600000023842,1,0,1
3,0.645800000071526,1,1,1
3,0.459299999952316,1,0,0
3,0.471799999952316,1,0,1
3,0.354299999952316,1,1,1
3,0.361399999976158,1,1,0
3,0.3785,1,1,1
3,0.664799999952316,1,0,1
3,0.4475,1,1,1
3,0.376100000023842,0,0,0
3,0.347899999976158,1,1,0
3,0.355699999928474,1,1,0
3,0.532,1,0,1
3,0.404699999928474,1,1,0
3,0.4605,1,0,1
3,0.451699999928474,1,1,1
3,0.345099999904633,1,0,1
3,0.392899999976158,0,0,0
3,0.373,0,0,0
3,0.427,1,0,1
3,0.389399999976158,1,0,0
3,0.364300000071526,1,1,0
3,0.431600000023842,1,0,1
3,0.426899999976158,1,1,1
3,0.414200000047684,1,1,1
3,0.391899999976158,1,1,1
3,0.420700000047684,1,0,0
3,0.372100000023842,1,1,0
3,0.378100000023842,1,0,0
3,0.356200000047684,1,0,0
3,0.476700000047684,1,1,0
3,0.510100000023842,1,1,0
3,0.435799999952316,1,0,0
3,0.426600000023842,1,1,1
3,0.501899999976158,1,1,0
3,0.440699999928474,1,0,1
3,0.411600000023842,0,0,1
3,0.6435,1,1,0
3,0.769100000023842,1,0,0
3,0.798199999928474,1,0,1
3,0.6775,1,1,0
3,0.529799999952316,1,0,1
3,0.535,1,1,0
3,0.389100000023842,1,1,1
3,0.419199999928474,1,1,0
3,0.402199999928474,1,0,0
3,0.400400000095367,1,1,1
3,0.425599999904633,1,0,0
3,0.437599999904633,1,1,1
3,0.398299999952316,1,1,0
3,0.371799999952316,1,0,1
3,0.402399999976158,1,1,0
3,0.423899999976158,1,0,1
3,0.399199999928474,1,0,0
3,0.399300000071526,1,0,0
3,0.454399999976158,1,0,0
3,0.473900000095367,1,0,0
3,0.416700000047684,1,1,1
3,0.377800000071526,1,0,0
3,0.3985,1,0,0
3,0.371800000071526,1,0,1
3,0.438300000071526,1,0,0
3,0.4635,1,1,1
3,0.4955,1,0,0
3,0.469800000071526,0,1,0
3,0.662900000095367,1,0,0
3,0.624399999976158,1,1,1
3,0.379300000071526,1,0,1
3,0.350100000023842,0,1,1
3,0.460799999952316,1,1,0
3,0.423299999952316,1,1,0
3,0.398299999952316,1,0,1
3,0.404699999928474,1,1,0
3,0.912800000071526,0,0,1
3,1.10029999995232,1,1,0
3,0.464299999952316,1,1,1
3,0.653399999976158,1,1,0
3,0.434800000071526,1,0,1
3,0.407,1,1,1
3,0.457399999976158,1,0,1
3,0.425299999952316,1,1,1
3,0.883599999904633,1,1,0
3,0.526199999928474,1,0,1
3,0.457800000071526,1,0,1
3,0.612299999952316,1,1,1
3,0.6735,1,1,1
3,0.562399999976158,1,0,0
3,0.378299999952316,1,1,0
3,0.386900000095367,1,0,1
3,0.629799999952316,1,0,1
3,0.462900000095367,1,0,0
3,0.628700000047684,0,0,0
3,0.423600000023842,1,1,0
3,0.5415,1,0,0
3,0.397,1,0,1
3,0.488100000023842,1,0,1
3,0.979399999976158,1,1,1
3,0.889399999976158,1,1,1
3,0.525899999976158,1,0,0
3,0.419200000047684,1,1,1
3,0.521099999904633,1,1,1
3,0.522899999976158,1,1,0
3,0.809,1,0,1
3,0.580399999976158,1,1,1
3,0.652300000071526,1,1,1
3,0.553399999976158,1,0,1
3,0.505,1,0,0
3,0.667399999976158,1,0,0
3,0.664399999976158,1,0,0
3,0.624799999952316,1,1,0
3,0.511700000047684,1,0,1
3,0.479399999976158,1,0,1
3,0.566300000071526,1,0,0
3,0.518799999952316,1,0,0
3,0.648899999976158,1,1,1
3,0.594099999904633,1,1,0
3,0.402299999952316,1,0,1
3,0.350399999976158,1,0,1
3,0.591600000023842,0,0,1
3,0.564,1,1,0
3,0.601399999976158,1,1,0
3,0.436099999904633,1,1,1
3,0.444700000047684,1,0,0
3,0.451,1,1,0
3,0.393,1,1,0
3,0.381899999976158,1,0,1
3,0.438200000047684,0,1,0
3,0.594299999952316,1,0,0
3,0.390100000023842,1,1,0
3,0.569799999952316,1,1,1
3,0.5905,1,1,1
3,0.4715,1,1,0
3,0.386299999952316,1,1,1
3,0.317600000023842,0,1,0
3,0.497200000047684,1,0,1
3,0.487100000023842,1,1,1
3,0.499299999952316,1,0,0
3,0.655100000023842,0,0,0
3,0.409200000047684,1,0,1
3,0.7085,1,1,1
3,0.644100000023842,1,1,1
3,0.681799999952316,1,0,1
3,0.519600000023842,1,0,0
3,0.591300000071526,1,0,0
3,1.26389999997616,1,0,1
3,0.5465,1,1,0
3,0.478199999928474,1,1,0
3,0.492899999976158,1,1,1
3,0.705199999928474,1,0,1
3,0.493200000047684,1,0,1
3,0.484,1,0,1
3,0.514299999952316,1,0,1
3,0.493800000071526,1,1,0
3,0.493899999976158,1,1,1
3,0.520900000095367,1,0,1
3,0.406,1,0,1
3,0.435399999976158,1,1,0
3,0.609399999976158,1,1,0
3,0.524700000047684,1,1,0
3,0.336099999904633,1,0,0
3,0.425800000071526,1,0,0
3,0.387300000071526,1,1,0
3,0.304399999976158,1,0,0
3,0.385799999952316,1,0,0
3,0.375199999928474,1,1,0
3,0.224,1,0,0
3,0.334199999928474,1,0,0
3,0.4025,1,0,0
3,0.336800000071526,1,1,1
3,0.202399999976158,1,1,0
3,0.305100000023842,0,1,1
3,0.652300000071526,1,1,1
3,0.323100000023842,1,1,1
3,0.303600000023842,1,1,1
3,0.403400000095367,1,1,0
3,0.380100000023842,1,0,1
3,0.594099999904633,1,1,1
3,0.417899999976158,1,1,0
3,0.362799999952316,1,1,0
3,0.324,1,1,1
3,0.420599999904633,0,0,0
3,0.705299999952316,1,0,0
3,0.414299999952316,1,0,1
3,0.460400000095367,1,0,1
3,0.478600000023842,1,1,1
3,0.530600000023842,1,0,1
3,0.361,1,1,0
3,0.604400000095367,1,0,1
3,0.357399999976158,1,0,0
3,0.514800000071526,1,0,0
3,0.398800000071526,1,1,0
3,0.4895,1,0,1
3,0.4805,0,1,0
3,0.596700000047684,1,0,0
3,0.504799999952316,1,1,1
3,0.379899999976158,1,1,1
3,0.470700000047684,1,0,0
3,0.480099999904633,1,1,0
3,0.524199999928474,1,0,0
3,0.450899999976158,1,1,0
3,0.421,0,0,0
3,0.675600000023842,0,1,0
3,0.451700000047684,1,1,1
3,0.926100000023842,1,1,0
3,0.580400000095367,1,0,1
3,0.384399999976158,1,0,1
3,0.384399999976158,1,0,1
3,0.406199999928474,1,0,0
3,0.361299999952316,1,1,1
3,0.509100000023842,1,1,0
3,0.355899999976158,1,0,0
3,0.412699999928474,1,1,1
3,0.318600000023842,1,1,1
3,0.417400000095367,1,0,0
3,0.435600000023842,1,0,1
3,0.3855,1,1,0
3,0.507199999928474,1,0,0
3,0.375199999928474,1,0,1
3,0.489700000047684,0,0,1
3,0.458800000071526,1,0,1
3,0.425899999976158,1,1,1
3,0.608299999952316,1,1,1
3,0.867,1,1,0
3,1.07130000007153,1,1,1
3,0.802799999952316,0,1,0
3,0.6185,1,1,1
3,0.662899999976158,1,0,1
3,0.674599999904633,1,0,0
3,0.64,1,1,1
3,0.4935,1,1,1
3,0.531299999952316,1,1,0
3,0.693,1,0,1
3,0.887399999976158,1,0,0
4,0.484800000000745,1,1,0
4,0.3805,1,0,1
4,0.528699999999255,1,0,0
4,0.530800000000745,1,0,1
4,0.448300000000745,1,0,0
4,0.347199999999255,1,1,1
4,0.320900000000373,1,1,0
4,0.562700000001118,0,0,1
4,0.617099999999627,1,0,1
4,0.436199999999255,1,1,1
4,0.419400000000373,1,1,1
4,0.294,1,1,0
4,0.5605,1,0,0
4,0.334299999998882,1,1,0
4,0.552199999999255,1,0,1
4,0.364700000001118,1,1,0
4,0.336900000000373,1,1,1
4,0.502300000000745,1,0,1
4,0.338400000000373,1,1,0
4,0.400599999999627,1,0,0
4,0.34310000000149,1,1,0
4,0.666400000000373,1,0,0
4,0.5375,1,0,0
4,0.598299999998882,1,0,0
4,0.417,1,1,0
4,0.442300000000745,1,1,0
4,0.379900000000373,1,1,0
4,0.57189999999851,1,0,0
4,0.5555,1,1,1
4,0.647099999999627,1,0,1
4,0.318099999999627,1,1,0
4,0.510099999999627,0,1,1
4,0.612,1,0,0
4,0.454,1,0,1
4,0.532799999998882,1,0,1
4,0.498599999999627,1,0,1
4,0.409400000000373,1,1,1
4,0.408,1,1,1
4,0.332199999999255,1,1,1
4,0.362199999999255,1,1,1
4,0.468699999999255,1,0,0
4,0.441200000001118,1,0,1
4,0.40160000000149,1,1,0
4,0.4555,1,0,0
4,0.450599999999627,1,0,0
4,0.39210000000149,1,1,1
4,0.564900000000373,1,1,1
4,0.376900000000373,1,0,1
4,0.357900000000373,0,1,1
4,0.376599999999627,1,1,0
4,0.446699999999255,1,0,1
4,0.513699999999255,1,1,1
4,0.379900000000373,1,1,1
4,0.407699999999255,1,1,1
4,0.496700000001118,0,1,0
4,0.425200000001118,1,1,0
4,0.630699999999255,1,0,1
4,0.387599999999627,1,0,0
4,0.465599999999627,1,0,1
4,0.407200000001118,1,1,1
4,0.366,1,1,1
4,0.355,0,1,0
4,0.562299999998882,1,0,0
4,0.612699999999255,1,0,0
4,0.401599999999627,1,1,0
4,0.597800000000745,1,0,0
4,0.595900000000373,1,0,0
4,0.56360000000149,1,0,1
4,0.607,1,0,0
4,0.466799999998882,1,1,1
4,0.548099999999627,1,0,1
4,0.524299999998882,1,1,1
4,0.647099999999627,1,1,0
4,0.854199999999255,1,1,0
4,0.846099999999627,1,0,1
4,0.462300000000745,1,1,0
4,0.439699999999255,1,1,0
4,0.809799999998882,1,0,1
4,0.449800000000745,1,1,0
4,0.474099999999627,1,0,0
4,0.36360000000149,1,0,0
4,0.520400000000373,1,1,1
4,0.969300000000745,1,0,0
4,0.552800000000745,1,0,1
4,0.379699999999255,1,0,0
4,0.40160000000149,1,1,0
4,0.51839999999851,1,0,1
4,0.3795,1,0,1
4,0.648,1,0,0
4,0.365599999999627,1,1,1
4,0.444099999999627,1,0,1
4,0.604900000000373,1,0,1
4,0.396699999999255,1,1,0
4,0.674900000000373,1,1,1
4,0.582400000000373,1,0,0
4,0.493900000000373,1,1,1
4,0.409299999998882,1,0,0
4,0.352800000000745,1,1,0
4,0.394299999998882,1,0,0
4,0.288,1,1,1
4,0.399099999999627,1,1,0
4,0.4015,1,1,0
4,0.38,1,0,0
4,0.453599999999627,1,1,0
4,0.458400000000373,1,1,1
4,0.468799999998882,1,1,1
4,0.367099999999627,1,0,1
4,0.380099999999627,1,0,0
4,0.39960000000149,1,1,0
4,0.3915,1,0,0
4,0.3805,1,1,1
4,0.544599999999627,1,1,0
4,0.420099999999627,1,1,0
4,0.428099999999627,1,1,1
4,0.3885,1,0,1
4,0.4675,1,0,0
4,0.398099999999627,1,1,1
4,0.711699999999255,1,0,1
4,0.43960000000149,1,0,1
4,0.71310000000149,0,0,1
4,0.427799999998882,1,1,1
4,0.453099999999627,1,0,1
4,0.850800000000745,1,1,0
4,0.512400000000373,1,0,0
4,0.476799999998882,1,1,0
4,0.503099999999627,1,1,1
4,0.3865,1,1,1
4,0.478400000000373,1,0,0
4,0.453099999999627,1,0,1
4,0.5415,1,0,1
4,0.516599999999627,1,0,0
4,0.611799999998882,1,0,0
4,0.436300000000745,1,0,1
4,0.563,1,0,1
4,0.389900000000373,1,1,1
4,0.339599999999627,1,1,1
4,0.453700000001118,1,0,1
4,0.488400000000373,1,0,0
4,0.464099999999627,1,1,1
4,0.396,1,1,0
4,0.428300000000745,1,0,0
4,0.554699999999255,1,1,0
4,0.550400000000373,1,0,1
4,0.3885,1,1,0
4,0.4485,0,1,0
4,0.372599999999627,1,0,1
4,0.362900000000373,0,1,0
4,0.440699999999255,1,0,0
4,0.524300000000745,1,1,1
4,0.388099999999627,1,0,0
4,0.356599999999627,1,0,1
4,0.378199999999255,1,0,1
4,0.355900000000373,1,1,1
4,0.481699999999255,1,1,0
4,0.378299999998882,0,1,1
4,0.455,0,1,1
4,0.505400000000373,1,0,1
4,0.757,1,0,1
4,0.516299999998882,1,1,0
4,0.386800000000745,1,0,1
4,0.3955,1,0,0
4,0.4715,1,0,1
4,0.416599999999627,1,0,1
4,0.565800000000745,1,0,0
4,0.336,1,1,1
4,0.368799999998882,1,1,1
4,0.467099999999627,1,0,1
4,0.360699999999255,1,1,1
4,0.491400000000373,1,0,1
4,0.41860000000149,1,1,0
4,0.439,1,0,0
4,0.408300000000745,1,0,0
4,0.5955,1,0,0
4,0.683200000001118,1,0,0
4,0.4935,1,1,1
4,0.573099999999627,1,1,1
4,0.539300000000745,1,0,0
4,0.48989999999851,1,0,0
4,0.426200000001118,1,1,0
4,0.470699999999255,1,1,0
4,0.571200000001118,1,1,0
4,0.516800000000745,1,1,1
4,0.658599999999627,1,1,1
4,0.5375,1,1,0
4,0.495200000001118,1,1,0
4,0.305599999999627,1,1,0
4,0.279599999999627,0,1,1
4,0.45639999999851,1,0,0
4,0.382,1,0,1
4,0.755099999999627,1,0,1
4,0.435699999999255,1,0,0
4,0.570199999999255,0,1,0
4,0.632300000000745,1,1,0
4,0.376800000000745,1,1,1
4,0.227400000000373,0,1,0
4,0.436799999998882,0,0,0
4,0.452,1,0,1
4,0.523,1,1,1
4,0.694900000000373,1,0,1
4,0.407,0,0,1
4,0.636,1,1,1
4,0.733700000001118,1,1,0
4,0.467300000000745,1,1,0
4,0.455099999999627,1,0,0
4,0.650199999999255,1,1,1
4,0.695699999999255,1,1,1
4,0.443599999999627,0,1,0
4,0.471300000000745,1,1,1
4,1.00510000000149,1,0,1
4,0.511699999999255,1,0,1
4,0.405700000001118,1,0,0
4,0.362599999999627,1,1,0
4,0.74139999999851,1,0,1
4,0.509800000000745,1,0,1
4,0.476700000001118,1,0,0
4,0.55260000000149,1,1,0
4,0.381700000001118,1,0,1
4,0.390599999999627,1,1,0
4,0.432800000000745,1,0,0
4,0.3745,1,1,0
4,0.390599999999627,1,1,0
4,0.5365,1,0,0
4,0.352099999999627,1,1,0
4,0.436099999999627,1,0,1
4,0.443099999999627,1,1,0
4,0.48139999999851,1,0,0
4,0.544900000000373,1,0,0
4,1.09740000000037,1,0,0
4,0.386300000000745,1,1,1
4,0.362800000000745,1,1,1
4,0.487400000000373,1,0,0
4,0.583300000000745,1,0,1
4,0.492900000000373,1,0,0
4,0.630699999999255,1,1,1
4,0.548699999999255,1,1,1
4,0.4755,1,1,1
4,0.445299999998882,1,1,1
4,0.455200000001118,1,0,1
4,0.396099999999627,1,0,0
4,0.416099999999627,1,0,1
4,0.546300000000745,1,0,0
4,0.295199999999255,1,1,1
4,0.310299999998882,1,1,0
4,0.499900000000373,1,1,0
4,0.453900000000373,1,1,1
4,1.22040000000037,1,0,0
4,0.458199999999255,1,1,1
4,0.435900000000373,1,0,1
4,0.460599999999627,1,0,1
4,0.359599999999627,1,1,1
4,0.376099999999627,1,1,0
4,0.381800000000745,1,1,0
4,0.426099999999627,1,0,0
4,0.412099999999627,1,0,1
4,0.438299999998882,1,1,0
4,0.381,1,0,1
4,0.4915,1,0,0
4,0.767699999999255,1,1,0
4,0.5265,1,0,1
4,0.624099999999627,1,0,1
4,0.541400000000373,1,1,1
4,0.658599999999627,1,1,1
4,0.44510000000149,1,1,0
4,0.484,1,1,0
4,0.448599999999627,1,0,0
4,0.425400000000373,1,1,1
4,0.405599999999627,1,1,1
4,0.381099999999627,1,0,1
4,0.529700000001118,1,0,0
4,0.468599999999627,1,1,0
4,0.469799999998882,1,0,0
4,0.483699999999255,1,0,0
4,0.402200000001118,1,1,1
4,0.523099999999627,1,0,0
4,0.478300000000745,1,0,1
4,0.41339999999851,1,1,1
4,0.651700000001118,1,1,0
4,0.391400000000373,1,1,0
4,0.383800000000745,1,0,0
4,0.48439999999851,1,1,0
4,0.486699999999255,1,0,0
4,0.6405,1,0,1
4,0.561,1,0,1
4,0.764900000000373,1,1,1
4,0.544400000000373,1,1,1
4,0.414800000000745,1,0,1
4,0.393800000000745,1,0,1
4,0.381300000000745,1,0,0
5,0.568,1,1,0
5,0.52709999999404,1,0,1
5,0.521,0,1,1
5,0.69090000000596,1,0,1
5,0.67259999999404,1,0,1
5,0.37240000000596,1,1,0
5,0.391699999988079,1,1,0
5,0.407800000011921,1,0,0
5,0.446399999976158,1,1,0
5,0.5375,1,1,1
5,0.481799999982119,1,1,1
5,0.454300000011921,1,0,0
5,0.48,1,1,1
5,0.417199999988079,1,0,1
5,0.389199999988079,1,1,0
5,0.424700000017881,1,0,1
5,0.43,1,0,1
5,0.416800000011921,1,0,0
5,0.4225,1,1,1
5,0.39709999999404,1,0,1
5,0.41840000000596,1,0,1
5,0.38290000000596,1,0,0
5,0.424100000023842,1,0,0
5,0.40240000000596,1,1,0
5,0.425,1,1,0
5,0.433600000023842,1,0,0
5,0.4515,1,1,1
5,0.51359999999404,1,0,1
5,0.434800000011921,1,0,0
5,0.367699999988079,1,1,0
5,0.451800000011921,1,0,0
5,0.3745,1,1,1
5,0.472299999982119,1,1,0
5,0.417600000023842,1,0,1
5,0.401,1,1,0
5,0.414800000011921,1,0,0
5,0.454699999988079,1,1,0
5,0.409299999982119,1,0,0
5,0.442200000017881,0,0,1
5,0.425800000011921,1,1,0
5,0.44890000000596,1,1,1
5,0.564299999982119,1,0,1
5,0.435,1,1,1
5,0.43159999999404,1,0,0
5,0.418199999988079,1,0,0
5,0.532799999982119,1,1,1
5,0.44609999999404,1,1,1
5,0.426,0,1,1
5,0.510399999976158,1,1,0
5,0.396,1,1,0
5,0.501199999988079,1,0,1
5,0.46409999999404,1,1,0
5,0.487,1,0,1
5,0.708300000011921,1,0,1
5,0.54959999999404,1,1,1
5,0.42540000000596,1,0,0
5,0.60240000000596,1,1,1
5,0.4885,1,0,1
5,0.427700000017881,1,1,0
5,0.569299999982119,1,0,1
5,0.422299999982119,1,1,0
5,0.504,1,1,1
5,0.41059999999404,1,1,0
5,0.428699999988079,1,0,0
5,0.46509999999404,1,1,1
5,0.441200000017881,0,0,1
5,0.384,1,0,0
5,0.44540000000596,1,0,0
5,0.795800000011921,1,1,1
5,0.43259999999404,1,0,0
5,0.406399999976158,1,0,1
5,0.40609999999404,1,1,1
5,0.483799999982119,1,0,1
5,0.426699999988079,1,0,0
5,0.4085,1,1,0
5,0.46740000000596,0,1,1
5,0.533,1,1,1
5,0.4215,1,1,0
5,0.436299999982119,1,0,1
5,0.45709999999404,1,1,1
5,0.462799999982119,1,0,1
5,0.376199999988079,1,0,0
5,0.449,1,1,1
5,0.474699999988079,1,1,1
5,0.459799999982119,1,1,0
5,0.42559999999404,1,1,0
5,0.6005,1,0,0
5,0.417700000017881,1,1,0
5,0.4305,1,0,1
5,0.435300000011921,1,0,0
5,0.41459999999404,1,0,0
5,0.40059999999404,0,0,1
5,0.441300000011921,1,0,0
5,0.480199999988079,1,0,0
5,0.41440000000596,1,1,0
5,0.427299999982119,1,1,1
5,0.747700000017881,1,1,0
5,0.390299999982119,1,1,0
5,0.426299999982119,1,0,1
5,0.484699999988079,1,0,0
5,0.406600000023842,1,1,0
5,0.418699999988079,1,1,1
5,0.44590000000596,1,0,1
5,0.412,1,1,1
5,0.426300000011921,0,1,1
5,0.52259999999404,0,0,1
5,0.471799999982119,1,1,1
5,0.408699999988079,1,1,0
5,0.416199999988079,1,0,0
5,0.404700000017881,1,0,0
5,0.438300000011921,1,0,0
5,0.460600000023842,0,1,1
5,0.45040000000596,1,0,0
5,0.413799999982119,1,0,0
5,0.507199999988079,1,0,1
5,0.424699999988079,1,1,0
5,0.44359999999404,1,1,0
5,0.425300000011921,1,0,0
5,0.4305,1,0,0
5,0.703600000023842,1,0,1
5,0.511699999988079,1,1,1
5,0.438800000011921,1,0,1
5,0.497699999988079,1,1,1
5,0.456700000017881,1,0,1
5,0.453699999988079,1,1,0
5,0.45459999999404,1,0,1
5,0.497,1,1,1
5,0.46959999999404,1,0,1
5,0.478300000011921,1,1,1
5,0.462,1,0,1
5,0.467800000011921,1,0,0
5,0.490199999988079,1,0,1
5,0.442,1,1,0
5,0.41609999999404,1,1,0
5,0.43840000000596,1,0,0
5,0.422800000011921,1,0,0
5,0.468399999976158,1,1,0
5,0.461800000011921,1,0,0
5,0.41190000000596,1,1,1
5,0.469300000011921,1,1,1
5,0.433800000011921,1,1,1
5,0.416800000011921,1,1,0
5,0.438299999982119,1,0,1
5,0.477600000023842,1,1,0
5,0.392300000011921,1,1,1
5,0.37790000000596,1,0,0
5,0.3845,1,0,1
5,0.371,1,1,0
5,0.369699999988079,1,1,1
5,0.373799999982119,1,0,1
5,0.39459999999404,1,0,0
5,0.39959999999404,1,0,1
5,0.41890000000596,1,0,0
5,0.4105,1,0,1
5,0.394799999982119,1,1,0
5,0.38559999999404,1,0,1
5,0.333200000017881,1,1,1
5,0.41940000000596,1,1,1
5,0.393699999988079,1,0,0
5,0.382699999988079,1,1,0
5,0.565800000011921,1,0,0
5,0.657,1,1,1
5,0.359299999982119,1,0,0
5,0.38209999999404,1,0,1
5,0.337800000011921,1,0,0
5,0.392699999988079,1,0,1
5,0.38509999999404,1,1,1
5,0.380100000023842,1,1,1
5,0.383399999976158,0,0,0
5,0.331699999988079,1,1,0
5,0.385300000011921,1,1,0
5,0.554799999982119,1,0,1
5,0.335699999988079,1,0,0
5,0.363899999976158,1,1,0
5,0.368,1,1,1
5,0.44390000000596,1,0,1
5,0.544,1,1,1
5,0.384,1,1,1
5,0.408699999988079,1,1,0
5,0.4295,1,0,1
5,0.365300000011921,1,0,0
5,0.36209999999404,1,1,0
5,0.382700000017881,1,1,0
5,0.374299999982119,1,1,0
5,0.4115,0,0,1
5,0.383,1,0,0
5,0.4315,1,1,1
5,0.424,1,0,1
5,0.37290000000596,1,1,1
5,0.366,1,0,0
5,0.367,1,1,0
5,0.456199999988079,1,1,0
5,0.39359999999404,1,0,0
5,0.402100000023842,1,1,0
5,0.348699999988079,1,1,1
5,0.414199999988079,1,1,1
5,0.439800000011921,1,0,0
5,0.83790000000596,1,0,0
5,0.4485,1,0,1
5,0.397800000011921,1,0,0
5,0.3865,1,0,0
5,0.437300000011921,1,0,1
5,0.38140000000596,1,0,1
5,0.3665,1,1,0
5,0.398399999976158,1,1,1
5,0.386800000011921,1,0,0
5,0.438799999982119,1,0,1
5,0.388799999982119,1,0,0
5,0.396199999988079,1,1,1
5,0.382100000023842,1,1,0
5,0.4715,1,1,1
5,0.3915,1,0,1
5,0.456300000011921,1,1,1
5,0.383800000011921,1,0,0
5,0.38009999999404,1,1,0
5,0.420199999988079,0,1,1
5,0.3625,1,1,1
5,0.4005,1,0,0
5,0.433800000011921,1,0,1
5,0.424799999982119,1,0,1
5,0.421600000023842,1,1,0
5,0.38590000000596,1,1,1
5,0.410800000011921,1,1,0
5,0.36890000000596,1,0,0
5,0.37159999999404,1,1,0
5,0.41540000000596,1,1,0
5,0.48609999999404,1,0,1
5,0.395699999988079,1,0,1
5,0.346799999982119,1,1,0
5,0.79540000000596,1,1,1
5,0.439100000023842,1,0,1
5,0.33309999999404,1,0,0
5,0.444600000023842,1,1,1
5,0.374299999982119,1,0,0
5,0.39790000000596,1,0,1
5,0.3615,1,1,0
5,0.37509999999404,1,0,1
5,0.37959999999404,1,1,1
5,0.407600000023842,1,1,0
5,0.45,1,1,0
5,0.37459999999404,1,0,1
5,0.389700000017881,1,1,0
5,0.3865,1,0,0
5,0.380100000023842,1,1,1
5,0.368300000011921,1,0,1
5,0.39259999999404,1,1,0
5,0.3655,1,1,0
5,0.37159999999404,1,1,1
5,0.35659999999404,1,0,1
5,0.44740000000596,1,1,1
5,0.384,1,0,0
5,0.473200000017881,1,0,1
5,0.433299999982119,1,1,1
5,0.439799999982119,0,0,1
5,0.5275,1,1,1
5,0.398600000023842,1,0,1
5,0.385399999976158,1,0,1
5,0.373,1,1,0
5,0.429,1,0,1
5,0.387800000011921,1,1,0
5,0.415,1,1,1
5,0.389200000017881,1,0,0
5,0.41459999999404,1,0,0
5,0.37959999999404,1,1,1
5,0.41459999999404,1,1,0
5,0.40109999999404,1,1,1
5,0.52009999999404,1,0,0
5,0.33309999999404,1,1,1
5,0.37240000000596,1,1,1
5,0.42059999999404,1,1,0
5,0.34590000000596,1,0,0
5,0.40559999999404,1,0,0
5,0.37040000000596,1,1,0
5,0.367699999988079,1,0,1
5,0.375200000017881,1,1,1
5,0.422700000017881,1,0,1
5,0.35309999999404,1,0,0
5,0.35990000000596,1,1,0
5,0.374899999976158,1,0,0
5,0.372600000023842,1,1,0
5,0.35859999999404,1,1,1
5,0.399,1,0,0
5,0.357300000011921,1,1,0
5,0.364699999988079,1,0,0
5,0.36690000000596,1,0,1
5,0.370799999982119,1,0,1
5,0.34859999999404,1,0,0
6,0.470399999976158,1,1,1
6,1.45739999997616,1,0,1
6,1.29830000007153,1,0,1
6,1.32220000004768,1,0,0
6,1.20720000004768,1,1,0
6,1.27879999995232,1,0,1
6,1.30479999995232,1,0,1
6,1.25010000002384,1,0,0
6,1.1215,0,0,0
6,1.25089999997616,1,1,1
6,1.161,1,1,1
6,1.21079999995232,1,1,1
6,1.437,1,0,0
6,1.25910000002384,1,1,0
6,1.30369999992847,1,0,1
6,1.23519999992847,0,1,0
6,1.342,1,0,1
6,1.25720000004768,1,1,0
6,1.37420000004768,1,0,0
6,1.2095,0,1,0
6,1.64770000004768,1,0,1
6,1.35609999990463,1,0,0
6,1.15720000004768,1,1,0
6,1.3375,1,0,0
6,1.32279999995232,1,1,1
6,1.43530000007153,1,0,1
6,1.25389999997616,0,1,0
6,1.28840000009537,1,1,0
6,1.18769999992847,0,1,0
6,1.309,1,0,0
6,1.67679999995232,0,0,1
6,1.14409999990463,1,1,0
6,1.20860000002384,1,1,0
6,1.15929999995232,1,1,1
6,1.21310000002384,1,0,0
6,1.252,1,0,1
6,1.29660000002384,0,0,0
6,1.145,0,1,0
6,1.29120000004768,1,0,1
6,1.01929999995232,1,0,1
6,1.20410000002384,0,1,1
6,1.1285,0,1,1
6,1.23879999995232,0,1,1
6,0.949,0,1,1
6,0.867899999976158,0,0,0
6,1.26860000002384,0,1,1
6,1.48380000007153,1,0,0
6,1.26289999997616,1,1,1
6,0.4155,1,0,0
6,1.30430000007153,1,1,0
6,1.32160000002384,1,0,0
6,1.2145,1,1,0
6,1.39229999995232,1,0,0
6,1.41710000002384,0,0,0
6,1.30539999997616,1,1,0
6,1.71179999995232,0,1,1
6,1.31739999997616,1,1,0
6,1.28910000002384,0,0,1
6,1.31540000009537,1,0,0
6,1.23210000002384,0,1,0
6,1.29440000009537,0,0,0
6,1.284,1,1,1
6,1.34729999995232,1,0,1
6,1.32610000002384,0,1,0
6,1.27410000002384,1,0,1
6,1.29260000002384,1,0,1
6,1.29360000002384,1,0,0
6,1.3385,1,0,1
6,1.25789999997616,1,1,0
6,1.20939999997616,1,0,1
6,1.48230000007153,0,0,1
6,1.34079999995232,1,0,1
6,1.27110000002384,0,1,1
6,1.43520000004768,1,0,1
6,1.30979999995232,1,1,0
6,1.34120000004768,1,1,1
6,1.47989999997616,0,0,1
6,1.27960000002384,0,1,0
6,1.29770000004768,1,0,0
6,1.23740000009537,0,1,1
6,1.23970000004768,0,1,0
6,1.569,1,0,0
6,1.243,1,1,1
6,1.31360000002384,0,1,1
6,1.48110000002384,1,0,1
6,1.3325,0,1,1
6,1.31470000004768,0,1,1
6,1.20329999995232,1,1,1
6,1.29769999992847,0,1,0
6,1.25219999992847,1,1,1
6,1.35009999990463,1,0,0
6,1.34169999992847,1,0,0
6,1.40029999995232,1,0,1
6,1.32239999997616,1,1,0
6,1.105,1,1,1
6,1.27129999995232,1,0,0
6,0.984200000047684,1,0,0
6,1.3165,1,1,0
6,1.36269999992847,1,0,0
6,1.32720000004768,1,0,0
6,1.31460000002384,1,0,0
6,1.35259999990463,1,0,0
6,1.3225,1,1,1
6,1.28860000002384,1,1,1
6,1.28129999995232,0,0,0
6,1.22430000007153,1,1,1
6,1.384,1,1,0
6,1.22739999997616,1,1,0
6,1.23030000007153,1,1,0
6,1.07719999992847,1,1,0
6,1.40589999997616,1,0,1
6,1.303,0,1,0
6,1.30109999990463,0,0,0
6,1.3445,1,0,0
6,1.40810000002384,1,0,0
6,1.20760000002384,0,1,0
6,1.27689999997616,1,1,1
6,1.285,1,1,1
6,1.31259999990463,1,0,1
6,1.23660000002384,1,1,1
6,1.40570000004768,1,0,1
6,1.278,0,1,1
6,1.26580000007153,1,1,0
6,1.54290000009537,0,0,1
6,1.33289999997616,1,0,1
6,1.22069999992847,1,0,1
6,1.14010000002384,0,0,0
6,1.25089999997616,1,1,1
6,1.26170000004768,0,1,1
6,1.2735,0,1,1
6,1.28740000009537,1,0,0
6,1.48790000009537,1,0,0
6,1.215,1,1,0
6,1.36170000004768,1,0,1
6,1.47070000004768,0,0,1
6,1.45789999997616,1,0,1
6,1.48260000002384,1,0,1
6,1.37570000004768,1,0,1
6,1.27830000007153,1,1,1
6,1.18429999995232,0,1,0
6,1.43739999997616,1,1,0
6,1.8825,1,1,0
6,1.45860000002384,0,0,1
6,1.28360000002384,0,1,1
6,0.338099999904633,1,1,0
6,1.21109999990463,1,1,1
6,1.26510000002384,0,1,0
6,1.35320000004768,0,0,1
6,1.39989999997616,1,0,0
6,1.2795,1,1,0
6,1.16060000002384,1,1,0
6,1.332,1,0,1
6,1.37920000004768,1,0,0
6,1.33220000004768,1,1,0
6,1.39369999992847,1,0,0
6,1.46529999995232,1,0,1
6,1.26720000004768,0,1,0
6,1.36809999990463,1,0,1
6,1.38730000007153,1,1,0
6,1.45039999997616,1,1,0
6,1.432,1,0,1
6,1.3255,1,1,1
6,1.24989999997616,0,1,1
6,1.39129999995232,1,0,0
6,1.43429999995232,1,0,1
6,1.32979999995232,0,0,0
6,1.4105,0,1,1
6,1.33039999997616,1,1,1
6,1.364,1,0,1
6,1.38839999997616,1,1,0
6,1.317,1,1,0
6,1.93080000007153,1,0,0
6,1.32420000004768,1,0,1
6,1.28060000002384,1,1,1
6,1.30870000004768,1,0,0
6,1.36270000004768,0,1,1
6,1.3545,1,0,1
6,1.35380000007153,0,0,0
6,1.3855,1,0,0
6,1.28230000007153,0,1,0
6,1.23380000007153,1,1,1
6,1.31039999997616,1,0,1
6,1.30839999997616,1,0,0
6,1.37979999995232,1,0,1
6,1.30770000004768,1,1,0
6,1.38170000004768,1,0,1
6,1.237,1,1,1
6,1.327,0,0,0
6,1.32529999995232,1,0,0
6,1.227,1,1,1
6,1.28260000002384,1,1,1
6,1.21280000007153,1,1,1
6,0.348399999976158,0,1,1
6,1.273,1,0,0
6,1.29360000002384,1,1,1
6,1.40959999990463,0,0,1
6,1.34009999990463,1,0,1
6,1.02889999997616,0,1,0
6,1.21510000002384,1,0,0
6,1.13,1,0,1
6,0.925099999904633,0,1,0
6,1.07590000009537,1,0,0
6,1.25420000004768,1,0,0
6,1.24129999995232,0,0,0
6,1.26989999997616,0,0,1
6,1.27530000007153,1,1,1
6,1.3435,0,0,0
6,1.10069999992847,1,1,0
6,1.19810000002384,0,1,1
6,1.33559999990463,0,0,1
6,1.20329999995232,0,1,0
6,1.36389999997616,1,1,1
6,1.44689999997616,1,0,0
6,1.27569999992847,1,1,0
6,1.30180000007153,1,1,1
6,1.23040000009537,0,1,1
6,1.50710000002384,1,0,1
6,1.27340000009537,1,1,0
6,1.26920000004768,0,1,0
6,1.3475,0,0,0
6,1.30869999992847,0,1,1
6,1.20389999997616,1,1,1
6,1.5455,0,0,1
6,1.69689999997616,0,0,1
6,1.24010000002384,1,0,0
6,1.34060000002384,1,0,0
6,1.3025,1,1,0
6,1.30189999997616,1,1,0
6,1.454,1,0,0
6,1.32169999992847,1,1,0
6,1.31969999992847,1,1,1
6,1.27589999997616,1,0,1
6,1.596,1,0,1
6,1.30879999995232,1,1,0
6,1.72869999992847,1,0,1
6,1.31410000002384,1,1,1
6,1.30539999997616,1,1,1
6,1.32060000002384,0,1,0
6,1.48229999995232,1,0,1
6,1.45070000004768,1,0,0
6,0.4575,1,1,1
6,1.39729999995232,1,0,0
6,1.32559999990463,1,0,0
6,1.54070000004768,0,0,1
6,1.37570000004768,1,0,1
6,1.29310000002384,1,1,1
6,1.27010000002384,1,1,0
6,1.2795,1,1,0
6,1.48359999990463,1,0,0
6,1.31310000002384,1,1,0
6,1.34239999997616,1,1,1
6,1.48120000004768,1,0,0
6,1.2345,1,1,1
6,1.37339999997616,1,0,1
6,1.27110000002384,1,1,0
6,1.29620000004768,1,1,0
6,1.292,1,1,0
6,1.22280000007153,1,1,1
6,1.41870000004768,0,0,1
6,1.267,0,1,0
6,1.39389999997616,1,0,0
6,1.33020000004768,0,0,1
6,1.45230000007153,1,1,0
6,1.45120000004768,1,0,1
6,1.456,0,0,1
6,1.86260000002384,1,1,1
6,1.3275,1,0,0
6,1.4635,1,0,1
6,1.359,1,1,0
6,1.43159999990463,1,0,0
6,1.32589999997616,1,1,1
6,1.32870000004768,1,1,0
6,1.74320000004768,1,0,1
6,1.28860000002384,1,1,1
6,1.26180000007153,1,1,1
6,1.28530000007153,1,1,0
6,1.37930000007153,0,0,0
6,1.39739999997616,0,0,1
6,1.465,0,0,1
6,1.33410000002384,0,1,1
6,1.33629999995232,1,0,0
6,1.24289999997616,0,1,1
6,1.29289999997616,1,1,0
6,1.37879999995232,1,0,0
6,1.31040000009537,1,0,0
6,1.3525,1,1,1
6,1.30579999995232,1,0,0
6,1.34579999995232,0,0,1
7,0.8465,1,0,1
7,0.518800000190735,1,1,0
7,0.436,1,1,1
7,0.61,1,0,0
7,0.651400000095367,1,0,1
7,0.772799999952316,1,0,0
7,0.514400000095367,1,0,1
7,0.498700000047684,1,0,0
7,0.743099999904633,1,0,0
7,0.571700000047684,1,0,1
7,0.592600000143051,1,1,1
7,0.624900000095367,1,0,1
7,0.503,1,1,0
7,0.574400000095367,1,1,1
7,0.728,1,0,0
7,0.624400000095367,1,0,0
7,0.578900000095367,1,0,1
7,0.607,1,0,1
7,0.535900000095367,1,1,1
7,0.625299999952316,1,0,0
7,0.521700000047684,1,0,0
7,0.633300000190735,1,0,0
7,0.478299999952316,1,1,0
7,0.52,1,0,1
7,0.573799999952316,1,0,1
7,0.499,1,1,1
7,0.473799999952316,1,1,0
7,0.6465,1,0,0
7,0.498600000143051,1,1,1
7,0.576799999952316,1,0,1
7,0.470099999904633,1,1,1
7,0.456900000095367,1,1,1
7,0.404700000047684,1,1,0
7,0.372099999904633,1,1,0
7,0.753799999952316,1,0,0
7,0.4505,1,1,0
7,0.4705,1,1,0
7,0.622600000143051,1,0,1
7,0.504700000047684,1,0,1
7,0.4235,1,1,1
7,0.429799999952316,1,1,1
7,0.414200000047684,1,1,0
7,0.451299999952316,1,1,0
7,0.566099999904633,1,1,1
7,0.710200000047684,1,1,0
7,0.576900000095367,1,0,0
7,0.461,1,1,0
7,0.6425,1,1,1
7,0.0425,0,0,1
7,1.17160000014305,1,1,1
7,0.531199999809265,1,0,1
7,0.452,1,1,0
7,0.672199999809265,1,1,1
7,0.528699999809265,1,0,0
7,0.386299999952316,1,1,1
7,0.621900000095367,1,0,0
7,0.426099999904633,1,0,0
7,0.385600000143051,1,1,1
7,0.466100000143051,1,1,1
7,0.4675,1,1,0
7,0.401100000143051,1,1,1
7,0.450799999952316,1,1,1
7,0.510600000143051,1,1,0
7,0.724,1,0,1
7,0.667400000095367,1,0,1
7,0.719300000190735,1,0,1
7,0.610400000095367,1,0,1
7,0.427200000047684,1,1,0
7,0.516200000047684,1,1,1
7,0.558700000047684,1,0,0
7,0.577200000047684,1,1,1
7,0.619,1,0,0
7,0.386200000047684,1,1,0
7,0.407700000047684,1,1,0
7,0.547599999904633,1,1,0
7,0.667900000095367,1,1,0
7,0.589799999952316,1,0,0
7,0.569100000143051,1,0,1
7,0.362299999952316,1,1,0
7,0.465600000143051,1,1,1
7,0.507700000047684,1,0,0
7,0.504900000095367,1,0,1
7,0.575899999856949,1,1,1
7,0.518699999809265,1,0,1
7,0.637699999809265,1,0,1
7,0.463699999809265,1,1,0
7,0.483900000095367,1,1,0
7,0.440399999856949,1,1,0
7,0.477700000047684,1,0,1
7,0.570599999904633,1,0,1
7,0.478100000143051,1,0,0
7,0.561200000047684,1,0,0
7,0.5915,1,0,0
7,0.666599999904633,0,0,0
7,0.777099999904633,1,0,0
7,0.547799999952316,1,1,1
7,0.546700000047684,1,1,1
7,0.451900000095367,1,0,1
7,0.487700000047684,1,0,0
7,0.485300000190735,1,0,1
7,0.352299999952316,1,1,1
7,0.537599999904633,1,0,1
7,0.408600000143051,1,1,1
7,0.421700000047684,1,0,0
7,0.380399999856949,1,1,1
7,0.574,1,0,0
7,0.363200000047684,1,1,1
7,0.42,1,1,0
7,0.5185,1,0,0
7,0.5185,1,0,0
7,0.423599999904633,1,0,1
7,0.455200000047684,1,0,1
7,0.384899999856949,1,1,1
7,0.540100000143051,1,0,0
7,0.592099999904633,1,0,0
7,0.486899999856949,1,1,0
7,0.574299999952316,1,0,0
7,0.542,1,0,0
7,0.452899999856949,1,1,1
7,0.582,1,0,1
7,0.4125,1,1,1
7,0.483299999952316,1,1,0
7,0.397099999904633,1,1,0
7,0.484100000143051,1,1,0
7,0.485599999904633,1,0,0
7,0.536600000143051,1,0,0
7,0.413200000047684,1,1,0
7,0.440399999856949,1,1,1
7,0.485900000095367,1,0,1
7,0.410700000047684,1,1,0
7,0.510200000047684,1,0,1
7,0.423099999904633,1,1,1
7,0.429799999952316,1,1,0
7,0.476799999952316,1,1,1
7,0.5475,1,0,0
7,0.487400000095367,1,1,0
7,0.436400000095367,1,1,0
7,0.566900000095367,1,0,1
7,0.404800000190735,1,1,1
7,0.587799999952316,1,0,1
7,0.469,1,1,0
7,0.552700000047684,1,0,1
7,0.756100000143051,1,0,1
7,0.449200000047684,1,1,0
7,0.593100000143051,1,0,0
7,0.421600000143051,1,1,1
7,0.425,1,1,1
7,0.410300000190735,1,1,1
7,0.460099999904633,1,1,1
7,0.513799999952316,1,0,1
7,0.457799999952316,1,0,1
7,0.492299999952316,1,0,0
7,0.442400000095367,1,1,1
7,0.584799999952316,1,0,1
7,0.372299999952316,1,1,0
7,0.421200000047684,1,1,1
7,0.423900000095367,1,1,0
7,0.579100000143051,1,1,1
7,0.420599999904633,1,1,0
7,0.723300000190735,1,0,0
7,0.495700000047684,1,0,0
7,0.701900000095367,1,0,1
7,0.482299999952316,1,0,1
7,0.4235,1,0,1
7,0.4195,1,0,0
7,0.5235,1,0,1
7,0.532799999952316,1,0,0
7,0.346,1,1,0
7,0.609099999904633,1,0,0
7,0.536400000095367,1,1,0
7,0.689899999856949,1,0,1
7,0.466200000047684,1,0,1
7,0.453,1,1,1
7,0.537799999952316,1,0,0
7,0.385,1,1,0
7,0.484600000143051,1,0,0
7,0.397299999952316,1,0,0
7,0.471,1,0,0
7,0.388099999904633,1,1,1
7,0.447400000095367,1,1,0
7,0.551300000190735,1,0,1
7,0.367299999952316,1,1,1
7,0.321,1,1,1
7,0.320700000047684,1,1,0
7,0.429,1,1,0
7,0.479,1,1,0
7,0.509899999856949,1,0,1
7,0.517200000047684,1,0,1
7,0.431,1,1,0
7,0.445400000095367,1,1,0
7,0.421799999952316,1,0,0
7,0.462299999952316,1,1,1
7,0.577399999856949,1,1,1
7,0.500200000047684,1,0,0
7,0.588399999856949,0,0,1
7,0.380400000095367,1,1,1
7,0.465299999952316,1,1,1
7,0.511399999856949,1,0,1
7,0.423,1,1,0
7,0.408099999904633,1,0,1
7,0.469900000095367,1,0,1
7,0.454700000047684,1,1,0
7,0.667700000047684,1,0,0
7,0.397,1,1,0
7,0.431299999952316,1,0,1
7,0.448899999856949,1,1,0
7,0.340299999952316,1,1,0
7,0.436600000143051,1,1,1
7,0.447100000143051,1,0,0
7,0.478299999952316,1,1,1
7,0.477299999952316,1,0,1
7,0.479699999809265,1,1,0
7,0.42,1,1,0
7,0.392200000047684,1,1,0
7,0.468,1,1,0
7,0.459699999809265,1,1,0
7,0.4675,1,0,1
7,0.439600000143051,1,0,0
7,0.5205,1,0,1
7,0.537,1,0,0
7,0.475599999904633,1,1,1
7,0.545900000095367,1,0,0
7,0.507,1,0,1
7,0.543299999952316,1,1,1
7,0.651900000095367,1,0,1
7,0.472099999904633,1,1,0
7,0.399099999904633,1,1,1
7,0.411400000095367,1,1,1
7,0.419400000095367,1,0,0
7,0.381799999952316,1,1,1
7,0.493199999809265,1,0,0
7,0.337299999952316,1,1,0
7,0.476099999904633,1,0,0
7,0.364700000047684,1,1,1
7,0.4755,1,0,1
7,0.469899999856949,1,0,0
7,0.393,1,1,1
7,0.581099999904633,1,0,0
7,0.463900000095367,1,0,1
7,0.511099999904633,1,0,0
7,0.523300000190735,1,1,0
7,0.432299999952316,1,0,1
7,0.403400000095367,1,0,1
7,0.498,1,0,1
7,0.428599999904633,1,1,0
7,0.387,1,1,0
7,0.351599999904633,1,1,1
7,0.329299999952316,1,0,1
7,0.3805,1,1,1
7,0.544,1,0,1
7,0.437399999856949,1,1,0
7,0.492600000143051,1,0,1
7,0.328799999952316,1,1,1
7,0.5255,1,0,0
7,0.5335,1,0,0
7,0.643599999904633,1,0,0
7,0.4875,1,0,0
7,0.360700000047684,1,1,1
7,0.407799999952316,1,0,0
7,0.526400000095367,1,0,0
7,0.505100000143051,1,1,1
7,0.375599999904633,1,1,0
7,0.537,1,1,1
7,0.417200000047684,1,1,0
7,0.397299999952316,1,1,0
7,0.4465,1,0,0
7,0.438299999952316,0,1,0
7,0.444200000047684,1,1,1
7,0.702100000143051,1,0,0
7,0.468599999904633,1,1,0
7,0.422700000047684,1,1,0
7,0.497,1,0,1
7,0.435799999952316,1,1,1
7,0.505100000143051,1,1,1
7,0.5035,1,1,1
7,0.418400000095367,1,1,0
7,0.397800000190735,1,1,1
7,0.519799999952316,1,0,0
7,0.438,1,0,0
7,0.476799999952316,1,0,1
7,0.526599999904633,1,0,0
7,0.4505,0,0,1
7,0.675,1,0,1
7,0.449700000047684,1,1,1
7,0.505299999952316,1,0,0
7,0.492899999856949,1,0,1
7,0.386399999856949,1,0,1
7,0.414900000095367,1,1,0
8,0.583600000023842,1,0,0
8,0.457700000047684,1,0,0
8,0.600599999964237,1,1,0
8,0.621100000023842,1,0,1
8,0.439,1,0,1
8,0.497400000035763,1,0,0
8,0.577899999976158,1,1,0
8,0.463199999988079,1,1,0
8,0.9105,1,0,1
8,0.703,1,1,1
8,0.791200000047684,1,1,0
8,2.30060000002384,1,0,1
8,0.848,1,0,1
8,0.900399999976158,1,1,1
8,0.638100000023842,1,0,0
8,0.848899999976158,1,1,1
8,0.625900000035763,1,1,0
8,0.603699999988079,1,0,0
8,0.570699999988079,1,1,0
8,0.679699999988079,1,1,0
8,0.7235,1,1,1
8,0.495800000011921,1,1,1
8,0.732800000011921,1,0,1
8,0.532800000011921,1,1,0
8,0.706400000035763,1,1,1
8,0.953899999976158,1,0,1
8,0.514699999988079,1,1,0
8,0.501800000011921,1,1,1
8,0.516300000011921,1,1,0
8,0.496,1,0,0
8,0.614099999964237,1,0,1
8,0.574199999988079,1,0,0
8,0.777699999988079,1,0,0
8,0.701300000011921,1,1,1
8,0.465700000047684,1,1,0
8,0.713,1,0,1
8,0.619200000047684,1,0,0
8,0.730199999988079,1,0,1
8,0.658600000023842,1,0,0
8,0.528100000023842,0,0,1
8,0.979300000011921,1,1,1
8,0.7175,1,1,1
8,0.648200000047684,1,0,0
8,0.529700000047684,1,0,0
8,0.852600000023842,1,1,1
8,0.465399999976158,1,0,1
8,0.648900000035763,1,1,1
8,0.518599999964237,1,1,0
8,0.588699999988079,1,1,1
8,0.412100000023842,1,0,1
8,0.430899999976158,1,0,0
8,0.404700000047684,1,1,1
8,0.393099999964237,1,1,1
8,0.4095,1,0,0
8,0.512699999988079,1,1,1
8,0.569900000035763,1,1,0
8,0.418199999988079,1,1,0
8,0.583900000035763,1,0,1
8,0.6185,1,0,0
8,0.442099999964237,1,0,1
8,0.702199999988079,1,1,0
8,0.610300000011921,1,1,1
8,0.6005,1,1,1
8,0.873599999964237,1,0,1
8,0.638300000011921,1,0,1
8,0.489600000023842,1,1,0
8,0.598399999976158,1,1,0
8,0.4985,1,0,1
8,0.600800000011921,1,1,1
8,0.567300000011921,1,1,0
8,0.527199999988079,1,1,1
8,0.4415,1,0,0
8,0.5525,1,0,0
8,0.658399999976158,1,0,0
8,0.6705,1,1,1
8,0.5595,1,0,0
8,0.7585,1,1,0
8,0.4475,1,1,1
8,0.679100000023842,1,0,0
8,0.516100000023842,1,1,1
8,0.439600000023842,1,1,0
8,0.420199999988079,1,0,0
8,0.542700000047684,1,0,1
8,0.615,1,1,0
8,0.546,1,1,0
8,0.499899999976158,1,0,1
8,0.402399999976158,1,1,0
8,0.457599999964237,1,0,0
8,0.394200000047684,1,1,1
8,0.601799999952316,1,0,1
8,0.420100000023842,1,1,0
8,0.463300000011921,1,0,1
8,0.713,1,0,0
8,0.542700000047684,1,0,1
8,0.471800000011921,1,0,1
8,0.509699999988079,1,0,0
8,0.467699999988079,1,0,0
8,0.4735,0,1,1
8,0.454399999976158,1,0,0
8,0.408,1,1,1
8,0.405599999964237,1,1,1
8,0.399899999976158,1,1,0
8,0.652399999976158,1,0,0
8,0.4285,1,1,0
8,0.444800000011921,1,1,1
8,0.380100000023842,1,0,0
8,0.436199999988079,0,0,1
8,0.536699999988079,1,1,0
8,0.661100000023842,1,0,0
8,0.755,1,0,1
8,0.438800000011921,1,1,1
8,0.764200000047684,1,0,1
8,0.521400000035763,1,0,1
8,0.657899999976158,1,1,0
8,0.620799999952316,1,0,1
8,0.675199999988079,1,1,0
8,0.665800000011921,1,1,0
8,0.639199999988079,1,1,0
8,0.817900000035763,1,1,1
8,0.652100000023842,1,0,1
8,0.691,1,1,1
8,0.655,1,1,0
8,0.471899999976158,1,0,0
8,0.486300000011921,1,1,0
8,0.823899999976158,1,0,1
8,0.477399999976158,1,1,1
8,0.585299999952316,1,1,1
8,0.410699999988079,1,1,1
8,0.607899999976158,1,1,1
8,0.984900000035763,1,0,1
8,0.539200000047684,1,0,0
8,0.409,1,1,1
8,0.480300000011921,1,1,0
8,0.601199999988079,1,0,0
8,0.664800000011921,1,1,0
8,1.00590000003576,1,0,1
8,0.799900000035763,1,0,0
8,0.450899999976158,1,0,0
8,0.767399999976158,1,0,1
8,1.43469999998808,1,0,1
8,0.487,1,0,0
8,0.577299999952316,1,0,0
8,0.584199999988079,1,0,1
8,0.507300000011921,1,1,0
8,0.5305,1,1,0
8,0.4845,1,0,1
8,0.426099999964237,1,1,0
8,0.416400000035763,1,1,1
8,0.428300000011921,1,0,0
8,0.390800000011921,1,0,0
8,0.5265,1,0,1
8,0.412800000011921,1,1,1
8,0.438300000011921,1,1,1
8,0.499099999964237,1,1,0
8,0.708699999988079,1,0,1
8,0.767800000011921,1,0,0
8,0.559099999964237,1,0,0
8,0.517100000023842,1,1,0
8,0.494699999988079,1,0,1
8,0.661699999988079,1,1,0
8,0.565399999976158,1,1,0
8,0.4345,1,1,1
8,0.455800000011921,1,0,0
8,0.765899999976158,1,0,0
8,0.517699999988079,1,0,0
8,0.418899999976158,1,1,0
8,0.425599999964237,1,1,1
8,0.540199999988079,1,1,1
8,0.676899999976158,1,1,0
8,0.447399999976158,1,0,0
8,0.639899999976158,1,0,1
8,0.449199999988079,1,1,0
8,0.478199999988079,1,0,0
8,0.470400000035763,1,0,0
8,0.465900000035763,1,1,0
8,0.937199999988079,1,0,1
8,0.590199999988079,1,0,1
8,0.548,1,0,1
8,0.390300000011921,1,1,1
8,0.592399999976158,1,1,0
8,0.440600000023842,1,0,1
8,0.456699999988079,1,1,1
8,0.428800000011921,1,1,0
8,0.4535,1,0,1
8,0.3695,1,1,1
8,0.573600000023842,1,0,1
8,0.646800000011921,1,0,1
8,0.626099999964237,1,1,1
8,0.525300000011921,1,1,1
8,0.504,1,0,0
8,1.12409999996424,1,1,1
8,0.591199999988079,1,0,0
8,0.696199999988079,1,0,0
8,0.537699999988079,1,0,1
8,0.584399999976158,1,0,1
8,0.541199999988079,1,1,1
8,0.458799999952316,1,0,1
8,0.507800000011921,1,0,1
8,0.577399999976158,1,0,0
8,0.802300000011921,1,1,1
8,0.4365,1,1,0
8,0.389800000011921,1,1,0
8,0.413900000035763,1,0,0
8,0.719199999988079,1,1,1
8,0.4705,1,0,0
8,0.414300000011921,1,1,0
8,0.758099999964237,1,1,1
8,0.434099999964237,1,1,0
8,0.593399999976158,1,0,1
8,0.600400000035763,1,0,1
8,0.846399999976158,1,1,1
8,0.574400000035763,1,1,1
8,0.470699999988079,1,0,0
8,0.772699999988079,1,0,1
8,0.568199999988079,1,0,1
8,0.69,1,1,1
8,0.415,1,1,1
8,0.586699999988079,1,1,0
8,0.645300000011921,1,1,1
8,0.527800000011921,1,1,0
8,0.483199999988079,1,0,1
8,0.4465,1,0,1
8,0.437300000011921,1,1,1
8,0.428300000011921,1,1,0
8,0.437899999976158,1,1,1
8,0.623,1,1,1
8,0.484199999988079,1,0,0
8,0.534600000023842,1,1,0
8,0.591199999988079,1,0,0
8,0.440600000023842,1,0,0
8,0.486300000011921,1,0,0
8,0.499400000035763,1,0,0
8,0.787900000035763,1,0,1
8,0.556,1,1,0
8,0.605300000011921,1,0,1
8,0.900799999952316,1,0,0
8,0.491300000011921,1,1,0
8,0.547199999988079,1,1,0
8,0.454800000011921,1,0,0
8,0.541100000023842,1,1,0
8,0.435400000035763,1,0,0
8,0.553399999976158,1,0,0
8,0.420599999964237,1,0,1
8,0.430800000011921,1,1,0
8,0.419199999988079,1,0,1
8,0.6565,1,0,0
8,0.681199999988079,1,0,1
8,0.456700000047684,1,0,1
8,0.727200000047684,1,0,1
8,0.546600000023842,1,0,1
8,0.743800000011921,1,0,0
8,0.403699999988079,1,0,1
8,0.4225,1,1,1
8,0.924800000011921,1,1,0
8,0.465399999976158,1,0,1
8,0.566600000023842,1,0,1
8,0.594199999988079,1,1,1
8,0.504399999976158,1,1,1
8,0.633800000011921,1,1,0
8,0.61,1,1,0
8,0.529,1,1,0
8,0.404,1,1,0
8,0.519199999988079,1,1,0
8,0.537300000011921,1,0,0
8,0.869800000011921,1,1,1
8,0.617200000047684,1,1,1
8,0.547300000011921,1,1,1
8,0.447100000023842,1,1,1
8,0.724700000047684,1,0,0
8,0.588,1,0,0
8,0.805100000023842,1,0,0
8,0.389899999976158,1,0,0
8,0.590399999976158,1,1,1
8,0.739199999988079,1,0,1
8,0.484599999964237,1,1,0
8,0.554299999952316,1,1,1
8,0.540699999988079,1,1,1
8,0.449099999964237,1,1,0
8,0.456700000047684,1,0,1
8,0.507299999952316,1,1,1
8,0.670800000011921,1,1,1
8,0.604199999988079,1,0,1
8,0.698,1,0,0
8,0.595699999988079,1,1,0
8,1.2665,1,0,0
8,0.4155,1,1,0
8,0.420199999988079,1,0,0
8,0.600699999988079,1,1,0
9,0.4,1,1,1
9,0.378,1,0,1
9,0.513,1,1,0
9,0.402,1,1,0
9,0.395,1,1,1
9,0.363,1,0,1
9,0.424,0,0,0
9,0.445000000000233,1,0,0
9,0.4,1,0,0
9,0.421,1,1,0
9,0.391999999999767,1,0,1
9,0.412,1,0,1
9,0.43,1,1,0
9,0.396,1,1,1
9,0.552999999999767,1,0,0
9,0.411,1,0,0
9,0.431,1,1,0
9,0.397,1,1,1
9,0.422,0,1,1
9,0.791,1,0,1
9,0.431000000000233,1,0,0
9,0.314,1,1,0
9,0.637,1,0,1
9,0.409,1,1,0
9,0.409,1,0,0
9,0.597000000000233,1,0,0
9,0.426,1,0,0
9,0.364,1,0,0
9,0.389,1,1,1
9,0.418,1,1,0
9,0.395,1,0,0
9,0.567,1,0,1
9,0.552999999999767,1,0,0
9,0.598,1,1,1
9,0.396,1,1,1
9,0.401,1,0,1
9,0.504,1,1,0
9,0.468,1,1,1
9,0.418,1,1,0
9,0.330999999999767,0,0,1
9,0.364,1,0,1
9,0.358,1,1,0
9,0.537000000000233,1,1,1
9,0.429,1,0,1
9,0.438,1,1,0
9,0.725,1,1,1
9,0.397,1,1,1
9,0.443,0,0,1
9,0.412,1,1,0
9,0.428000000000233,1,0,1
9,0.351,1,0,1
9,0.385,1,1,1
9,0.377,1,1,0
9,0.324,1,0,0
9,0.392999999999767,1,1,1
9,0.405,0,0,0
9,0.425,1,1,1
9,0.341,1,1,0
9,0.361,1,1,0
9,0.377,1,1,0
9,0.379,1,0,0
9,0.412,1,1,0
9,0.413000000000233,1,0,1
9,0.754,1,0,1
9,0.35,1,0,0
9,0.450999999999767,1,0,0
9,0.367999999999767,0,1,0
9,0.377,0,0,0
9,0.649000000000233,1,0,1
9,0.443,0,0,0
9,0.781999999999767,0,1,1
9,0.62,0,0,1
9,0.426,1,1,0
9,0.592,1,0,0
9,0.538,1,0,1
9,0.36,1,1,1
9,0.428000000000233,1,1,1
9,0.414,1,0,0
9,0.459,1,0,0
9,0.429,1,1,0
9,0.389000000000233,1,1,0
9,0.368999999999767,1,1,1
9,0.405,1,0,1
9,0.452,1,0,1
9,0.401,1,1,1
9,0.385,1,0,1
9,0.437,1,1,1
9,0.664,1,0,1
9,0.374,1,1,1
9,0.434000000000233,1,0,0
9,0.478000000000233,1,0,1
9,0.405000000000233,1,1,1
9,0.474,1,0,0
9,0.342,1,1,0
9,0.433000000000233,1,1,0
9,0.435000000000233,1,1,1
9,0.595,1,0,0
9,0.341,1,1,0
9,0.391,1,0,1
9,0.352,1,0,0
9,0.553000000000233,1,0,0
9,0.408,1,1,1
9,0.371,0,1,0
9,0.467,1,0,1
9,0.577,1,1,1
9,0.381000000000233,1,1,0
9,0.365,1,0,1
9,0.352,1,0,1
9,0.402999999999767,1,0,1
9,0.353999999999767,1,1,1
9,0.415,1,0,0
9,0.406999999999767,1,0,0
9,0.479,1,0,0
9,0.399,1,0,1
9,0.400999999999767,1,1,0
9,0.403,1,1,0
9,0.417,1,1,1
9,0.39,1,1,1
9,0.39,1,0,1
9,0.595,1,0,0
9,0.428,1,1,0
9,0.320000000000233,1,0,0
9,0.412,1,0,0
9,0.418999999999767,1,1,1
9,0.482,1,1,0
9,0.404,1,1,1
9,0.564,1,1,1
9,0.379,1,0,1
9,0.358000000000233,1,0,0
9,0.359,1,1,0
9,0.457,0,1,0
9,0.366,0,1,0
9,0.551,1,1,1
9,0.502,1,0,0
9,0.432,1,1,0
9,0.493,1,1,0
9,0.472999999999767,1,0,1
9,0.367999999999767,1,1,1
9,0.48,1,1,1
9,0.416,0,0,1
9,0.550999999999767,1,0,0
9,0.405,0,1,1
9,0.447,1,0,1
9,0.449,1,0,1
9,0.458,1,1,1
9,0.374000000000233,1,0,1
9,0.431,1,0,0
9,0.364,1,0,0
9,0.314,1,1,0
9,0.390000000000233,1,0,1
9,0.363,1,0,0
9,0.404,1,0,1
9,0.353999999999767,1,1,0
9,0.426999999999767,1,0,0
9,0.404999999999767,1,1,0
9,0.422,1,0,1
9,0.619,1,1,1
9,0.47,1,1,1
9,0.368000000000233,1,1,0
9,0.356,1,1,0
9,0.517000000000233,1,1,0
9,0.501999999999767,1,0,1
9,0.483,1,0,1
9,0.376999999999767,1,0,1
9,0.37,1,1,1
9,0.400000000000233,1,1,0
9,0.392999999999767,1,0,1
9,0.365000000000233,1,1,0
9,0.365999999999767,1,1,0
9,0.428,1,1,1
9,0.459999999999767,1,1,1
9,0.405,1,0,0
9,0.46,1,0,1
9,0.349000000000233,1,1,0
9,0.567,1,0,1
9,0.386,1,1,1
9,0.556,1,0,0
9,0.365,1,0,0
9,0.383,1,1,0
9,0.424,1,0,1
9,0.406,1,1,1
9,0.375999999999767,1,1,1
9,0.421,1,1,1
9,0.383,1,1,1
9,0.434000000000233,1,0,1
9,0.375,1,0,0
9,0.396,1,0,0
9,0.379,1,0,0
9,0.498,1,0,0
9,0.417,1,0,0
9,0.446,1,1,1
9,0.361,1,1,0
9,0.402,0,0,0
9,0.355,1,1,1
9,0.359,1,1,0
9,0.348000000000466,1,1,0
9,0.363000000000233,1,1,1
9,0.339,1,1,0
9,0.484999999999534,1,0,0
9,0.378000000000233,1,1,0
9,0.386999999999767,1,0,0
9,0.332000000000466,1,1,0
9,0.377,0,1,1
9,0.432,1,1,1
9,0.354,1,1,1
9,0.427,1,1,1
9,0.609,1,0,0
9,0.376,1,0,0
9,0.373,1,1,1
9,0.369,1,1,0
9,0.379,1,0,1
9,0.391,1,0,1
9,0.359,1,0,0
9,0.368,1,0,1
9,0.366,1,0,1
9,0.411,1,0,1
9,0.374,1,1,1
9,0.478,1,1,1
9,0.478,1,0,1
9,0.351,1,0,1
9,0.37,1,1,1
9,0.356,1,1,0
9,0.344,1,0,0
9,0.375,1,0,0
9,0.406,1,0,0
9,0.366,1,0,1
9,0.396,1,1,0
9,0.36,1,0,1
9,0.415,1,1,1
9,0.54,1,1,0
9,0.362,0,0,1
9,0.388,1,0,1
9,0.433,1,0,0
9,0.414999999999534,1,0,0
9,0.435,1,0,0
9,0.491,1,0,1
9,0.413,1,1,0
9,0.45,1,1,0
9,0.388000000000466,1,1,1
9,0.391999999999534,0,1,0
9,0.425,1,1,0
9,0.439,1,0,0
9,0.346,1,1,0
9,0.388,1,1,1
9,0.396,1,1,1
9,0.353,1,1,1
9,0.395000000000466,1,0,0
9,0.36,1,1,1
9,0.462,1,1,0
9,0.329,1,1,0
9,0.392,1,0,1
9,0.381000000000466,1,1,1
9,0.517,1,0,0
9,0.388,1,1,1
9,0.438,1,0,1
9,0.378999999999534,1,1,0
9,0.493,1,0,1
9,0.313,1,1,1
9,0.366,1,1,1
9,0.369,1,1,0
9,0.386,1,0,1
9,0.499,1,1,0
9,0.404999999999534,1,0,0
9,0.600999999999534,1,0,0
9,0.41,1,0,0
9,0.369,1,1,0
9,0.433,1,1,1
9,0.349,1,0,1
9,0.493,1,0,0
9,0.313,1,0,0
9,0.358,1,0,1
9,0.322000000000466,1,0,0
9,0.369,1,0,1
9,0.378,1,1,0
9,0.318,1,1,0
9,0.413,1,0,0
9,0.339,1,0,1
9,0.372,1,1,0
9,0.52,1,0,0
9,0.397,1,0,0
9,0.292,1,1,1
9,0.456,0,0,1
9,0.396,1,1,1
9,0.396,1,1,0
9,0.316000000000466,1,0,1
9,0.37,1,0,1
9,0.347000000000466,1,1,1
9,0.368,0,0,1
10,0.59,1,0,1
10,0.51,1,1,1
10,0.561000000000058,1,0,1
10,0.393,1,1,0
10,0.437,1,1,0
10,0.727,1,0,0
10,0.534,1,0,0
10,0.478,1,1,1
10,0.461,1,1,1
10,0.442,1,0,1
10,0.452,1,1,1
10,0.474000000000058,1,0,0
10,0.428999999999942,1,0,1
10,0.4,1,1,1
10,0.458,1,1,0
10,0.441,1,1,1
10,0.826,1,0,0
10,0.422,0,0,0
10,0.417,1,0,0
10,0.533999999999942,1,1,1
10,0.496,1,0,1
10,0.412,0,1,1
10,0.563,1,0,0
10,0.521,1,0,0
10,0.455,1,1,0
10,0.473,1,0,1
10,0.409000000000058,1,0,1
10,0.415999999999942,1,0,0
10,0.757,1,1,0
10,0.514000000000058,1,1,1
10,0.421000000000058,1,1,0
10,0.515000000000058,1,1,0
10,0.463,1,1,0
10,0.441,1,1,0
10,0.489999999999942,1,0,0
10,0.798000000000058,1,0,1
10,0.509,1,0,1
10,0.487000000000058,1,1,1
10,0.56,1,1,0
10,0.598,1,1,1
10,0.74,1,0,0
10,0.559,1,0,0
10,0.837,1,0,1
10,0.62,1,1,0
10,0.477999999999942,1,0,1
10,0.784,0,1,1
10,0.662,1,1,0
10,0.789,1,0,1
10,0.428,1,1,0
10,0.436,1,0,0
10,0.447000000000058,1,1,0
10,0.543,1,0,1
10,0.479999999999942,1,1,0
10,0.505,0,1,1
10,0.611,1,0,1
10,0.510000000000058,1,1,0
10,0.394,1,0,1
10,0.542000000000058,1,1,1
10,0.522,1,0,0
10,0.533999999999942,1,0,0
10,0.536,1,0,0
10,0.625,1,0,0
10,0.527,1,0,0
10,0.439,1,1,0
10,0.429,0,0,0
10,0.677,1,1,1
10,0.449,1,0,0
10,0.401,1,1,0
10,0.534000000000116,1,1,1
10,0.52,1,1,0
10,0.487,1,0,1
10,0.495,1,1,1
10,0.437,1,0,1
10,0.434,1,0,0
10,0.485,1,1,0
10,0.458,1,1,1
10,0.521,0,0,0
10,0.479,1,1,1
10,0.721,1,1,0
10,0.614,1,0,1
10,0.77,1,1,1
10,0.487,1,0,1
10,0.543,1,0,1
10,0.459,1,1,1
10,0.478,1,1,1
10,0.544,1,0,0
10,0.437,1,1,0
10,0.536,1,0,1
10,0.61,1,0,1
10,0.670000000000116,1,1,0
10,0.54,1,1,1
10,0.538,1,0,0
10,0.42,0,1,0
10,0.486,1,1,1
10,0.579,1,0,1
10,0.584999999999884,1,0,1
10,0.581,1,1,1
10,0.46,1,0,1
10,0.491,1,0,0
10,0.517000000000116,1,0,0
10,0.476,1,1,0
10,0.418,1,1,1
10,0.456,1,1,1
10,0.428,1,1,0
10,0.405,1,1,1
10,0.406999999999884,1,1,0
10,0.374,1,1,1
10,0.436,0,1,0
10,0.974,1,0,0
10,1.159,1,0,0
10,0.572,1,1,0
10,0.438,1,0,0
10,0.489,1,1,0
10,0.591,1,0,1
10,0.602,1,0,1
10,0.543000000000116,1,0,1
10,0.42,1,1,1
10,0.356,1,1,1
10,0.578000000000116,1,0,0
10,0.461,1,1,1
10,0.436,1,0,1
10,0.567,1,0,1
10,1.06599999999988,1,0,0
10,0.41,1,1,0
10,0.392999999999884,1,1,1
10,0.511,1,0,1
10,0.49,1,1,1
10,0.471,1,0,0
10,0.540000000000116,1,0,1
10,0.544,1,0,1
10,0.403,1,0,0
10,0.506,1,0,0
10,0.409,1,1,1
10,0.439999999999884,1,1,1
10,0.635,1,0,1
10,0.355,1,0,1
10,0.379,1,1,0
10,0.44,1,0,0
10,0.436,1,0,0
10,0.482999999999884,1,1,0
10,0.527,0,1,0
10,0.428,1,0,1
10,0.448,1,1,0
10,0.393,1,1,0
10,0.482000000000116,1,0,0
10,0.51,1,0,1
10,0.44,1,1,0
10,0.612,0,1,1
10,0.704000000000116,1,0,1
10,0.731000000000116,1,1,0
10,0.449,1,0,1
10,0.457999999999884,1,1,0
10,0.521,1,0,1
10,0.491,1,1,1
10,0.529,1,1,0
10,0.467,1,1,0
10,0.491,1,0,0
10,0.411,1,1,1
10,0.389,1,1,1
10,0.43,1,1,1
10,0.388,1,1,0
10,0.444,1,1,1
10,0.521,0,1,0
10,0.497,1,0,1
10,0.427,1,0,0
10,0.54,1,0,1
10,0.444000000000116,1,0,1
10,0.472,1,0,1
10,0.460000000000116,1,1,0
10,0.508,1,1,0
10,0.521,0,0,1
10,0.437,1,0,0
10,0.54,1,0,0
10,0.406,1,0,0
10,0.403,1,1,0
10,0.537,1,0,1
10,0.364999999999884,1,0,0
10,0.400000000000116,1,0,1
10,0.464,0,1,1
10,0.523,1,0,0
10,0.453,1,1,1
10,0.604999999999884,1,0,1
10,0.357,1,0,0
10,0.519,1,0,0
10,0.39,1,1,1
10,0.463,1,1,1
10,0.414,1,0,0
10,0.68,1,1,1
10,0.383999999999884,1,1,0
10,0.415999999999884,1,1,0
10,0.435,1,0,0
10,0.368,1,1,1
10,0.421,1,1,0
10,0.454,1,0,0
10,0.410000000000116,1,0,1
10,0.409000000000116,1,0,1
10,0.379000000000116,1,1,1
10,0.456999999999884,1,1,0
10,0.445,1,1,0
10,0.426999999999884,1,0,1
10,0.573000000000116,1,1,0
10,0.403,0,0,1
10,0.498000000000116,1,1,1
10,0.4,1,0,0
10,0.47,1,0,1
10,0.291999999999767,1,0,0
10,0.38,1,1,1
10,0.474,1,0,1
10,0.436999999999767,1,0,1
10,0.585,1,0,0
10,0.44,0,0,1
10,0.538,0,1,1
10,0.447,1,0,1
10,0.481,1,1,0
10,0.441000000000233,1,1,1
10,0.413,1,1,1
10,0.445,1,0,0
10,0.745,0,0,1
10,0.473000000000233,1,1,0
10,0.371,1,1,0
10,0.402,1,0,1
10,0.578999999999767,1,1,1
10,0.648,1,0,0
10,0.699,1,0,0
10,0.366,1,1,0
10,0.647,1,1,1
10,0.395,1,1,0
10,0.63,1,0,0
10,0.469999999999767,1,1,1
10,0.538,1,1,0
10,0.493,1,1,1
10,0.755,1,0,0
10,0.61,0,1,0
10,0.61,1,0,0
10,0.427,1,1,0
10,0.477,1,0,0
10,0.691,1,1,1
10,0.544999999999767,1,0,0
10,0.366,1,1,1
10,0.921,1,0,1
10,0.389,1,0,0
10,0.375,1,0,1
10,0.335,1,1,0
10,0.361,1,1,1
10,0.38,1,0,0
10,0.414,1,0,1
10,0.504999999999767,1,0,1
10,0.408,1,0,1
10,0.45,1,0,0
10,0.559,1,0,1
10,0.443,1,0,0
10,1.185,1,1,0
10,0.47,1,0,0
10,0.403,1,1,0
10,0.559999999999767,1,0,1
10,0.42,1,0,0
10,0.485999999999767,1,1,0
10,0.581,1,1,0
10,0.413,1,0,0
10,0.383,1,1,1
10,1.318,1,1,1
10,0.408,1,0,1
10,0.495,1,0,1
10,0.558,1,0,0
10,0.389,1,1,1
10,0.46,1,1,1
10,0.447000000000233,1,0,0
10,0.539,1,1,1
10,1.139,1,1,0
10,0.519,1,1,0
10,0.436000000000233,1,1,1
10,0.565,1,1,0
10,0.467,1,0,1
10,0.437999999999767,1,1,0
10,0.652,1,0,1
10,0.425,1,1,1
10,0.626,1,1,1
10,0.406,1,0,1
10,0.342,1,1,1
10,0.588,1,0,0
10,0.409,1,1,0
10,0.418999999999767,1,1,1
10,0.309,1,1,0
10,0.461,1,0,0
10,0.51,1,1,0
10,0.548,1,0,0
10,0.407000000000233,1,1,1
10,0.458,0,0,1
11,0.372,1,0,1
11,0.362,1,1,1
11,0.533,1,0,1
11,0.469,1,1,1
11,0.437,1,1,1
11,0.428,1,1,1
11,0.479,1,1,0
11,0.58,1,0,1
11,0.584,1,0,0
11,0.464,1,0,0
11,0.653,1,0,1
11,0.406,1,0,0
11,0.468,1,0,1
11,0.579,1,1,0
11,0.604,1,1,0
11,0.486,0,0,0
11,0.554,1,1,0
11,0.685,1,1,0
11,0.466,1,1,1
11,0.455,1,0,1
11,0.405,1,0,0
11,0.434,1,0,0
11,0.529,1,0,0
11,0.539,0,1,1
11,0.401,1,0,1
11,0.88,1,1,0
11,0.602,1,0,0
11,0.421,1,0,0
11,0.489,1,0,1
11,0.44,1,1,1
11,0.505,1,0,1
11,0.49,1,1,0
11,0.553,0,1,1
11,0.51,1,0,0
11,0.627,1,1,0
11,0.588,1,1,1
11,0.449,1,0,1
11,0.489,1,0,0
11,0.426,1,1,0
11,0.559,1,1,1
11,0.511,1,0,0
11,0.492,1,1,0
11,0.535,1,1,1
11,0.556,1,1,0
11,0.442,1,0,1
11,0.467,1,0,1
11,0.649,1,1,0
11,0.641,1,1,1
11,0.732,1,0,1
11,0.447,1,0,0
11,0.415,1,1,1
11,0.517,1,1,0
11,0.473,1,0,1
11,0.45,1,0,0
11,0.392,1,1,0
11,0.441,1,1,0
11,0.429,1,1,1
11,0.462,1,0,0
11,0.58,0,0,1
11,0.48,1,0,1
11,0.548,1,0,0
11,0.959,1,1,0
11,0.542,1,1,0
11,0.439,1,0,1
11,0.527,1,1,0
11,0.432,1,1,0
11,0.438,1,0,1
11,0.355,0,0,0
11,0.453,1,0,1
11,0.675,0,1,0
11,0.776,0,0,1
11,0.493,1,1,1
11,0.494,1,1,1
11,0.445,1,1,1
11,0.435,1,0,0
11,0.597,0,1,1
11,0.428,1,0,1
11,0.447,1,0,0
11,0.431,1,0,1
11,0.374,1,1,0
11,0.447,1,0,0
11,0.416,1,1,1
11,0.406,1,1,0
11,0.493,1,0,0
11,0.498,1,1,1
11,0.652,1,0,0
11,0.478,1,1,1
11,0.569,1,1,0
11,0.508,1,0,0
11,0.487,1,1,1
11,0.716,1,0,1
11,0.829,1,0,0
11,0.49,0,1,1
11,0.845,1,1,0
11,0.65,1,0,1
11,0.467,1,1,1
11,0.925,1,1,1
11,0.458,1,0,0
11,0.566,1,0,0
11,0.396,1,1,1
11,0.486,1,0,0
11,0.42,1,0,0
11,0.523,1,0,0
11,0.424,1,0,1
11,0.463,1,1,1
11,0.45,1,1,1
11,0.463,1,0,0
11,0.485,1,0,0
11,0.517,1,0,0
11,0.58,1,0,1
11,0.472,1,1,0
11,0.401,1,1,0
11,0.387,1,0,1
11,0.432,1,1,0
11,0.498,1,1,1
11,0.445,1,0,1
11,0.482,0,0,0
11,0.435,1,0,0
11,0.449,1,1,0
11,0.454,1,0,1
11,0.441,1,1,0
11,0.53,0,1,1
11,0.592,1,1,0
11,0.428,1,1,0
11,0.469,1,1,1
11,0.557,1,0,1
11,0.46,1,1,1
11,0.625,1,0,1
11,0.448,1,0,1
11,0.508,1,0,1
11,0.423,1,1,0
11,0.447,1,0,0
11,0.431,1,0,1
11,0.555,1,1,0
11,0.614,1,0,1
11,0.468,1,1,0
11,0.587,1,1,0
11,0.479,1,1,1
11,0.459,1,1,0
11,0.582,1,0,1
11,0.465,1,1,1
11,0.471,1,1,1
11,0.463,1,0,0
11,0.484,1,1,1
11,0.493,1,0,0
11,0.546,1,1,1
11,0.469,1,1,0
11,0.442,1,1,0
11,0.462,1,0,0
11,0.518,1,0,1
11,0.46,1,0,0
11,0.512,1,0,1
11,0.496,0,1,1
11,0.482,1,1,1
11,0.405,1,0,0
11,0.534,1,1,1
11,0.531,1,1,0
11,0.401,1,0,1
11,0.463,1,0,0
11,0.517,1,0,0
11,0.419,1,0,1
11,0.434,1,0,1
11,0.459,1,1,1
11,0.405,1,0,0
11,0.476,1,1,0
11,0.526,1,0,0
11,0.454,1,0,1
11,0.434,1,1,1
11,0.741,1,0,0
11,0.471,1,1,0
11,0.528,1,1,1
11,0.865,1,0,1
11,0.531,1,1,1
11,0.605,1,1,0
11,0.441,1,1,0
11,0.463,0,1,1
11,0.527,1,0,0
11,0.403,1,0,0
11,0.817,0,0,1
11,0.459,1,1,1
11,0.518,1,0,1
11,0.584,1,0,1
11,0.521,1,1,0
11,0.868,1,0,1
11,0.488,1,1,0
11,0.638,1,1,1
11,0.517,1,1,1
11,0.471,1,0,0
11,0.459,1,1,0
11,0.536,1,1,0
11,0.591,1,1,0
11,0.57,1,0,1
11,0.535,1,1,1
11,0.474,1,1,1
11,0.562,1,0,0
11,0.476,1,1,1
11,0.53,1,0,0
11,0.716,1,0,0
11,0.655,1,1,0
11,0.58,1,0,0
11,1.046,1,1,1
11,0.654,1,0,1
11,0.549,1,1,1
11,0.602,1,1,1
11,0.653,0,0,1
11,1.123,1,0,1
11,0.462,1,1,0
11,1.062,1,0,1
11,0.773,1,0,0
11,0.57,1,1,1
11,0.554,1,1,1
11,0.672,0,0,1
11,0.796,1,0,1
11,0.562,1,0,0
11,0.561,1,1,0
11,0.414,1,1,1
11,0.488,1,0,0
11,0.607,1,1,0
11,0.423,1,1,0
11,0.479,1,0,1
11,0.513,1,0,1
11,0.566,1,1,0
11,0.471,1,1,1
11,1,0,0,0
11,0.491,1,1,0
11,0.458,1,0,0
11,0.554,1,0,1
11,0.633,1,0,1
11,0.529,1,1,1
11,0.444,1,0,0
11,0.479,1,0,1
11,0.477,1,0,0
11,0.648,1,1,0
11,1.227,1,0,1
11,0.646,0,1,0
11,0.433,1,1,1
11,0.639,1,1,0
11,0.482,1,0,0
11,0.517,1,1,0
11,0.442,1,1,0
11,0.532,1,1,1
11,0.478,1,1,1
11,0.421,1,0,0
11,0.461,1,0,1
11,0.454,1,1,1
11,0.431,1,0,0
11,0.408,1,1,0
11,0.514,1,0,0
11,0.437,1,0,0
11,0.468,1,1,0
11,0.44,1,1,1
11,0.444,1,0,1
11,0.476,1,1,1
11,0.531,1,1,0
11,0.688,0,0,1
11,0.577,1,1,0
11,0.502,1,1,0
11,0.575,0,1,1
11,0.535,1,0,0
11,0.545,1,0,1
11,0.456,1,1,0
11,0.492,1,0,0
11,0.469,1,0,1
11,0.403,1,0,0
11,0.447,1,0,1
11,0.482,1,0,1
11,0.587,1,1,0
11,0.642,1,1,1
11,0.545,1,0,0
11,0.488,1,0,1
11,0.482,0,1,0
11,0.483,1,1,0
11,0.51,1,1,1
11,0.42,1,0,1
11,0.492,1,1,1
11,0.486,1,0,0
11,0.451,1,1,0
11,0.527,1,0,1
11,0.628,1,0,1
11,0.505,1,1,1
11,0.524,1,0,0
11,0.497,1,0,1
11,0.587,1,1,1
11,0.564,1,1,0
11,0.453,1,1,1
11,0.456,1,0,0
11,0.491,1,0,0
11,0.497,0,1,0
12,0.826,1,0,1
12,0.439,1,1,0
12,0.355,1,0,0
12,0.438,1,0,0
12,0.37,0,1,1
12,0.395,1,1,1
12,0.407,1,0,1
12,0.323,1,1,1
12,0.396,1,0,0
12,0.432,1,1,1
12,0.356,1,0,0
12,0.449,1,1,1
12,0.384,1,0,0
12,0.351,1,0,0
12,0.35,0,1,0
12,0.305,1,1,0
12,0.367,1,0,0
12,0.364,1,0,0
12,0.404,1,1,0
12,0.485,1,0,0
12,0.358,1,1,1
12,0.413,1,0,0
12,0.474,1,0,1
12,0.36,1,1,1
12,0.316,1,1,1
12,0.371,1,1,1
12,0.345,1,0,1
12,0.412,1,1,0
12,0.436,1,1,0
12,0.362,1,1,0
12,0.394,1,1,0
12,0.342,1,1,1
12,0.337,1,0,0
12,0.435,1,0,1
12,0.39,1,1,0
12,0.315,1,1,0
12,0.309,1,1,1
12,0.553,1,0,1
12,0.447,1,1,0
12,0.437,1,0,1
12,0.574,1,0,1
12,0.372,1,0,0
12,0.279,1,1,0
12,0.412,1,0,1
12,0.45,1,0,1
12,0.408,1,0,1
12,0.314,1,1,1
12,0.344,0,0,1
12,0.614,1,0,1
12,0.359,1,0,1
12,0.359,1,1,0
12,0.392,1,0,0
12,0.314,1,1,1
12,0.612,1,0,0
12,0.342,1,1,0
12,0.319,1,1,0
12,0.616,1,0,0
12,0.402,1,0,1
12,0.344,1,0,0
12,0.362,1,0,1
12,0.403,1,0,0
12,0.36,1,1,0
12,0.372,1,1,1
12,0.454,1,0,0
12,0.44,1,0,1
12,0.455,1,0,0
12,0.325,1,0,1
12,0.322,1,1,1
12,0.374,1,1,1
12,0.384,1,0,1
12,0.446,1,0,0
12,0.433,1,1,0
12,0.322,1,1,1
12,0.526,1,0,1
12,0.394,1,1,1
12,0.514,1,0,0
12,0.366,1,0,1
12,0.364,1,1,1
12,0.545,1,0,1
12,0.537,1,1,0
12,0.371,1,1,1
12,0.362,1,1,1
12,0.456,1,1,0
12,0.582,1,1,0
12,0.391,1,0,1
12,0.371,1,1,1
12,0.404,1,1,1
12,0.386,1,0,1
12,0.437,1,1,1
12,0.391,1,0,0
12,0.422,1,0,0
12,0.427,1,1,0
12,0.413,1,0,0
12,0.502,1,1,0
12,0.371,1,1,0
12,0.381,1,1,0
12,0.5,1,0,0
12,0.357,1,1,1
12,0.293,1,1,0
12,0.394,1,0,1
12,0.364,1,0,1
12,0.389,1,0,0
12,0.411,1,1,0
12,0.373,1,1,1
12,0.405,1,1,1
12,0.419,1,0,1
12,0.347,1,1,1
12,0.345,1,1,0
12,0.448,1,0,1
12,0.299,1,0,0
12,0.337,1,0,0
12,0.366,1,0,0
12,0.404,1,0,1
12,0.342,1,1,0
12,0.43,1,0,0
12,0.413,1,0,1
12,0.307,1,0,0
12,0.395,1,1,1
12,0.42,1,0,0
12,0.392,1,1,0
12,0.336,1,1,1
12,0.332,1,1,0
12,0.316,1,1,0
12,0.457,1,0,1
12,0.412,1,0,0
12,0.438,1,0,0
12,0.41,1,1,0
12,0.415,1,0,0
12,0.425,1,0,1
12,0.421,1,1,1
12,0.448,1,1,1
12,0.472,1,0,1
12,0.374,1,1,0
12,0.397,1,1,0
12,0.416,1,1,1
12,0.302,1,1,1
12,0.366,0,1,1
12,0.496,1,0,1
12,0.358,1,1,1
12,0.344,1,0,1
12,0.513,1,1,0
12,0.359,1,1,0
12,0.436,1,0,0
12,0.413,1,0,1
12,0.404,1,0,1
12,0.351,1,0,1
12,0.372,1,0,0
12,0.388,1,1,0
12,0.36,1,1,0
12,0.357,1,1,0
12,0.462,1,1,1
12,0.394,0,1,1
12,0.645,1,0,1
12,0.394,1,0,0
12,0.402,1,0,0
12,0.427,1,1,0
12,0.469,1,0,0
12,0.366,1,0,0
12,0.437,1,1,0
12,0.234,1,1,0
12,0.494,1,0,0
12,0.35,0,1,0
12,0.298,0,1,1
12,0.54,1,0,1
12,0.357,1,1,1
12,0.621,1,0,0
12,0.355,1,0,0
12,0.411,1,0,1
12,0.345,1,1,1
12,0.516,1,0,1
12,0.403,1,0,0
12,0.424,1,0,1
12,0.463,1,0,0
12,0.401,1,0,1
12,0.546,1,1,0
12,0.394,1,1,1
12,0.501,1,0,1
12,0.323,1,1,1
12,0.377,1,1,1
12,0.37,1,1,0
12,0.402,1,0,1
12,0.377,1,0,1
12,0.306,1,1,0
12,0.409,1,1,1
12,0.318,1,1,0
12,0.354,1,0,1
12,0.389,1,1,0
12,0.386,1,0,0
12,0.376,1,1,1
12,0.382,1,0,0
12,0.328,1,1,1
12,0.404,1,1,1
12,0.609,0,0,1
12,0.44,1,0,0
12,0.408,1,1,0
12,0.408,1,0,1
12,0.36,1,1,1
12,0.398,1,1,0
12,0.303,1,1,0
12,0.408,1,0,1
12,0.283,1,1,0
12,0.427,1,1,1
12,0.427,1,0,1
12,0.466,1,1,0
12,0.517,1,0,0
12,0.384,1,1,0
12,0.564,1,0,0
12,0.363,1,1,0
12,0.416,1,1,1
12,0.254,1,1,1
12,0.307,1,1,1
12,0.39,1,0,1
12,0.302,1,0,1
12,0.413,1,1,0
12,0.375,1,0,1
12,0.33,1,0,1
12,0.338,1,1,0
12,0.561,1,1,1
12,0.295,1,1,1
12,0.389,1,0,1
12,0.353,1,0,0
12,0.354,1,1,0
12,0.405,1,0,0
12,0.452,1,0,0
12,0.379,1,0,0
12,0.366,1,1,0
12,0.419,1,1,1
12,0.348,1,1,0
12,0.417,1,1,1
12,0.314,0,0,1
12,0.448,1,0,1
12,0.315,1,1,1
12,0.557,1,0,0
12,0.411,1,1,1
12,0.408,1,0,0
12,0.634,1,0,0
12,0.511,1,0,1
12,0.385,1,1,1
12,0.49,1,0,0
12,0.38,1,0,0
12,0.494,1,0,1
12,0.374,1,0,1
12,0.457,1,0,1
12,0.468,1,1,0
12,0.308,1,0,0
12,0.475,1,0,1
12,0.432,1,1,1
12,0.366,1,1,0
12,0.413,1,1,0
12,0.394,1,0,0
12,0.335,1,1,1
12,0.413,1,1,0
12,0.553,1,0,1
12,0.45,1,0,1
12,0.449,1,1,1
12,0.524,1,0,0
12,0.391,1,0,1
12,0.315,1,1,0
12,0.461,1,0,0
12,0.434,1,0,0
12,0.422,1,0,1
12,0.459,1,0,1
12,0.446,1,0,1
12,0.406,1,1,0
12,0.358,1,1,1
12,0.403,1,1,1
12,0.54,1,0,0
12,0.441,1,1,1
12,0.434,1,1,1
12,0.353,1,1,1
12,0.361,1,1,0
12,0.309,1,0,0
12,0.393,1,0,0
12,0.4,1,0,1
12,0.468,1,1,1
12,0.421,1,0,0
12,0.409,1,0,0
12,0.303,1,1,0
12,0.42,1,1,0
12,0.43,1,0,1
12,0.264,1,1,0
12,0.509,1,1,0
12,0.372,1,1,1
12,0.359,1,1,1
12,0.498,1,0,0
12,0.329,1,1,0
12,0.39,1,0,0
12,0.38,1,1,1
13,0.52209999999404,1,1,0
13,0.464200000017881,1,0,0
13,0.57340000000596,0,0,1
13,0.517600000023842,1,0,0
13,0.466300000011921,1,0,0
13,0.46059999999404,1,1,0
13,0.80909999999404,1,0,0
13,0.454200000017881,1,1,0
13,0.494700000017881,1,0,0
13,0.39609999999404,1,1,0
13,0.440800000011921,1,0,0
13,0.48359999999404,1,1,0
13,0.375,1,1,0
13,0.506300000011921,1,0,0
13,0.488800000011921,0,1,1
13,0.645300000011921,1,0,1
13,0.5325,0,1,1
13,0.608399999976158,0,1,1
13,2.4645,1,0,0
13,0.75690000000596,0,0,0
13,0.66390000000596,0,0,1
13,0.67209999999404,1,1,0
13,0.957,1,0,0
13,0.639,1,0,0
13,0.64209999999404,0,0,0
13,0.871199999988079,1,0,1
13,0.87459999999404,1,1,0
13,0.611100000023842,1,1,1
13,0.74340000000596,1,1,1
13,0.52490000000596,1,1,0
13,0.790199999988079,0,0,1
13,0.907,1,1,1
13,0.6795,1,1,1
13,0.785699999988079,0,0,1
13,1.19769999998808,1,1,1
13,0.487299999982119,1,1,0
13,0.56359999999404,1,1,0
13,0.617800000011921,0,0,1
13,1.11559999999404,1,0,1
13,0.57,1,1,0
13,1.091,0,1,1
13,1.30859999999404,1,1,1
13,0.682300000011921,0,1,1
13,0.85040000000596,1,0,1
13,0.58809999999404,1,0,1
13,0.714800000011921,1,0,1
13,0.714,1,1,1
13,0.446800000011921,1,1,0
13,0.50540000000596,1,1,1
13,0.324399999976158,1,1,1
13,0.46790000000596,1,0,0
13,0.44240000000596,1,0,0
13,0.45940000000596,1,0,0
13,0.371,1,1,1
13,1.03659999999404,0,0,1
13,0.47140000000596,1,1,0
13,0.9615,1,0,0
13,0.572299999982119,1,0,0
13,0.494300000011921,1,1,0
13,0.46759999999404,0,1,1
13,0.525700000017881,1,0,1
13,0.64,1,1,0
13,0.56740000000596,1,0,0
13,0.6465,1,1,0
13,0.770800000011921,1,1,1
13,0.382,1,1,1
13,0.884299999982119,1,0,1
13,0.84759999999404,1,0,1
13,1.09540000000596,1,0,0
13,0.44190000000596,1,1,0
13,0.425,1,1,0
13,0.779,1,0,1
13,0.650799999982119,1,0,1
13,0.71990000000596,0,0,1
13,0.50709999999404,0,0,1
13,0.80790000000596,1,0,1
13,0.587699999988079,1,1,1
13,0.679300000011921,1,0,0
13,0.619799999982119,1,1,1
13,0.91190000000596,1,0,1
13,0.45,1,0,1
13,0.489200000017881,1,1,0
13,0.141799999982119,0,1,0
13,0.325699999988079,1,1,1
13,0.44409999999404,1,1,1
13,0.524300000011921,1,0,0
13,0.4695,1,0,0
13,0.48,1,1,0
13,0.42140000000596,1,0,1
13,0.38090000000596,1,0,0
13,0.450200000017881,1,1,1
13,0.53709999999404,1,1,0
13,0.403600000023842,1,1,0
13,0.735700000017881,0,1,1
13,0.74590000000596,1,0,0
13,0.56059999999404,0,0,1
13,0.778799999982119,1,0,1
13,0.69790000000596,1,1,1
13,0.45090000000596,1,0,1
13,0.288600000023842,1,1,0
13,0.987,1,0,0
13,0.42940000000596,1,0,0
13,0.59659999999404,0,1,1
13,0.484699999988079,1,0,0
13,0.40440000000596,1,0,0
13,0.368,1,1,1
13,0.404300000011921,1,1,0
13,0.421399999976158,1,0,0
13,0.387699999988079,1,1,0
13,0.433199999988079,1,0,1
13,0.34390000000596,1,1,0
13,0.607800000011921,1,0,1
13,0.808699999988079,1,0,1
13,0.418799999982119,1,0,1
13,0.610299999982119,1,0,0
13,0.357699999988079,0,1,1
13,0.538800000011921,1,1,1
13,0.34409999999404,1,1,1
13,0.45040000000596,1,0,0
13,0.54509999999404,1,1,0
13,0.533,1,1,0
13,0.7245,1,0,1
13,0.603700000017881,1,1,0
13,0.392799999982119,1,1,0
13,0.633,1,0,0
13,0.3805,1,1,0
13,0.584300000011921,0,1,1
13,0.41890000000596,1,1,0
13,0.460199999988079,1,0,0
13,0.62790000000596,1,0,1
13,0.513,1,0,1
13,0.518699999988079,1,0,0
13,0.406199999988079,1,1,0
13,0.397299999982119,1,1,0
13,0.35590000000596,1,1,1
13,0.59040000000596,1,1,1
13,0.430300000011921,1,1,1
13,0.395300000011921,1,1,1
13,0.51490000000596,1,0,1
13,0.569300000011921,1,0,1
13,0.69059999999404,1,0,0
13,0.525699999988079,1,0,0
13,0.6225,0,1,1
13,0.503199999988079,0,1,1
13,0.359699999988079,1,0,0
13,0.44390000000596,1,1,1
13,0.352,1,1,1
13,0.40759999999404,1,1,0
13,0.52590000000596,1,0,1
13,0.38259999999404,1,1,0
13,0.40059999999404,1,1,0
13,0.416,0,1,1
13,0.545,1,0,0
13,0.697800000011921,1,1,1
13,0.482300000011921,1,1,0
13,0.62009999999404,1,0,0
13,0.625199999988079,0,1,0
13,0.8375,1,0,1
13,0.72509999999404,1,1,1
13,0.455,1,1,1
13,0.460199999988079,1,0,0
13,0.564800000011921,1,1,0
13,0.5315,1,0,0
13,0.521,1,0,0
13,0.559800000011921,1,0,0
13,0.37540000000596,1,1,1
13,0.447800000011921,1,1,0
13,0.71790000000596,0,0,0
13,0.552299999982119,1,0,0
13,0.819199999988079,1,1,1
13,0.493700000017881,1,1,1
13,0.39590000000596,1,0,1
13,0.422799999982119,1,1,0
13,0.50709999999404,1,1,0
13,0.487199999988079,1,0,1
13,0.55840000000596,1,0,1
13,0.5575,1,1,0
13,0.576199999988079,1,0,1
13,0.6825,1,1,0
13,0.488199999988079,1,1,1
13,0.532199999988079,1,1,0
13,0.542200000017881,1,0,0
13,0.59809999999404,1,0,0
13,0.467199999988079,1,0,0
13,0.67609999999404,0,0,1
13,0.522399999976158,0,0,1
13,0.89109999999404,1,0,1
13,0.5915,1,0,1
13,0.7025,1,0,1
13,0.538199999988079,1,0,1
13,0.81459999999404,1,1,1
13,0.558800000011921,0,0,0
13,0.489799999982119,1,0,0
13,0.46159999999404,0,0,1
13,0.63490000000596,0,0,1
13,0.421199999988079,1,1,0
13,0.47409999999404,1,1,0
13,0.71059999999404,1,0,1
13,0.769700000017881,1,0,0
13,0.473699999988079,1,1,0
13,0.568,1,0,0
13,1.22830000001192,1,0,0
13,0.68409999999404,1,0,1
13,0.354800000011921,1,1,0
13,0.52859999999404,1,0,1
13,1.438,1,1,1
13,0.656200000017881,1,0,1
13,0.479800000011921,1,0,0
13,0.70259999999404,1,0,1
13,0.53509999999404,1,1,0
13,0.483399999976158,1,1,0
13,0.401299999982119,1,1,1
13,0.443199999988079,1,0,0
13,0.404,1,1,0
13,0.324199999988079,1,1,1
13,0.401200000017881,1,1,0
13,0.491700000017881,1,0,1
13,0.3915,1,1,1
13,0.41590000000596,1,1,1
13,0.649,1,1,1
13,0.3875,1,1,0
13,0.518800000011921,1,0,0
13,0.388200000017881,1,1,0
13,0.519100000023842,1,0,0
13,0.49809999999404,1,0,1
13,0.477,1,1,0
13,0.531300000011921,1,0,1
13,0.440199999988079,1,1,1
13,0.49190000000596,1,0,1
13,0.501,1,1,1
13,0.426299999982119,1,1,1
13,0.440199999988079,1,1,1
13,0.55509999999404,1,1,1
13,0.36740000000596,1,1,1
13,0.368799999982119,1,0,0
13,0.472,0,0,1
13,0.35990000000596,1,1,0
13,0.3925,1,0,0
13,0.52209999999404,1,0,0
13,0.3095,1,0,0
13,0.501799999982119,1,0,0
13,0.331,1,1,0
13,0.47709999999404,1,0,0
13,0.47690000000596,1,0,1
13,0.331799999982119,1,1,1
13,0.38109999999404,0,0,1
13,0.673299999982119,0,0,1
13,0.817200000017881,1,0,0
13,0.47509999999404,1,0,1
13,0.542200000017881,0,1,1
13,0.5705,1,1,0
13,0.4785,1,1,0
13,0.37790000000596,1,1,0
13,0.32009999999404,1,1,0
13,0.456799999982119,1,0,0
13,0.50240000000596,1,1,0
13,0.535,0,1,1
13,0.65490000000596,1,1,1
13,0.372799999982119,0,1,1
13,0.520699999988079,0,0,1
13,0.312,1,1,1
13,0.425,1,1,0
13,0.54240000000596,1,0,1
13,0.738199999988079,1,1,1
13,0.7475,1,0,0
13,0.538300000011921,1,1,1
13,0.40390000000596,1,1,1
13,0.601700000017881,1,0,1
13,0.37290000000596,1,0,1
13,0.4195,1,0,0
13,0.542,1,0,1
13,0.47690000000596,1,0,0
13,0.610800000011921,1,0,0
13,0.34159999999404,1,0,0
13,0.369,1,0,1
13,0.53959999999404,1,0,0
13,0.385699999988079,1,1,1
13,0.41059999999404,1,1,0
13,0.38990000000596,0,1,0
13,0.64940000000596,1,0,1
13,0.52390000000596,0,0,0
13,0.37009999999404,1,1,0
13,0.322,1,1,1
13,0.3985,1,0,1
13,0.41040000000596,1,1,0
13,0.42,0,1,0
13,0.78,0,1,1
14,0.515,1,0,0
14,0.439,1,0,1
14,0.469,1,1,1
14,0.454,1,1,1
14,0.588,1,0,1
14,0.404,1,0,1
14,0.453,1,1,1
14,0.42,1,0,0
14,0.413,1,1,1
14,0.44,1,1,0
14,0.393,1,0,0
14,0.423,1,1,1
14,0.38,1,1,1
14,0.448,1,1,1
14,0.428,1,0,0
14,0.443,1,1,0
14,0.409,1,1,0
14,0.457,1,1,0
14,0.434,1,0,1
14,0.428,1,1,0
14,0.375,1,0,1
14,0.506,1,0,0
14,0.455,1,1,1
14,0.398,1,1,0
14,0.409,0,1,0
14,0.41,1,1,0
14,0.398,1,0,1
14,0.414,1,1,1
14,0.414,1,0,0
14,0.457,1,0,0
14,0.444,1,0,0
14,0.408,1,0,1
14,0.382,1,0,1
14,0.418,1,0,0
14,0.382,1,1,0
14,0.375,1,1,1
14,0.443,1,0,0
14,0.405,1,0,0
14,0.427,1,0,1
14,0.429,1,1,1
14,0.443,1,0,1
14,0.435,1,1,0
14,0.396,1,0,0
14,0.398,1,0,1
14,0.468,1,1,1
14,0.44,1,0,1
14,0.386,1,1,0
14,0.417,0,1,0
14,0.448,1,1,1
14,0.502,1,0,0
14,0.351,1,1,0
14,0.432,1,1,1
14,0.412,1,0,0
14,0.398,1,1,0
14,0.434,1,0,0
14,0.411,1,1,1
14,0.393,1,0,1
14,0.415,1,0,1
14,0.42,1,1,0
14,0.422,1,0,1
14,0.402,1,0,0
14,0.424,1,0,1
14,0.476,1,1,0
14,0.41,1,1,1
14,0.47,1,1,0
14,0.451,1,0,1
14,0.38,1,0,0
14,0.435,1,1,0
14,0.385,1,1,1
14,0.41,1,0,0
14,0.456,1,1,0
14,0.525,1,1,0
14,0.395,1,0,0
14,0.478,1,0,1
14,0.468,1,1,1
14,0.41,1,0,0
14,0.59,1,1,0
14,0.407,1,1,1
14,0.409,1,1,0
14,0.438,1,0,1
14,0.436,1,0,1
14,0.416,1,0,1
14,0.398,1,0,1
14,0.421,1,1,1
14,0.483,1,1,0
14,0.4,1,0,0
14,0.503,1,0,0
14,0.64,1,1,1
14,0.559,0,0,1
14,0.582,1,0,0
14,0.458,1,1,1
14,0.414,1,0,1
14,0.456,1,0,0
14,0.409,1,1,0
14,0.428,1,1,1
14,0.372,1,1,1
14,0.533,1,0,1
14,0.362,1,0,0
14,0.407,1,0,0
14,0.376,1,1,1
14,0.412,1,0,0
14,0.412,1,1,0
14,0.42,1,1,1
14,0.412,1,0,1
14,0.516,1,0,0
14,0.416,1,0,1
14,0.447,1,0,1
14,0.418,1,0,0
14,0.413,1,1,0
14,0.455,1,1,1
14,0.498,1,1,1
14,0.399,1,1,1
14,0.48,1,0,0
14,0.411,1,1,1
14,0.39,1,1,1
14,0.448,1,0,1
14,0.409,1,0,1
14,0.455,1,1,0
14,0.417,1,0,1
14,0.598,1,1,1
14,0.517,1,1,1
14,0.421,1,1,0
14,0.404,1,1,0
14,0.412,1,0,1
14,0.483,1,0,1
14,0.419,1,1,1
14,0.431,1,0,1
14,0.382,1,1,0
14,0.398,1,0,0
14,0.357,0,1,0
14,0.445,1,1,0
14,0.412,1,1,0
14,0.415,1,1,1
14,0.378,1,0,0
14,0.403,1,1,0
14,0.371,1,1,0
14,0.393,1,0,0
14,0.387,1,0,1
14,0.457,1,1,0
14,0.456,1,0,1
14,0.458,1,0,0
14,0.427,1,0,0
14,0.418,1,0,0
14,0.442,1,1,1
14,0.423,1,1,1
14,0.376,1,1,0
14,0.383,1,0,0
14,0.42,1,0,1
14,0.397,1,0,0
14,0.404,1,1,0
14,0.388,1,1,0
14,0.361,1,1,1
14,0.431,1,0,0
14,0.419,1,0,0
14,0.549,0,0,1
14,0.357,1,1,1
14,0.388,1,1,0
14,0.381,1,0,0
14,0.387,1,1,0
14,0.395,1,0,0
14,0.679,1,1,1
14,0.429,1,1,0
14,0.439,1,1,1
14,0.405,1,1,0
14,0.444,1,1,0
14,0.576,1,0,1
14,0.382,1,0,0
14,0.37,1,0,1
14,0.441,1,1,1
14,0.396,1,1,0
14,0.385,1,1,0
14,0.404,1,1,1
14,0.369,1,0,1
14,0.378,1,0,1
14,0.39,1,0,1
14,0.341,1,1,1
14,0.422,1,0,0
14,0.423,1,0,1
14,0.375,1,0,0
14,0.455,1,0,0
14,0.522,1,0,1
14,0.366,1,1,1
14,0.354,1,0,0
14,0.371,1,1,1
14,0.404,1,0,1
14,0.442,1,0,1
14,0.362,1,1,0
14,0.378,1,1,1
14,0.393,1,0,1
14,0.364,1,1,1
14,0.432,1,0,0
14,0.459,1,1,0
14,0.458,1,1,0
14,0.352,1,1,1
14,0.384,1,0,1
14,0.357,1,0,1
14,0.368,1,0,1
14,0.36,1,0,0
14,0.417,1,1,0
14,0.816,1,1,1
14,0.426,1,1,1
14,0.391,1,1,0
14,0.323,1,1,1
14,0.388,1,0,0
14,0.423,1,1,0
14,0.418,1,0,1
14,0.411,1,0,0
14,0.398,1,1,0
14,0.38,1,1,0
14,0.418,1,0,1
14,0.427,1,0,1
14,0.404,1,0,0
14,0.443,1,1,0
14,0.406,1,1,0
14,0.373,1,1,1
14,0.348,1,0,1
14,0.443,1,0,0
14,0.444,1,0,0
14,0.365,1,0,0
14,0.445,1,1,0
14,0.434,1,1,1
14,0.428,1,0,1
14,0.426,1,1,0
14,0.401,1,1,0
14,0.452,1,0,1
14,0.446,1,0,0
14,0.4,1,0,1
14,0.357,1,1,1
14,0.431,1,1,1
14,0.399,1,0,1
14,0.431,1,1,1
14,0.413,1,0,0
14,0.368,1,1,0
14,0.382,1,0,1
14,0.453,1,0,0
14,0.384,1,0,0
14,0.366,1,1,1
14,0.44,1,1,1
14,0.424,1,0,0
14,0.412,1,1,1
14,0.306,1,1,0
14,0.402,1,0,0
14,0.413,0,1,1
14,0.624,1,0,0
14,0.414,1,1,0
14,0.374,1,1,1
14,0.372,1,0,0
14,0.426,1,0,1
14,0.433,1,0,0
14,0.394,1,1,0
14,0.379,1,1,1
14,0.416,1,1,1
14,0.435,1,0,1
14,0.394,1,0,0
14,0.411,1,1,0
14,0.393,1,0,1
14,0.428,1,0,1
14,0.414,1,1,1
14,0.511,1,1,1
14,0.406,1,1,1
14,0.475,1,1,0
14,0.41,1,0,0
14,0.549,1,1,0
14,0.466,1,0,1
14,0.419,1,0,0
14,0.41,1,0,1
14,0.466,1,0,0
14,0.461,1,0,1
14,0.417,1,1,0
14,0.473,1,1,1
14,0.428,1,1,0
14,0.352,1,1,1
14,0.419,1,0,0
14,0.417,1,1,0
14,0.357,1,1,1
14,0.447,1,1,0
14,0.418,1,0,1
14,0.418,1,0,1
14,0.467,1,1,1
14,0.454,1,0,1
14,0.415,1,1,0
14,0.388,1,0,0
14,0.416,1,0,1
14,0.607,1,0,0
14,0.446,1,0,0
14,0.407,1,1,0
14,0.395,1,1,1
14,0.504,1,0,1
15,0.4305,1,0,1
15,0.484099999427795,1,0,1
15,0.382,0,0,1
15,0.397800000190735,1,1,0
15,0.397300000190735,1,1,1
15,0.401099999427795,1,0,0
15,0.398299999237061,1,1,1
15,0.42710000038147,0,0,0
15,0.514300000190735,1,1,1
15,0.383599999427795,0,1,1
15,0.41010000038147,0,0,0
15,0.46489999961853,1,1,0
15,0.4315,1,1,0
15,0.428299999237061,1,1,0
15,0.4865,1,0,1
15,0.4005,1,0,1
15,0.47689999961853,1,1,1
15,0.438,0,0,0
15,0.496900000572205,1,1,0
15,0.498799999237061,1,0,0
15,0.5335,1,0,0
15,0.476,0,1,0
15,0.43210000038147,1,0,0
15,0.5555,1,0,1
15,0.480800000190735,0,0,0
15,0.464099999427795,1,1,1
15,0.47860000038147,1,0,0
15,0.42010000038147,1,1,0
15,0.53010000038147,1,1,1
15,0.426199999809265,1,1,0
15,0.445300000190735,1,1,1
15,0.485300000190735,1,1,1
15,0.451099999427795,1,1,0
15,0.393800000190735,0,0,1
15,0.4705,1,0,1
15,0.47710000038147,1,1,0
15,0.519699999809265,1,1,0
15,0.452599999427795,1,0,1
15,0.38860000038147,1,1,1
15,0.424300000190735,1,0,0
15,0.379200000762939,1,0,0
15,0.42060000038147,1,0,1
15,0.40089999961853,1,1,1
15,0.413199999809265,1,1,0
15,0.41510000038147,1,0,1
15,0.41689999961853,1,1,1
15,0.40710000038147,1,0,0
15,0.415199999809265,1,0,1
15,0.402099999427795,0,0,0
15,0.496099999427795,1,1,1
15,0.4695,1,0,0
15,0.391,1,0,0
15,0.57239999961853,1,0,0
15,0.584800000190735,1,0,1
15,0.51089999961853,1,1,1
15,0.4105,1,1,1
15,0.38560000038147,0,1,1
15,0.46889999961853,0,1,1
15,0.472300000190735,0,1,0
15,0.390900000572205,1,1,1
15,0.4265,1,1,0
15,0.580800000190735,1,0,0
15,0.451699999809265,1,1,1
15,0.542699999809265,1,1,1
15,0.83860000038147,1,0,1
15,0.41710000038147,1,1,1
15,0.361800000190735,0,0,0
15,0.425,1,1,1
15,0.50089999961853,1,1,0
15,0.542,1,0,1
15,0.555800000190735,1,1,1
15,0.414699999809265,1,0,0
15,0.450700000762939,1,0,1
15,0.450300000190735,0,0,0
15,0.477,1,1,0
15,0.43,1,0,1
15,0.381199999809265,0,0,0
15,0.441199999809265,1,0,1
15,0.43560000038147,1,1,0
15,0.4435,1,1,0
15,0.380199999809265,1,1,0
15,0.449199999809265,1,1,0
15,0.629299999237061,1,1,0
15,0.444300000190735,1,0,1
15,0.49810000038147,1,0,0
15,0.521300000190735,1,0,1
15,0.410099999427795,1,0,1
15,0.34310000038147,1,0,0
15,0.40560000038147,1,1,0
15,0.33860000038147,1,0,0
15,0.47939999961853,0,0,1
15,0.539800000190735,1,1,0
15,0.438800000190735,1,1,1
15,0.432099999427795,1,1,0
15,0.394700000762939,1,0,1
15,0.43660000038147,1,0,1
15,0.57739999961853,0,0,0
15,0.38589999961853,1,1,1
15,0.3505,0,0,1
15,0.474699999809265,1,1,1
15,0.42889999961853,1,1,0
15,0.3615,1,1,0
15,0.372,0,1,0
15,0.45910000038147,1,0,0
15,0.433699999809265,1,1,1
15,0.506099999427795,0,0,1
15,0.45910000038147,0,0,1
15,0.356,0,0,0
15,0.451400000572205,1,1,0
15,0.702099999427795,1,0,0
15,0.47689999961853,1,0,1
15,0.51260000038147,1,1,0
15,0.44910000038147,1,1,1
15,0.54660000038147,1,1,1
15,0.60239999961853,1,1,0
15,0.458400000572205,1,0,1
15,0.5815,1,0,0
15,0.6835,1,1,1
15,0.5455,1,0,0
15,0.502800000190735,1,1,0
15,0.485199999809265,1,0,0
15,0.452299999237061,1,0,1
15,0.51739999961853,1,1,0
15,0.579,0,1,1
15,0.589300000190735,1,0,0
15,0.590099999427795,1,1,1
15,0.491,1,1,0
15,0.433199999809265,1,0,0
15,0.49,1,0,1
15,0.708199999809265,1,1,1
15,0.401199999809265,1,0,1
15,0.468799999237061,1,0,1
15,0.5745,1,1,0
15,0.5205,1,1,1
15,0.4175,1,0,1
15,0.453599999427795,1,0,0
15,0.472,1,0,1
15,0.477900000572205,1,1,0
15,0.38539999961853,1,1,1
15,0.439,1,1,0
15,0.70489999961853,1,0,0
15,0.81689999961853,1,0,1
15,0.431800000190735,1,0,0
15,0.551,1,1,1
15,0.4105,1,1,0
15,0.376699999809265,1,1,1
15,0.327300000190735,0,0,0
15,0.534900000572205,1,1,1
15,0.793199999809265,1,1,0
15,0.42,1,0,1
15,0.44639999961853,1,1,0
15,0.382699999809265,1,0,0
15,0.436099999427795,1,0,1
15,0.354800000190735,1,0,0
15,0.3495,0,0,0
15,0.398599999427795,1,1,0
15,0.378900000572205,1,1,1
15,0.42910000038147,1,0,0
15,0.489,1,1,0
15,0.384699999809265,1,0,0
15,0.340700000762939,1,1,1
15,0.48560000038147,1,1,1
15,0.419700000762939,1,1,0
15,0.485,1,0,0
15,0.368,0,0,1
15,0.433799999237061,1,1,1
15,0.36660000038147,0,0,0
15,0.376099999427795,1,1,0
15,0.374300000190735,1,1,1
15,0.3935,1,0,0
15,0.40910000038147,1,0,1
15,0.43,1,1,1
15,0.458,1,0,0
15,0.337699999809265,0,0,1
15,0.447199999809265,1,0,1
15,0.45739999961853,1,0,1
15,0.428200000762939,1,0,1
15,0.49739999961853,1,1,0
15,0.440900000572205,1,1,1
15,0.482699999809265,1,0,1
15,0.477,1,1,0
15,0.485800000190735,1,0,1
15,0.44110000038147,1,1,0
15,0.4425,1,1,1
15,0.385800000190735,0,0,1
15,0.437,1,0,0
15,0.45160000038147,1,1,0
15,0.437799999237061,1,0,0
15,0.47460000038147,1,1,0
15,0.442900000572205,1,0,1
15,0.46,1,1,1
15,0.3915,1,1,1
15,0.439699999809265,1,0,1
15,0.396800000190735,0,0,1
15,0.484699999809265,1,1,1
15,0.489,1,1,1
15,0.401699999809265,1,1,0
15,0.399700000762939,1,1,0
15,0.56989999961853,1,1,1
15,0.392300000190735,1,1,1
15,0.569900000572205,0,1,0
15,0.4015,1,1,0
15,0.46260000038147,1,0,1
15,0.46,1,1,0
15,0.506699999809265,1,0,0
15,0.393,1,0,1
15,0.399300000190735,0,0,0
15,0.476,1,0,1
15,0.458099999427795,1,0,1
15,0.459800000190735,1,0,0
15,0.447099999427795,1,1,0
15,0.424099999427795,1,0,1
15,0.414099999427795,1,1,1
15,0.42260000038147,1,1,0
15,0.344699999809265,1,1,0
15,0.41039999961853,1,1,0
15,0.388400000572205,0,1,0
15,0.437700000762939,1,0,1
15,0.4435,1,0,0
15,0.6095,1,1,1
15,0.520200000762939,1,1,1
15,0.50889999961853,0,1,1
15,0.598699999809265,1,0,0
15,0.423699999809265,1,0,1
15,0.403,1,0,0
15,0.37489999961853,1,0,0
15,0.472200000762939,1,0,0
15,0.48939999961853,1,1,1
15,0.45889999961853,1,0,1
15,0.387299999237061,1,0,0
15,0.3555,1,1,1
15,0.454199999809265,1,1,1
15,0.555599999427795,1,1,1
15,0.43,0,0,0
15,0.489199999809265,1,1,0
15,0.455800000190735,1,1,0
15,0.353300000190735,1,0,1
15,0.387299999237061,1,0,1
15,0.593,1,0,0
15,0.4405,1,0,0
15,0.40860000038147,1,1,0
15,0.4125,1,0,0
15,0.52189999961853,1,1,1
15,0.48239999961853,1,1,0
15,0.44060000038147,1,0,1
15,0.5725,1,1,1
15,0.470699999809265,1,0,1
15,0.663299999237061,1,0,0
15,0.38710000038147,1,0,1
15,0.458099999427795,1,0,0
15,0.455099999427795,1,1,1
15,0.4485,1,1,1
15,0.42710000038147,1,1,0
15,0.3935,1,0,0
15,0.4305,1,0,0
15,0.383,1,1,0
15,0.397699999809265,1,1,0
15,0.4285,1,0,0
15,0.363700000762939,1,0,1
15,0.487200000762939,1,1,1
15,0.380300000190735,1,1,0
15,0.466099999427795,1,1,1
15,0.412,1,1,1
15,0.399,1,1,1
15,0.35760000038147,1,1,1
15,0.424699999809265,1,0,1
15,0.33510000038147,1,0,1
15,0.484200000762939,1,0,0
15,0.418300000190735,1,0,1
15,0.437800000190735,1,1,0
15,0.37339999961853,0,0,0
15,0.39789999961853,0,0,0
15,0.48310000038147,0,0,1
15,0.48460000038147,1,1,0
15,0.448,1,0,0
15,0.475700000762939,1,0,0
15,0.375199999809265,0,1,0
15,0.504299999237061,1,0,1
15,0.4435,1,1,0
15,0.42810000038147,1,1,0
15,0.44439999961853,1,0,0
15,0.4725,1,1,0
15,0.355300000190735,1,0,1
15,0.44610000038147,1,1,1
15,0.456699999809265,1,0,1
15,0.352400000572205,1,1,1
15,0.392,1,0,1
15,0.366900000572205,1,1,1
16,0.478,0,0,1
16,0.401,1,1,0
16,0.478,1,1,1
16,0.42,1,1,0
16,0.37,1,1,1
16,0.478,1,1,0
16,0.41,1,1,0
16,0.394,1,0,0
16,0.477000000000233,1,0,1
16,0.439,1,0,1
16,0.911,1,0,1
16,0.619999999999767,1,0,0
16,0.368,1,1,1
16,0.327,1,1,1
16,0.345,1,1,0
16,0.364000000000233,1,0,1
16,0.425999999999767,1,1,0
16,0.465,1,0,0
16,0.699,1,0,1
16,0.381,0,1,0
16,0.488,1,1,1
16,0.409,1,1,0
16,0.426,1,1,1
16,0.413,1,0,1
16,0.587,1,0,0
16,0.459,1,0,0
16,0.38,1,1,0
16,0.416,1,0,1
16,0.408,1,0,1
16,0.417,1,1,1
16,0.492,1,0,0
16,0.553,1,1,1
16,0.844,1,1,1
16,0.508999999999767,1,0,0
16,0.432,1,1,0
16,0.598,1,0,0
16,0.62,1,1,1
16,0.557,1,0,0
16,0.431,1,0,0
16,0.715,1,1,0
16,0.544,1,0,1
16,0.479000000000233,1,0,0
16,0.592,1,1,1
16,0.567,1,1,0
16,0.508,1,0,1
16,0.73,1,0,1
16,0.545000000000233,1,1,1
16,0.474,1,0,0
16,0.73,1,0,1
16,0.558,1,1,0
16,0.635,1,0,0
16,0.570999999999767,1,0,1
16,0.403000000000233,1,0,0
16,0.373999999999767,1,0,0
16,0.455,0,1,0
16,0.357,1,0,0
16,0.638,1,1,0
16,0.412,1,1,0
16,0.349,1,1,0
16,0.385,1,0,1
16,0.501,1,0,0
16,0.398999999999767,1,1,1
16,0.309,1,0,0
16,0.414,1,1,1
16,0.514,1,0,0
16,0.441,1,0,0
16,0.427,1,1,1
16,0.458,1,0,1
16,0.428,1,1,0
16,0.474,1,0,1
16,0.433,1,0,1
16,0.588,1,0,0
16,0.431,1,1,0
16,0.420000000000233,0,1,0
16,0.433,1,1,1
16,0.481,1,1,0
16,0.443,1,0,0
16,0.393,1,1,0
16,0.298999999999767,1,1,1
16,0.461000000000233,1,1,1
16,0.538,1,1,1
16,0.411,1,1,1
16,0.390999999999767,1,0,0
16,0.455000000000233,1,1,0
16,0.517,1,0,1
16,0.459,1,0,1
16,0.425,1,1,0
16,0.473,1,1,1
16,0.485,1,0,1
16,0.426,1,0,0
16,0.662,1,0,1
16,0.401,1,1,1
16,0.486,1,0,1
16,0.535999999999767,1,1,1
16,0.432,1,1,1
16,0.464000000000233,1,0,1
16,0.56,1,0,0
16,0.428,1,0,0
16,0.459,1,0,0
16,0.41,1,0,1
16,0.352999999999767,1,1,0
16,0.303,1,1,1
16,0.417,1,1,1
16,0.597,1,0,0
16,0.395,1,1,0
16,0.409,1,0,1
16,0.536,1,1,1
16,0.391,1,1,1
16,0.38,1,1,1
16,0.430999999999767,1,1,0
16,0.335,1,1,1
16,0.441,1,1,1
16,0.380000000000233,1,1,0
16,0.347,1,0,0
16,0.373,1,0,1
16,0.349,1,1,0
16,0.413,1,0,0
16,0.391,1,1,0
16,0.398000000000233,1,1,1
16,0.441000000000233,0,0,1
16,0.412,1,1,1
16,0.574000000000233,1,1,0
16,0.35,1,1,1
16,0.550999999999767,1,0,0
16,0.513,1,0,1
16,0.439,1,0,0
16,0.421,1,1,0
16,0.368,1,1,0
16,0.459999999999767,1,1,0
16,0.736,1,0,0
16,0.413,1,0,0
16,0.464999999999767,1,0,1
16,0.407,1,1,1
16,0.657,1,0,1
16,0.507,1,0,0
16,0.437,1,0,1
16,1.813,0,1,1
16,1.23699999999977,1,0,1
16,0.525,1,0,0
16,0.334000000000233,1,0,1
16,1.549,1,0,1
16,0.117,1,1,0
16,1.141,1,0,1
16,0.422000000000233,1,1,0
16,0.379,1,1,0
16,0.369000000000233,1,0,0
16,1.00199999999977,1,1,1
16,0.770999999999767,1,0,1
16,0.457,1,0,0
16,0.923,1,0,1
16,0.49,1,1,1
16,0.324,1,1,0
16,0.614,1,1,1
16,0.563,1,0,1
16,0.55,1,1,1
16,0.443,1,1,1
16,0.893,1,1,0
16,0.536,1,0,0
16,0.376999999999767,1,0,0
16,0.385,1,0,0
16,0.366,1,0,1
16,0.431,1,1,1
16,0.375999999999767,1,0,0
16,0.307,1,0,1
16,0.467,1,1,0
16,0.367999999999767,1,0,1
16,0.819,1,0,1
16,0.363,1,0,0
16,0.668,1,1,1
16,1.017,1,0,0
16,0.038,0,0,0
16,0.907,1,0,1
16,0.41,1,1,0
16,0.399,1,1,1
16,0.437,1,1,0
16,0.513000000000233,1,1,1
16,0.734,1,1,0
16,0.424,1,1,0
16,0.428,1,0,0
16,0.483,1,1,1
16,0.58,1,1,0
16,0.359000000000233,1,0,1
16,0.485,1,1,1
16,0.476,1,1,0
16,0.428,1,0,0
16,0.392,1,0,1
16,0.635,1,0,1
16,0.471,1,1,0
16,0.38,1,0,0
16,0.392000000000233,1,1,1
16,0.372000000000233,1,0,1
16,0.61,0,0,1
16,0.474,1,0,1
16,0.443,1,0,1
16,0.68,1,0,0
16,0.547,0,1,1
16,0.436,1,1,0
16,0.360999999999767,1,1,1
16,0.339999999999767,1,1,0
16,0.423,1,0,0
16,0.346,1,0,0
16,0.338000000000233,1,1,0
16,0.415,1,0,1
16,0.514000000000233,1,0,0
16,0.429999999999767,1,0,1
16,0.484,1,0,0
16,0.373,0,0,0
16,0.458,0,1,1
16,0.426,1,1,1
16,0.51,1,0,1
16,1.13,1,0,0
16,0.448,1,0,1
16,0.369,1,1,1
16,0.484,1,1,0
16,0.458,1,1,0
16,0.526,1,1,0
16,0.86,1,1,0
16,0.394,1,1,0
16,0.461,1,0,0
16,0.557,1,0,1
16,0.423,1,1,1
16,0.468,1,1,0
16,0.477,1,0,1
16,0.539,1,1,1
16,0.431,1,0,0
16,0.55,1,0,0
16,1.37999999999977,1,1,0
16,0.622,1,1,1
16,0.447,1,1,1
16,0.376,1,0,1
16,0.678,1,1,1
16,0.404,1,0,0
16,0.435999999999767,1,1,1
16,0.367,1,0,0
16,0.365,1,1,1
16,0.421000000000233,1,1,0
16,0.388,1,0,1
16,0.428,1,1,0
16,0.354,1,0,1
16,0.525,1,0,1
16,0.491,1,1,1
16,0.600999999999767,1,1,1
16,0.396000000000233,1,0,0
16,0.413,1,0,1
16,0.529,1,1,0
16,0.537999999999767,1,1,0
16,0.508,1,0,0
16,0.516,1,0,1
16,0.464,1,0,1
16,0.407000000000233,1,0,1
16,0.433,1,0,0
16,0.367,1,1,1
16,0.430999999999767,1,1,1
16,0.571,1,1,1
16,0.458,1,1,0
16,0.449,1,1,0
16,0.419,1,0,1
16,0.391000000000233,1,1,0
16,0.374,1,0,0
16,0.398000000000233,1,1,1
16,0.371999999999767,1,0,0
16,0.439,1,1,1
16,0.502,1,0,1
16,0.408,1,0,1
16,0.417,1,1,0
16,0.417999999999767,1,0,0
16,0.452,1,0,0
16,0.445999999999767,0,0,1
16,0.58,1,0,1
16,0.478,1,0,0
16,0.848,1,1,0
16,0.654,1,1,1
16,0.511999999999534,1,0,0
16,0.396000000000233,1,1,0
16,0.711,1,1,0
16,0.467,1,1,1
16,0.57,1,0,1
16,0.366,1,0,1
16,0.407000000000233,1,1,1
16,0.425000000000233,1,1,0
16,0.504,1,1,0
16,0.431,1,1,0
16,0.558,1,0,0
16,0.345000000000233,1,1,1
16,0.386,1,0,0
16,0.552999999999767,1,1,1
16,0.393999999999767,1,0,0
17,0.471,1,1,0
17,0.35,1,1,0
17,0.417000000000058,1,0,1
17,0.39,0,0,1
17,0.500999999999942,1,0,0
17,0.494,1,0,1
17,0.486000000000058,1,0,1
17,0.402,1,1,0
17,0.431999999999942,1,1,1
17,0.447999999999942,1,1,0
17,0.39,1,1,0
17,0.41,1,1,0
17,0.499,1,1,1
17,0.712,1,0,0
17,0.433,1,1,1
17,0.428,1,0,0
17,0.426999999999942,1,1,0
17,0.438,1,0,0
17,0.391,1,1,1
17,0.601999999999942,1,1,0
17,0.576,1,1,1
17,0.507999999999942,1,0,0
17,0.654,1,1,1
17,0.710999999999942,1,0,1
17,0.388,0,0,1
17,0.339,1,1,0
17,0.415,1,0,0
17,0.367,1,1,0
17,0.442,1,0,0
17,0.372,1,0,1
17,0.552,1,1,0
17,0.433,0,0,1
17,0.589,1,1,1
17,0.373000000000058,1,1,0
17,0.303,1,0,1
17,0.269,1,1,1
17,0.242000000000058,0,0,0
17,0.355,1,1,1
17,0.426000000000058,0,0,0
17,0.371,1,1,1
17,0.379,1,0,1
17,0.318,0,0,0
17,0.447,1,0,1
17,0.36,1,1,1
17,0.378,1,1,1
17,0.362,1,0,0
17,0.443999999999942,1,0,0
17,0.371,1,0,1
17,0.387,1,0,1
17,0.238,0,0,0
17,0.399,1,1,1
17,0.323,1,1,1
17,0.409,1,1,0
17,0.384000000000058,1,1,0
17,0.414,0,1,1
17,0.522999999999942,1,0,1
17,0.545,1,0,1
17,0.426,1,0,0
17,0.421,1,0,1
17,0.383,0,0,0
17,0.297,1,1,1
17,0.465000000000058,1,0,1
17,0.516,1,1,0
17,0.442000000000058,0,1,1
17,0.391,1,0,1
17,0.381,1,0,1
17,0.42,1,1,0
17,0.37,1,1,1
17,0.402000000000058,1,1,0
17,0.413,0,1,1
17,0.431,1,0,1
17,0.411,0,0,0
17,0.414,1,0,0
17,0.361999999999942,1,0,0
17,0.387,1,0,0
17,0.475,1,1,0
17,0.334999999999942,1,1,1
17,0.490000000000058,1,1,1
17,0.500999999999942,1,0,1
17,0.355,1,1,1
17,0.298,1,0,0
17,0.572,1,1,1
17,0.284,1,0,1
17,0.354,0,0,0
17,0.374000000000058,1,1,0
17,0.399,1,0,0
17,0.421000000000058,1,1,0
17,0.393000000000058,1,1,0
17,0.398,1,0,0
17,0.408999999999884,1,1,1
17,0.46,1,0,1
17,0.283,1,0,1
17,0.392,1,0,0
17,0.393,1,1,0
17,0.34,1,1,0
17,0.409,1,1,0
17,0.769,1,1,1
17,0.461,1,1,0
17,0.4,1,0,0
17,0.371000000000116,1,0,0
17,0.354,1,0,0
17,0.422,1,1,1
17,0.312,0,1,0
17,0.541000000000116,1,0,1
17,0.439,1,1,0
17,0.804999999999884,1,0,0
17,0.415,1,0,1
17,0.346000000000116,1,1,0
17,0.393,1,0,1
17,0.378,1,1,0
17,0.406,1,0,0
17,0.382,0,0,1
17,0.393000000000116,1,0,0
17,0.482,1,0,1
17,0.723,1,0,1
17,0.563,1,1,0
17,0.367,1,1,0
17,0.438,1,1,1
17,0.668,1,1,0
17,0.444,1,0,0
17,0.444,1,1,1
17,0.549,1,1,1
17,0.416,0,0,1
17,0.571,1,1,1
17,0.355,1,0,0
17,0.364000000000116,0,1,1
17,0.392,1,1,0
17,0.332,1,0,1
17,0.423,1,0,0
17,0.436999999999884,1,1,1
17,0.302,1,1,0
17,0.382,1,0,0
17,0.374,1,1,1
17,0.425,1,1,0
17,0.359,1,1,0
17,0.402,0,0,1
17,0.4,1,1,1
17,0.664,1,1,1
17,0.350000000000116,0,0,1
17,0.347,1,1,1
17,0.294,1,0,1
17,0.513,1,0,1
17,0.436,1,0,0
17,0.405,1,0,0
17,0.979000000000116,1,0,1
17,0.369,1,1,1
17,0.379,1,0,1
17,0.428,1,1,0
17,0.349000000000116,0,1,0
17,0.406,0,0,1
17,0.475000000000116,1,0,0
17,0.406000000000116,1,0,1
17,0.5,1,1,1
17,0.373,1,0,0
17,0.411000000000116,1,0,0
17,0.382,1,0,0
17,0.361,1,1,0
17,0.362,0,0,1
17,0.388,1,1,1
17,0.376,1,0,0
17,0.401,1,0,0
17,0.401,1,0,0
17,0.412000000000116,1,0,1
17,0.414,1,0,1
17,0.406000000000116,1,0,1
17,0.373,1,1,0
17,0.391,1,0,1
17,0.361,1,0,0
17,0.347000000000116,0,1,1
17,0.392,1,1,0
17,0.414000000000116,0,1,0
17,0.398,1,1,0
17,0.413,1,1,1
17,0.333,1,1,1
17,0.364,0,1,1
17,0.48,1,1,1
17,0.417,1,1,0
17,0.412,1,1,0
17,0.439,0,1,1
17,0.382,1,0,0
17,0.431,1,1,1
17,0.598999999999884,1,0,1
17,0.458,0,0,1
17,0.413,1,1,0
17,0.431999999999884,1,1,1
17,0.389,1,0,0
17,0.347,1,1,0
17,0.828,1,1,1
17,0.42,1,1,0
17,0.443,1,0,0
17,0.442999999999884,1,0,1
17,0.399,1,0,0
17,1.985,1,1,0
17,0.48,1,0,1
17,0.442,1,0,1
17,0.447000000000116,1,0,0
17,0.442999999999884,1,0,0
17,0.329,1,0,1
17,0.389000000000116,1,0,0
17,0.682,1,0,0
17,0.376,1,1,0
17,0.393,1,0,1
17,0.409,1,0,0
17,0.296000000000116,1,1,0
17,0.335999999999884,1,1,1
17,0.289000000000116,1,0,0
17,0.485,1,0,1
17,0.411000000000116,1,0,1
17,0.403,1,0,1
17,0.456,1,1,1
17,0.523,1,1,1
17,0.491,1,1,1
17,0.329,1,1,1
17,0.391,1,1,0
17,0.302,1,1,0
17,0.296,1,0,1
17,0.396,1,1,0
17,0.39,1,0,1
17,0.411,1,1,1
17,0.43,1,0,0
17,0.413,1,0,0
17,0.315999999999884,1,1,1
17,0.407,1,0,0
17,0.385,1,1,1
17,0.507,1,1,0
17,0.301,0,0,0
17,0.382,1,1,1
17,0.42,1,1,1
17,0.649,1,1,0
17,0.388000000000116,1,0,0
17,0.332,1,1,1
17,0.466,1,0,1
17,0.367,0,0,0
17,0.576000000000116,0,0,1
17,0.573,1,1,0
17,0.682,1,1,1
17,0.428,1,1,0
17,0.346000000000116,1,1,0
17,0.341,1,1,0
17,0.557,1,0,1
17,0.452999999999884,1,1,0
17,0.346,1,0,0
17,0.389000000000116,1,0,0
17,0.350999999999884,0,0,1
17,0.377,1,1,0
17,0.374,1,1,0
17,0.311000000000116,1,1,1
17,0.415000000000233,1,0,0
17,0.43,1,0,0
17,0.383,1,1,1
17,0.402,1,1,1
17,0.404,1,0,1
17,0.27,1,0,1
17,0.395,0,1,0
17,0.751,1,0,1
17,0.322,1,0,1
17,0.419,1,0,1
17,0.492,1,1,0
17,0.352,1,0,0
17,0.269,1,0,0
17,0.359,1,1,1
17,0.312,1,1,0
17,0.933999999999767,1,1,0
17,0.469000000000233,1,0,0
17,0.296,0,1,1
17,0.494,1,0,1
17,0.456,1,1,1
17,0.413,1,1,1
17,0.394,1,1,0
17,0.393,1,0,0
17,0.277000000000233,0,0,0
17,0.444,0,1,1
17,0.433,1,1,0
17,0.389,1,0,1
17,0.361,0,1,1
17,0.419,1,0,1
17,0.315,0,1,1
17,0.465,1,0,0
17,0.423999999999767,1,0,0
17,0.414,1,0,1
17,0.417,1,1,0
17,0.408000000000233,1,0,0
17,0.432,1,1,0
17,0.442,1,0,1
17,0.394,1,0,1
17,0.313,1,1,1
17,0.398,1,1,0
17,0.418,1,1,1
18,0.70420000000298,1,0,1
18,1.47629999999702,1,1,1
18,1.44909999999404,1,0,0
18,1.40279999999702,1,0,1
18,1.55520000000298,1,1,1
18,1.49110000000894,1,0,1
18,1.38419999998808,1,1,0
18,1.50790000000596,1,0,1
18,1.4425,1,1,0
18,1.6735,1,1,1
18,1.65290000000596,1,0,1
18,1.52590000000596,1,1,1
18,1.68940000000596,1,1,1
18,1.68419999998808,1,0,0
18,1.48190000000596,1,1,0
18,1.3865,1,0,1
18,1.47840000000596,1,0,0
18,1.43540000000596,1,0,0
18,1.50020000000298,1,1,0
18,1.602,0,0,1
18,1.59910000000894,1,0,0
18,1.45470000000298,1,1,1
18,1.43229999999702,1,1,0
18,1.41579999999702,1,1,1
18,1.41259999999404,1,0,1
18,1.48089999999106,1,1,1
18,1.8255,1,0,1
18,1.59370000000298,1,1,0
18,1.42310000000894,1,1,0
18,1.54879999999702,1,1,1
18,1.54779999999702,1,1,1
18,1.698,1,0,1
18,1.51040000000596,1,1,0
18,1.52539999999106,1,0,0
18,1.51479999999702,1,0,0
18,1.67919999998808,1,1,0
18,1.50309999999404,1,0,1
18,1.46990000000596,1,1,1
18,1.41979999999702,1,0,0
18,1.58320000000298,1,1,0
18,1.48470000000298,1,0,0
18,1.60830000001192,1,0,0
18,1.51729999999702,1,0,1
18,1.56529999999702,1,1,1
18,1.50339999999106,1,0,0
18,1.50029999999702,1,1,0
18,1.44160000000894,1,0,0
18,1.44379999999702,1,1,0
18,0.717899999991059,1,1,0
18,1.3755,1,0,0
18,1.40920000000298,1,1,1
18,1.407,1,1,0
18,1.3425,1,1,0
18,1.37529999999702,0,1,1
18,1.392,1,1,1
18,1.47970000000298,1,1,0
18,1.37379999999702,1,0,0
18,1.41190000000596,1,1,1
18,1.37880000001192,1,0,0
18,1.65629999999702,0,0,1
18,1.40210000000894,1,0,1
18,1.44679999999702,1,1,0
18,1.42510000000894,1,1,0
18,1.61329999999702,1,0,1
18,1.44039999999106,1,0,0
18,1.49070000000298,1,1,0
18,1.38789999999106,1,1,1
18,1.33829999999702,1,0,0
18,1.3525,1,0,0
18,1.63929999999702,1,1,1
18,1.4215,1,0,1
18,1.64509999999404,1,0,0
18,1.41610000000894,1,1,1
18,1.46890000000596,1,1,1
18,1.44870000000298,1,1,1
18,1.39639999999106,1,1,1
18,1.51570000000298,1,1,1
18,1.45020000000298,1,1,0
18,1.62989999999106,1,0,1
18,1.32430000001192,1,1,0
18,1.39559999999404,1,0,0
18,1.39910000000894,1,0,0
18,1.50929999999702,1,0,1
18,1.42579999999702,1,1,0
18,1.54639999999106,0,1,0
18,1.67,1,0,1
18,1.65759999999404,1,0,1
18,1.49859999999404,1,0,1
18,1.416,1,0,1
18,1.39289999999106,1,1,1
18,2.56519999998808,1,0,1
18,0.6955,1,0,0
18,1.51459999999404,1,0,0
18,1.81090000000596,1,0,1
18,0.48509999999404,1,0,0
18,0.74029999999702,1,0,1
18,0.59120000000298,1,0,1
18,0.47929999999702,1,0,0
18,0.4135,1,1,0
18,0.5035,1,0,0
18,0.389600000008941,1,0,0
18,0.40559999999404,1,1,0
18,0.43429999999702,1,1,0
18,0.46440000000596,1,1,0
18,0.43,1,1,1
18,0.496600000008941,1,1,1
18,0.487100000008941,1,0,0
18,0.60779999999702,1,0,1
18,0.4775,1,1,0
18,0.4045,1,1,0
18,0.42140000000596,1,0,1
18,0.35870000000298,1,1,1
18,0.424399999991059,1,1,0
18,0.380899999991059,1,1,1
18,0.39709999999404,1,0,1
18,0.51590000000596,1,0,1
18,0.44970000000298,1,0,1
18,0.43570000000298,1,0,0
18,0.4335,1,0,0
18,0.39020000000298,1,1,1
18,0.49779999999702,1,1,0
18,0.401,1,0,0
18,0.51390000000596,1,1,1
18,0.5015,1,0,1
18,0.498,1,0,0
18,0.425,1,1,1
18,0.43390000000596,1,1,0
18,0.509399999991059,1,1,1
18,0.55670000000298,1,1,0
18,0.4355,1,1,0
18,0.50729999999702,1,0,1
18,0.39459999999404,1,0,0
18,0.78790000000596,1,0,1
18,0.39770000000298,1,0,0
18,0.395300000011921,1,1,1
18,0.4795,1,1,0
18,0.473899999991059,1,0,1
18,0.483,1,1,1
18,0.45679999999702,1,0,0
18,0.54259999999404,1,1,1
18,0.4255,1,0,0
18,0.916899999991059,1,0,1
18,0.45759999999404,1,1,1
18,0.39609999999404,1,0,1
18,0.437399999991059,1,1,1
18,0.45340000000596,1,0,1
18,0.35240000000596,1,0,1
18,0.467199999988079,1,0,1
18,0.49520000000298,1,0,1
18,0.45729999999702,1,1,0
18,0.44029999999702,1,0,0
18,0.5095,1,0,1
18,0.48079999999702,1,1,1
18,0.51190000000596,1,1,0
18,0.437699999988079,1,0,1
18,0.398,1,1,0
18,0.40429999999702,1,1,1
18,0.57420000000298,1,1,1
18,0.52340000000596,1,0,0
18,0.51970000000298,1,1,0
18,0.52340000000596,1,1,1
18,0.599800000011921,1,0,1
18,0.58229999999702,1,0,1
18,0.438100000008941,1,0,1
18,0.8045,1,1,1
18,0.75040000000596,1,0,1
18,0.73059999999404,1,1,1
18,0.42129999999702,1,0,0
18,0.35840000000596,1,0,0
18,0.50170000000298,1,1,0
18,0.3995,1,1,0
18,0.4015,1,1,0
18,0.37529999999702,1,1,1
18,0.481,1,0,0
18,0.41229999999702,1,1,1
18,0.484,1,0,0
18,0.3905,1,1,0
18,0.40570000000298,1,1,0
18,0.464,1,0,0
18,0.447399999991059,1,1,0
18,0.46759999999404,1,1,1
18,0.47359999999404,1,0,0
18,0.480899999991059,1,0,0
18,0.33679999999702,1,1,0
18,0.4785,1,0,0
18,0.4095,1,0,0
18,0.42879999999702,1,1,1
18,0.3965,1,0,0
18,0.415199999988079,1,1,0
18,0.47829999999702,1,1,1
18,0.399600000008941,1,0,1
18,0.544399999991059,1,0,1
18,0.4285,1,1,0
18,0.42420000000298,1,1,1
18,0.45379999999702,1,0,1
18,0.41409999999404,1,1,1
18,0.351899999991059,1,1,0
18,0.42759999999404,1,0,0
18,0.50209999999404,1,0,0
18,0.432300000011921,1,0,1
18,0.43220000000298,1,1,0
18,0.391899999991059,1,1,1
18,0.386600000008941,1,1,1
18,0.40140000000596,1,0,0
18,0.72159999999404,1,1,1
18,0.38540000000596,1,0,1
18,0.44290000000596,1,0,1
18,0.47340000000596,1,0,0
18,0.43779999999702,1,1,0
18,0.44090000000596,1,1,0
18,0.42170000000298,1,0,0
18,0.44409999999404,1,1,0
18,0.460899999991059,1,1,1
18,0.74870000000298,1,0,1
18,0.45779999999702,1,0,1
18,0.37559999999404,1,1,1
18,0.492100000008941,1,0,1
18,0.53170000000298,1,0,1
18,0.43579999999702,1,0,0
18,0.4165,1,1,1
18,0.45740000000596,1,0,0
18,0.38129999999702,1,0,0
18,0.34940000000596,1,1,0
18,0.56779999999702,1,0,1
18,0.512600000008941,1,1,1
18,0.384,1,1,0
18,0.43529999999702,1,1,0
18,0.642,1,0,0
18,0.4235,1,1,1
18,0.44709999999404,1,1,1
18,0.453300000011921,1,1,0
18,0.446300000011921,0,1,1
18,0.448899999991059,1,0,0
18,0.41329999999702,1,1,0
18,0.49209999999404,1,0,0
18,0.88709999999404,0,0,1
18,0.6275,1,0,0
18,0.676199999988079,1,1,0
18,0.375899999991059,1,0,1
18,0.456,1,1,0
18,0.37129999999702,1,0,0
18,0.35120000000298,1,1,1
18,0.42709999999404,1,0,1
18,0.405,1,1,1
18,0.48120000000298,1,0,1
18,0.441399999991059,1,0,1
18,0.34270000000298,1,0,0
18,0.33979999999702,1,0,1
18,0.33929999999702,1,1,1
18,0.49879999999702,1,0,1
18,0.410399999991059,0,1,1
18,0.430899999991059,1,1,0
18,0.309699999988079,1,0,0
18,0.36670000000298,1,0,0
18,0.40970000000298,1,0,0
18,0.32920000000298,1,0,0
18,0.42040000000596,1,0,1
18,0.41609999999404,1,0,1
18,0.27490000000596,0,0,0
18,0.46170000000298,1,1,1
18,0.4115,1,1,1
18,0.432300000011921,1,1,0
18,0.47370000000298,1,0,0
18,0.42820000000298,1,1,1
18,0.48820000000298,1,0,0
18,0.47609999999404,1,1,0
18,0.49159999999404,1,1,1
18,0.45409999999404,1,1,0
18,0.46859999999404,1,0,1
18,0.441899999991059,1,1,1
18,0.44290000000596,1,1,1
18,0.46720000000298,1,0,1
18,0.47679999999702,1,1,0
18,0.591,1,0,1
18,0.46990000000596,1,0,0
18,0.40759999999404,1,0,1
18,0.35959999999404,1,1,0
18,0.43270000000298,1,1,0
18,0.305100000008941,1,1,0
18,0.41620000000298,1,0,0
18,0.47029999999702,1,0,1
18,0.346300000011921,1,1,0
18,0.53009999999404,1,1,1
18,0.40879999999702,1,1,1
18,0.408300000011921,1,0,0
18,0.43059999999404,1,1,0
18,0.4825,1,1,0
19,0.416300000011921,1,1,0
19,0.379399999976158,1,0,0
19,0.421800000011921,1,0,0
19,0.403700000047684,1,0,1
19,0.388800000011921,1,1,0
19,0.630899999976158,1,0,1
19,0.523099999964237,1,1,1
19,0.355200000047684,1,1,0
19,0.416899999976158,1,1,1
19,0.581100000023842,1,0,0
19,0.460600000023842,1,0,1
19,0.357599999964237,0,0,0
19,0.400199999988079,1,0,0
19,0.519899999976158,1,1,1
19,0.447600000023842,1,1,1
19,0.487199999988079,1,0,0
19,0.445699999988079,1,0,1
19,0.4115,1,1,0
19,0.468699999988079,1,1,0
19,0.451199999988079,1,0,0
19,0.411399999976158,1,1,0
19,0.388699999988079,1,0,0
19,0.37,1,1,1
19,0.616799999952316,1,1,0
19,0.417800000011921,1,0,0
19,0.4225,1,0,1
19,0.422399999976158,1,1,0
19,0.432699999988079,1,1,0
19,0.467600000023842,1,1,0
19,0.395699999988079,1,0,1
19,0.406699999988079,1,0,0
19,0.607,1,0,1
19,0.556900000035763,1,1,1
19,0.374599999964237,1,1,1
19,0.478300000011921,1,0,0
19,0.3775,1,0,0
19,0.41,1,1,1
19,0.402,1,0,1
19,0.415900000035763,1,1,0
19,0.3815,1,1,0
19,0.415399999976158,1,0,1
19,0.388700000047684,1,1,1
19,0.770300000011921,1,0,1
19,0.512,1,1,1
19,0.5205,1,0,1
19,0.387699999988079,1,1,1
19,0.571200000047684,1,1,1
19,0.594800000011921,1,0,1
19,0.403300000011921,0,0,1
19,0.382200000047684,1,1,0
19,0.460400000035763,1,0,0
19,0.416,1,1,0
19,0.391699999988079,1,0,0
19,0.389599999964237,1,1,1
19,0.433799999952316,0,0,1
19,0.414199999988079,1,1,1
19,0.4335,1,1,1
19,0.538699999988079,1,0,1
19,0.392299999952316,1,1,1
19,0.424800000011921,1,0,0
19,0.399600000023842,1,1,1
19,0.407400000035763,1,0,0
19,0.533300000011921,1,0,1
19,0.463300000011921,1,1,1
19,0.363899999976158,1,1,1
19,0.3995,1,0,1
19,0.4315,0,1,0
19,0.438199999988079,1,0,1
19,0.450599999964237,1,0,0
19,0.405399999976158,1,1,0
19,0.465600000023842,1,1,0
19,0.464700000047684,1,1,0
19,0.498099999964237,1,0,1
19,0.568400000035763,1,1,1
19,0.380099999964237,1,0,1
19,0.422300000011921,1,1,0
19,0.362599999964237,1,1,1
19,0.382400000035763,1,0,1
19,0.384699999988079,1,0,0
19,0.459600000023842,1,1,0
19,0.336400000035763,1,1,1
19,0.387799999952316,1,1,1
19,0.56,1,0,0
19,0.463199999988079,1,1,0
19,0.5615,1,0,0
19,0.427299999952316,1,0,1
19,0.465899999976158,1,1,0
19,0.426699999988079,1,0,1
19,0.324300000011921,1,1,1
19,0.404300000011921,1,0,1
19,0.378199999988079,0,0,0
19,0.527699999988079,1,0,0
19,0.423,1,1,0
19,0.486100000023842,1,0,0
19,0.4235,1,0,0
19,0.3965,1,1,0
19,0.431399999976158,1,1,1
19,0.416599999964237,1,0,1
19,0.447099999964237,1,0,0
19,0.428900000035763,1,1,0
19,0.511800000011921,0,0,0
19,0.561699999988079,0,1,0
19,0.411,1,0,1
19,0.513100000023842,1,1,0
19,0.450600000023842,1,1,0
19,0.414699999988079,1,0,0
19,0.386300000011921,1,0,1
19,0.310799999952316,0,0,1
19,0.610199999988079,1,1,0
19,0.5125,1,1,1
19,0.3135,0,1,1
19,0.388900000035763,1,1,1
19,0.386899999976158,1,1,1
19,0.416100000023842,1,0,1
19,0.400900000035763,1,1,0
19,0.503299999952316,1,0,1
19,0.436899999976158,1,0,0
19,0.365700000047684,1,0,0
19,0.411299999952316,1,1,1
19,0.355299999952316,1,1,0
19,0.377900000035763,1,0,1
19,0.451100000023842,1,0,0
19,0.417199999988079,1,1,1
19,0.370300000011921,1,1,1
19,0.468300000011921,1,1,0
19,0.470300000011921,1,0,0
19,0.3575,1,1,1
19,0.344699999988079,1,1,0
19,0.359599999964237,0,1,0
19,0.3445,1,0,0
19,0.484699999988079,1,1,1
19,0.409100000023842,1,0,1
19,0.316899999976158,1,0,1
19,0.387100000023842,1,0,0
19,0.393600000023842,1,1,0
19,0.412800000011921,1,0,1
19,0.3515,1,0,0
19,0.326899999976158,1,0,1
19,0.390400000035763,1,1,1
19,0.459900000035763,1,0,1
19,0.459400000035763,1,0,0
19,0.422,1,1,1
19,0.422599999964237,1,1,0
19,0.3715,1,0,0
19,0.318800000011921,1,1,1
19,0.329899999976158,1,0,0
19,0.221,1,1,0
19,0.373399999976158,1,1,1
19,0.5205,1,0,1
19,0.392399999976158,1,1,1
19,0.466199999988079,1,0,1
19,0.354,1,0,1
19,0.424299999952316,1,1,1
19,0.387699999988079,1,1,1
19,0.393699999988079,1,1,0
19,0.3965,1,0,1
19,0.422199999988079,1,1,0
19,0.361399999976158,1,1,1
19,0.529899999976158,1,1,0
19,0.434199999988079,1,1,0
19,0.591800000011921,1,0,0
19,0.607300000011921,1,1,0
19,0.521699999988079,1,0,1
19,0.435699999988079,1,0,1
19,0.533600000023842,0,0,0
19,0.501,1,1,1
19,0.409600000023842,1,0,0
19,0.362800000011921,0,1,1
19,0.380599999964237,1,1,1
19,0.547199999988079,1,1,0
19,0.473300000011921,0,0,0
19,0.3615,1,1,0
19,0.556399999976158,1,1,1
19,0.510899999976158,1,1,0
19,0.306600000023842,0,1,0
19,0.875699999988079,0,1,1
19,0.569100000023842,1,0,1
19,0.516099999964237,1,0,0
19,0.432899999976158,1,0,1
19,0.445699999988079,1,0,1
19,0.404,1,0,0
19,0.286899999976158,1,0,0
19,0.4525,1,0,1
19,0.396,1,0,0
19,0.425599999964237,1,0,0
19,0.385100000023842,0,1,0
19,0.441,1,0,0
19,0.355199999988079,1,1,1
19,0.413300000011921,0,0,0
19,0.381099999964237,1,1,0
19,0.721,0,0,1
19,0.440199999988079,1,0,1
19,0.419699999988079,1,0,1
19,0.405199999988079,1,1,0
19,0.521399999976158,0,0,0
19,0.493300000011921,1,1,1
19,0.254900000035763,0,1,0
19,0.365,1,1,1
19,0.482,1,0,0
19,0.346400000035763,1,0,1
19,0.249,1,1,1
19,0.490600000023842,1,0,1
19,0.438399999976158,1,1,1
19,0.461099999964237,1,1,1
19,0.380300000011921,1,1,0
19,0.308699999988079,0,1,0
19,0.354300000011921,0,0,1
19,0.257199999988079,1,1,1
19,0.490199999988079,1,0,1
19,0.459399999976158,1,0,1
19,0.391699999988079,1,0,0
19,0.383399999976158,1,1,1
19,0.355,1,1,0
19,0.450099999964237,1,0,0
19,0.270800000011921,0,0,0
19,0.325899999976158,0,0,0
19,0.335899999976158,0,1,1
19,0.538599999964237,1,1,1
19,0.411600000023842,1,0,1
19,0.375600000023842,1,1,0
19,0.387599999964237,1,1,0
19,0.404800000011921,1,0,1
19,0.371900000035763,1,1,0
19,0.543399999976158,1,0,0
19,0.461099999964237,1,0,1
19,0.407299999952316,0,1,1
19,0.375899999976158,1,1,0
19,0.392600000023842,1,0,1
19,0.406600000023842,0,1,0
19,0.358100000023842,1,0,0
19,0.363899999976158,1,0,0
19,0.497300000011921,1,0,0
19,0.391199999988079,1,1,1
19,0.597800000011921,1,1,0
19,0.396699999988079,1,1,1
19,0.368399999976158,1,0,1
19,0.4505,0,0,0
19,0.515300000011921,1,0,0
19,0.312199999988079,1,1,0
19,0.419199999988079,1,0,1
19,0.291300000011921,1,1,1
19,0.329599999964237,1,1,0
19,0.412199999988079,1,0,0
19,0.341899999976158,1,0,1
19,0.369,1,1,1
19,0.429800000011921,1,1,1
19,0.458799999952316,1,0,0
19,0.361100000023842,1,0,1
19,0.352699999988079,0,0,1
19,0.355899999976158,0,0,0
19,0.511199999988079,1,1,0
19,0.387,1,1,0
19,0.443300000011921,1,0,1
19,0.346,1,0,1
19,0.2935,1,1,1
19,0.416900000035763,1,1,1
19,0.517199999988079,1,0,0
19,0.3775,1,1,1
19,0.387600000023842,1,0,0
19,0.350300000011921,1,0,0
19,0.585100000023842,1,1,0
19,0.447,1,1,1
19,0.382900000035763,1,1,1
19,0.354099999964237,1,1,1
19,0.461899999976158,1,1,0
19,0.379300000011921,1,0,1
19,0.3255,1,1,1
19,0.340099999964237,0,1,1
19,0.386,0,0,1
19,0.404599999964237,1,0,1
19,0.389199999988079,1,1,0
19,0.492399999976158,1,0,0
19,0.397099999964237,1,0,0
19,0.398,0,0,0
19,0.391899999976158,1,0,0
19,0.376799999952316,1,1,1
19,0.386699999988079,1,0,1
19,0.400100000023842,1,1,0
19,0.370800000011921,0,1,0
19,0.38,1,1,0
19,0.4025,1,0,1
19,0.401599999964237,0,1,0
19,0.364800000011921,1,1,0
19,0.472099999964237,0,0,0
19,0.353100000023842,1,0,0
19,0.462800000011921,1,0,1
19,0.370699999988079,1,1,0
19,0.511099999964237,0,0,1
20,0.385000000000029,1,1,0
20,0.578,1,0,0
20,0.564,1,1,0
20,0.483,1,0,0
20,0.573,1,0,0
20,0.431000000000029,1,1,0
20,0.474999999999971,1,0,1
20,0.542999999999942,1,0,0
20,0.456,1,1,1
20,0.568999999999942,1,1,1
20,0.476,1,0,1
20,0.477,1,1,1
20,0.484,1,0,1
20,0.502,1,0,0
20,0.401,1,0,1
20,0.496,1,1,0
20,0.505000000000058,1,1,0
20,0.967,1,1,1
20,0.927000000000058,1,0,1
20,0.708,1,1,0
20,0.825000000000058,1,1,1
20,0.946,1,1,1
20,1.158,0,1,1
20,0.793999999999942,1,1,1
20,0.552,1,1,0
20,0.885,1,0,0
20,0.550000000000058,1,1,0
20,0.491999999999942,1,1,0
20,0.523,1,1,1
20,0.511000000000058,1,0,1
20,0.574,1,1,1
20,0.491,1,1,0
20,0.416,1,0,0
20,0.43,1,1,0
20,0.442,1,0,1
20,0.658000000000058,1,0,0
20,0.489,1,0,1
20,0.439,1,1,1
20,0.451,1,0,1
20,0.437,1,0,1
20,0.479,0,0,0
20,0.540000000000058,1,0,0
20,0.468,1,0,0
20,0.454,1,1,0
20,0.632,1,0,1
20,0.421,1,0,1
20,0.558,1,0,0
20,0.564,1,1,1
20,0.575,0,0,0
20,0.409999999999942,1,1,1
20,0.467,1,1,0
20,0.571,1,0,0
20,0.586,1,1,1
20,0.460000000000058,1,1,0
20,0.596,1,0,1
20,0.426,1,1,1
20,0.473,1,1,1
20,0.608,0,0,0
20,0.399,1,1,0
20,0.554,1,0,1
20,0.433,1,1,0
20,0.709,1,0,1
20,0.493,1,1,0
20,0.414,1,1,0
20,0.452,1,1,0
20,0.496,1,1,0
20,0.453,0,0,1
20,0.419,1,1,0
20,0.56,1,1,1
20,0.407,1,1,0
20,0.422,1,0,0
20,0.387,1,0,1
20,0.454,1,0,0
20,0.39,1,1,1
20,0.506,0,0,1
20,0.582,1,1,1
20,0.48,0,0,0
20,0.521,1,0,0
20,0.659,0,0,1
20,0.448,1,0,0
20,0.477,1,0,0
20,0.428999999999942,1,0,1
20,0.443999999999942,1,0,0
20,0.521000000000058,1,1,1
20,0.381,1,0,1
20,0.393,1,0,0
20,0.414000000000058,1,1,1
20,0.406,1,1,0
20,0.521,1,0,1
20,0.406,0,1,1
20,0.734,1,0,0
20,0.492999999999942,1,1,0
20,0.597000000000058,1,1,1
20,0.428,1,0,1
20,0.703,1,0,1
20,0.540999999999942,1,1,1
20,0.547000000000058,1,0,1
20,0.571000000000058,1,1,0
20,0.483,1,0,1
20,0.457,0,1,0
20,0.31,0,0,0
20,0.59,0,1,1
20,0.454000000000116,1,1,0
20,0.478,1,1,0
20,0.453,1,1,0
20,0.622000000000116,1,0,1
20,0.66,1,0,0
20,0.520999999999884,1,1,1
20,0.481,1,1,0
20,0.617000000000116,1,0,1
20,0.545,1,0,1
20,0.725,1,1,0
20,0.434,1,1,1
20,0.447,1,0,1
20,0.573,1,1,1
20,0.571,1,0,0
20,0.44,1,1,0
20,0.463,1,1,0
20,0.737,1,0,1
20,0.431,1,1,0
20,0.568000000000116,1,0,0
20,0.559999999999884,1,1,1
20,0.526999999999884,1,1,0
20,0.459000000000116,1,1,1
20,0.516,1,0,1
20,0.474,1,0,0
20,0.677,1,1,1
20,0.465,1,0,0
20,0.461,1,0,0
20,0.472,1,1,0
20,0.499,1,0,1
20,0.537,0,0,0
20,0.851,1,0,0
20,0.579,1,0,0
20,0.585,1,1,1
20,0.515,1,1,1
20,0.484,1,1,1
20,0.537,1,0,1
20,0.572,1,1,1
20,0.461,1,0,0
20,0.488000000000116,1,0,0
20,0.515,1,0,1
20,0.541999999999884,1,1,1
20,0.652,1,0,1
20,0.502999999999884,1,0,0
20,0.446,1,0,1
20,0.431,1,0,1
20,0.403,1,0,1
20,0.444000000000116,1,1,1
20,0.347,1,0,0
20,0.368,1,1,1
20,0.433,1,1,0
20,0.377000000000116,1,0,1
20,0.52,1,1,0
20,0.431,1,0,0
20,0.476,1,1,0
20,0.451,1,1,1
20,0.393999999999884,0,0,1
20,0.63,1,1,0
20,0.475000000000116,1,1,0
20,0.662,1,0,1
20,0.491,1,1,0
20,0.556,1,0,0
20,0.562,1,1,1
20,0.469,1,1,1
20,0.5,1,1,0
20,0.413999999999884,1,0,0
20,0.447,1,0,0
20,0.395999999999884,1,1,0
20,0.411,1,0,0
20,0.421,0,1,1
20,0.479,1,1,0
20,0.392,1,1,0
20,0.444,1,1,1
20,0.382999999999884,1,0,0
20,0.521000000000116,1,0,1
20,0.512,1,0,1
20,0.497,1,1,1
20,0.529,1,1,1
20,0.541,1,0,0
20,0.616999999999884,1,0,1
20,0.546,1,0,1
20,0.433000000000116,1,0,0
20,0.528,1,1,1
20,0.486,1,1,1
20,0.644,1,0,1
20,0.607,1,1,1
20,0.481,1,0,0
20,0.709,1,1,0
20,0.285,0,1,0
20,0.485,1,0,0
20,0.409,1,0,1
20,0.563,1,1,0
20,0.452999999999884,1,1,1
20,0.436,1,0,1
20,0.425,1,0,1
20,0.533999999999884,1,0,1
20,0.546,1,1,0
20,0.374,1,0,1
20,0.396000000000116,1,0,1
20,0.445,1,0,1
20,0.404000000000116,0,1,0
20,0.512,1,1,1
20,0.434000000000116,1,0,1
20,0.471,1,1,1
20,0.386,1,1,1
20,0.486,0,0,0
20,0.435,1,0,1
20,0.411,1,0,0
20,0.387999999999884,1,1,1
20,0.349,1,0,0
20,0.414,1,1,0
20,0.431,1,0,0
20,0.535,1,0,0
20,0.577,1,1,1
20,0.382,1,0,1
20,0.426,0,1,1
20,0.397,1,1,0
20,0.867,1,0,0
20,0.449,1,1,0
20,0.442999999999884,1,0,0
20,0.739,1,0,0
20,0.537,1,0,0
20,0.42,1,1,1
20,0.796,1,1,0
20,0.444,1,0,0
20,0.443,1,1,1
20,0.644,1,0,1
20,0.338,1,0,0
20,0.929,1,0,1
20,0.445,1,0,0
20,0.439,1,1,0
20,0.403000000000116,1,1,0
20,0.456000000000116,1,1,1
20,0.573,1,1,1
20,0.474,1,0,1
20,0.463,1,1,0
20,0.392999999999884,0,1,0
20,0.375,1,1,0
20,0.496999999999884,1,1,1
20,0.556,0,0,1
20,0.482,1,1,0
20,0.394,1,0,0
20,0.415,1,1,1
20,0.409999999999884,1,0,1
20,0.405000000000116,1,1,1
20,0.454,1,0,0
20,0.427000000000116,1,0,0
20,0.358,1,1,0
20,0.463,1,0,1
20,0.379,1,0,1
20,0.323999999999884,1,1,1
20,0.431999999999884,1,1,1
20,0.397000000000116,0,1,0
20,0.383,1,0,1
20,0.609,1,1,0
20,0.643,1,0,1
20,0.389000000000116,1,0,0
20,0.437,1,1,1
20,0.449,1,0,0
20,0.562,1,0,1
20,0.478,1,0,0
20,0.609,1,1,0
20,0.458,1,0,0
20,0.432,1,1,0
20,0.46,1,1,1
20,0.512000000000116,1,1,1
20,0.474,1,0,0
20,0.400000000000116,1,1,1
20,0.459,0,1,1
20,0.538,1,1,0
20,0.430000000000116,1,1,0
20,0.557000000000116,1,0,1
20,0.505,1,1,0
20,0.417000000000116,1,0,1
20,0.384,1,1,1
20,0.454999999999884,1,0,0
20,0.49,0,1,1
20,0.886999999999884,1,0,1
20,0.617999999999884,1,0,0
20,0.525000000000116,0,0,0
20,0.404999999999884,0,1,0
20,0.412,0,1,0
20,0.553999999999767,1,0,1
20,0.415,1,1,1
20,0.461,1,0,0
20,0.434,1,1,0
20,0.942,1,0,1
21,0.733,1,1,1
21,0.47,1,1,1
21,0.491,1,0,1
21,0.455,1,0,0
21,0.384,1,1,0
21,0.383,1,1,0
21,0.508,1,0,1
21,0.478,1,0,1
21,0.414,1,0,1
21,0.396,1,0,0
21,0.46,0,0,1
21,0.385,1,1,1
21,0.469,1,1,0
21,0.387,1,0,1
21,0.452,1,0,0
21,0.449,1,1,1
21,0.406,1,1,0
21,0.398,1,1,1
21,0.449,1,1,0
21,0.537,1,0,1
21,0.479,1,0,1
21,0.415,1,0,1
21,0.621,1,0,1
21,0.45,1,1,0
21,0.403,1,1,1
21,0.51,1,0,0
21,0.476,1,1,1
21,0.415,1,1,1
21,0.411,1,1,1
21,0.462,1,0,0
21,0.404,1,1,0
21,0.379,1,1,0
21,0.432,1,0,1
21,0.403,1,1,1
21,0.562,1,0,0
21,0.409,1,0,1
21,0.378,1,0,0
21,0.478,1,1,1
21,0.437,1,1,0
21,0.375,1,0,0
21,0.379,1,1,1
21,0.41,1,0,0
21,0.525,1,0,0
21,0.435,1,1,0
21,0.466,1,0,0
21,0.416,1,1,0
21,0.369,1,0,0
21,0.611,1,1,0
21,0.527,1,1,0
21,0.432,1,0,0
21,0.363,1,1,0
21,0.387,1,1,0
21,0.55,1,0,1
21,0.386,1,1,0
21,0.367,1,0,1
21,0.377,1,1,0
21,0.413,1,1,0
21,0.428,1,1,1
21,0.489,1,0,0
21,0.439,1,1,1
21,0.44,1,1,0
21,0.425,1,0,0
21,0.505,1,0,0
21,0.427,1,0,0
21,0.513,1,0,1
21,0.381,1,0,1
21,0.401,1,0,0
21,0.38,1,1,1
21,0.432,1,1,1
21,0.478,1,1,1
21,0.598,1,0,1
21,0.397,1,1,0
21,0.387,1,1,1
21,0.463,1,0,0
21,0.403,1,1,1
21,0.427,1,0,1
21,0.499,1,0,0
21,0.529,0,1,1
21,0.421,0,0,1
21,0.439,1,1,0
21,0.388,1,1,1
21,0.378,1,1,0
21,0.438,1,0,1
21,0.55,1,1,1
21,0.444,1,1,0
21,0.415,1,0,1
21,0.459,1,0,1
21,0.461,1,0,0
21,0.433,1,0,1
21,0.459,1,0,1
21,0.405,1,0,0
21,0.534,1,0,0
21,0.398,1,1,0
21,0.39,1,0,0
21,0.544,1,1,1
21,0.417,1,1,1
21,0.505,1,0,0
21,0.357,1,0,1
21,0.438,1,1,1
21,0.407,1,0,1
21,0.486,1,0,1
21,0.416,1,0,0
21,0.651,1,0,0
21,0.446,1,0,1
21,0.459,1,0,0
21,0.455,1,0,0
21,0.451,1,0,1
21,0.393,1,1,1
21,0.392,1,1,0
21,0.447,1,1,0
21,0.406,1,0,0
21,0.358,1,1,1
21,0.443,1,0,0
21,0.432,1,1,0
21,0.428,1,1,0
21,0.407,1,1,0
21,0.553,1,1,1
21,0.415,1,0,1
21,0.491,1,0,0
21,0.623,1,1,1
21,0.394,1,0,1
21,0.405,1,0,1
21,0.401,1,1,1
21,0.429,1,0,0
21,0.398,1,1,0
21,0.391,1,1,1
21,0.401,0,0,1
21,0.396,1,0,0
21,0.418,1,1,0
21,0.428,1,1,1
21,0.486,1,1,0
21,0.417,1,1,0
21,0.452,1,0,1
21,0.423,1,1,1
21,0.41,1,1,1
21,0.426,1,1,1
21,0.436,1,1,0
21,0.392,1,0,1
21,0.43,1,1,0
21,0.467,1,1,1
21,0.389,1,0,1
21,0.526,1,0,0
21,0.446,0,0,0
21,0.469,1,1,0
21,0.538,1,1,0
21,0.5,1,0,0
21,0.415,1,1,0
21,0.348,1,1,0
21,0.376,1,0,0
21,0.362,0,0,1
21,0.399,1,1,1
21,0.398,1,1,1
21,0.415,1,0,0
21,0.583,1,1,0
21,0.439,1,1,0
21,0.675,1,1,1
21,0.705,0,0,1
21,0.401,1,0,1
21,0.658,1,0,0
21,0.398,0,0,1
21,0.357,1,1,0
21,0.488,1,1,1
21,0.488,1,1,0
21,0.452,1,0,0
21,0.689,1,1,1
21,0.392,1,0,0
21,0.526,1,0,1
21,0.377,1,0,0
21,0.398,1,0,0
21,0.466,1,1,1
21,0.45,1,1,0
21,0.462,1,0,1
21,0.418,1,0,1
21,0.453,1,1,1
21,0.423,1,0,1
21,0.449,1,0,0
21,0.416,1,1,1
21,0.496,1,1,0
21,0.473,1,0,1
21,0.5,1,1,1
21,0.446,1,0,1
21,0.414,1,0,1
21,0.637,1,1,1
21,0.442,1,1,0
21,0.453,1,1,1
21,0.369,1,0,0
21,0.417,1,1,0
21,0.565,1,0,1
21,0.501,1,1,1
21,0.431,1,0,0
21,0.396,1,1,0
21,0.408,1,0,0
21,0.506,1,0,1
21,0.423,1,1,0
21,0.447,1,0,1
21,0.419,1,1,1
21,0.578,1,1,1
21,0.42,1,0,1
21,0.62,1,0,1
21,0.488,1,1,0
21,0.431,1,1,1
21,0.548,1,0,0
21,0.4,1,0,0
21,0.428,1,1,0
21,0.461,1,0,1
21,0.439,1,0,1
21,0.447,1,1,0
21,0.413,1,1,1
21,0.446,1,1,1
21,0.409,1,0,0
21,0.404,1,0,1
21,0.43,1,1,1
21,0.426,1,0,1
21,0.394,1,1,0
21,0.438,1,0,0
21,0.634,1,0,0
21,0.435,1,1,0
21,0.495,1,0,1
21,0.447,1,0,0
21,0.4,1,1,0
21,0.395,1,0,0
21,0.429,1,1,0
21,0.386,1,0,0
21,0.601,1,0,0
21,0.411,1,1,1
21,0.378,0,1,0
21,0.448,1,1,1
21,0.615,1,1,0
21,0.425,1,0,0
21,0.398,1,1,1
21,0.387,1,0,1
21,0.418,1,0,0
21,0.373,1,1,1
21,0.551,1,1,0
21,0.513,1,1,1
21,0.393,1,1,1
21,0.376,1,0,0
21,0.618,1,0,1
21,0.506,1,0,1
21,0.413,1,1,0
21,0.395,1,1,1
21,0.393,1,1,0
21,0.417,1,0,1
21,0.433,1,1,1
21,0.366,1,1,1
21,0.415,1,0,0
21,0.428,1,1,1
21,0.534,1,1,1
21,0.433,1,0,1
21,0.464,1,1,1
21,0.414,1,0,1
21,0.514,1,1,0
21,0.543,1,1,0
21,0.398,1,1,0
21,0.418,1,0,1
21,0.432,1,0,1
21,0.429,1,0,0
21,0.368,1,1,0
21,0.356,0,0,0
21,0.447,1,0,1
21,0.401,1,0,0
21,0.377,1,1,1
21,0.379,1,1,1
21,0.532,1,0,0
21,0.461,1,0,0
21,0.712,1,0,1
21,0.402,1,0,1
21,0.469,1,1,1
21,0.385,1,1,0
21,0.369,1,0,1
21,0.372,1,0,0
21,0.419,1,0,0
21,0.415,1,1,1
21,0.459,1,0,0
21,0.387,1,1,0
21,0.405,1,1,0
21,0.367,0,1,1
21,0.389,1,1,1
21,0.373,1,0,0
21,0.357,1,0,1
21,0.427,1,0,0
21,0.358,1,1,0
21,0.394,0,0,1
21,0.485,1,1,0
21,0.406,1,1,0
21,0.429,1,0,1
21,0.368,1,0,0
21,0.441,1,1,0
23,0.693,1,0,1
23,0.403,1,1,1
23,0.544,1,0,0
23,0.473,1,0,1
23,0.433,1,1,0
23,0.418,1,1,0
23,0.427,1,0,1
23,0.522,1,1,0
23,0.425,1,1,1
23,0.553,1,0,0
23,0.402,1,1,0
23,0.454,1,0,1
23,0.435,1,1,1
23,0.448,1,1,1
23,0.423,1,0,0
23,0.425,1,1,0
23,0.435,1,1,0
23,0.653,1,0,0
23,0.689,0,0,1
23,0.621,1,1,0
23,0.738,1,0,0
23,0.682,1,1,1
23,0.748,1,1,0
23,1.144,1,0,1
23,0.483,1,0,0
23,0.94,1,0,1
23,0.494,1,0,0
23,0.584,1,0,1
23,0.714,1,0,0
23,0.739,1,1,0
23,0.54,1,0,0
23,0.507,1,0,0
23,1.098,0,1,0
23,1.071,1,0,1
23,0.433,1,0,1
23,0.735,1,0,0
23,0.654,1,1,1
23,0.904,1,1,1
23,0.827,1,1,1
23,0.707,1,0,0
23,0.678,1,1,0
23,0.845,1,0,1
23,0.817,1,1,1
23,0.586,1,1,1
23,0.619,1,1,0
23,0.586,0,1,1
23,0.716,1,0,1
23,0.511,1,1,1
23,0.841,1,1,1
23,0.425,1,0,0
23,0.418,1,0,0
23,0.426,1,0,0
23,0.478,1,1,1
23,0.717,1,0,1
23,0.416,1,1,1
23,0.381,1,1,0
23,0.625,1,0,1
23,0.416,1,1,1
23,0.508,1,1,0
23,0.428,1,1,0
23,0.511,1,1,0
23,0.393,1,1,1
23,0.67,1,1,1
23,0.386,1,0,1
23,0.41,1,1,1
23,0.627,1,0,0
23,0.468,1,1,0
23,0.368,1,1,0
23,0.455,1,0,0
23,0.41,1,0,1
23,0.443,1,0,0
23,0.334,1,1,1
23,0.409,1,1,1
23,0.413,1,0,1
23,0.607,1,0,0
23,0.407,1,0,0
23,0.386,1,0,0
23,0.403,1,0,0
23,0.423,1,1,0
23,0.421,1,1,1
23,0.376,1,0,1
23,0.447,1,1,0
23,0.399,1,1,0
23,0.399,1,0,0
23,0.414,1,0,0
23,0.427,1,0,1
23,0.606,1,0,1
23,0.403,1,0,1
23,0.455,1,1,1
23,0.395,1,0,1
23,0.409,1,1,1
23,0.677,1,0,1
23,0.467,1,1,0
23,0.399,1,0,1
23,0.493,1,1,0
23,0.406,1,1,0
23,0.646,1,0,0
23,0.435,1,1,0
23,0.483,1,0,1
23,0.351,1,1,1
23,0.672,1,0,1
23,0.398,1,1,0
23,0.654,1,0,1
23,0.654,1,0,1
23,0.688,1,0,1
23,0.355,1,1,0
23,0.395,1,1,1
23,0.392,1,1,1
23,0.372,1,1,0
23,0.464,1,0,0
23,0.437,1,0,1
23,0.439,0,0,1
23,0.506,1,0,0
23,0.44,1,1,1
23,0.4,1,1,0
23,0.444,1,1,0
23,0.458,1,1,1
23,0.386,1,1,1
23,0.354,1,1,0
23,0.419,1,0,0
23,0.434,1,1,0
23,0.357,1,1,0
23,0.485,1,0,0
23,0.425,1,1,1
23,0.391,1,0,0
23,0.427,1,0,0
23,0.389,1,1,0
23,0.398,1,0,0
23,0.398,1,1,1
23,0.396,1,0,1
23,0.631,1,1,1
23,0.451,1,0,0
23,0.476,1,0,1
23,0.389,1,1,1
23,0.388,1,1,0
23,0.586,0,0,0
23,0.493,1,0,0
23,0.447,1,0,0
23,0.571,1,0,1
23,0.712,1,0,1
23,0.458,1,1,1
23,0.389,1,0,1
23,0.382,1,1,1
23,0.428,1,1,0
23,0.471,1,0,0
23,0.475,1,0,1
23,0.337,1,0,0
23,0.404,1,1,1
23,0.406,1,0,0
23,0.448,1,0,1
23,0.375,1,0,0
23,0.894,1,0,1
23,0.473,1,0,1
23,0.421,1,1,1
23,0.536,1,0,0
23,0.408,1,1,1
23,0.39,1,1,0
23,0.414,1,0,0
23,0.692,1,1,1
23,0.418,1,1,1
23,0.648,1,1,0
23,0.403,1,0,0
23,0.301,1,1,0
23,0.439,1,1,0
23,0.348,1,1,1
23,0.388,1,1,0
23,0.358,1,1,0
23,0.343,1,0,0
23,0.445,1,1,1
23,0.451,1,1,0
23,0.535,1,0,0
23,0.451,1,0,1
23,0.379,1,1,1
23,0.39,0,1,1
23,0.514,1,1,1
23,0.547,1,0,1
23,0.707,1,0,1
23,0.381,1,1,0
23,0.411,1,1,0
23,0.389,1,1,0
23,0.426,1,0,0
23,0.356,1,0,1
23,0.402,1,0,0
23,0.458,1,1,1
23,0.408,1,0,0
23,0.421,1,1,0
23,0.639,1,0,1
23,0.454,1,0,1
23,0.799,1,1,1
23,0.465,1,0,1
23,0.362,1,1,0
23,0.684,1,0,1
23,0.42,1,1,1
23,0.451,1,0,0
23,0.644,1,0,1
23,0.321,1,1,1
23,0.403,1,0,0
23,0.493,1,0,0
23,0.435,1,1,0
23,0.424,1,0,0
23,0.404,1,1,0
23,0.413,1,1,1
23,0.552,1,0,1
23,0.468,1,1,1
23,0.558,0,0,1
23,0.413,1,1,0
23,0.37,1,0,1
23,0.392,1,1,0
23,0.394,1,0,0
23,0.593,1,1,0
23,0.47,1,0,1
23,0.354,1,1,1
23,0.405,1,0,1
23,0.414,1,0,1
23,0.435,1,1,0
23,0.393,0,1,0
23,0.529,0,0,1
23,0.556,1,0,0
23,0.411,1,1,1
23,0.59,1,0,1
23,0.371,1,1,0
23,0.493,1,1,0
23,0.375,1,1,1
23,0.76,1,0,1
23,0.647,1,0,1
23,0.431,1,0,0
23,0.449,1,1,1
23,0.475,1,1,1
23,0.47,1,1,1
23,0.355,1,1,1
23,0.461,1,0,0
23,0.618,1,0,0
23,0.378,1,1,1
23,0.486,1,0,1
23,0.428,1,1,0
23,0.474,1,0,0
23,0.474,1,0,0
23,0.434,1,1,0
23,0.453,1,0,0
23,0.457,1,1,0
23,0.549,0,0,1
23,0.461,1,0,0
23,0.492,1,0,1
23,0.319,1,0,0
23,0.369,1,1,0
23,0.407,1,0,1
23,0.335,1,1,0
23,0.49,1,0,0
23,0.436,1,0,1
23,0.494,1,0,0
23,0.454,1,1,1
23,0.362,1,1,0
23,0.439,1,1,1
23,0.439,1,1,0
23,0.432,1,0,0
23,0.41,1,1,0
23,0.408,1,1,0
23,0.426,1,1,0
23,0.472,1,0,1
23,0.429,1,0,1
23,0.367,1,1,0
23,0.441,1,0,0
23,0.448,1,0,1
23,0.436,1,1,1
23,0.597,0,0,1
23,0.442,1,1,1
23,0.601,1,1,1
23,0.399,1,1,1
23,0.422,1,0,0
23,0.347,1,0,1
23,0.404,1,1,1
23,0.402,1,1,1
23,0.594,1,0,0
23,0.345,0,1,1
23,0.465,1,0,0
23,0.386,1,0,0
23,0.672,1,1,1
23,0.46,1,0,0
23,0.516,0,1,1
23,0.682,0,0,1
23,0.4,1,1,0
23,0.436,1,0,1
23,0.474,1,1,0
23,0.421,1,0,1
23,0.465,1,0,0
23,0.387,1,1,0
23,0.369,1,1,0
23,0.374,1,1,1
24,0.796,0,0,0
24,0.447,1,1,0
24,0.802,0,0,1
24,1.047,0,0,0
24,1.094,1,1,1
24,0.567,1,0,0
24,0.597,1,0,0
24,0.682,1,1,0
24,0.769,1,1,1
24,1.279,1,1,1
24,0.54,1,1,0
24,0.921,1,0,1
24,0.736,1,1,0
24,0.621,1,0,0
24,0.596,1,0,0
24,0.647,1,1,0
24,0.535,1,1,0
24,0.837,1,0,1
24,0.512,1,1,1
24,0.46,1,0,0
24,0.527,1,1,0
24,0.78,1,0,1
24,0.592,1,0,0
24,0.545,1,0,1
24,0.624,1,1,1
24,0.607,1,0,0
24,0.688,0,0,1
24,0.735,1,1,0
24,0.795,1,0,1
24,0.862,1,0,0
24,1.081,1,1,1
24,0.773,1,1,0
24,0.897,1,1,1
24,0.922,1,0,1
24,0.868,0,1,1
24,1.033,0,0,1
24,0.779,1,0,1
24,0.587,1,0,0
24,0.929,1,1,1
24,0.814,1,0,1
24,0.473,1,1,1
24,0.537,1,1,0
24,0.528,1,0,0
24,0.452,1,1,1
24,0.594,1,1,0
24,0.72,1,1,1
24,0.816,1,1,0
24,0.842,1,0,1
24,0.698,0,0,0
24,0.677,1,0,0
24,0.483,1,1,0
24,0.487,1,0,0
24,0.724,0,0,1
24,0.587,0,1,0
24,0.714,1,0,0
24,0.547,1,0,0
24,0.577,1,1,0
24,0.487,1,0,0
24,0.598,1,0,1
24,0.722,1,0,1
24,0.569,1,1,0
24,0.614,1,1,1
24,0.511,1,0,1
24,0.646,1,1,1
24,0.527,1,0,1
24,0.621,1,0,0
24,0.966,1,1,1
24,0.765,1,1,0
24,0.794,0,1,1
24,0.804,1,1,1
24,0.782,1,1,1
24,0.528,1,0,0
24,0.598,1,1,1
24,0.47,1,1,0
24,0.532,1,1,0
24,0.591,1,0,0
24,0.464,1,1,1
24,0.66,1,0,1
24,0.543,1,1,0
24,0.782,1,1,1
24,0.572,1,1,1
24,0.65,1,0,0
24,0.575,1,1,0
24,0.586,1,0,0
24,0.475,1,1,1
24,0.8,0,0,1
24,0.765,0,0,1
24,0.674,1,1,0
24,0.559,1,1,0
24,0.472,1,0,1
24,0.525,1,0,1
24,0.609,1,1,0
24,0.587,1,1,1
24,0.519,1,0,0
24,0.727,1,0,1
24,0.718,1,0,1
24,0.783,1,1,1
24,0.658,1,0,0
24,0.493,1,1,0
24,0.503,1,1,1
24,0.416,1,1,0
24,0.566,0,1,0
24,1.03,1,0,0
24,0.545,1,1,1
24,0.556,1,0,1
24,0.614,1,0,1
24,0.665,0,1,0
24,0.635,1,0,0
24,0.55,1,1,1
24,0.661,1,0,1
24,0.617,1,0,1
24,0.514,1,1,0
24,0.622,1,0,0
24,0.538,1,1,0
24,0.607,1,0,0
24,0.643,1,0,0
24,0.778,1,1,1
24,0.697,1,0,0
24,0.491,1,0,0
24,0.521,1,1,1
24,0.648,1,1,0
24,0.465,1,1,1
24,0.513,1,1,0
24,0.691,1,1,0
24,0.528,1,1,1
24,0.504,1,1,0
24,0.479,1,0,1
24,0.556,1,0,0
24,0.522,1,1,1
24,0.413,1,0,1
24,0.52,1,0,0
24,0.479,0,1,0
24,0.964,1,0,1
24,0.574,1,0,0
24,0.569,1,0,1
24,0.579,1,0,1
24,0.571,1,0,1
24,0.629,1,1,1
24,0.599,1,0,1
24,0.582,1,1,1
24,0.568,1,1,1
24,0.73,1,1,0
24,0.778,1,0,1
24,0.65,1,0,0
24,0.756,1,0,1
24,0.514,1,1,0
24,0.672,1,1,0
24,0.507,1,0,0
24,0.417,1,1,0
24,0.62,1,0,1
24,0.558,1,0,0
24,0.364,1,1,1
24,0.415,1,1,0
24,0.533,1,0,1
24,0.388,1,1,1
24,0.43,1,0,1
24,0.525,1,0,0
24,0.415,1,1,1
24,0.411,1,1,0
24,0.54,1,1,0
24,0.528,1,0,0
24,0.469,1,0,0
24,0.521,1,0,0
24,0.53,0,1,0
24,0.547,1,0,1
24,0.404,1,0,1
24,0.487,1,1,0
24,0.407,1,1,1
24,0.391,1,1,1
24,0.562,1,0,0
24,0.511,1,0,0
24,0.393,1,1,0
24,0.378,1,0,1
24,0.413,1,1,1
24,0.445,1,0,1
24,0.443,1,1,1
24,0.443,1,1,1
24,0.596,1,0,1
24,0.432,1,0,0
24,0.466,1,0,0
24,0.552,1,0,1
24,0.438,1,0,1
24,0.447,1,0,0
24,0.421,1,1,1
24,0.382,1,1,0
24,0.397,1,1,0
24,0.373,0,0,0
24,0.403,1,1,1
24,0.489,1,0,1
24,0.399,0,1,0
24,0.374,1,1,1
24,0.417,1,1,1
24,0.705,0,0,1
24,0.575,1,1,0
24,0.325,1,1,1
24,0.435,1,1,0
24,0.428,1,1,1
24,0.373,1,1,0
24,0.434,1,0,0
24,0.431,1,0,0
24,0.403,1,0,1
24,0.459,1,0,1
24,0.421,1,0,1
24,0.426,1,1,0
24,0.563,1,0,1
24,0.557,1,1,0
24,0.421,1,0,0
24,0.466,1,1,0
24,0.411,1,1,1
24,0.438,1,0,1
24,0.559,1,0,0
24,0.458,1,0,0
24,0.424,1,1,0
24,0.435,1,1,1
24,0.406,1,0,0
24,0.366,1,0,0
24,0.448,1,0,1
24,0.38,1,0,1
24,0.439,1,1,1
24,0.5,1,1,0
24,0.458,1,1,1
24,0.442,1,1,0
24,0.507,1,0,1
24,0.423,1,1,1
24,0.604,1,0,0
24,0.43,1,0,0
24,0.52,1,0,1
24,0.424,1,0,1
24,0.458,1,1,1
24,0.417,1,1,0
24,0.454,1,0,1
24,0.488,1,0,0
24,0.415,1,1,1
24,0.372,1,1,1
24,0.494,1,1,1
24,0.439,1,1,0
24,0.452,1,0,0
24,0.375,1,0,0
24,0.429,1,1,1
24,0.413,1,1,0
24,0.398,1,1,0
24,0.391,1,1,1
24,0.535,1,1,1
24,0.401,1,1,0
24,0.52,1,0,1
24,0.555,1,1,1
24,0.524,0,1,0
24,0.509,1,0,1
24,0.723,0,1,0
24,0.549,1,1,0
24,0.51,1,0,0
24,0.519,0,1,1
24,0.61,0,0,1
24,0.505,1,1,1
24,0.458,1,0,1
24,0.406,1,1,1
24,0.363,1,0,1
24,0.461,1,1,1
24,0.45,1,1,0
24,0.394,1,0,1
24,0.343,1,0,0
24,0.289,1,1,1
24,0.5,1,1,1
24,0.419,1,0,1
24,0.475,1,1,0
24,0.527,1,0,0
24,0.297,1,0,0
24,0.484,1,1,1
24,0.471,1,1,1
24,0.426,1,0,0
24,0.513,1,0,1
24,0.457,1,0,1
24,0.442,1,1,0
24,0.469,1,0,1
24,0.567,0,0,0
24,0.629,1,0,0
24,0.557,1,1,0
24,0.454,1,0,0
24,0.552,1,0,0
24,0.41,1,1,0
24,0.56,1,0,0
24,0.353,1,1,0
24,0.444,1,0,0
24,0.441,1,0,1
24,0.539,0,0,0
24,0.376,0,1,1
24,0.415,1,0,1
24,0.4,1,1,0
26,0.537,1,1,0
26,0.37,0,1,1
26,0.363,0,1,0
26,0.438,0,0,1
26,0.43,1,0,0
26,0.462,1,0,1
26,0.462,1,1,0
26,0.48,1,0,1
26,0.45,1,1,1
26,0.431,1,0,0
26,0.42,1,0,0
26,0.377,1,0,0
26,0.492,1,0,0
26,0.394,1,0,0
26,0.382,1,0,0
26,0.337,1,1,1
26,0.365,1,1,1
26,0.451,1,1,0
26,0.387,1,1,0
26,0.372,1,0,1
26,0.377,1,0,1
26,0.449,1,0,1
26,0.344,1,1,0
26,0.333,1,1,1
26,0.397,1,0,0
26,0.409,1,0,0
26,0.391,1,0,0
26,0.391,1,1,0
26,0.499,1,0,0
26,0.461,1,1,1
26,0.386,1,0,1
26,0.441,1,0,1
26,0.397,1,1,0
26,0.42,1,0,0
26,0.514,1,1,1
26,0.388,1,0,1
26,0.357,1,1,0
26,0.593,1,0,1
26,0.35,1,1,1
26,0.351,1,1,1
26,0.353,1,1,1
26,0.442,1,1,0
26,0.443,1,1,0
26,0.38,1,1,1
26,0.409,1,0,1
26,0.338,1,0,1
26,0.328,1,1,1
26,0.33,1,1,0
26,0.322,1,1,0
26,0.367,1,0,0
26,0.367,1,0,1
26,0.35,0,1,0
26,0.326,1,1,0
26,0.461,1,0,1
26,0.406,1,1,0
26,0.352,1,1,0
26,0.362,1,1,1
26,0.381,1,0,0
26,0.406,1,0,0
26,0.353,1,1,0
26,0.348,0,0,1
26,0.512,1,0,0
26,0.36,0,1,1
26,0.438,1,0,0
26,0.452,1,0,1
26,0.5,1,0,0
26,0.364,1,0,0
26,0.499,1,1,0
26,0.425,1,1,1
26,0.37,1,0,0
26,0.347,1,1,1
26,0.376,1,1,1
26,0.437,1,1,0
26,0.352,1,0,1
26,0.412,0,0,1
26,0.326,0,0,1
26,0.487,1,1,1
26,0.368,1,1,0
26,0.423,0,0,0
26,0.484,1,0,1
26,0.374,1,1,0
26,0.402,1,1,1
26,0.432,1,1,1
26,0.372,1,1,1
26,0.402,1,0,1
26,0.461,1,0,1
26,0.356,0,0,0
26,0.301,1,1,1
26,0.329,1,1,1
26,0.425,0,0,0
26,0.397,1,1,1
26,0.42,1,0,1
26,0.375,1,1,0
26,0.391,1,0,1
26,0.365,1,1,0
26,0.337,1,0,0
26,0.422,0,0,0
26,0.361,0,0,0
26,0.405,1,0,0
26,0.38,1,0,1
26,0.382,1,1,1
26,0.526,1,0,0
26,0.377,1,1,0
26,0.368,1,0,0
26,0.418,1,1,1
26,0.411,1,0,0
26,0.345,1,1,0
26,0.355,1,1,1
26,0.4,1,1,0
26,0.472,1,0,0
26,0.382,1,0,0
26,0.409,1,0,1
26,0.371,1,1,1
26,0.446,1,1,1
26,0.449,1,1,0
26,0.573,1,0,1
26,0.394,1,1,0
26,0.455,1,1,1
26,0.36,1,0,1
26,0.389,1,0,1
26,0.413,1,1,1
26,0.477,1,0,0
26,0.308,1,0,1
26,0.383,1,1,0
26,0.387,1,1,1
26,0.366,0,1,1
26,0.388,1,1,0
26,0.48,1,0,1
26,0.433,1,1,0
26,0.45,1,0,1
26,0.361,0,0,0
26,0.515,1,0,1
26,0.38,1,1,1
26,0.482,1,0,0
26,0.388,1,0,1
26,0.406,1,0,1
26,0.402,1,0,1
26,0.388,1,1,0
26,0.612,0,1,1
26,0.395,1,1,0
26,0.42,1,1,0
26,0.412,1,1,0
26,0.452,1,0,0
26,0.399,1,1,1
26,0.52,1,1,0
26,0.444,1,0,1
26,0.407,0,1,0
26,0.44,1,0,1
26,0.43,1,0,1
26,0.38,1,0,0
26,0.418,1,1,0
26,0.381,1,1,0
26,0.381,1,1,1
26,0.36,1,0,0
26,0.352,1,1,0
26,0.428,1,0,0
26,0.442,1,0,0
26,0.469,0,0,0
26,0.38,1,1,1
26,0.348,1,1,1
26,0.421,1,1,0
26,0.482,1,0,1
26,0.385,1,1,1
26,0.356,1,1,1
26,0.368,1,1,1
26,0.518,0,1,1
26,0.493,1,0,0
26,0.398,1,0,0
26,0.375,1,1,0
26,0.416,1,1,1
26,0.385,1,0,0
26,0.446,1,1,1
26,0.613,1,0,0
26,0.42,1,0,1
26,0.422,1,0,1
26,0.381,1,0,1
26,0.473,1,1,0
26,0.403,1,1,1
26,0.374,1,0,1
26,0.31,0,1,0
26,0.411,1,0,0
26,0.516,1,0,1
26,0.448,0,1,0
26,0.406,1,0,0
26,0.45,1,1,0
26,0.386,1,1,0
26,0.411,1,0,1
26,0.374,1,0,1
26,0.383,1,0,1
26,0.384,0,1,1
26,0.455,1,1,1
26,0.371,1,0,0
26,0.425,1,1,1
26,0.534,1,0,0
26,0.421,1,0,0
26,0.405,1,1,0
26,0.428,1,1,0
26,0.402,1,0,0
26,0.358,1,0,1
26,0.453,1,0,1
26,0.383,1,0,1
26,0.331,1,1,1
26,0.34,1,0,1
26,0.436,1,0,1
26,0.409,0,1,1
26,0.402,1,0,1
26,0.395,1,1,0
26,0.322,1,1,1
26,0.339,1,0,0
26,0.385,1,0,0
26,0.38,0,1,0
26,0.437,0,1,1
26,0.402,1,0,1
26,0.357,1,1,1
26,0.356,0,1,1
26,0.361,1,0,1
26,0.369,1,1,0
26,0.33,1,1,0
26,0.396,1,0,0
26,0.378,1,0,0
26,0.383,1,1,0
26,0.338,1,1,0
26,0.37,1,0,1
26,0.328,1,1,1
26,0.47,1,1,0
26,0.356,1,1,1
26,0.522,1,1,1
26,0.351,1,1,0
26,0.408,1,1,0
26,0.387,0,0,1
26,0.425,1,0,0
26,0.415,0,0,0
26,0.399,1,1,0
26,0.383,1,1,1
26,0.353,1,0,0
26,0.475,0,0,1
26,0.401,0,0,1
26,0.432,0,0,0
26,0.436,1,0,0
26,0.355,1,1,1
26,0.318,0,1,1
26,0.4,0,0,1
26,0.435,0,1,0
26,0.513,1,0,0
26,0.391,1,1,0
26,0.441,1,1,1
26,0.412,1,0,0
26,0.496,1,1,1
26,0.392,1,0,0
26,0.379,1,1,1
26,0.422,1,1,0
26,0.354,0,1,0
26,0.39,1,1,1
26,0.42,1,0,1
26,0.364,1,0,0
26,0.411,1,0,1
26,0.421,1,0,0
26,0.417,1,1,1
26,0.438,1,0,1
26,0.437,1,0,0
26,0.389,1,0,1
26,0.399,1,0,1
26,0.434,1,1,1
26,0.508,1,0,0
26,0.357,1,1,0
26,0.38,1,0,0
26,0.429,1,0,0
26,0.345,1,0,1
26,0.373,0,0,1
26,0.447,0,1,0
26,0.512,1,0,1
26,0.486,1,1,1
26,0.371,1,0,0
26,0.366,1,1,1
26,0.417,1,1,0
26,0.465,0,0,0
26,0.571,1,0,0
26,0.39,1,1,0
26,0.419,1,1,1
26,0.393,1,1,0
26,0.467,1,1,1
26,0.399,1,0,1
26,0.38,1,1,0
26,0.385,1,1,1
26,0.389,1,0,1
26,0.462,1,1,0
26,0.428,1,1,0
26,0.449,1,0,1
28,1.425,1,0,1
28,0.473,1,0,0
28,0.404,1,1,1
28,0.484,1,0,0
28,0.642,1,0,1
28,0.529,1,0,1
28,0.469,1,0,1
28,0.408,1,1,0
28,0.854,1,0,0
28,0.561,1,0,0
28,0.393,1,1,0
28,0.479,1,0,0
28,0.572,1,0,0
28,0.492,1,1,0
28,0.606,1,0,1
28,0.42,1,0,1
28,0.525,1,1,0
28,0.619,1,1,1
28,0.45,1,1,0
28,0.464,0,1,1
28,0.497,1,1,0
28,0.379,1,1,0
28,0.483,1,1,1
28,0.459,1,1,0
28,0.52,1,0,0
28,0.453,1,1,0
28,0.455,1,0,1
28,0.517,1,1,0
28,0.501,1,1,1
28,1.137,1,0,1
28,0.521,0,0,1
28,0.604,1,1,1
28,0.48,1,0,0
28,0.527,1,0,1
28,0.654,1,1,1
28,1.012,1,0,0
28,0.599,1,1,1
28,0.691,1,0,1
28,0.53,1,1,1
28,0.42,1,1,0
28,0.394,1,1,0
28,0.679,0,0,0
28,1.134,1,0,0
28,0.583,1,0,0
28,0.447,1,1,1
28,0.524,1,0,1
28,0.433,1,1,1
28,0.439,1,1,1
28,0.568,1,1,0
28,0.56,1,0,1
28,0.366,1,1,0
28,0.436,1,1,0
28,0.375,1,1,1
28,0.431,1,1,1
28,0.54,1,0,0
28,0.44,1,1,1
28,0.428,1,1,1
28,0.483,1,0,0
28,0.641,1,0,1
28,0.422,1,1,0
28,0.452,1,1,0
28,0.461,1,1,0
28,0.385,1,1,1
28,0.418,1,1,0
28,0.793,1,0,1
28,0.449,1,0,1
28,0.49,1,1,1
28,0.471,1,1,1
28,0.471,1,1,0
28,0.359,1,1,0
28,0.494,1,1,0
28,0.417,1,1,1
28,0.539,1,0,0
28,0.467,1,0,0
28,0.739,1,0,1
28,0.46,1,1,1
28,0.513,1,0,0
28,0.432,1,0,1
28,0.515,1,0,0
28,0.428,1,1,0
28,0.52,1,1,1
28,0.46,1,0,1
28,0.445,1,0,0
28,0.48,1,0,0
28,0.506,1,0,0
28,0.428,1,1,1
28,0.471,1,1,1
28,0.789,0,0,1
28,1.037,1,0,1
28,0.553,1,0,0
28,0.756,0,0,1
28,0.857,0,0,1
28,0.517,0,0,1
28,0.423,1,0,0
28,0.409,1,1,0
28,0.809,1,0,0
28,0.585,1,1,1
28,0.445,1,0,0
28,0.457,1,0,1
28,0.388,1,1,1
28,0.454,1,0,0
28,0.561,1,0,1
28,0.529,1,0,0
28,0.449,1,1,0
28,0.516,1,0,1
28,0.363,1,1,0
28,0.388,1,1,1
28,0.449,1,1,1
28,0.408,1,1,0
28,0.429,1,1,1
28,0.649,0,0,1
28,0.682,1,1,1
28,0.53,0,1,0
28,0.62,1,0,1
28,0.513,1,1,0
28,0.409,1,1,0
28,0.462,1,0,1
28,0.473,1,0,1
28,0.49,1,1,1
28,0.839,1,0,0
28,0.477,1,0,0
28,0.563,1,1,1
28,0.578,1,0,0
28,0.487,1,0,1
28,0.678,1,0,1
28,0.451,1,1,1
28,0.713,0,0,0
28,0.528,1,1,0
28,0.742,0,0,1
28,0.635,1,0,0
28,0.394,1,1,1
28,0.964,1,0,0
28,0.502,1,1,1
28,0.406,1,1,0
28,0.516,1,0,1
28,0.439,1,1,0
28,0.443,1,1,0
28,0.487,1,1,0
28,0.536,1,1,1
28,0.545,1,0,0
28,0.453,1,1,0
28,0.575,1,0,1
28,0.466,1,0,0
28,0.484,1,0,0
28,0.461,1,0,0
28,0.45,1,0,0
28,0.337,1,1,1
28,0.355,1,1,1
28,0.443,1,0,1
28,0.508,1,0,0
28,0.461,1,1,0
28,0.492,1,1,1
28,0.437,1,1,1
28,0.54,1,0,0
28,0.381,1,1,1
28,0.395,1,1,0
28,0.437,1,0,0
28,0.381,1,1,0
28,0.503,1,0,1
28,0.478,0,0,0
28,0.41,1,1,0
28,0.547,1,0,0
28,0.615,1,1,0
28,0.411,1,1,0
28,0.478,1,0,1
28,0.442,1,1,1
28,0.455,1,1,1
28,0.465,1,1,1
28,0.463,1,1,0
28,0.38,1,1,0
28,0.468,1,0,0
28,0.592,1,0,1
28,0.529,1,1,0
28,0.35,1,0,0
28,0.469,1,1,1
28,0.576,1,0,1
28,0.483,1,0,1
28,0.876,1,0,0
28,0.475,1,1,1
28,0.546,1,1,1
28,0.564,1,0,1
28,0.506,1,1,0
28,0.511,1,0,1
28,0.719,0,0,1
28,0.864,1,0,0
28,0.551,1,1,0
28,0.473,1,0,0
28,0.556,1,0,1
28,0.543,0,0,1
28,0.571,1,1,0
28,0.928,1,0,1
28,0.453,1,1,1
28,0.66,1,0,1
28,0.437,1,1,1
28,0.459,1,1,1
28,0.506,1,0,0
28,0.479,1,0,0
28,0.396,1,1,1
28,0.499,1,0,1
28,0.434,1,1,1
28,0.39,1,1,0
28,0.479,1,1,1
28,0.502,1,0,1
28,0.352,1,1,0
28,0.526,1,0,0
28,0.451,1,1,0
28,0.509,1,1,0
28,0.547,1,1,0
28,0.784,1,0,1
28,0.501,1,0,0
28,0.561,1,0,0
28,0.488,1,0,1
28,0.553,1,0,1
28,0.459,1,1,1
28,0.429,1,1,0
28,0.448,1,1,0
28,0.502,1,1,1
28,0.581,1,0,0
28,0.494,1,1,1
28,0.435,1,1,0
28,0.465,1,0,1
28,0.441,1,1,1
28,0.541,1,0,0
28,0.638,1,0,1
28,0.562,1,0,0
28,0.511,1,0,0
28,0.606,1,1,0
28,0.429,1,1,0
28,0.467,1,0,0
28,0.589,1,0,0
28,0.348,1,1,1
28,0.398,0,1,0
28,0.473,1,1,1
28,0.421,1,0,1
28,0.384,1,1,1
28,0.491,1,0,1
28,0.445,1,0,0
28,0.488,1,1,0
28,0.483,1,0,1
28,0.486,1,0,1
28,0.502,0,0,1
28,0.639,1,0,1
28,0.449,1,0,0
28,0.404,1,1,1
28,0.472,1,0,0
28,0.459,0,0,0
28,0.383,1,1,0
28,0.608,1,0,1
28,0.491,1,1,1
28,0.714,1,0,0
28,0.629,1,1,1
28,0.628,0,0,0
28,0.585,1,0,0
28,0.37,1,1,0
28,0.441,1,0,0
28,0.397,1,1,0
28,0.416,1,1,0
28,0.366,1,1,0
28,0.519,1,0,1
28,0.5,1,1,0
28,0.507,1,1,0
28,0.541,1,1,0
28,1.261,1,0,1
28,0.528,1,0,1
28,0.494,0,1,0
28,0.53,1,0,1
28,0.457,1,0,0
28,0.497,1,0,0
28,0.537,1,0,0
28,0.45,1,1,0
28,0.483,1,0,1
28,0.46,1,1,1
28,0.493,1,1,1
28,0.495,1,0,1
28,0.446,1,1,1
28,0.357,1,1,1
28,0.422,1,1,1
28,0.464,1,0,0
28,0.454,1,1,1
28,0.553,1,0,1
28,0.521,1,0,1
28,0.377,1,1,1
28,0.398,1,1,0
28,0.447,1,1,1
28,0.519,1,1,0
28,0.563,1,0,1
28,0.384,1,1,1
28,0.746,1,0,0
29,0.59459999999404,1,0,0
29,0.63,0,1,1
29,0.5025,1,0,0
29,0.54420000000298,0,1,1
29,1.2105,1,0,0
29,0.81140000000596,1,0,0
29,1.51910000000894,1,0,0
29,0.8105,1,1,0
29,2.56029999999702,0,1,1
29,2.31,1,0,1
29,1.90690000000596,1,1,1
29,2.13410000000894,1,1,1
29,2.46270000000298,1,1,1
29,2.34370000000298,1,0,1
29,2.7255,1,0,1
29,2.40979999999702,1,0,1
29,1.60109999999404,1,0,1
29,1.21279999999702,1,0,1
29,0.99470000000298,1,1,1
29,0.77429999999702,1,1,0
29,0.98759999999404,1,0,0
29,1.16659999999404,1,0,1
29,1.0295,0,0,0
29,1.30790000000596,0,0,1
29,0.637,1,0,1
29,0.47529999999702,1,0,1
29,0.727399999991059,1,1,0
29,0.89529999999702,1,0,0
29,0.58540000000596,1,1,0
29,0.70690000000596,1,1,0
29,0.536100000008941,1,1,0
29,0.88220000000298,1,1,1
29,1.0355,1,0,0
29,0.78959999999404,1,0,0
29,1.03440000000596,1,0,0
29,0.774100000008941,1,1,0
29,0.69579999999702,1,1,0
29,1.52409999999404,1,1,1
29,2.19459999999404,1,0,1
29,0.944,1,1,0
29,0.837399999991059,1,0,0
29,1.65790000000596,1,1,1
29,0.71720000000298,1,1,0
29,0.79940000000596,0,1,0
29,1.03219999998808,1,1,1
29,1.81839999999106,1,1,1
29,1.13840000000596,1,1,0
29,0.599,0,0,1
29,1.36529999999702,1,0,0
29,0.4625,1,0,0
29,0.576100000008941,1,1,0
29,0.77509999999404,1,1,0
29,0.62609999999404,0,0,1
29,1.18479999999702,1,0,1
29,0.64940000000596,1,0,0
29,0.75320000000298,1,0,0
29,1.235,1,1,1
29,0.867100000008941,1,0,0
29,0.81620000000298,1,0,0
29,1.82190000000596,1,0,1
29,0.551100000008941,1,1,0
29,0.68840000000596,1,0,0
29,0.47509999999404,1,1,0
29,0.422399999991059,0,1,1
29,1.28709999999404,1,1,1
29,0.95509999999404,1,0,1
29,1.62670000000298,1,1,1
29,0.556699999988079,1,1,1
29,0.549100000008941,1,0,1
29,0.540600000008941,1,1,1
29,0.46129999999702,1,1,1
29,0.53029999999702,1,1,1
29,0.76359999999404,1,0,0
29,0.870100000008941,1,0,1
29,0.80209999999404,1,0,0
29,0.904699999988079,1,0,1
29,0.70329999999702,1,0,0
29,0.77229999999702,0,1,1
29,0.94640000000596,1,0,0
29,0.72220000000298,0,1,1
29,0.803399999991059,1,1,0
29,0.56140000000596,1,1,0
29,0.574600000008941,1,1,0
29,1.50140000000596,1,0,1
29,0.99079999999702,1,1,0
29,2.21609999999404,0,0,1
29,0.75509999999404,1,0,1
29,0.61670000000298,1,0,1
29,0.451300000011921,1,0,1
29,0.706800000011921,1,1,0
29,0.4895,1,1,0
29,0.5915,1,0,0
29,0.68790000000596,1,1,1
29,0.667100000008941,1,1,1
29,0.88729999999702,1,1,0
29,0.6115,1,1,0
29,0.760399999991059,0,1,1
29,0.6795,1,1,0
29,0.61990000000596,1,0,0
29,1.38220000000298,1,1,1
29,0.4375,1,1,1
29,0.426399999991059,1,0,1
29,0.55890000000596,1,0,0
29,0.5115,1,0,0
29,0.39579999999702,1,1,1
29,0.3755,1,1,0
29,0.32120000000298,1,0,0
29,0.3635,1,1,0
29,0.29790000000596,1,1,1
29,0.46140000000596,1,0,1
29,0.585600000008941,1,0,1
29,0.61879999999702,1,1,0
29,0.40270000000298,1,0,1
29,0.448600000008941,1,1,0
29,0.50970000000298,1,0,1
29,0.65470000000298,1,1,0
29,0.5365,1,0,0
29,0.44190000000596,1,0,0
29,0.520800000011921,1,0,0
29,0.39640000000596,1,1,0
29,0.555,1,0,1
29,0.70220000000298,1,1,0
29,0.47120000000298,1,1,1
29,0.436199999988079,1,0,0
29,0.49740000000596,1,1,1
29,0.57940000000596,1,1,1
29,0.48659999999404,1,0,1
29,0.535100000008941,1,1,1
29,0.43679999999702,1,0,0
29,0.45940000000596,1,1,1
29,0.51529999999702,1,0,1
29,0.359,1,0,1
29,0.5075,1,0,0
29,0.4675,1,1,1
29,0.64959999999404,1,0,1
29,0.49029999999702,1,1,1
29,0.459800000011921,1,1,0
29,0.54379999999702,1,0,0
29,0.4985,1,1,0
29,0.45229999999702,1,1,0
29,0.48420000000298,1,0,1
29,0.470100000008941,1,1,0
29,0.47720000000298,1,0,1
29,0.5415,1,0,0
29,0.58729999999702,1,1,1
29,1.02919999998808,1,1,0
29,0.626399999991059,1,1,1
29,0.481699999988079,1,1,0
29,0.72029999999702,1,1,1
29,0.463199999988079,1,0,1
29,0.46329999999702,1,1,1
29,0.76090000000596,1,1,1
29,0.46070000000298,1,1,1
29,0.39909999999404,1,1,0
29,0.584,1,1,1
29,0.47509999999404,1,0,1
29,0.50759999999404,1,0,1
29,0.4285,1,1,1
29,0.55729999999702,1,0,1
29,0.47079999999702,1,0,1
29,0.419600000008941,1,0,1
29,0.56109999999404,1,0,0
29,0.65990000000596,1,0,0
29,0.50970000000298,1,0,1
29,0.503,1,0,1
29,0.53009999999404,1,1,0
29,0.576,1,1,0
29,0.354100000008941,1,1,0
29,0.486600000008941,1,0,1
29,0.494100000008941,1,1,1
29,0.56809999999404,1,0,1
29,0.54229999999702,1,1,0
29,0.3705,1,1,0
29,0.4205,1,0,0
29,0.51279999999702,1,0,0
29,0.57529999999702,1,0,0
29,0.35290000000596,1,0,0
29,0.552600000008941,1,1,0
29,0.6355,1,0,0
29,0.52990000000596,1,0,0
29,0.6695,1,0,1
29,0.43729999999702,1,1,0
29,0.510399999991059,1,1,1
29,0.525100000008941,1,0,0
29,0.38390000000596,1,0,1
29,0.34459999999404,1,1,1
29,0.59659999999404,1,0,0
29,0.65120000000298,1,1,0
29,0.45390000000596,1,1,0
29,0.42220000000298,1,0,0
29,0.420199999988079,1,1,1
29,0.5,1,0,0
29,0.41640000000596,1,0,0
29,0.38990000000596,1,1,0
29,0.429699999988079,1,1,0
29,0.41279999999702,1,1,0
29,0.328600000008941,1,1,0
29,0.384399999991059,1,0,0
29,0.53940000000596,1,0,1
29,0.511,1,1,1
29,0.54790000000596,1,0,1
29,0.77259999999404,1,0,1
29,0.46620000000298,1,0,0
29,0.6625,1,0,1
29,0.60940000000596,1,1,1
29,1.25130000001192,1,0,1
29,0.432,1,0,1
29,0.75679999999702,1,0,0
29,0.5025,1,1,1
29,0.527899999991059,1,0,0
29,0.49979999999702,1,0,0
29,0.63959999999404,0,0,1
29,0.489800000011921,1,1,0
29,0.705199999988079,1,0,1
29,0.49690000000596,0,1,0
29,0.99440000000596,1,0,1
29,0.42,1,1,1
29,0.39220000000298,1,1,1
29,0.55770000000298,1,0,0
29,0.594399999991059,1,1,1
29,0.50959999999404,1,0,0
29,0.673399999991059,1,0,1
29,0.50420000000298,1,0,0
29,0.495199999988079,1,1,1
29,0.60629999999702,1,0,0
29,0.823899999991059,1,1,1
29,0.8,1,0,1
29,0.59890000000596,1,1,0
29,0.49720000000298,1,1,1
29,0.5625,1,1,0
29,1.56269999998808,1,0,1
29,0.54470000000298,1,1,1
29,0.52079999999702,1,1,0
29,1.04879999999702,1,1,0
29,0.51209999999404,1,1,1
29,0.45409999999404,1,1,1
29,0.545100000008941,1,0,0
29,0.535399999991059,1,1,0
29,0.50629999999702,1,1,0
29,0.46759999999404,1,0,0
29,0.40620000000298,1,1,0
29,0.557,1,1,0
29,0.35809999999404,1,0,1
29,0.4255,1,0,0
29,0.44340000000596,1,0,0
29,0.5645,1,1,0
29,0.431899999991059,1,0,1
29,0.55870000000298,1,0,1
29,0.41859999999404,1,0,0
29,0.522899999991059,1,0,1
29,0.737100000008941,0,1,0
29,0.61509999999404,1,0,0
29,0.64529999999702,1,1,0
29,0.580699999988079,1,0,1
29,0.627100000008941,1,1,0
29,0.62,1,0,0
29,0.489,1,1,1
29,0.721199999988079,1,1,1
29,0.47329999999702,1,1,0
29,0.41129999999702,1,1,1
29,0.435899999991059,1,0,1
29,0.49470000000298,1,0,1
29,0.56479999999702,1,1,1
29,0.69709999999404,1,0,0
29,0.597,1,1,1
29,0.67,1,1,0
29,0.484100000008941,1,1,1
29,0.558399999991059,1,0,1
29,0.521600000008941,1,0,0
29,0.6855,1,0,1
29,0.84809999999404,1,1,0
29,0.58490000000596,1,0,0
29,0.727800000011921,1,1,1
29,0.598,1,0,1
29,0.511199999988079,1,1,0
29,0.47270000000298,1,1,0
29,0.369199999988079,1,1,1
29,0.54609999999404,1,0,0
29,0.54209999999404,1,0,1
29,0.72070000000298,1,1,1
29,0.467,1,1,1
29,0.866,1,0,0
29,0.391,1,0,0
29,0.447,1,1,0
29,0.36290000000596,1,0,0
29,0.454399999991059,1,1,1
29,0.37270000000298,1,1,1
29,0.51790000000596,1,0,1
30,0.979700000286102,1,1,1
30,0.466800000190735,1,0,1
30,0.490099999904633,1,0,1
30,0.560300000190735,1,0,1
30,0.664,1,0,0
30,0.449299999713898,1,0,0
30,0.388699999809265,1,1,1
30,0.416699999809265,1,1,0
30,0.477799999713898,1,1,1
30,0.468599999904633,1,0,1
30,0.350299999713898,1,1,0
30,0.4045,1,1,0
30,0.418299999713898,1,1,1
30,0.585299999713898,1,0,1
30,0.587300000190735,1,0,1
30,0.42,1,1,1
30,0.381,1,0,0
30,0.541,0,0,1
30,0.712799999713898,1,0,0
30,0.514599999904633,1,1,0
30,0.487200000286102,1,0,1
30,0.667099999904633,1,0,1
30,0.420400000095367,1,1,0
30,0.507400000095367,1,1,0
30,0.616400000095367,0,0,1
30,0.545599999904633,0,0,1
30,0.659,0,1,1
30,1.14759999990463,0,1,1
30,0.473800000190735,1,1,0
30,0.530900000095367,1,0,0
30,0.4125,1,1,1
30,0.603800000190735,1,0,0
30,0.512199999809265,1,1,1
30,0.501799999713898,1,0,0
30,0.423400000095367,1,0,0
30,0.439900000095367,1,1,0
30,0.7235,1,0,0
30,0.72239999961853,1,1,0
30,0.439,0,1,1
30,0.75889999961853,1,0,0
30,0.5805,1,0,1
30,0.44310000038147,1,1,0
30,0.588299999713898,1,1,1
30,0.46,1,1,0
30,0.457300000190735,1,1,1
30,0.555099999904633,1,0,0
30,0.520799999713898,1,0,0
30,0.3305,1,1,0
30,0.462699999809265,0,1,0
30,0.761699999809265,0,0,1
30,0.517,1,1,0
30,0.455599999904633,1,1,1
30,0.451699999809265,1,0,0
30,0.532700000286102,1,1,1
30,0.440099999904633,1,1,1
30,0.376900000095367,1,1,1
30,0.562,1,0,1
30,0.373,1,1,1
30,0.4835,1,0,0
30,0.441,1,1,1
30,0.568900000095367,1,1,0
30,0.983599999904633,1,0,1
30,0.71460000038147,1,0,1
30,0.65810000038147,0,1,0
30,0.645,1,0,0
30,0.674700000286102,1,0,1
30,0.367299999713898,1,1,1
30,0.599700000286102,1,0,1
30,0.449400000095367,1,1,1
30,0.561099999904633,0,0,1
30,0.6635,0,0,0
30,0.561,0,0,0
30,0.319299999713898,1,1,0
30,0.450800000190735,1,0,0
30,0.591900000095367,1,0,0
30,0.427099999904633,0,1,0
30,0.882700000286102,1,0,1
30,0.469800000190735,0,0,0
30,0.473099999904633,1,1,0
30,0.416300000190735,0,1,1
30,0.480599999904633,1,1,0
30,0.635299999713898,1,0,1
30,0.621,1,0,1
30,0.365700000286102,0,1,1
30,0.888199999809265,1,1,0
30,0.516900000095367,1,1,0
30,0.88039999961853,0,0,1
30,0.758900000095367,1,0,0
30,0.4785,0,1,0
30,0.797199999809265,1,1,0
30,0.730199999809265,1,0,0
30,0.39660000038147,1,0,1
30,0.903599999904633,0,0,0
30,0.37060000038147,1,1,1
30,0.592299999713898,1,1,1
30,0.561900000095367,0,0,0
30,0.352,1,1,0
30,0.443,1,0,1
30,0.7645,1,0,1
30,0.738,1,0,1
30,0.859099999904633,1,0,1
30,0.4885,1,0,0
30,0.375799999713898,1,1,0
30,0.503900000095367,1,0,0
30,0.598099999904633,1,0,0
30,0.584599999904633,1,0,0
30,0.470299999713898,1,1,1
30,0.518099999904633,1,1,0
30,0.441300000190735,1,0,0
30,0.3365,1,1,0
30,0.582800000190735,0,1,1
30,0.440700000286102,1,1,0
30,0.620900000095367,1,1,0
30,0.489,1,1,1
30,0.583699999809265,1,1,1
30,0.520700000286102,1,0,0
30,0.64160000038147,1,0,1
30,0.452299999713898,1,1,1
30,0.931099999904633,1,0,1
30,0.771800000190735,1,0,1
30,0.46960000038147,0,1,0
30,0.382800000190735,1,1,1
30,0.576900000095367,0,0,0
30,0.56339999961853,0,0,1
30,0.567099999904633,0,1,1
30,0.666800000190735,0,0,0
30,1.0285,1,0,0
30,0.409299999713898,1,1,1
30,0.693300000190735,1,0,0
30,0.735299999713898,1,0,1
30,0.5095,1,0,1
30,0.55660000038147,1,0,0
30,0.305800000190735,1,1,0
30,0.917200000286102,1,1,1
30,0.598800000190735,0,0,1
30,0.389700000286102,1,1,1
30,0.854299999713898,1,1,0
30,0.308299999713898,0,1,0
30,0.534099999904633,1,0,1
30,0.422699999809265,1,1,1
30,1.44680000019073,1,1,0
30,0.879900000095367,1,0,0
30,0.3025,1,1,0
30,0.267,0,1,1
30,0.349700000286102,1,1,1
30,0.469200000286102,1,0,0
30,0.49,1,1,0
30,0.557800000190735,0,0,1
30,0.472,0,0,1
30,0.773,1,0,1
30,0.313099999904633,1,1,0
30,0.274699999809265,1,1,1
30,0.497800000190735,1,0,0
30,0.573099999904633,0,0,0
30,0.585599999904633,0,1,1
30,0.364400000095367,0,1,0
30,0.4825,1,1,1
30,0.432300000190735,1,1,0
30,0.79960000038147,0,0,1
30,0.382900000095367,1,1,1
30,0.457,1,1,0
30,0.4215,1,1,1
30,0.361199999809265,1,1,1
30,0.68660000038147,0,0,1
30,0.636300000190735,1,0,0
30,0.577400000095367,1,0,0
30,0.334699999809265,1,1,0
30,0.539099999904633,1,0,0
30,0.553900000095367,0,0,1
30,0.626699999809265,1,0,0
30,0.4795,1,1,1
30,0.627400000095367,1,0,1
30,0.484800000190735,0,0,1
30,1.12569999980927,1,0,0
30,0.474799999713898,1,0,1
30,0.6145,1,0,1
30,0.6475,1,1,0
30,0.464,1,0,0
30,0.431099999904633,1,1,1
30,0.501,1,1,0
30,0.454700000286102,1,0,0
30,0.448300000190735,1,0,1
30,0.386299999713898,1,1,1
30,0.538099999904633,1,1,1
30,0.447300000190735,0,1,1
30,0.359400000095367,1,1,0
30,0.4125,1,1,0
30,0.429400000095367,1,1,0
30,0.507599999904633,1,1,0
30,0.869400000095367,0,0,0
30,0.932800000190735,0,0,0
30,1.02919999980927,1,0,1
30,0.596,1,1,0
30,0.438199999809265,1,1,0
30,0.624400000095367,0,0,0
30,1.02540000009537,1,0,0
30,0.536900000095367,1,0,1
30,0.377599999904633,1,1,0
30,0.553900000095367,0,1,1
30,0.432900000095367,0,1,1
30,0.770299999713898,1,0,1
30,0.531,1,0,0
30,0.797099999904633,1,0,0
30,0.429799999713898,1,1,1
30,0.562800000190735,1,0,0
30,1.21040000009537,0,0,1
30,0.496599999904633,1,1,0
30,1.0282000002861,1,0,1
30,0.483799999713898,0,1,0
30,0.434199999809265,1,1,0
30,0.4225,1,1,0
30,0.407299999713898,1,0,0
30,0.489299999713898,1,1,1
30,0.294199999809265,1,1,0
30,0.508599999904633,1,1,0
30,0.528099999904633,1,1,1
30,0.653400000095367,0,0,1
30,0.367200000286102,1,1,1
30,0.705099999904633,0,0,0
30,0.478400000095367,0,1,1
30,0.663900000095367,1,1,0
30,0.590900000095367,0,0,0
30,0.696,1,0,1
30,0.372200000286102,1,1,0
30,0.539400000095367,1,0,1
30,0.579300000190735,1,0,1
30,0.505200000286102,1,1,1
30,0.407099999904633,0,1,1
30,0.610199999809265,1,0,0
30,0.534300000190735,1,0,1
30,0.442900000095367,0,0,0
30,0.737800000190735,0,1,1
30,0.811699999809265,1,1,1
30,0.502400000095367,1,1,1
30,0.641400000095367,0,0,1
30,0.684200000286102,1,0,0
30,0.523299999713898,1,1,0
30,0.577300000190735,0,0,0
30,1.00619999980927,1,0,1
30,0.837400000095367,1,0,1
30,0.52560000038147,1,0,0
30,0.4075,1,1,0
30,0.28460000038147,1,1,1
30,0.298699999809265,0,1,0
30,0.438,1,1,0
30,0.5375,1,1,1
30,0.420199999809265,1,1,1
30,0.5385,1,0,0
30,0.38389999961853,1,0,1
30,0.470599999904633,1,1,0
30,0.446300000190735,1,0,0
30,0.3795,1,0,0
30,0.418200000286102,1,1,0
30,0.45210000038147,1,0,1
30,0.4625,1,0,0
30,0.517800000190735,1,0,1
30,0.361200000286102,0,1,1
30,0.521700000286102,1,1,1
30,0.971400000095367,0,0,0
30,0.560599999904633,1,0,1
30,0.331900000095367,1,1,1
30,0.562,1,0,1
30,1.2257999997139,1,0,1
30,0.676400000095367,0,1,1
30,0.683199999809265,0,0,1
30,0.649299999713898,1,1,1
30,0.452699999809265,1,1,1
30,0.281900000095367,1,1,1
30,0.376699999809265,1,1,0
30,0.408,1,0,1
30,0.385,1,0,0
30,0.533900000095367,1,0,1
30,0.404599999904633,1,1,0
30,0.455300000190735,0,0,1
30,0.381299999713898,1,1,1
30,0.653299999713898,1,0,0
30,0.661199999809265,0,0,0
30,0.571599999904633,0,0,0
30,0.440400000095367,1,1,0
30,0.585599999904633,1,0,0
30,0.380300000190735,1,1,0
30,0.295299999713898,0,1,0
30,0.738599999904633,1,0,1
30,0.451200000286102,1,1,0
30,0.7905,0,0,1
30,0.35110000038147,1,1,1
30,0.448,1,0,0
30,0.471,1,1,0
31,0.672800000011921,1,0,1
31,0.4695,1,0,0
31,0.4655,1,1,1
31,0.54890000000596,1,0,1
31,0.460600000008941,1,1,1
31,0.44640000000596,1,0,1
31,0.52740000000596,1,1,0
31,0.406,0,1,1
31,0.56779999999702,1,1,0
31,0.429,1,0,0
31,0.48779999999702,1,1,1
31,0.78320000000298,1,0,1
31,0.55620000000298,1,0,0
31,0.446,1,0,0
31,0.541399999991059,1,0,1
31,0.48729999999702,1,1,1
31,0.475399999991059,1,1,0
31,0.479399999991059,1,1,0
31,0.44929999999702,1,1,0
31,0.444800000011921,1,1,0
31,0.50179999999702,1,0,1
31,0.59740000000596,1,0,1
31,0.476800000011921,1,0,1
31,0.6205,1,0,1
31,0.4525,1,0,0
31,0.4565,1,0,0
31,0.471300000011921,1,1,1
31,0.5905,1,1,1
31,0.71640000000596,1,1,1
31,0.674399999991059,1,0,1
31,0.61770000000298,1,0,0
31,0.507,1,1,0
31,0.572,1,1,1
31,0.80320000000298,1,1,1
31,0.893300000011921,1,0,0
31,0.67590000000596,1,0,1
31,0.45120000000298,1,1,0
31,0.719,1,1,0
31,0.61770000000298,1,0,0
31,0.51770000000298,1,1,0
31,0.61870000000298,1,0,0
31,0.496,1,0,0
31,0.62559999999404,1,1,0
31,0.8385,1,0,1
31,0.90679999999702,1,1,1
31,0.58359999999404,1,0,0
31,0.68,1,1,1
31,0.7715,1,1,0
31,0.400899999991059,1,1,0
31,0.40579999999702,1,1,1
31,0.561399999991059,1,1,1
31,0.366,1,0,0
31,0.39770000000298,1,0,0
31,0.40929999999702,1,1,0
31,0.483100000008941,1,0,1
31,0.444,1,0,0
31,0.46329999999702,1,1,0
31,0.48,1,0,1
31,0.40359999999404,1,0,0
31,0.387899999991059,1,1,0
31,0.646,1,1,1
31,0.73,1,1,1
31,0.503,1,0,1
31,0.379600000008941,1,1,1
31,0.471,1,1,0
31,0.553,1,1,1
31,0.42090000000596,1,1,0
31,0.474600000008941,1,1,1
31,0.42079999999702,1,0,0
31,0.458199999988079,1,0,1
31,0.46879999999702,1,0,0
31,0.42220000000298,1,0,0
31,0.468,1,0,0
31,0.50790000000596,0,1,1
31,0.57840000000596,1,1,0
31,0.50690000000596,1,0,1
31,0.54979999999702,1,0,1
31,0.81920000000298,1,0,1
31,0.34770000000298,1,1,0
31,0.4515,1,1,1
31,0.483600000008941,1,0,0
31,0.44320000000298,1,0,1
31,0.36279999999702,1,1,1
31,0.53729999999702,1,0,0
31,0.50640000000596,1,0,1
31,0.551399999991059,0,0,1
31,0.6555,1,0,1
31,0.418,1,1,1
31,0.520899999991059,1,1,1
31,0.415,1,0,0
31,0.38270000000298,1,1,0
31,0.41090000000596,1,1,0
31,0.42979999999702,1,0,1
31,0.424399999991059,1,0,0
31,0.33120000000298,1,1,0
31,0.4205,1,1,0
31,0.55279999999702,1,0,1
31,0.38670000000298,1,1,0
31,0.49509999999404,1,0,0
31,0.558199999988079,1,1,1
31,0.410300000011921,1,0,0
31,0.378600000008941,1,1,1
31,0.546699999988079,0,0,1
31,0.488199999988079,1,0,1
31,0.41820000000298,1,1,0
31,0.515800000011921,1,1,0
31,0.34679999999702,1,1,0
31,0.45570000000298,1,1,1
31,0.4415,1,1,0
31,0.428100000008941,1,0,0
31,0.44329999999702,1,1,0
31,0.4465,1,0,0
31,0.4165,1,1,1
31,0.610399999991059,1,0,1
31,0.41709999999404,1,1,1
31,0.46129999999702,1,1,1
31,0.4425,1,1,0
31,0.53340000000596,1,0,0
31,0.43640000000596,1,0,1
31,0.43859999999404,1,1,1
31,0.56909999999404,1,0,0
31,0.465899999991059,1,0,0
31,0.42079999999702,1,1,0
31,0.42959999999404,1,1,0
31,0.4575,1,0,1
31,0.462199999988079,1,1,0
31,0.418,1,0,0
31,0.501399999991059,1,1,1
31,0.479,1,0,1
31,0.44409999999404,1,0,0
31,0.56840000000596,0,0,1
31,0.58259999999404,1,0,0
31,0.4155,1,0,1
31,0.673399999991059,1,0,1
31,0.47170000000298,1,0,0
31,0.59879999999702,1,0,1
31,0.49090000000596,1,0,0
31,0.41020000000298,1,1,1
31,0.455399999991059,1,1,1
31,0.51459999999404,1,1,1
31,0.44420000000298,1,1,1
31,0.62720000000298,1,0,1
31,0.345,1,1,0
31,0.42890000000596,1,1,0
31,0.41590000000596,1,1,0
31,0.45490000000596,1,0,0
31,0.57020000000298,1,1,0
31,0.424,1,1,1
31,0.46490000000596,1,1,1
31,0.3995,1,0,1
31,0.46,1,1,1
31,0.41379999999702,1,1,0
31,0.44320000000298,1,0,0
31,0.45,1,0,0
31,0.451,1,0,1
31,0.391399999991059,1,0,0
31,0.44109999999404,1,0,0
31,0.38859999999404,1,1,0
31,0.44579999999702,1,0,0
31,0.3365,1,1,1
31,0.40340000000596,1,1,0
31,0.42629999999702,1,1,1
31,0.392600000008941,1,0,0
31,0.42590000000596,1,0,1
31,0.43070000000298,1,0,1
31,0.29859999999404,1,1,0
31,0.50940000000596,0,0,1
31,0.55640000000596,1,0,1
31,0.54579999999702,1,0,0
31,0.421,1,1,0
31,0.3885,1,1,0
31,0.55270000000298,1,0,0
31,0.240699999988079,1,1,0
31,0.48959999999404,0,1,1
31,0.544,1,0,0
31,0.456,1,1,1
31,0.38670000000298,1,1,0
31,0.53159999999404,1,0,1
31,0.62970000000298,1,1,1
31,0.5585,1,0,1
31,0.45370000000298,1,1,1
31,0.481,1,0,1
31,0.492899999991059,1,1,1
31,0.47270000000298,1,0,1
31,0.48879999999702,1,0,1
31,0.420100000008941,1,0,0
31,0.50870000000298,1,0,1
31,0.40179999999702,1,1,1
31,0.3845,1,1,1
31,0.41259999999404,1,1,0
31,0.42070000000298,1,1,0
31,0.53440000000596,1,0,0
31,0.551699999988079,0,0,1
31,0.48390000000596,1,1,1
31,0.405,1,1,1
31,0.43270000000298,1,0,0
31,0.33990000000596,1,1,1
31,0.44279999999702,1,0,0
31,0.404,1,1,0
31,0.384600000008941,1,1,0
31,0.393399999991059,1,0,0
31,0.40720000000298,1,1,0
31,0.468600000008941,1,0,0
31,0.447899999991059,1,0,0
31,0.48909999999404,1,1,1
31,0.417100000008941,1,1,0
31,0.466899999991059,1,1,0
31,0.399100000008941,1,1,1
31,0.41970000000298,1,0,0
31,0.39240000000596,0,1,1
31,0.44229999999702,1,1,0
31,0.49429999999702,1,0,1
31,0.332399999991059,1,1,0
31,0.43209999999404,1,1,1
31,0.45070000000298,1,0,0
31,0.52740000000596,1,0,1
31,0.3465,1,1,0
31,0.61070000000298,1,0,1
31,0.460100000008941,1,0,1
31,0.41859999999404,1,1,0
31,0.43379999999702,1,0,1
31,0.40270000000298,1,1,1
31,0.43520000000298,1,1,0
31,0.45429999999702,1,1,1
31,0.545899999991059,1,1,1
31,0.48240000000596,1,1,1
31,0.387,1,1,0
31,0.436300000011921,1,0,0
31,0.409899999991059,1,0,0
31,0.39790000000596,1,0,0
31,0.35340000000596,1,0,1
31,0.41779999999702,1,0,1
31,0.30470000000298,1,1,1
31,0.46140000000596,1,0,1
31,0.61809999999404,1,0,1
31,0.43040000000596,1,0,1
31,0.36079999999702,1,0,1
31,0.34420000000298,1,1,0
31,0.476199999988079,1,0,0
31,0.37529999999702,1,0,0
31,0.303,1,1,1
31,0.3775,0,1,1
31,0.34659999999404,1,0,1
31,0.34870000000298,1,0,1
31,0.429399999991059,1,0,0
31,0.346,1,0,1
31,0.403600000008941,1,1,1
31,0.41879999999702,1,0,0
31,0.351,1,1,1
31,0.54170000000298,1,1,0
31,0.43359999999404,1,0,1
31,0.37120000000298,1,1,1
31,0.3565,1,1,0
31,0.43070000000298,1,0,1
31,0.366,1,0,1
31,0.32420000000298,0,1,0
31,0.44120000000298,1,0,1
31,0.362,1,0,0
31,0.39420000000298,1,1,1
31,0.45,1,1,0
31,0.39890000000596,1,0,0
31,0.38470000000298,1,0,0
31,0.43270000000298,1,1,0
31,0.395,1,1,0
31,0.518100000008941,1,0,1
31,0.45170000000298,1,0,0
31,0.31329999999702,1,1,1
31,0.38729999999702,1,1,1
31,0.52379999999702,1,0,0
31,0.38490000000596,1,0,0
31,0.33609999999404,1,1,0
31,0.394399999991059,1,0,0
31,0.414,1,1,1
31,0.346,1,1,0
31,0.4155,1,1,0
31,0.41670000000298,1,0,0
31,0.41240000000596,1,0,1
31,0.33940000000596,1,1,1
31,0.39359999999404,1,1,0
31,0.524800000011921,0,0,1
31,0.48009999999404,1,1,0
31,0.48009999999404,1,0,1
31,0.4175,1,1,0
31,0.4985,1,0,0
31,0.42379999999702,1,0,0
31,0.371600000008941,1,1,1
31,0.413,1,1,1
31,0.45920000000298,1,0,1
32,0.388199999809265,0,1,0
32,0.3615,1,1,0
32,0.368800000190735,1,0,1
32,0.4145,1,0,0
32,0.242599999904633,0,1,0
32,0.566299999713898,1,0,0
32,0.53089999961853,1,0,0
32,0.366099999904633,1,0,1
32,0.340700000286102,1,1,0
32,0.357700000286102,1,0,1
32,0.368199999809265,1,1,1
32,0.339300000190735,1,0,1
32,0.404400000095367,1,1,1
32,0.241300000190735,0,0,1
32,0.3415,1,0,1
32,0.359800000190735,1,1,1
32,0.291799999713898,1,1,1
32,0.332199999809265,1,0,0
32,0.347599999904633,1,0,1
32,0.372199999809265,1,1,0
32,0.316800000190735,1,1,1
32,0.349700000286102,1,1,0
32,0.364699999809265,1,0,1
32,0.337900000095367,1,0,1
32,0.33860000038147,1,0,0
32,0.357400000095367,1,1,0
32,0.371299999713898,1,1,1
32,0.349099999904633,0,0,1
32,0.390700000286102,1,0,0
32,0.377700000286102,1,1,1
32,0.333400000095367,1,0,0
32,0.356200000286102,1,1,1
32,0.358299999713898,1,1,1
32,0.372700000286102,1,1,0
32,0.341199999809265,0,1,1
32,0.4245,1,1,0
32,0.5095,1,0,0
32,0.366900000095367,1,0,1
32,0.357699999809265,1,0,0
32,0.376200000286102,1,1,0
32,0.378,1,1,1
32,0.372299999713898,1,0,0
32,0.372900000095367,1,0,1
32,0.357800000190735,0,0,0
32,0.406199999809265,1,1,0
32,0.353199999809265,1,1,0
32,0.381,1,0,0
32,0.291900000095367,1,1,1
32,0.36939999961853,1,1,1
32,0.364599999904633,1,0,1
32,0.361,0,1,0
32,0.293400000095367,1,1,0
32,0.3385,1,0,0
32,0.370200000286102,1,0,0
32,0.397599999904633,1,1,0
32,0.378199999809265,1,1,1
32,0.430099999904633,1,0,0
32,0.42039999961853,1,0,0
32,0.357199999809265,1,1,1
32,0.345199999809265,1,0,1
32,0.3985,1,1,0
32,0.424700000286102,1,0,0
32,0.467900000095367,1,0,1
32,0.316599999904633,1,1,0
32,0.3235,1,1,0
32,0.309099999904633,1,1,1
32,0.326,1,0,0
32,0.357900000095367,1,1,1
32,0.323299999713898,1,0,0
32,0.266199999809265,1,1,1
32,0.3925,1,1,0
32,0.358400000095367,1,0,1
32,0.326099999904633,1,1,1
32,0.359799999713898,1,1,1
32,0.316599999904633,1,1,0
32,0.422400000095367,1,0,0
32,0.396800000190735,1,1,0
32,0.35539999961853,1,0,1
32,0.381299999713898,1,0,1
32,0.383299999713898,1,0,0
32,0.373099999904633,1,1,0
32,0.349199999809265,1,1,1
32,0.459800000190735,1,0,1
32,0.279800000190735,1,0,1
32,0.301200000286102,1,1,0
32,0.271,1,1,0
32,0.341799999713898,1,0,1
32,0.331199999809265,1,0,0
32,0.327199999809265,1,0,1
32,0.271200000286102,0,1,1
32,0.410199999809265,1,0,1
32,0.388099999904633,1,0,0
32,0.3875,0,1,1
32,0.40860000038147,1,1,1
32,0.49110000038147,1,0,0
32,0.369699999809265,1,0,1
32,0.466900000095367,1,1,1
32,0.347599999904633,1,1,1
32,0.364099999904633,1,1,1
32,0.40510000038147,1,0,1
32,0.3505,1,0,0
32,0.400599999904633,1,1,1
32,0.343,1,0,1
32,0.397300000190735,1,1,1
32,0.373099999904633,1,1,0
32,0.343700000286102,1,0,0
32,0.330900000095367,1,1,1
32,0.426400000095367,1,0,1
32,0.386099999904633,1,1,0
32,0.4215,1,0,0
32,0.42239999961853,1,1,0
32,0.421400000095367,1,1,0
32,0.365599999904633,1,1,0
32,0.431400000095367,1,0,0
32,0.39710000038147,1,1,0
32,0.440699999809265,1,0,0
32,0.360900000095367,1,1,1
32,0.409400000095367,1,0,0
32,0.298900000095367,1,1,0
32,0.693699999809265,1,0,0
32,0.278,1,1,0
32,0.373300000190735,1,1,1
32,0.360099999904633,1,0,0
32,0.3655,1,0,1
32,0.388400000095367,0,0,0
32,0.3305,1,1,1
32,0.4125,1,1,1
32,0.358300000190735,1,1,0
32,0.343699999809265,1,0,0
32,0.470400000095367,1,1,0
32,0.465299999713898,1,0,1
32,0.372099999904633,1,1,1
32,0.459299999713898,0,0,1
32,0.391,1,0,0
32,0.382900000095367,1,0,1
32,0.683,1,0,1
32,0.343299999713898,1,1,0
32,0.407400000095367,1,0,1
32,0.552699999809265,1,0,0
32,0.368400000095367,1,1,0
32,0.415599999904633,1,0,1
32,0.374700000286102,1,1,1
32,0.81560000038147,1,0,1
32,0.421300000190735,0,0,1
32,0.433199999809265,1,0,0
32,0.339199999809265,1,1,0
32,0.383,1,1,0
32,0.378,1,1,1
32,0.359400000095367,1,0,0
32,0.381199999809265,1,1,1
32,0.379900000095367,1,1,1
32,0.339799999713898,1,1,0
32,0.348699999809265,1,0,0
32,0.353,0,0,0
32,0.375699999809265,1,0,1
32,0.397900000095367,1,1,1
32,0.329,1,0,0
32,0.396,1,1,0
32,0.383,1,0,0
32,0.552200000286102,1,0,0
32,0.401900000095367,1,0,0
32,0.3715,1,0,1
32,0.354099999904633,1,1,1
32,0.34,1,1,0
32,0.351599999904633,1,1,1
32,0.315400000095367,1,0,1
32,0.384599999904633,1,1,1
32,0.394200000286102,1,1,1
32,0.3425,1,1,0
32,0.276199999809265,0,0,1
32,0.405599999904633,1,1,0
32,0.433,1,0,0
32,0.394,1,0,1
32,0.376299999713898,1,1,0
32,0.429699999809265,1,1,1
32,0.368599999904633,1,0,1
32,0.370099999904633,1,0,1
32,0.31589999961853,1,1,0
32,0.363699999809265,1,0,0
32,0.5995,1,0,0
32,0.274099999904633,0,1,1
32,0.4225,1,0,1
32,0.3485,1,0,1
32,0.3635,1,0,0
32,0.297400000095367,1,1,0
32,0.368400000095367,1,1,0
32,0.3685,1,1,1
32,0.392900000095367,1,0,1
32,0.423699999809265,1,0,1
32,0.360700000286102,1,0,1
32,0.393299999713898,1,1,0
32,0.417200000286102,1,1,1
32,0.387699999809265,1,0,0
32,0.347400000095367,1,1,1
32,0.367199999809265,1,1,1
32,0.359599999904633,1,0,0
32,0.3605,1,0,1
32,0.310800000190735,1,1,0
32,0.352199999809265,1,0,1
32,0.281,1,1,1
32,0.268599999904633,0,0,1
32,0.425199999809265,0,0,0
32,0.416700000286102,1,1,0
32,0.542699999809265,1,1,0
32,0.842900000095367,1,0,1
32,0.435400000095367,1,0,1
32,0.35539999961853,1,0,0
32,0.298300000190735,1,1,0
32,0.279799999713898,0,1,0
32,0.568699999809265,1,0,1
32,0.375099999904633,0,1,1
32,0.3675,1,1,1
32,0.42060000038147,1,1,0
32,0.442799999713898,1,1,1
32,0.383400000095367,1,1,0
32,0.297400000095367,1,0,1
32,0.354099999904633,1,0,0
32,0.3515,1,0,0
32,0.223,0,0,0
32,0.476900000095367,1,0,1
32,0.432599999904633,0,1,1
32,0.431099999904633,1,0,1
32,0.38560000038147,1,0,0
32,0.381599999904633,1,0,0
32,0.435200000286102,1,0,0
32,0.403300000190735,0,0,1
32,0.26160000038147,1,0,1
32,0.329599999904633,1,1,1
32,0.324699999809265,1,1,0
32,0.3805,1,1,0
32,0.33910000038147,1,1,1
32,0.345199999809265,1,0,0
32,0.3315,1,0,1
32,0.35360000038147,1,1,1
32,0.324800000190735,1,1,1
32,0.381,1,1,0
32,0.408800000190735,1,0,0
32,0.419099999904633,1,1,1
32,0.367300000190735,1,1,0
32,0.3595,1,1,0
32,0.420599999904633,1,1,1
32,0.815900000095367,1,0,0
32,0.424200000286102,1,1,1
32,0.417599999904633,1,0,1
32,0.326599999904633,1,1,0
32,0.322900000095367,1,0,0
32,0.347400000095367,1,1,0
32,0.319900000095367,1,1,0
32,0.276300000190735,1,1,0
32,0.298400000095367,1,1,0
32,0.271599999904633,1,1,1
32,0.2405,0,0,1
32,0.394799999713898,1,0,0
32,0.354,0,0,0
32,0.238300000190735,0,0,1
32,0.38489999961853,1,0,0
32,0.35210000038147,1,1,1
32,0.302099999904633,1,1,1
32,0.4185,1,1,1
32,0.385900000095367,1,1,1
32,0.477700000286102,1,0,1
32,0.365,1,1,0
32,0.368800000190735,0,0,0
32,0.607199999809265,1,1,1
32,0.416099999904633,1,1,0
32,0.382599999904633,1,0,1
32,0.422400000095367,1,0,0
32,0.667,1,0,1
32,0.3575,1,0,1
32,0.400900000095367,1,1,0
32,0.417099999904633,1,1,0
32,0.504599999904633,1,1,0
32,0.39,1,1,1
32,0.58660000038147,1,0,1
32,0.361900000095367,1,0,1
32,0.369800000190735,1,0,0
32,0.395299999713898,1,0,0
32,0.435199999809265,0,0,1
32,0.3495,1,1,1
32,0.4205,1,1,1
32,0.360400000095367,1,1,0
32,0.353300000190735,1,0,0
32,0.352800000190735,1,0,0
32,0.278699999809265,0,1,1
32,0.404900000095367,1,0,1
32,0.452599999904633,1,1,0
32,0.415299999713898,1,0,1
32,0.304900000095367,1,0,0
33,0.407,1,0,0
33,0.441,1,1,0
33,1.143,1,1,1
33,0.425,1,0,0
33,0.492,0,0,0
33,0.477,1,0,1
33,0.39,1,1,1
33,0.378,1,0,0
33,0.434,1,0,1
33,0.414,1,0,0
33,0.485,1,0,1
33,0.45,1,1,0
33,0.363,1,0,0
33,0.445,1,0,1
33,0.399,1,1,1
33,0.521,1,0,0
33,0.383,1,0,1
33,0.427,1,0,1
33,0.502,0,1,1
33,0.38,0,0,1
33,0.476,1,1,1
33,0.447,1,1,1
33,0.513,0,1,1
33,0.52,1,1,0
33,0.505,1,0,1
33,0.456,1,1,0
33,0.661,1,1,0
33,0.446,1,1,0
33,0.542,1,1,0
33,0.469,1,1,0
33,0.58,1,1,0
33,0.973,1,0,0
33,0.529,0,0,1
33,0.448,1,1,0
33,0.475,1,0,0
33,0.981,1,0,1
33,2.007,1,1,1
33,0.37,1,1,1
33,0.428,1,1,0
33,0.403,0,0,0
33,0.451,1,1,1
33,0.405,1,1,1
33,0.397,1,0,1
33,1.282,1,0,0
33,0.376,1,1,0
33,0.445,1,0,1
33,0.476,1,1,1
33,0.451,1,0,0
33,0.865,1,0,1
33,0.448,1,0,1
33,0.566,1,1,1
33,0.536,1,1,0
33,0.526,1,1,1
33,0.437,1,1,0
33,0.392,1,0,1
33,0.706,1,0,0
33,0.396,1,1,0
33,0.418,1,1,0
33,0.422,1,0,1
33,0.395,0,0,0
33,0.532,1,0,0
33,0.468,1,0,1
33,0.473,1,1,1
33,0.446,1,0,0
33,0.407,1,0,1
33,0.416,1,1,0
33,0.366,1,0,0
33,0.393,1,1,1
33,0.405,1,0,1
33,1.014,1,0,0
33,0.48,1,1,1
33,0.422,1,0,0
33,0.542,1,1,1
33,0.39,0,1,1
33,0.412,1,0,0
33,0.417,1,1,1
33,0.415,1,0,1
33,0.414,1,0,0
33,0.406,1,0,0
33,0.353,1,1,0
33,0.685,1,1,1
33,0.524,1,1,0
33,0.426,1,0,0
33,0.563,1,1,1
33,0.401,1,1,1
33,0.4,1,1,0
33,0.435,1,0,1
33,0.442,1,1,0
33,0.584,1,1,1
33,0.392,1,1,0
33,0.38,1,1,0
33,0.403,1,1,0
33,0.679,0,0,1
33,0.422,1,0,1
33,0.43,1,0,0
33,0.631,1,0,1
33,0.595,0,1,1
33,0.585,1,1,0
33,0.554,1,0,1
33,0.499,0,0,0
33,0.389,1,1,1
33,0.355,1,0,0
33,0.383,1,1,0
33,0.475,1,1,0
33,0.418,1,0,1
33,0.426,0,0,0
33,0.496,1,1,1
33,0.599,1,1,0
33,0.458,1,1,1
33,0.471,1,0,1
33,0.412,1,0,1
33,0.458,1,0,0
33,0.487,1,1,0
33,0.497,1,0,0
33,0.564,0,1,1
33,0.527,1,0,0
33,0.433,1,0,1
33,0.532,0,0,0
33,0.419,1,1,1
33,0.584,1,0,0
33,0.41,1,1,1
33,0.406,1,1,0
33,0.565,1,1,0
33,0.437,1,1,1
33,0.395,1,0,1
33,0.496,1,1,0
33,0.424,1,1,1
33,0.42,1,0,0
33,0.48,1,1,1
33,0.589,0,0,1
33,0.385,1,1,0
33,0.412,1,1,1
33,0.444,0,1,1
33,0.437,1,0,1
33,0.395,1,1,0
33,0.409,1,0,1
33,0.391,1,0,0
33,0.396,1,0,1
33,0.451,1,0,1
33,0.392,1,0,1
33,0.446,1,0,0
33,0.447,1,1,0
33,0.47,1,1,0
33,0.663,0,0,0
33,0.525,0,1,1
33,0.532,1,0,0
33,0.417,1,1,1
33,0.502,1,0,0
33,0.403,1,1,1
33,0.401,1,0,1
33,0.377,0,1,1
33,0.38,1,0,0
33,0.366,0,1,0
33,0.499,1,1,0
33,0.396,1,1,0
33,0.363,1,1,0
33,0.382,1,1,1
33,0.335,1,0,0
33,0.467,1,0,1
33,1.006,1,0,0
33,0.415,1,1,1
33,0.378,1,0,0
33,0.397,1,1,0
33,0.394,1,0,1
33,0.371,0,0,0
33,0.412,1,0,1
33,0.425,0,1,0
33,0.568,0,1,1
33,0.623,1,0,1
33,0.457,1,0,1
33,0.456,1,0,0
33,0.414,1,1,0
33,0.425,1,1,1
33,0.384,1,0,1
33,0.416,1,0,1
33,0.401,1,0,0
33,0.504,1,1,1
33,0.424,1,0,1
33,0.76,1,1,0
33,0.417,1,0,1
33,0.884,1,0,0
33,0.396,1,1,1
33,0.383,1,1,0
33,0.408,1,1,1
33,0.389,1,1,1
33,0.412,0,0,0
33,0.472,1,0,1
33,0.462,1,0,1
33,0.406,1,0,0
33,0.42,1,1,0
33,0.436,1,1,0
33,0.343,1,1,0
33,0.4,1,0,0
33,0.345,1,0,0
33,0.363,1,0,0
33,0.409,1,0,0
33,1.089,1,0,0
33,0.617,1,0,0
33,0.373,1,1,1
33,0.447,1,1,1
33,0.437,1,0,1
33,0.388,1,1,0
33,0.453,1,0,1
33,0.426,1,1,0
33,0.395,1,1,0
33,0.382,1,0,1
33,0.375,1,0,0
33,0.403,1,0,0
33,0.459,1,1,1
33,0.494,1,1,1
33,0.365,1,1,0
33,0.363,1,1,1
33,0.452,1,0,1
33,0.439,1,1,0
33,0.365,1,1,1
33,0.484,1,1,0
33,0.413,1,1,1
33,0.432,1,1,0
33,0.363,1,0,0
33,0.417,1,1,1
33,0.413,1,0,1
33,0.462,1,0,1
33,0.325,1,0,1
33,0.408,1,0,1
33,0.391,1,0,1
33,0.362,1,1,1
33,0.371,0,0,0
33,0.631,1,0,0
33,0.456,1,1,1
33,0.399,1,0,1
33,0.415,0,1,1
33,0.359,1,1,0
33,0.444,1,0,1
33,0.384,1,1,0
33,0.379,1,1,0
33,0.576,1,1,1
33,0.43,1,1,0
33,0.394,1,0,0
33,0.38,0,0,1
33,0.399,1,1,0
33,0.503,1,0,1
33,0.318,1,1,1
33,0.426,1,1,0
33,0.383,1,1,0
33,0.352,1,0,1
33,0.356,1,0,0
33,0.508,1,0,1
33,0.415,1,0,0
33,0.37,1,1,0
33,0.454,1,0,0
33,0.402,1,1,1
33,0.412,1,0,0
33,0.423,1,0,0
33,0.387,1,0,1
33,0.408,1,1,0
33,0.356,0,0,0
33,0.394,1,1,1
33,0.385,1,1,1
33,0.34,1,0,0
33,0.402,1,0,0
33,0.375,1,1,0
33,0.421,1,0,0
33,0.391,1,0,1
33,0.368,1,1,0
33,0.407,1,1,0
33,0.36,1,1,1
33,0.405,1,1,1
33,0.432,1,0,1
33,0.331,1,1,1
33,0.485,1,1,1
33,0.354,1,1,1
33,0.38,1,0,1
33,0.367,1,1,0
33,0.39,1,1,0
33,0.371,1,1,0
33,0.339,0,0,1
33,0.481,1,0,1
33,0.376,1,1,0
33,0.401,1,1,1
33,0.396,1,0,1
33,0.451,1,0,0
33,0.418,1,0,1
33,0.346,1,0,0
33,0.484,1,0,1
33,0.377,1,1,0
33,0.364,1,1,1
33,0.37,1,1,1
33,0.379,1,0,0
34,1.15879999998212,1,0,0
34,0.538100000023842,1,1,0
34,0.53040000000596,1,0,1
34,0.448800000011921,1,0,1
34,0.661600000023842,1,1,0
34,0.830799999982119,1,1,1
34,0.50090000000596,1,1,1
34,0.791700000017881,1,1,0
34,0.72509999999404,1,0,1
34,0.476200000017881,1,0,0
34,0.415699999988079,1,0,0
34,0.490700000017881,1,1,1
34,0.648199999988079,1,0,0
34,0.609799999982119,1,1,0
34,1.14669999998808,0,0,1
34,0.89990000000596,1,1,0
34,0.888800000011921,0,1,0
34,0.69009999999404,1,1,0
34,1.06540000000596,1,0,1
34,1.00129999998212,1,0,0
34,0.55290000000596,1,1,1
34,0.605199999988079,1,1,1
34,0.64709999999404,1,0,0
34,0.651700000017881,1,1,1
34,0.79640000000596,1,0,1
34,0.54590000000596,1,1,0
34,1.69059999999404,1,0,1
34,0.485800000011921,1,1,1
34,0.663199999988079,1,0,0
34,1.46669999998808,1,1,1
34,0.854600000023842,1,0,1
34,0.509,1,1,0
34,0.749,1,0,0
34,0.662,1,1,0
34,1.10789999997616,1,0,1
34,0.673699999988079,1,0,1
34,1.15070000001788,1,0,1
34,1.05719999998808,1,1,1
34,1.04740000000596,1,1,1
34,0.91990000000596,1,0,0
34,0.9655,1,0,0
34,2.24190000000596,1,1,0
34,0.986100000023842,1,0,0
34,0.7285,1,0,0
34,1.06370000001788,0,1,1
34,0.997799999982119,1,0,1
34,0.65090000000596,1,1,1
34,0.598,1,1,0
34,1.44130000001192,0,1,0
34,1.17780000001192,1,0,0
34,1.06330000001192,1,1,1
34,0.612699999988079,1,0,0
34,0.628699999988079,1,1,0
34,1.03209999999404,1,1,1
34,0.563,1,1,0
34,2.03430000001192,0,1,1
34,1.42420000001788,0,1,0
34,1.6685,0,1,1
34,1.12590000000596,1,0,1
34,0.741799999982119,1,1,0
34,2.49570000001788,0,1,1
34,1.05140000000596,1,1,1
34,1.04089999997616,1,0,1
34,1.00459999999404,1,1,1
34,1.23490000000596,1,0,1
34,1.05169999998808,1,0,0
34,0.786300000011921,1,0,1
34,0.65040000000596,1,1,1
34,0.442700000017881,1,1,1
34,0.64,1,0,1
34,0.559,1,0,0
34,0.656299999982119,1,1,0
34,0.76309999999404,1,1,1
34,0.468600000023842,1,0,1
34,0.41409999999404,1,0,0
34,0.742700000017881,1,1,0
34,0.5855,1,1,0
34,0.6495,1,1,0
34,1.527,0,1,1
34,0.97440000000596,1,0,0
34,0.663799999982119,1,1,1
34,1.12210000002384,1,1,0
34,1.10969999998808,1,0,0
34,1.24809999999404,1,0,1
34,1.354,1,0,1
34,0.794,1,0,1
34,0.85540000000596,1,0,0
34,0.941300000011921,1,1,0
34,0.63890000000596,1,0,0
34,0.85990000000596,0,0,0
34,0.807,0,0,0
34,1.2875,1,1,0
34,1.11809999999404,1,0,1
34,1.46379999998212,0,0,1
34,1.14540000000596,0,0,0
34,0.964299999982119,1,0,1
34,0.741300000011921,1,1,0
34,0.620199999988079,1,0,0
34,0.500299999982119,1,0,0
34,1.06820000001788,1,1,0
34,0.60209999999404,1,0,0
34,0.827199999988079,1,1,0
34,0.931,0,1,0
34,1.444,1,1,1
34,0.708,1,0,0
34,0.43709999999404,1,1,1
34,0.55209999999404,1,1,1
34,0.699,1,0,1
34,0.62740000000596,1,0,0
34,0.586699999988079,1,1,1
34,1.23910000002384,1,0,1
34,0.761100000023842,1,1,1
34,1.27890000000596,1,0,1
34,0.997199999988079,1,0,1
34,0.953,1,0,0
34,0.6875,1,1,0
34,0.785800000011921,1,0,1
34,1.32640000000596,0,1,1
34,0.744100000023842,1,0,0
34,0.85659999999404,1,1,1
34,0.98790000000596,1,1,0
34,1.25239999997616,1,0,1
34,1.11669999998808,1,0,1
34,0.63609999999404,1,1,1
34,0.968300000011921,1,0,1
34,1.2015,1,0,1
34,0.79990000000596,1,1,1
34,0.876399999976158,0,1,0
34,1.29309999999404,1,1,0
34,0.677,1,0,1
34,0.73140000000596,1,0,1
34,1.01259999999404,1,1,1
34,0.632199999988079,1,1,0
34,2.2605,0,1,1
34,2.04269999998808,0,0,0
34,0.8325,0,1,0
34,1.89969999998808,1,0,0
34,0.928,1,1,0
34,1.394,1,0,0
34,1.925,0,0,0
34,2.50589999997616,1,1,0
34,1.40409999999404,0,1,1
34,1.62079999998212,1,0,0
34,1.23920000001788,0,0,1
34,0.7565,1,1,1
34,0.807299999982119,1,0,1
34,0.99640000000596,1,1,1
34,0.913399999976158,1,0,0
34,1.19569999998808,0,0,1
34,1.2515,0,0,0
34,1.01980000001192,1,0,0
34,1.09830000001192,1,0,0
34,0.643300000011921,1,1,0
34,0.72040000000596,1,1,1
34,0.668399999976158,1,0,1
34,0.67990000000596,1,0,0
34,1.28059999999404,1,1,1
34,0.86559999999404,1,1,0
34,0.492,1,1,0
34,0.497799999982119,1,1,0
34,0.47890000000596,1,0,1
34,1.12690000000596,1,1,0
34,0.9205,1,1,0
34,2.2325,1,1,1
34,0.702,1,0,0
34,0.84490000000596,1,0,1
34,1.55669999998808,0,0,1
34,0.78459999999404,1,1,0
34,0.59490000000596,1,1,1
34,0.963699999988079,1,0,0
34,0.97209999999404,1,0,0
34,1.45779999998212,0,1,1
34,0.94409999999404,1,1,1
34,0.783199999988079,1,1,0
34,1.36019999998808,1,0,1
34,2.582,0,0,0
34,1.91109999999404,1,0,1
34,0.77640000000596,1,1,1
34,2.19340000000596,0,0,1
34,1.27079999998212,1,0,0
34,1.21430000001192,1,1,1
34,1.25580000001192,0,1,0
34,0.72590000000596,1,1,0
34,0.564,1,1,1
34,0.94409999999404,1,1,0
34,0.79490000000596,1,0,1
34,1.35690000000596,0,1,0
34,1.01209999999404,1,0,0
34,0.74909999999404,1,0,1
34,0.685800000011921,1,1,1
34,0.907399999976158,1,0,0
34,0.686699999988079,1,0,1
34,0.897699999988079,0,0,0
34,0.67540000000596,1,1,1
34,0.855199999988079,1,1,0
34,1.37120000001788,0,1,1
34,1.05369999998808,1,0,1
34,0.995300000011921,1,1,0
34,1.12280000001192,1,1,1
34,0.95959999999404,1,0,0
34,0.610199999988079,1,0,0
34,1.01879999998212,1,0,1
34,1.01430000001192,1,1,1
34,0.884199999988079,1,0,1
34,0.54090000000596,1,1,1
34,0.6025,1,0,0
34,0.547399999976158,1,0,1
34,0.62040000000596,1,0,1
34,0.745600000023842,1,1,0
34,0.7125,1,1,0
34,0.72759999999404,0,1,0
34,0.778800000011921,1,0,1
34,0.76590000000596,1,1,1
34,0.802299999982119,1,1,1
34,0.493600000023842,1,1,0
34,0.53040000000596,1,1,1
34,0.732299999982119,1,1,1
34,0.80159999999404,1,0,0
34,0.653200000017881,1,1,0
34,0.87,1,0,0
34,0.702199999988079,1,1,0
34,0.799199999988079,1,0,1
34,1.30059999999404,0,0,0
34,0.898800000011921,0,1,1
34,1.3995,1,0,0
34,1.159,1,1,0
34,1.26330000001192,1,0,1
34,1.5635,1,1,1
34,1.32440000000596,1,0,1
34,0.8805,1,1,0
34,1.15490000000596,1,1,1
34,1.28370000001788,1,0,1
34,1.56019999998808,0,0,1
34,0.80809999999404,0,0,0
34,0.99040000000596,0,0,0
34,1.05990000000596,0,0,0
34,0.957100000023842,1,0,1
34,0.7665,0,0,0
34,0.83290000000596,1,1,0
34,0.745800000011921,1,1,0
34,0.981799999982119,1,0,1
34,0.579699999988079,1,0,0
34,0.751899999976158,1,0,1
34,0.802,1,1,1
34,0.70840000000596,1,0,1
34,1.34560000002384,1,1,1
34,0.54409999999404,1,0,0
34,0.697199999988079,1,1,0
34,0.85759999999404,1,1,1
34,0.59790000000596,1,0,1
34,0.696799999982119,1,0,0
34,0.557700000017881,0,1,0
34,1.52030000001192,0,1,0
34,1.02010000002384,1,0,0
34,0.971800000011921,1,1,0
34,0.59390000000596,1,1,1
34,0.499799999982119,1,0,0
34,0.614,1,0,1
34,0.56109999999404,1,1,0
34,0.54059999999404,1,1,0
34,1.89320000001788,1,0,1
34,1.06740000000596,1,0,1
34,0.918699999988079,1,1,0
34,0.464899999976158,1,0,1
34,0.59559999999404,1,1,1
34,0.79440000000596,1,1,0
34,0.549399999976158,1,0,0
34,0.64940000000596,1,0,1
34,0.554299999982119,1,0,0
34,0.460600000023842,1,0,1
34,0.721699999988079,1,1,0
34,0.483799999982119,1,0,0
34,0.557299999982119,1,1,1
34,0.611699999988079,1,1,1
34,0.634299999982119,1,1,1
34,0.59240000000596,1,0,0
34,1.09059999999404,1,0,1
34,0.77290000000596,1,1,0
34,0.805899999976158,1,1,1
34,0.76309999999404,1,1,1
34,1.09180000001192,1,0,0
34,0.643,0,1,0
34,1.253,1,0,1
34,1.41960000002384,1,1,1
34,2.22070000001788,1,1,1
34,0.87390000000596,1,0,0
34,0.739899999976158,1,1,0
35,0.561300000071526,1,1,0
35,0.640199999928474,1,0,1
35,0.444100000023842,1,1,1
35,0.377200000047684,1,0,0
35,0.468799999952316,1,0,0
35,0.539399999976158,1,0,0
35,0.629399999976158,1,1,1
35,0.734799999952316,1,1,1
35,0.558200000047684,1,1,0
35,0.539700000047684,1,0,1
35,0.481200000047684,1,0,1
35,0.447399999976158,1,0,0
35,0.699,1,0,1
35,0.371599999904633,1,1,1
35,0.442400000095367,1,0,1
35,0.512200000047684,1,0,0
35,0.482099999904633,1,1,1
35,0.456299999952316,1,0,0
35,0.476,1,1,1
35,0.425600000023842,1,1,0
35,0.5475,1,1,1
35,0.543100000023842,1,1,0
35,0.455800000071526,1,1,0
35,0.615200000047684,0,0,1
35,0.459099999904633,1,0,0
35,0.502399999976158,1,1,1
35,0.441,1,1,0
35,0.386300000071526,1,1,0
35,0.457699999928474,1,1,0
35,1.00289999997616,1,0,0
35,0.411300000071526,1,1,0
35,0.666799999952316,1,1,1
35,0.529799999952316,1,0,0
35,0.5205,1,0,0
35,0.509399999976158,1,1,1
35,0.510700000047684,1,0,1
35,0.597199999928474,1,0,0
35,0.664800000071526,1,0,1
35,0.592600000023842,1,0,1
35,0.571100000023842,1,0,1
35,0.422899999976158,1,1,0
35,0.457200000047684,1,1,0
35,0.368300000071526,1,1,0
35,0.370100000023842,1,1,1
35,0.520099999904633,1,0,0
35,0.424100000023842,1,1,1
35,0.410299999952316,1,0,1
35,0.3875,1,0,1
35,0.700600000023842,1,0,1
35,0.512200000047684,1,1,0
35,0.470400000095367,1,1,0
35,0.487199999928474,1,1,1
35,0.4895,1,1,1
35,0.405699999928474,1,1,0
35,0.482699999928474,1,0,1
35,0.452700000047684,1,0,0
35,0.609600000023842,1,0,1
35,0.403899999976158,1,1,0
35,0.514399999976158,1,0,1
35,0.492699999928474,1,1,0
35,0.435299999952316,1,0,0
35,0.412300000071526,1,1,1
35,0.478,1,0,0
35,0.472200000047684,1,0,0
35,0.4755,1,0,0
35,0.368,0,0,1
35,0.746699999928474,1,1,1
35,0.658899999976158,0,1,1
35,0.6225,1,1,1
35,0.788,1,0,1
35,0.405,1,1,0
35,0.702199999928474,1,1,1
35,0.422300000071526,1,1,0
35,0.353400000095367,1,1,1
35,0.512199999928474,1,0,0
35,0.437,1,0,0
35,0.556100000023842,1,0,1
35,0.3885,1,0,0
35,0.446099999904633,1,1,1
35,0.434399999976158,1,0,0
35,0.681299999952316,1,1,1
35,0.406199999928474,1,0,1
35,0.366799999952316,1,1,1
35,0.436699999928474,1,0,0
35,0.5065,1,0,0
35,0.364399999976158,1,1,0
35,0.4475,1,1,0
35,0.602099999904633,1,0,1
35,0.528,1,1,0
35,0.427200000047684,1,0,1
35,0.410899999976158,1,0,0
35,0.416100000023842,1,1,0
35,0.3975,1,0,1
35,0.507199999928474,1,1,1
35,0.366199999928474,1,1,0
35,0.602,1,0,1
35,0.5095,0,0,0
35,0.457399999976158,1,1,0
35,0.454,1,1,0
35,0.375200000047684,0,0,1
35,0.918900000095367,1,0,1
35,0.443700000047684,1,1,0
35,0.496799999952316,1,1,1
35,0.4355,1,0,0
35,0.779899999976158,1,1,1
35,0.420100000023842,1,1,0
35,0.407099999904633,1,0,0
35,0.896399999976158,1,0,1
35,0.540100000023842,1,0,0
35,0.519399999976158,1,0,0
35,0.426400000095367,0,0,1
35,0.373200000047684,1,1,1
35,0.412299999952316,1,1,0
35,0.405699999928474,1,1,0
35,0.383200000047684,1,0,1
35,0.390400000095367,1,0,0
35,0.588200000047684,1,1,1
35,0.419899999976158,1,1,1
35,0.429800000071526,1,1,1
35,0.393600000023842,1,0,1
35,0.4875,1,1,1
35,0.399799999952316,1,1,1
35,0.346600000023842,1,1,0
35,0.348,1,1,1
35,0.3675,1,1,1
35,0.394100000023842,1,1,0
35,0.475099999904633,1,1,0
35,0.727200000047684,1,0,1
35,0.780200000047684,1,0,1
35,0.443699999928474,1,1,1
35,0.391600000023842,1,0,0
35,0.397899999976158,1,0,0
35,0.372600000023842,1,0,1
35,0.399700000047684,1,0,0
35,0.394400000095367,1,0,0
35,0.453799999952316,1,0,1
35,0.408599999904633,1,1,1
35,0.3175,1,1,0
35,0.585299999952316,1,0,0
35,0.364899999976158,1,1,0
35,0.437599999904633,1,1,0
35,0.419,1,0,1
35,0.401100000023842,1,0,0
35,0.405799999952316,1,0,1
35,0.383799999952316,1,0,1
35,0.413700000047684,1,1,1
35,0.501,1,0,0
35,0.384900000095367,1,1,0
35,0.424,1,1,0
35,0.469100000023842,1,1,0
35,0.449200000047684,0,1,1
35,0.388899999976158,1,0,1
35,0.622899999976158,1,0,1
35,0.375299999952316,1,0,0
35,0.407600000023842,1,0,0
35,0.361200000047684,1,0,1
35,0.5175,1,0,0
35,0.464799999952316,0,0,1
35,0.677800000071526,1,1,0
35,0.374,1,1,1
35,0.489899999976158,1,0,0
35,0.445100000023842,1,1,0
35,0.395,1,0,1
35,0.399299999952316,1,0,0
35,0.497700000047684,1,0,1
35,0.376100000023842,0,1,1
35,0.491700000047684,1,0,0
35,0.4335,0,1,1
35,0.477900000095367,0,1,1
35,0.465299999952316,0,1,0
35,1.31260000002384,1,1,1
35,0.735899999976158,1,0,1
35,0.435100000023842,1,1,0
35,0.393,1,0,0
35,0.504700000047684,1,1,1
35,0.424,1,1,0
35,0.412899999976158,1,0,1
35,0.468600000023842,1,0,1
35,1.18,1,1,1
35,0.503899999976158,1,0,0
35,0.440099999904633,1,0,0
35,0.365199999928474,1,0,0
35,0.401300000071526,1,0,1
35,0.448,1,1,1
35,0.454700000047684,1,0,1
35,0.391100000023842,1,1,0
35,0.400100000023842,1,1,0
35,0.444399999976158,1,1,0
35,0.394399999976158,1,1,1
35,0.423300000071526,1,1,0
35,0.545399999976158,1,0,0
35,0.450299999952316,1,1,1
35,0.653200000047684,1,0,1
35,0.448300000071526,1,0,0
35,0.473600000023842,1,0,0
35,0.430399999976158,1,1,1
35,0.463200000047684,1,1,0
35,0.516900000095367,0,0,1
35,0.389099999904633,1,1,0
35,0.376700000047684,1,1,0
35,0.4615,1,1,1
35,0.446200000047684,1,1,0
35,0.391799999952316,1,0,0
35,0.459599999904633,0,1,1
35,0.708600000023842,1,0,1
35,1.85370000004768,1,0,0
35,0.4505,1,1,0
35,0.386799999952316,1,0,0
35,0.478100000023842,1,0,1
35,0.381700000047684,1,1,1
35,0.347200000047684,1,0,1
35,0.282600000023842,1,1,0
35,0.346399999976158,1,1,0
35,0.376800000071526,1,1,0
35,0.561,1,1,0
35,0.586699999928474,1,0,0
35,0.444399999976158,0,0,0
35,1.31220000004768,1,0,1
35,0.785599999904633,1,0,1
35,0.557700000047684,1,0,1
35,0.3885,1,0,0
35,0.681700000047684,0,1,1
35,0.479,1,0,1
35,0.392100000023842,1,0,0
35,0.424299999952316,1,1,0
35,0.508,1,1,1
35,0.4155,1,1,1
35,0.4115,1,0,0
35,0.3725,1,1,1
35,0.36,1,1,1
35,0.330400000095367,1,1,1
35,0.355600000023842,1,0,1
35,0.373299999952316,1,1,1
35,0.325800000071526,1,1,0
35,0.3865,0,0,1
35,0.3915,1,1,1
35,0.370299999952316,1,1,0
35,0.407100000023842,1,0,0
35,0.411200000047684,0,0,0
35,0.489800000071526,1,0,1
35,0.401200000047684,1,0,0
35,0.363699999928474,1,0,0
35,0.469199999928474,1,1,1
35,0.394399999976158,0,1,0
35,1.05310000002384,1,0,1
35,0.420699999928474,1,1,1
35,0.456100000023842,1,0,1
35,0.422299999952316,1,0,1
35,0.478700000047684,1,1,0
35,0.439799999952316,1,0,1
35,0.421199999928474,1,1,0
35,0.384600000023842,1,1,0
35,0.597100000023842,1,0,1
35,0.529800000071526,0,1,1
35,0.533199999928474,0,0,1
35,0.518700000047684,1,1,0
35,0.399,1,1,0
35,0.516100000023842,1,0,0
35,0.385299999952316,1,0,0
35,0.4405,1,1,1
35,0.382799999952316,1,0,0
35,0.422200000047684,0,0,1
35,0.545799999952316,1,0,1
35,0.417299999952316,1,0,0
35,0.389,1,1,0
35,0.460100000023842,1,0,0
35,0.489100000023842,1,1,1
35,0.34,1,1,0
35,0.546899999976158,1,0,1
35,0.714899999976158,1,0,1
35,0.517200000047684,1,1,1
35,0.423399999976158,1,1,1
35,0.442799999952316,1,0,0
35,0.423099999904633,1,0,0
35,0.403399999976158,1,0,1
35,0.416799999952316,1,1,1
35,0.427300000071526,1,1,0
35,0.436300000071526,0,1,1
35,0.491599999904633,1,0,0
35,0.5705,1,0,0
35,0.361100000023842,1,1,0
35,0.419100000023842,1,1,1
35,0.3685,1,1,1
35,0.351300000071526,1,1,0
35,0.384,1,1,0
35,0.529800000071526,1,0,1
35,0.346599999904633,1,0,0
35,0.3805,1,1,1
36,0.464300000011921,1,0,0
36,0.4455,0,0,1
36,0.361300000011921,1,0,1
36,0.33559999999404,1,0,0
36,0.410199999988079,1,1,1
36,0.374,1,0,1
36,0.42409999999404,1,0,0
36,0.336399999976158,1,0,0
36,0.35440000000596,1,1,1
36,0.456300000011921,1,0,0
36,0.3315,0,1,0
36,0.476399999976158,1,0,0
36,0.38190000000596,1,1,1
36,0.323699999988079,1,0,0
36,0.3315,0,1,0
36,0.38240000000596,1,1,0
36,0.3705,1,1,0
36,0.3135,1,0,1
36,0.34140000000596,1,0,1
36,0.3325,1,1,1
36,0.329700000017881,1,1,1
36,0.459,1,0,0
36,0.319200000017881,1,1,0
36,0.33790000000596,1,0,0
36,0.361800000011921,0,0,1
36,0.327299999982119,1,1,1
36,0.5245,0,1,1
36,0.421199999988079,1,0,1
36,0.32559999999404,1,0,1
36,0.306200000017881,1,1,0
36,0.37290000000596,1,1,0
36,0.47740000000596,1,0,1
36,0.31909999999404,1,1,1
36,0.29340000000596,1,1,1
36,0.584199999988079,1,1,0
36,0.383700000017881,1,1,0
36,0.508299999982119,1,0,0
36,0.332399999976158,1,1,0
36,0.48759999999404,1,0,1
36,0.50259999999404,1,0,1
36,0.299199999988079,1,1,0
36,0.38,1,0,0
36,0.39390000000596,1,1,1
36,0.351200000017881,1,0,0
36,0.42509999999404,1,1,1
36,0.538300000011921,1,0,1
36,0.32640000000596,1,1,0
36,0.374699999988079,1,1,1
36,0.57490000000596,1,1,1
36,0.364699999988079,1,0,0
36,0.362200000017881,1,0,1
36,0.303899999976158,1,1,0
36,0.489800000011921,0,0,1
36,0.322,1,0,1
36,0.49959999999404,1,0,0
36,0.42490000000596,1,1,0
36,0.31809999999404,1,1,0
36,0.3105,1,1,0
36,0.532300000011921,0,0,0
36,0.415800000011921,0,0,1
36,0.42190000000596,1,0,0
36,0.326899999976158,1,0,1
36,0.381,1,1,1
36,0.47990000000596,1,0,0
36,0.343,1,1,1
36,0.614699999988079,0,1,0
36,0.330100000023842,1,1,1
36,0.479700000017881,1,0,1
36,0.327,1,0,1
36,0.458,1,0,1
36,0.42509999999404,0,1,0
36,0.486199999988079,1,0,0
36,0.443199999988079,1,0,0
36,0.3885,1,1,0
36,0.47790000000596,1,1,1
36,0.354200000017881,1,0,0
36,0.328300000011921,1,0,1
36,0.433300000011921,1,0,1
36,0.391200000017881,1,0,1
36,0.444200000017881,1,1,0
36,0.43590000000596,1,0,0
36,0.449800000011921,0,0,1
36,0.388200000017881,1,1,0
36,0.3345,1,1,1
36,0.382800000011921,1,1,0
36,0.3665,1,1,0
36,0.276700000017881,1,0,0
36,0.377100000023842,1,1,1
36,0.475,0,0,0
36,0.398699999988079,1,1,1
36,0.3645,1,1,1
36,0.371100000023842,1,1,1
36,0.32909999999404,0,1,0
36,0.42890000000596,1,0,0
36,0.31190000000596,1,1,1
36,0.373899999976158,1,1,1
36,0.483399999976158,0,0,1
36,0.479100000023842,1,0,0
36,0.305800000011921,1,0,1
36,0.3755,1,0,0
36,0.40859999999404,1,1,0
36,0.3435,1,1,1
36,0.42709999999404,1,1,1
36,0.54209999999404,1,0,1
36,0.365800000011921,1,0,1
36,0.37290000000596,1,1,0
36,0.653700000017881,1,0,0
36,0.31759999999404,1,1,0
36,0.42,0,0,1
36,0.390200000017881,1,0,1
36,0.300299999982119,1,1,0
36,0.42109999999404,1,0,0
36,0.376299999982119,1,1,1
36,0.37609999999404,0,1,1
36,0.43640000000596,1,0,0
36,0.39009999999404,1,1,1
36,0.423799999982119,1,0,1
36,0.391,1,1,0
36,0.456100000023842,1,0,1
36,0.34840000000596,1,0,0
36,0.380299999982119,1,1,0
36,0.438600000023842,1,0,0
36,0.48459999999404,1,0,0
36,0.280300000011921,1,1,1
36,0.36059999999404,1,1,1
36,0.328799999982119,1,1,0
36,0.445600000023842,1,0,1
36,0.4725,1,0,0
36,0.31309999999404,1,0,0
36,0.38259999999404,0,1,1
36,0.484300000011921,1,1,0
36,0.297100000023842,1,1,0
36,0.385800000011921,1,1,1
36,0.45990000000596,1,0,1
36,0.37659999999404,1,1,0
36,0.4455,0,1,1
36,0.7895,1,0,1
36,0.38740000000596,1,1,1
36,0.39190000000596,0,1,1
36,0.55940000000596,1,1,0
36,0.363199999988079,1,1,0
36,0.94409999999404,1,0,1
36,0.677699999988079,1,0,0
36,0.414800000011921,1,0,0
36,0.62240000000596,1,0,1
36,0.368899999976158,1,0,0
36,0.38340000000596,1,1,1
36,0.381699999988079,1,0,1
36,0.6545,1,0,0
36,0.243700000017881,1,1,0
36,0.422600000023842,1,1,0
36,0.301199999988079,1,0,1
36,0.292199999988079,0,1,1
36,0.40009999999404,0,0,1
36,0.3575,1,1,0
36,0.598799999982119,1,0,1
36,0.37059999999404,1,0,0
36,0.356799999982119,1,1,0
36,0.34090000000596,0,1,1
36,0.3335,1,1,0
36,0.3545,1,1,1
36,0.294700000017881,1,1,1
36,0.34459999999404,1,1,1
36,0.670799999982119,0,0,1
36,0.380100000023842,1,1,1
36,0.42159999999404,1,1,1
36,0.440199999988079,1,1,1
36,0.461100000023842,1,0,1
36,0.350800000011921,1,1,0
36,0.3485,1,1,0
36,0.403199999988079,1,0,1
36,0.45859999999404,1,0,0
36,0.4275,1,0,1
36,0.28159999999404,1,1,1
36,0.664899999976158,1,0,0
36,0.377100000023842,1,0,0
36,0.450700000017881,1,0,0
36,0.36,1,0,0
36,0.401600000023842,1,0,0
36,0.405200000017881,1,1,0
36,0.38709999999404,1,1,0
36,0.4325,1,0,0
36,0.454,1,0,0
36,0.44159999999404,1,0,0
36,0.528799999982119,1,1,1
36,0.420800000011921,1,1,0
36,0.536699999988079,1,0,1
36,0.3895,1,1,0
36,0.74309999999404,0,0,1
36,0.3115,1,1,0
36,0.591200000017881,1,0,1
36,0.365699999988079,1,1,1
36,0.73109999999404,1,0,1
36,0.37640000000596,1,1,0
36,0.458,1,1,1
36,0.38390000000596,1,1,1
36,0.61040000000596,1,1,1
36,0.360199999988079,1,1,0
36,0.50290000000596,1,0,0
36,0.36,1,1,0
36,0.587299999982119,1,0,0
36,0.661299999982119,1,1,1
36,0.513,1,0,1
36,0.3575,1,1,0
36,0.3905,1,1,0
36,0.560699999988079,1,1,0
36,0.31840000000596,1,1,1
36,0.36609999999404,1,0,0
36,0.5065,1,1,0
36,0.369300000011921,1,0,1
36,0.599299999982119,1,0,0
36,0.428200000017881,1,0,0
36,0.415700000017881,1,0,0
36,0.45540000000596,1,1,1
36,0.4215,1,1,1
36,0.4445,1,0,0
36,0.36659999999404,1,0,0
36,0.323199999988079,1,1,0
36,0.383,1,0,1
36,0.295300000011921,1,1,0
36,0.382299999982119,1,1,1
36,0.527800000011921,1,0,0
36,0.2585,0,0,1
36,0.306799999982119,1,1,1
36,0.61409999999404,1,0,1
36,0.6275,0,0,1
36,0.397,1,1,0
36,0.425199999988079,1,0,1
36,0.3515,1,1,0
36,0.38190000000596,1,0,0
36,0.54309999999404,1,0,0
36,0.71359999999404,1,0,1
36,0.632,0,1,1
36,0.3315,1,0,1
36,0.382200000017881,1,1,0
36,0.478100000023842,1,0,1
36,0.38090000000596,1,1,1
36,0.425199999988079,1,0,0
36,0.409199999988079,1,0,1
36,0.368800000011921,1,1,1
36,0.918699999988079,1,1,0
36,0.419799999982119,1,1,1
36,0.67709999999404,0,0,1
36,0.32759999999404,1,0,1
36,0.2535,1,0,0
36,0.406300000011921,0,1,0
36,0.48140000000596,1,0,0
36,0.335300000011921,1,1,0
36,0.34259999999404,1,1,1
36,0.350200000017881,1,1,1
36,0.435199999988079,1,0,1
36,0.37290000000596,1,0,1
36,0.39609999999404,1,1,1
36,0.717800000011921,0,0,1
36,0.390199999988079,1,1,0
36,0.41540000000596,1,1,0
36,0.412800000011921,1,1,1
36,0.55640000000596,1,0,1
36,0.440199999988079,1,0,0
36,0.402799999982119,1,1,0
36,0.442800000011921,1,1,0
36,0.67459999999404,1,0,0
36,0.55059999999404,1,0,0
36,0.635399999976158,1,0,0
36,0.47440000000596,1,0,1
36,0.372299999982119,1,1,0
36,0.342300000011921,1,1,0
36,0.421699999988079,1,0,0
36,0.466899999976158,0,0,0
36,0.571699999988079,1,1,1
36,0.41559999999404,1,0,0
36,0.36509999999404,1,1,1
36,0.46609999999404,1,1,1
36,0.412800000011921,1,1,0
36,0.368,1,1,0
36,0.377700000017881,1,0,1
36,0.426300000011921,1,0,1
36,0.828200000017881,1,0,1
36,0.412,1,0,0
36,0.491300000011921,1,0,0
36,0.35459999999404,1,0,0
36,0.531199999988079,1,0,1
36,0.409100000023842,1,0,1
36,0.388899999976158,1,1,1
36,0.370299999982119,1,1,1
36,0.4455,1,1,1
36,0.363199999988079,1,1,1
36,0.28740000000596,1,1,0
37,0.92,1,0,1
37,0.657,1,1,0
37,0.861,1,1,0
37,0.712,1,1,1
37,0.669,1,0,0
37,0.917,1,1,0
37,0.676,1,0,1
37,0.607,1,1,0
37,0.745,1,0,0
37,0.582,1,0,1
37,0.602,1,1,1
37,1.09,1,1,1
37,0.53,1,0,0
37,0.551,1,1,0
37,0.947,1,1,0
37,0.573,1,0,1
37,0.617,1,1,0
37,0.849,1,0,1
37,0.887,1,0,1
37,0.595,1,0,0
37,0.794,1,1,1
37,0.592,1,1,0
37,0.596,1,1,1
37,0.862,1,0,1
37,1.139,0,1,1
37,0.639,1,1,0
37,0.718,1,0,0
37,0.559,1,0,1
37,0.704,1,1,0
37,1.262,1,0,1
37,0.877,1,1,1
37,0.658,1,0,0
37,0.535,1,1,1
37,0.485,1,0,0
37,0.717,1,1,1
37,0.792,1,0,0
37,0.671,1,1,0
37,1.004,1,1,1
37,0.855,1,0,0
37,0.68,1,1,1
37,1.051,1,1,1
37,0.821,1,0,1
37,0.427,1,0,0
37,0.709,1,1,0
37,0.884,1,0,1
37,0.512,1,0,0
37,0.56,1,0,0
37,0.953,1,0,1
37,0.503,1,1,1
37,0.925,1,1,1
37,1.234,1,1,0
37,0.558,1,0,1
37,0.983,1,0,0
37,0.615,1,1,0
37,0.634,1,1,1
37,0.783,1,0,1
37,0.873,1,0,1
37,0.579,1,0,1
37,0.834,1,0,0
37,0.542,1,1,0
37,0.656,1,1,0
37,0.843,1,0,1
37,0.554,1,0,0
37,0.605,1,1,1
37,0.853,1,1,0
37,0.482,1,1,0
37,0.521,1,0,0
37,0.787,1,1,1
37,0.585,1,0,1
37,0.557,1,0,0
37,0.9,1,1,0
37,0.791,1,1,1
37,0.603,1,1,1
37,0.866,1,0,0
37,0.473,1,1,0
37,0.451,1,0,0
37,0.861,1,0,1
37,0.819,1,1,1
37,0.975,1,0,1
37,0.98,1,0,0
37,0.571,1,1,1
37,0.543,1,0,1
37,0.676,1,1,0
37,0.512,1,0,0
37,0.525,1,1,0
37,0.744,1,1,1
37,0.547,1,1,0
37,0.651,1,1,1
37,0.594,1,0,0
37,0.561,1,0,0
37,0.591,1,1,0
37,0.874,1,0,0
37,0.544,1,0,1
37,0.458,1,1,1
37,0.797,1,0,1
37,0.668,1,0,1
37,0.527,1,1,1
37,0.78,1,1,0
37,0.448,1,0,0
37,0.541,1,0,0
37,0.796,1,0,0
37,0.451,1,0,1
37,0.403,1,1,0
37,0.567,1,1,1
37,0.442,1,0,1
37,0.708,1,0,1
37,0.749,1,1,0
37,0.536,1,0,1
37,0.583,1,1,1
37,0.658,1,0,0
37,0.492,1,0,0
37,0.565,1,0,0
37,0.729,1,1,1
37,0.488,1,1,1
37,0.406,1,1,0
37,0.889,1,1,1
37,0.422,1,0,0
37,0.42,1,0,1
37,0.94,1,1,0
37,0.56,1,0,1
37,0.484,1,1,0
37,0.715,1,0,1
37,0.546,1,0,0
37,0.603,1,1,1
37,0.87,1,0,0
37,0.522,1,0,1
37,0.588,1,1,1
37,0.675,1,1,1
37,0.516,1,1,0
37,0.544,1,0,1
37,0.977,1,1,1
37,0.549,1,1,0
37,0.524,1,0,0
37,0.938,1,1,1
37,0.827,1,0,1
37,0.482,1,0,0
37,0.717,1,1,0
37,0.609,1,0,0
37,0.567,1,1,0
37,0.855,1,1,1
37,0.457,1,1,0
37,0.476,1,0,1
37,0.851,1,1,0
37,0.442,1,0,1
37,0.96,1,0,1
37,0.843,1,1,1
37,0.452,1,0,1
37,0.464,1,0,1
37,0.84,1,0,0
37,0.489,1,0,0
37,0.427,1,0,0
37,0.868,1,0,0
37,0.537,1,1,0
37,0.503,1,0,0
37,1.01,1,0,1
37,0.706,1,0,0
37,0.526,1,1,0
37,0.793,1,1,0
37,0.534,1,1,0
37,0.53,1,1,1
37,0.969,1,0,1
37,0.497,1,1,0
37,0.756,1,0,1
37,0.764,1,1,0
37,0.558,1,0,0
37,0.939,1,1,1
37,0.774,1,1,0
37,0.511,1,0,0
37,0.54,1,0,0
37,0.74,1,0,0
37,0.755,1,0,1
37,0.41,1,1,0
37,0.844,1,1,0
37,0.559,1,1,1
37,0.512,1,0,1
37,0.95,1,0,0
37,0.857,0,1,1
37,0.626,1,0,1
37,0.781,1,0,1
37,0.472,1,1,1
37,1.087,1,1,1
37,0.966,1,1,1
37,0.581,1,0,1
37,0.475,1,1,0
37,0.993,1,0,1
37,0.44,1,0,0
37,0.529,1,1,1
37,1.304,1,1,0
37,0.739,1,1,1
37,0.562,1,1,1
37,0.957,1,1,1
37,0.589,1,1,0
37,0.772,1,0,1
37,0.879,1,0,1
37,0.604,1,0,0
37,0.695,1,1,0
37,0.964,1,1,0
37,0.56,1,0,0
37,0.559,1,1,0
37,0.923,1,0,1
37,0.439,1,1,1
37,0.756,1,0,0
37,0.574,1,0,0
37,0.433,1,0,1
37,0.46,1,1,0
37,0.866,1,0,0
37,0.641,1,1,0
37,0.571,1,1,0
37,1.057,1,1,1
37,0.667,1,0,0
37,0.558,1,0,1
37,0.817,1,1,0
37,0.76,1,1,0
37,0.468,1,0,1
37,0.782,1,1,1
37,0.63,1,1,1
37,0.548,1,1,1
37,0.837,1,0,0
37,0.486,1,1,0
37,0.509,1,0,0
37,0.777,1,1,1
37,0.495,1,0,0
37,0.624,1,1,0
37,0.914,1,1,1
37,0.459,1,0,1
37,0.562,1,0,1
37,0.749,1,0,0
37,0.476,1,0,1
37,0.602,1,1,1
37,0.94,1,1,1
37,0.598,1,0,1
37,0.588,1,1,1
37,0.833,1,0,1
37,0.549,1,1,0
37,0.501,1,1,1
37,0.742,1,0,0
37,0.455,1,0,0
37,0.473,1,0,1
37,0.86,1,1,0
37,0.826,1,1,1
37,0.584,1,0,0
37,0.644,1,0,1
37,0.538,1,0,1
37,0.562,1,1,0
37,0.926,1,1,0
37,0.582,1,0,0
37,0.473,1,1,1
37,0.396,1,0,1
37,0.744,1,1,1
37,0.492,1,1,0
37,0.462,1,0,0
37,0.799,1,1,0
37,0.507,1,1,1
37,0.759,1,1,0
37,0.758,1,1,0
37,0.509,1,1,1
37,0.526,1,1,0
37,1.247,1,1,0
37,0.507,1,1,1
37,0.527,1,0,1
37,0.567,1,1,0
37,0.502,1,0,1
37,0.52,1,0,0
37,0.651,1,0,1
37,0.527,1,0,0
37,0.501,1,1,0
37,0.749,1,0,0
37,0.503,1,1,0
37,0.559,1,0,1
37,0.986,1,1,1
37,0.451,1,1,0
37,0.5,1,0,1
37,0.857,0,0,0
37,0.507,1,0,0
37,0.513,1,0,0
37,0.586,1,1,1
37,0.693,1,1,1
37,0.578,1,1,1
37,0.865,1,0,1
37,0.539,1,0,1
37,0.652,1,1,1
37,0.843,1,0,0
37,0.547,0,0,1
37,0.528,1,1,1
37,0.403,1,0,1
37,0.724,1,1,1
37,0.498,1,0,0
37,0.493,1,0,0
38,0.676800000011921,1,0,0
38,0.431699999988079,1,0,0
38,0.32490000000596,1,1,1
38,0.666,0,0,0
38,0.2695,1,1,1
38,0.710600000023842,1,0,1
38,0.791,1,0,0
38,0.33490000000596,1,1,1
38,0.42590000000596,1,1,0
38,0.610300000011921,1,0,0
38,0.35709999999404,0,1,1
38,0.498600000023842,1,1,0
38,0.45090000000596,1,0,1
38,0.375700000017881,1,1,0
38,0.37440000000596,1,1,1
38,0.409,1,1,0
38,0.39190000000596,1,1,1
38,0.917299999982119,1,0,1
38,0.61209999999404,1,0,1
38,0.549899999976158,1,1,0
38,0.44259999999404,1,0,0
38,0.911,0,0,0
38,0.853300000011921,1,0,0
38,0.567799999982119,1,0,1
38,0.644699999988079,1,1,1
38,0.370300000011921,1,1,1
38,0.3565,0,0,1
38,0.724699999988079,1,0,0
38,0.776,1,0,0
38,0.6785,1,0,1
38,0.45240000000596,1,1,1
38,0.490200000017881,1,0,1
38,0.759699999988079,0,0,1
38,0.749699999988079,0,0,0
38,0.55540000000596,1,1,1
38,0.48509999999404,1,1,0
38,0.58109999999404,1,0,0
38,0.73590000000596,0,0,1
38,0.444300000011921,1,1,0
38,0.357199999988079,1,1,0
38,0.303699999988079,1,1,0
38,0.635,0,0,1
38,0.288200000017881,1,1,0
38,0.348799999982119,1,1,0
38,0.300799999982119,1,1,0
38,0.452699999988079,1,1,1
38,0.324,1,1,1
38,0.81240000000596,1,0,1
38,0.56490000000596,1,1,0
38,0.36909999999404,1,1,1
38,0.30309999999404,1,1,1
38,0.571199999988079,1,0,0
38,0.711300000011921,0,0,1
38,0.76090000000596,1,0,1
38,0.87940000000596,1,0,1
38,0.970700000017881,1,0,0
38,0.367800000011921,1,1,0
38,0.311800000011921,1,1,0
38,0.43390000000596,1,1,1
38,0.50009999999404,1,1,1
38,0.34759999999404,1,1,0
38,0.6665,1,1,1
38,0.66709999999404,1,0,0
38,1.04309999999404,1,0,1
38,0.839800000011921,1,1,1
38,0.67690000000596,0,0,0
38,0.87040000000596,1,0,0
38,0.617200000017881,1,0,0
38,0.674300000011921,1,1,0
38,0.57459999999404,1,0,1
38,0.694300000011921,1,0,0
38,0.33359999999404,1,1,0
38,0.453,1,1,0
38,0.384,1,1,0
38,0.734,1,0,1
38,0.876,1,0,1
38,0.678699999988079,1,0,1
38,0.542699999988079,1,1,1
38,0.345800000011921,1,1,1
38,0.353899999976158,1,1,0
38,1.3715,0,0,1
38,1.02809999999404,1,0,0
38,0.77559999999404,1,1,1
38,0.81990000000596,1,0,0
38,0.818700000017881,0,0,1
38,0.890300000011921,1,0,0
38,0.546699999988079,1,1,0
38,0.818800000011921,1,0,1
38,0.332,1,0,0
38,0.488,1,1,0
38,0.3305,1,1,1
38,0.4495,1,1,1
38,0.66740000000596,1,0,1
38,0.674800000011921,1,1,1
38,0.361799999982119,1,1,0
38,0.367700000017881,1,0,0
38,0.526199999988079,1,0,0
38,0.611199999988079,1,1,0
38,0.77959999999404,1,1,1
38,0.67309999999404,1,1,0
38,0.36,1,1,1
38,0.58759999999404,1,0,0
38,0.497800000011921,1,0,0
38,0.61340000000596,1,0,1
38,0.421700000017881,1,0,1
38,0.369399999976158,1,1,0
38,0.42290000000596,1,0,0
38,0.5105,1,1,1
38,0.356299999982119,1,0,0
38,0.380199999988079,1,0,1
38,0.841600000023842,1,0,0
38,0.62240000000596,0,0,1
38,0.286,1,1,1
38,0.53790000000596,1,0,0
38,0.341800000011921,1,1,1
38,0.34240000000596,1,1,0
38,0.5315,1,0,0
38,0.69509999999404,1,1,1
38,0.29440000000596,1,1,1
38,0.641199999988079,1,0,1
38,0.578600000023842,1,0,0
38,0.822699999988079,0,1,0
38,0.752100000023842,1,0,1
38,0.68540000000596,1,1,1
38,0.451300000011921,0,1,1
38,0.340799999982119,1,0,1
38,0.35840000000596,1,1,0
38,0.530800000011921,1,0,1
38,0.59790000000596,1,0,1
38,0.342,1,1,1
38,0.48809999999404,1,0,1
38,0.580700000017881,1,0,1
38,0.382300000011921,1,1,0
38,0.410300000011921,1,1,0
38,0.61,1,0,1
38,0.516,1,1,1
38,0.280199999988079,1,1,0
38,0.55590000000596,1,0,0
38,0.364699999988079,1,1,0
38,0.368,1,1,0
38,0.3135,1,1,1
38,0.32359999999404,1,1,0
38,0.575799999982119,1,0,0
38,0.4025,1,0,0
38,0.56959999999404,1,1,1
38,0.297699999988079,1,1,0
38,0.580399999976158,1,0,1
38,0.38709999999404,1,1,0
38,0.36709999999404,1,0,0
38,0.353299999982119,1,1,1
38,0.7485,1,0,1
38,0.30659999999404,1,1,0
38,0.495,1,0,0
38,0.35309999999404,1,0,0
38,0.54259999999404,1,0,1
38,0.916200000017881,1,0,1
38,0.506399999976158,1,1,1
38,0.29409999999404,1,1,1
38,0.296699999988079,1,1,0
38,0.38790000000596,1,1,1
38,0.35609999999404,1,1,0
38,0.56090000000596,1,0,0
38,0.539699999988079,1,0,1
38,0.36390000000596,1,1,0
38,0.2855,1,1,1
38,0.45659999999404,1,0,0
38,0.4005,1,1,0
38,0.372299999982119,1,1,0
38,0.65240000000596,1,0,0
38,0.7885,1,0,1
38,0.37709999999404,1,1,1
38,0.60809999999404,1,0,0
38,0.627899999976158,1,1,0
38,0.55759999999404,1,0,1
38,0.24959999999404,1,1,1
38,0.537300000011921,1,0,0
38,0.45340000000596,1,0,1
38,0.40059999999404,1,1,0
38,0.43490000000596,1,1,0
38,1.27220000001788,1,0,1
38,0.64590000000596,1,0,0
38,0.543699999988079,1,0,1
38,0.3265,1,0,0
38,0.499699999988079,1,1,1
38,0.529800000011921,1,1,0
38,1.18729999998212,1,0,1
38,0.577199999988079,0,1,1
38,0.490199999988079,1,0,1
38,0.328199999988079,1,1,1
38,0.35709999999404,1,1,1
38,0.82940000000596,1,0,0
38,0.7105,1,0,0
38,0.35359999999404,1,1,1
38,0.35609999999404,1,1,1
38,0.30509999999404,1,1,0
38,0.285199999988079,1,1,1
38,0.43059999999404,1,1,0
38,0.583799999982119,1,0,1
38,0.290699999988079,1,1,0
38,0.5045,1,0,1
38,0.346199999988079,1,1,1
38,0.33809999999404,1,0,1
38,0.57309999999404,1,0,1
38,0.409699999988079,1,0,1
38,0.344199999988079,1,1,1
38,0.37809999999404,1,0,0
38,0.432200000017881,1,1,1
38,0.313700000017881,1,0,1
38,0.39359999999404,1,0,0
38,0.384299999982119,1,0,1
38,0.43409999999404,1,0,1
38,0.32909999999404,1,0,0
38,0.347300000011921,1,1,1
38,0.4845,1,0,0
38,0.381300000011921,1,1,0
38,1.07459999999404,1,0,0
38,0.40790000000596,1,1,0
38,0.34659999999404,0,0,0
38,0.69359999999404,1,0,1
38,0.3815,1,0,0
38,0.584,1,1,0
38,0.359799999982119,1,1,1
38,0.433,1,1,1
38,0.436600000023842,1,1,0
38,0.575700000017881,1,1,0
38,0.46,1,1,0
38,0.613,1,0,1
38,0.505,1,1,1
38,0.4265,0,0,0
38,0.578,0,0,0
38,0.353800000011921,1,1,1
38,0.680200000017881,1,0,0
38,0.55,1,0,0
38,0.255300000011921,1,1,0
38,0.433,1,1,1
38,0.458,1,1,0
38,0.616,1,0,1
38,0.5895,0,0,1
38,0.965,0,0,0
38,0.287200000017881,1,1,0
38,0.42259999999404,1,1,0
38,0.325199999988079,1,1,0
38,0.341199999988079,1,1,0
38,0.764800000011921,0,0,1
38,0.95209999999404,0,0,1
38,0.3985,1,0,1
38,0.733300000011921,1,0,1
38,0.642200000017881,1,1,1
38,0.3055,1,1,1
38,0.520399999976158,1,0,0
38,0.69390000000596,1,0,1
38,0.428,1,1,0
38,0.283100000023842,1,1,0
38,0.33090000000596,1,1,1
38,0.40240000000596,1,0,1
38,0.385399999976158,1,0,1
38,0.274600000023842,1,1,0
38,0.603399999976158,1,1,1
38,0.580300000011921,1,0,0
38,0.465,1,0,0
38,0.347600000023842,1,1,1
38,0.377800000011921,1,0,1
38,0.522,0,0,0
38,0.420100000023842,1,1,1
38,0.369100000023842,1,1,1
38,1.01580000001192,1,0,0
38,1.20710000002384,1,0,1
38,0.7065,1,0,0
38,0.33740000000596,1,1,1
38,0.307,1,1,0
38,0.37409999999404,1,0,0
38,0.431199999988079,1,0,1
38,0.37159999999404,1,1,0
38,0.4545,1,0,0
38,0.37290000000596,1,1,1
38,0.32690000000596,1,1,0
38,1.23379999998212,1,0,0
38,0.481799999982119,1,1,0
38,1.139,1,1,1
38,0.781700000017881,0,0,0
38,0.58140000000596,1,0,0
38,0.58409999999404,1,0,1
38,0.405300000011921,1,1,1
38,0.693,1,0,0
38,1.0965,1,0,1
38,0.450199999988079,1,1,0
38,0.4315,1,1,1
38,0.375399999976158,1,1,0
39,0.680200000017881,1,0,0
39,0.459300000011921,1,1,0
39,0.47290000000596,1,0,1
39,0.441700000017881,1,0,1
39,0.50140000000596,1,0,1
39,0.45390000000596,1,0,0
39,0.541799999982119,1,0,0
39,0.577799999982119,1,1,1
39,0.48390000000596,1,0,0
39,0.53759999999404,1,1,0
39,0.518,1,1,1
39,0.478699999988079,1,0,1
39,0.46840000000596,1,0,0
39,0.48290000000596,1,0,1
39,0.523,1,0,1
39,0.45359999999404,1,1,1
39,0.394300000011921,1,0,1
39,0.457800000011921,1,0,0
39,0.407300000011921,1,1,0
39,0.541800000011921,1,0,0
39,0.58290000000596,1,1,1
39,0.3935,1,1,0
39,0.64159999999404,1,0,1
39,0.43690000000596,1,1,1
39,0.381600000023842,1,1,0
39,0.497199999988079,1,0,0
39,0.419700000017881,1,1,1
39,0.428300000011921,1,0,0
39,0.38359999999404,1,1,1
39,0.4195,1,0,0
39,0.433,1,1,1
39,0.386,1,0,0
39,0.4525,1,0,0
39,0.420699999988079,1,1,0
39,0.382800000011921,1,1,0
39,0.452300000011921,1,1,1
39,0.43940000000596,1,1,1
39,0.4125,1,0,1
39,0.400800000011921,1,1,1
39,0.474899999976158,1,1,0
39,0.462300000011921,1,1,0
39,0.39090000000596,1,1,1
39,0.343399999976158,1,1,0
39,0.441700000017881,1,0,1
39,0.678799999982119,1,1,0
39,0.753800000011921,0,0,1
39,0.52840000000596,1,1,0
39,0.664199999988079,1,0,1
39,0.729100000023842,1,0,1
39,0.512,1,0,0
39,0.533799999982119,1,0,0
39,0.52190000000596,1,1,0
39,0.433299999982119,1,0,1
39,0.48590000000596,1,1,1
39,0.427300000011921,1,0,1
39,0.44,1,1,1
39,0.501,1,0,0
39,0.43059999999404,1,0,1
39,0.427199999988079,1,1,0
39,0.460199999988079,1,1,1
39,0.3975,1,0,0
39,0.505199999988079,1,1,0
39,0.450300000011921,1,0,0
39,0.3955,1,0,1
39,0.409,1,1,0
39,0.413299999982119,1,0,0
39,0.46340000000596,1,0,0
39,0.474,0,0,0
39,0.615200000017881,1,0,1
39,0.497699999988079,1,1,1
39,0.496799999982119,1,1,1
39,0.436799999982119,1,0,0
39,0.6805,1,0,1
39,0.45640000000596,1,1,1
39,0.48609999999404,1,0,1
39,0.385399999976158,1,1,0
39,0.458,1,0,0
39,0.52440000000596,1,1,1
39,0.451699999988079,1,1,0
39,0.403399999976158,1,0,1
39,0.49840000000596,1,0,0
39,0.436600000023842,1,0,1
39,0.471,1,1,0
39,0.475,1,1,1
39,0.501,1,0,0
39,0.58290000000596,1,1,1
39,0.447200000017881,1,1,0
39,0.46340000000596,0,1,0
39,0.512700000017881,1,0,1
39,0.461699999988079,1,1,0
39,0.51459999999404,1,0,1
39,0.42590000000596,1,1,1
39,0.50490000000596,1,1,1
39,0.44740000000596,1,1,0
39,0.43709999999404,1,1,1
39,0.417699999988079,1,1,0
39,0.513699999988079,1,0,0
39,0.879700000017881,0,0,1
39,0.58440000000596,1,1,1
39,0.48240000000596,1,0,0
39,0.47559999999404,1,0,0
39,0.410100000023842,1,0,0
39,0.459800000011921,1,0,1
39,0.396799999982119,1,1,1
39,0.42359999999404,1,1,1
39,0.471699999988079,1,1,1
39,0.414600000023842,1,1,1
39,0.390199999988079,1,1,0
39,0.422,1,0,0
39,0.448,1,0,0
39,0.55809999999404,1,0,1
39,0.36840000000596,1,1,1
39,0.41,1,1,1
39,0.383700000017881,1,1,0
39,0.410799999982119,1,1,1
39,0.43190000000596,1,0,0
39,0.40240000000596,1,1,0
39,0.32,1,0,1
39,0.405,1,1,0
39,0.38340000000596,1,0,0
39,0.412,1,1,0
39,0.42609999999404,1,1,1
39,0.3995,1,0,0
39,0.51340000000596,1,0,1
39,0.54759999999404,1,1,0
39,0.435800000011921,1,0,1
39,0.595600000023842,1,0,1
39,0.382,1,0,1
39,0.384899999976158,1,0,0
39,0.618799999982119,1,1,0
39,0.50959999999404,1,0,0
39,0.397299999982119,1,0,1
39,0.415,1,0,1
39,0.43959999999404,1,1,1
39,0.440299999982119,1,1,0
39,0.44059999999404,1,1,1
39,0.42640000000596,1,1,0
39,0.409800000011921,1,0,1
39,0.397199999988079,1,1,0
39,0.42909999999404,1,1,0
39,0.41940000000596,1,0,1
39,0.388600000023842,1,0,0
39,0.4215,1,1,0
39,0.53440000000596,1,1,1
39,0.41009999999404,1,1,0
39,0.399800000011921,1,0,1
39,0.37809999999404,0,0,1
39,0.619899999976158,1,1,0
39,0.38290000000596,1,0,0
39,0.364299999982119,1,1,1
39,0.611699999988079,1,0,0
39,0.455699999988079,1,0,1
39,0.450399999976158,1,1,0
39,0.412799999982119,1,1,1
39,0.559300000011921,1,1,0
39,0.374800000011921,1,1,1
39,0.546299999982119,1,0,0
39,0.42659999999404,1,1,0
39,0.45359999999404,1,1,1
39,0.433299999982119,1,0,0
39,0.401799999982119,1,1,1
39,0.41409999999404,1,0,1
39,0.452,1,0,0
39,0.649,1,0,0
39,0.46159999999404,1,0,1
39,0.525699999988079,1,1,0
39,0.37340000000596,1,1,1
39,0.444899999976158,1,0,0
39,0.42990000000596,1,1,0
39,0.63490000000596,1,0,1
39,0.48309999999404,1,1,1
39,0.39290000000596,1,0,0
39,0.41259999999404,1,0,0
39,0.565699999988079,1,1,1
39,0.392700000017881,1,0,1
39,0.399300000011921,1,0,0
39,0.4125,1,0,0
39,0.472,1,1,0
39,0.52559999999404,1,1,0
39,0.338800000011921,1,0,0
39,0.387800000011921,1,0,1
39,0.396,1,1,0
39,0.526699999988079,1,1,1
39,0.409399999976158,1,0,1
39,0.39540000000596,1,1,1
39,0.49840000000596,1,1,0
39,0.436199999988079,1,1,1
39,0.38740000000596,1,0,1
39,0.44659999999404,1,0,1
39,0.42009999999404,1,1,1
39,0.6305,1,1,0
39,0.47659999999404,1,0,1
39,0.586,1,0,1
39,0.466200000017881,1,1,0
39,0.6005,1,1,1
39,0.418200000017881,1,0,1
39,0.463200000017881,0,0,0
39,0.6,1,0,1
39,0.46540000000596,1,0,0
39,0.42090000000596,1,1,0
39,0.474800000011921,0,1,0
39,0.4955,1,1,0
39,0.44259999999404,1,0,0
39,0.535299999982119,1,1,0
39,0.461799999982119,1,0,0
39,0.524799999982119,1,1,1
39,0.51,1,1,1
39,0.447,1,0,0
39,0.722,1,1,1
39,0.4995,1,0,0
39,0.63659999999404,1,0,1
39,0.41990000000596,1,0,1
39,0.560299999982119,1,1,1
39,0.562,1,1,0
39,0.440800000011921,1,1,0
39,0.578299999982119,1,1,1
39,0.448700000017881,1,1,1
39,0.427700000017881,1,0,1
39,0.444700000017881,1,1,0
39,0.37659999999404,1,1,0
39,0.52390000000596,1,0,0
39,0.38690000000596,1,1,1
39,0.36240000000596,1,0,0
39,0.43909999999404,1,0,1
39,0.40040000000596,1,1,0
39,0.438199999988079,1,0,0
39,0.399100000023842,1,1,1
39,0.39259999999404,1,0,1
39,0.500299999982119,1,0,0
39,0.478,1,0,0
39,0.4805,1,0,1
39,0.43609999999404,1,1,0
39,0.401899999976158,1,0,1
39,0.406100000023842,1,0,1
39,0.622200000017881,1,1,1
39,0.54240000000596,1,0,0
39,0.48040000000596,1,1,1
39,0.45640000000596,1,1,0
39,0.360799999982119,1,0,1
39,0.86959999999404,1,1,1
39,0.415,1,0,0
39,0.343299999982119,1,1,0
39,0.39290000000596,1,1,1
39,0.46709999999404,1,1,0
39,0.529299999982119,1,1,1
39,0.4455,1,1,0
39,0.45909999999404,1,1,1
39,0.39640000000596,1,1,1
39,0.4805,1,0,0
39,0.471,1,1,1
39,0.51890000000596,1,0,1
39,0.38240000000596,1,0,0
39,0.4525,1,1,0
39,0.417800000011921,1,0,0
39,0.4765,1,1,0
39,0.434199999988079,1,1,0
39,0.435799999982119,1,1,1
39,0.5485,1,0,1
39,0.426299999982119,1,0,1
39,0.440300000011921,1,1,1
39,0.41709999999404,1,0,1
39,0.3995,1,0,1
39,0.405300000011921,1,1,1
39,0.38540000000596,1,1,1
39,0.391300000011921,0,1,0
39,0.518,1,1,0
39,0.381,1,0,1
39,0.466800000011921,1,0,1
39,0.47640000000596,1,0,1
39,0.368399999976158,1,0,0
39,0.45459999999404,1,1,1
39,0.504699999988079,1,1,0
39,0.52640000000596,1,0,0
39,0.431700000017881,1,1,0
39,0.41959999999404,1,1,1
39,0.374,1,0,0
39,0.375199999988079,1,0,0
39,0.4,1,1,0
39,0.460700000017881,1,1,0
39,0.389699999988079,1,0,1
39,0.469699999988079,1,0,0
39,0.425399999976158,1,0,1
39,0.500800000011921,1,0,1
39,0.60159999999404,1,0,0
39,0.4585,1,0,1
39,0.46009999999404,1,0,0
39,0.365799999982119,1,1,1
39,0.34359999999404,1,0,0
40,0.743,1,0,1
40,0.267,1,0,1
40,0.485,1,0,1
40,0.543,1,1,1
40,0.348000000000233,1,1,0
40,0.524,1,0,0
40,0.412,1,1,0
40,0.409999999999767,1,0,1
40,0.408,1,1,1
40,0.376,1,0,1
40,0.313,1,1,1
40,0.411000000000233,1,1,0
40,0.422,1,1,0
40,0.371,1,1,1
40,0.577,1,1,1
40,0.389,1,0,0
40,0.472,1,1,0
40,0.45,1,1,1
40,0.405000000000233,0,0,1
40,0.413,1,1,1
40,0.312,1,0,1
40,0.511,1,0,1
40,0.409999999999767,1,1,0
40,0.338999999999767,1,1,1
40,0.291,1,1,0
40,0.384999999999767,1,0,0
40,0.362,1,1,1
40,0.379,1,1,1
40,0.326,0,0,0
40,0.365,1,1,0
40,0.418999999999767,1,0,0
40,0.373,0,1,1
40,0.37,1,0,0
40,0.447,1,0,1
40,0.462,1,0,0
40,0.327,1,1,0
40,0.362,1,1,0
40,0.389000000000233,1,0,0
40,0.342,1,0,1
40,0.405,1,0,0
40,0.403,1,0,0
40,0.389,1,1,0
40,0.279,1,1,0
40,0.538,1,0,0
40,0.527,1,0,0
40,0.352,1,0,1
40,0.443999999999767,0,1,1
40,0.485000000000233,1,0,1
40,0.391,1,0,1
40,0.535,1,1,0
40,0.446000000000233,1,1,1
40,0.29,1,1,0
40,0.392,1,0,0
40,0.341,1,0,1
40,0.331,1,0,1
40,0.344,0,0,1
40,0.403,1,1,0
40,0.367000000000233,1,1,0
40,0.323,1,1,0
40,0.494,1,1,1
40,0.26,1,1,1
40,0.415,1,1,0
40,0.371,1,0,1
40,0.328,0,0,1
40,0.409,1,0,1
40,0.428,1,1,0
40,0.347000000000233,1,0,1
40,0.363,1,0,1
40,0.447000000000233,1,0,0
40,0.455,1,0,1
40,0.284,1,1,0
40,0.33,0,1,1
40,0.378000000000233,1,1,0
40,0.416,1,1,0
40,0.396999999999767,1,1,1
40,0.364,1,1,1
40,0.44,1,0,0
40,0.435,1,1,1
40,0.366000000000233,1,1,0
40,0.399,1,1,1
40,0.402999999999767,0,0,0
40,0.421,1,0,0
40,0.376,1,0,1
40,0.359,1,1,1
40,0.349999999999767,1,0,0
40,0.421,1,0,0
40,0.456999999999767,1,0,1
40,0.462999999999767,1,1,0
40,0.372,1,0,0
40,0.503,1,1,1
40,0.449,1,0,0
40,0.446,1,1,1
40,0.284,1,0,0
40,0.337,1,1,1
40,0.487,1,0,0
40,0.318,1,0,0
40,0.528,1,0,1
40,0.462,1,1,1
40,0.445,1,0,0
40,0.394999999999767,0,0,1
40,0.36,1,1,0
40,0.326,1,1,1
40,0.381,1,0,0
40,0.361000000000233,1,0,0
40,0.417,1,1,1
40,0.334999999999767,1,0,1
40,0.369,1,0,1
40,0.385,0,0,1
40,0.342,1,0,1
40,0.775,1,1,1
40,0.487000000000233,1,0,0
40,0.416,1,1,0
40,0.394000000000233,1,1,1
40,0.358,1,0,1
40,0.329999999999767,1,1,0
40,0.382,1,0,0
40,0.424,1,1,0
40,0.413,1,1,1
40,0.477,1,0,1
40,0.497,1,0,0
40,0.392,1,0,0
40,0.33,1,1,1
40,0.289,1,1,1
40,0.346,1,0,1
40,0.461,1,0,0
40,0.315,1,1,0
40,0.437,1,0,0
40,0.358,1,1,0
40,0.354,1,1,0
40,0.265,1,0,1
40,0.456000000000233,1,0,1
40,0.316,1,0,1
40,0.287,0,1,0
40,0.564000000000233,0,1,1
40,0.33,1,0,0
40,0.439,1,1,1
40,0.335999999999767,1,1,1
40,0.305,1,1,0
40,0.376,1,1,0
40,0.383,1,0,0
40,0.426000000000233,1,0,0
40,0.548,1,1,1
40,0.369000000000233,1,1,0
40,0.388000000000233,1,1,0
40,0.339,1,0,0
40,0.372,1,1,0
40,0.325,1,0,0
40,0.267,1,1,0
40,0.382,1,0,1
40,0.275999999999534,1,0,1
40,0.418,1,0,1
40,0.387,1,0,1
40,0.359000000000466,1,0,0
40,0.336999999999534,1,1,0
40,0.407000000000466,1,0,1
40,0.458000000000466,1,1,1
40,0.377,1,1,0
40,0.361,1,1,0
40,0.342,1,1,1
40,0.426999999999534,1,0,0
40,0.332999999999534,1,0,1
40,0.08,1,1,0
40,0.375,1,0,1
40,0.53,1,0,1
40,0.347,1,1,1
40,0.34,1,0,1
40,0.436,1,0,0
40,0.277000000000466,1,0,0
40,0.429,1,1,1
40,0.428,1,0,1
40,0.315,1,1,0
40,0.31,1,1,1
40,0.34,1,0,0
40,0.344,1,1,0
40,0.367,0,1,0
40,0.297,1,1,0
40,0.308,1,1,1
40,0.413,1,1,1
40,0.46,1,0,0
40,0.397,1,0,0
40,0.347,1,1,1
40,0.393,1,0,1
40,0.331,1,1,1
40,0.442,1,0,0
40,1.043,1,1,0
40,0.431,1,1,0
40,0.426,1,0,1
40,1.206,1,0,0
40,0.312999999999534,1,1,1
40,0.478999999999534,1,0,0
40,0.892,1,1,1
40,0.276,1,1,1
40,0.342,1,1,1
40,0.422,1,1,1
40,0.496999999999534,1,1,0
40,0.235,0,1,1
40,0.428,1,0,0
40,0.361,1,1,0
40,0.356,1,1,1
40,0.403,1,0,0
40,0.449,1,0,1
40,0.348,1,0,0
40,0.456,1,1,0
40,0.333000000000466,1,1,0
40,0.395,1,1,1
40,0.424,0,0,1
40,0.366,1,0,1
40,0.395,1,1,0
40,0.575,1,1,1
40,0.543999999999534,1,1,1
40,0.569,1,0,0
40,0.989,1,0,1
40,0.43,1,1,1
40,0.492,1,0,0
40,0.334,1,0,1
40,0.484,1,0,1
40,0.403,1,1,0
40,0.542,1,1,1
40,0.385,1,1,1
40,0.387,1,1,0
40,0.349,1,1,1
40,0.427,1,0,1
40,0.427,1,0,1
40,0.340000000000466,1,0,1
40,0.311,0,0,0
40,0.332,1,0,0
40,0.167000000000466,1,1,0
40,0.496,1,0,1
40,0.328,1,0,0
40,0.627,1,1,0
40,0.698,1,0,0
40,0.327,1,1,1
40,0.335,1,1,0
40,0.521,1,0,0
40,0.642,1,0,0
40,1.11,1,0,1
40,0.378,1,0,0
40,0.731,1,1,0
40,0.418,1,0,1
40,0.377,1,1,0
40,0.34,1,1,1
40,0.355,1,1,0
40,0.397,1,0,1
40,0.386,0,1,1
40,0.382,1,1,1
40,0.475,1,1,0
40,0.434,1,1,0
40,0.751999999999534,1,0,1
40,0.698,1,0,0
40,0.622,0,0,1
40,0.5,1,0,0
40,0.317,1,1,0
40,0.455,1,0,1
40,0.823,1,1,1
40,0.305,1,1,0
40,0.39,1,1,0
40,0.349000000000466,1,0,0
40,0.482,1,1,1
40,0.467,1,0,0
40,0.782,1,1,1
40,0.562999999999534,1,1,0
40,0.345,1,0,1
40,0.429,1,1,0
40,0.349,1,0,1
40,0.296000000000466,1,0,1
40,0.327,1,0,0
40,0.462,1,0,0
40,0.483,1,0,0
40,0.503,1,0,0
40,0.460999999999534,1,0,1
40,0.314000000000466,1,1,1
40,0.510000000000466,1,0,1
40,0.381,1,0,1
40,0.441,1,0,1
40,0.468,1,0,0
40,0.453000000000466,1,1,1
40,0.427,0,1,1
40,0.307,0,1,1
40,0.417999999999534,1,0,0
40,0.39,1,0,0
40,0.38,1,0,0
40,0.482,1,1,1
40,0.467,1,1,0
40,0.38,0,1,0
40,0.42,1,1,0
40,0.41,1,0,1
40,0.449,0,1,1
40,0.413,1,1,0
