model,chain,sample,reward,congruency,n_trials,accuracy,correct_mean_rt_ms,error_mean_rt_ms,correct_q10_ms,error_q10_ms,correct_q30_ms,error_q30_ms,correct_q50_ms,error_q50_ms,correct_q70_ms,error_q70_ms,correct_q90_ms,error_q90_ms
m_va,1,0,0.0,0.0,17,1.0,560.4048003168667,,434.99317169189453,,535.7933700084686,,563.9934539794922,,586.1934781074524,,706.7919731140137,
m_va,1,0,0.0,1.0,21,1.0,565.3793173176902,,434.7606301307678,,484.76070165634155,,556.760847568512,,590.7608270645142,,717.7591323852539,
m_va,1,0,1.0,0.0,18,0.8888888888888888,556.9776929914951,422.2279489040375,394.22793686389923,405.827921628952,495.2280968427658,414.02793526649475,557.2282075881958,422.2279489040375,583.7281942367554,430.4279625415802,751.2261867523193,438.6279761791229
m_va,1,0,1.0,1.0,16,0.9375,516.5526886781057,580.0202488899231,382.21994638442993,580.0202488899231,407.4199140071869,580.0202488899231,450.0200152397156,580.0202488899231,484.62008237838745,580.0202488899231,842.4170494079589,580.0202488899231
m_va,1,1,0.0,0.0,17,0.9411764705882353,539.4436419010162,404.94370460510254,408.44374895095825,404.94370460510254,466.44383668899536,404.94370460510254,537.4439656734467,404.94370460510254,583.9440822601318,404.94370460510254,689.9428367614746,404.94370460510254
m_va,1,1,0.0,1.0,21,1.0,583.7697613806952,,476.1987328529358,,529.1988253593445,,561.198890209198,,601.198673248291,,720.1971411705017,
m_va,1,1,1.0,0.0,18,0.9444444444444444,589.4475596792557,406.624436378479,421.42449617385864,406.624436378479,536.0247135162354,406.624436378479,571.624755859375,406.624436378479,624.2244362831116,406.624436378479,778.4224510192871,406.624436378479
m_va,1,1,1.0,1.0,16,0.875,490.0068300110953,547.5783795118332,370.17864882946014,462.3786300420761,398.6786127090454,504.9785047769546,415.5786484479904,547.5783795118332,516.1788463592529,590.1782542467117,713.7771010398868,632.7781289815903
m_va,1,2,0.0,0.0,17,0.9411764705882353,527.4255145341158,394.8630690574646,395.36310732364655,394.8630690574646,455.3631991147995,394.8630690574646,527.8633236885071,394.8630690574646,575.863391160965,394.8630690574646,674.8622059822083,394.8630690574646
m_va,1,2,0.0,1.0,21,0.9523809523809523,564.4799515604973,408.13013911247253,419.53017711639404,408.13013911247253,498.83031845092773,408.13013911247253,561.1304640769958,408.13013911247253,600.7304310798645,408.13013911247253,730.5287599563599,408.13013911247253
m_va,1,2,1.0,0.0,18,0.9444444444444444,582.0555283742792,398.2324004173279,398.4324097633362,398.2324004173279,531.6326320171356,398.2324004173279,595.2326059341431,398.2324004173279,666.6317462921141,398.2324004173279,745.630669593811,398.2324004173279
m_va,1,2,1.0,1.0,16,0.8125,453.8990327945122,453.64298423131305,370.9761917591095,384.3762278556824,395.9761798381805,421.1762547492981,413.97619247436523,457.9762816429138,435.9762370586395,489.57635164260864,518.7763810157776,521.1764216423035
m_va,1,3,0.0,0.0,17,1.0,539.0116449664621,,417.8707242012024,,435.07076501846313,,515.070915222168,,572.4710702896118,,736.6691350936891,
m_va,1,3,0.0,1.0,21,0.9523809523809523,559.7481057047844,405.04831075668335,425.94835460186005,405.04831075668335,490.9484952688217,405.04831075668335,553.5486340522766,405.04831075668335,582.0486068725586,405.04831075668335,746.8466520309448,405.04831075668335
m_va,1,3,1.0,0.0,18,0.8333333333333334,551.4392018318176,525.1723527908325,408.6397171020508,400.23969411849976,434.43974256515503,401.03968381881714,455.8398127555847,401.8396735191345,580.4400682449341,550.6388783454894,804.2372941970824,699.4380831718445
m_va,1,3,1.0,1.0,16,0.875,487.6393633229392,513.9967650175095,384.49663519859314,447.19668328762054,410.39663553237915,480.596724152565,443.4967041015625,513.9967650175095,530.8968424797058,547.3968058824539,687.0957732200625,580.7968467473984
m_va,1,4,0.0,0.0,17,1.0,569.3796171861536,,426.6504764556885,,522.4506497383118,,567.8507685661316,,605.650520324707,,716.4490938186647,
m_va,1,4,0.0,1.0,21,0.9523809523809523,574.9829068779945,400.68319439888,431.8832606077194,400.68319439888,504.6834111213684,400.68319439888,581.1834931373596,400.68319439888,622.4831104278564,400.68319439888,738.5816156864166,400.68319439888
m_va,1,4,1.0,0.0,18,0.9444444444444444,555.895926321254,401.19028091430664,402.59029269218445,401.19028091430664,472.9904234409332,401.19028091430664,560.1905584335327,401.19028091430664,595.7905769348145,401.19028091430664,741.9886589050293,401.19028091430664
m_va,1,4,1.0,1.0,16,0.8125,470.8985892625955,607.9243421554565,373.7911820411682,558.5913181304932,398.99117946624756,600.5910396575928,428.59119176864624,642.5907611846924,460.3912711143493,642.990779876709,531.7914128303528,643.3907985687256
m_va,1,5,0.0,0.0,17,1.0,558.9853823184967,,433.973753452301,,532.9739451408386,,562.574028968811,,583.5740566253662,,704.1725635528564,
m_va,1,5,0.0,1.0,21,1.0,543.2780228909993,,405.4687023162842,,444.46879625320435,,534.468948841095,,581.4690589904785,,708.4674835205078,
m_va,1,5,1.0,0.0,18,0.9444444444444444,527.3506273241604,399.586021900177,388.7860298156738,399.586021900177,422.18607664108276,399.586021900177,548.5863089561462,399.586021900177,580.5863857269287,399.586021900177,642.9856300354004,399.586021900177
m_va,1,5,1.0,1.0,16,0.875,495.90256810188293,598.6884832382202,388.2886588573456,550.6888151168823,421.7887043952942,574.6886491775513,443.6887502670288,598.6884832382202,468.1887835264206,622.6883172988892,715.2871429920199,646.6881513595581
m_va,1,6,0.0,0.0,17,0.9411764705882353,535.3540554642677,405.41645884513855,424.91650581359863,405.41645884513855,502.9166489839554,405.41645884513855,551.4167547225952,405.41645884513855,575.9168267250061,405.41645884513855,634.4162821769714,405.41645884513855
m_va,1,6,0.0,1.0,21,0.9523809523809523,555.7802855968475,400.83053708076477,421.1305648088455,400.83053708076477,469.73068714141846,400.83053708076477,554.3308556079865,400.83053708076477,602.1306753158569,400.83053708076477,730.1290154457093,400.83053708076477
m_va,1,6,1.0,0.0,18,0.9444444444444444,584.0794864822836,401.3151526451111,410.31516790390015,401.3151526451111,533.5154175758362,401.3151526451111,597.3154306411743,401.3151526451111,660.5145692825317,401.3151526451111,743.7135457992554,401.3151526451111
m_va,1,6,1.0,1.0,16,1.0,536.8876159191132,,384.6382051706314,,438.1382465362549,,468.13830733299255,,514.6384090185165,,830.6354582309723,
m_va,1,7,0.0,0.0,17,1.0,568.2509664226981,,418.1218922138214,,518.9220786094666,,543.7221527099609,,591.92214012146,,749.5201349258423,
m_va,1,7,0.0,1.0,21,0.9523809523809523,581.5744236111641,406.4747095108032,428.97477746009827,406.4747095108032,506.174910068512,406.4747095108032,588.9750123023987,406.4747095108032,632.9745948314667,406.4747095108032,745.1731503009796,406.4747095108032
m_va,1,7,1.0,0.0,18,0.9444444444444444,565.5034640256096,400.6214737892151,404.82149720191956,400.6214737892151,471.4216351509094,400.6214737892151,550.6218075752258,400.6214737892151,607.0216178894043,400.6214737892151,769.0195322036743,400.6214737892151
m_va,1,7,1.0,1.0,16,0.75,478.4829244017601,525.8165076375008,380.91666996479034,396.3167041540146,391.816645860672,441.31671488285065,427.31668055057526,515.3168737888336,460.7167512178421,593.5168862342834,533.9168906211853,663.7160181999207
m_va,1,8,0.0,0.0,17,1.0,558.6124921546262,,433.6008667945862,,534.4010591506958,,558.2011342048645,,582.401180267334,,705.3996562957764,
m_va,1,8,0.0,1.0,21,1.0,586.8980203356061,,441.46981835365295,,542.4700379371643,,561.4700317382812,,603.4698486328125,,726.4682650566101,
m_va,1,8,1.0,0.0,18,0.9444444444444444,573.54115913896,392.8944766521454,415.4945373535156,392.8944766521454,492.8946793079376,392.8944766521454,586.8947505950928,392.8944766521454,650.0938892364502,392.8944766521454,732.8928470611572,392.8944766521454
m_va,1,8,1.0,1.0,16,0.8125,488.11031304872955,510.2644364039103,369.8644459247589,446.06451988220215,409.464430809021,455.6645393371582,431.2644898891449,465.26455879211426,493.4646248817443,528.8644313812256,605.2643537521362,592.4643039703369
m_va,1,9,0.0,0.0,17,1.0,529.0453065844143,,411.8218183517456,,460.42190194129944,,542.2220826148987,,571.0221409797668,,630.4215431213379,
m_va,1,9,0.0,1.0,21,1.0,586.8980203356061,,441.46981835365295,,542.4700379371643,,561.4700317382812,,603.4698486328125,,726.4682650566101,
m_va,1,9,1.0,0.0,18,0.8888888888888888,600.2519521862268,462.4403119087219,417.9402142763138,411.2402081489563,489.940345287323,436.8402600288391,577.9405534267426,462.4403119087219,719.9388146400452,488.04036378860474,781.9380164146423,513.6404156684875
m_va,1,9,1.0,1.0,16,0.8125,466.82394697115967,616.182804107666,376.11650228500366,546.11656665802,401.11647844314575,599.3162870407104,413.5165214538574,652.5160074234009,466.11661314964294,662.1158838272095,526.9167244434358,671.7157602310181
m_va,1,10,0.0,0.0,17,1.0,544.0007307950187,,418.1302309036255,,473.5303521156311,,555.5305480957031,,577.1305561065674,,677.9294490814209,
m_va,1,10,0.0,1.0,21,1.0,541.8356202897572,,404.0263295173645,,443.02642345428467,,533.0265760421753,,574.0267038345337,,708.0250978469849,
m_va,1,10,1.0,0.0,18,1.0,560.4358232683607,,433.1804245710373,,546.7806398868561,,561.3806843757629,,581.2807261943817,,710.3791236877441,
m_va,1,10,1.0,1.0,16,0.875,491.9226957218988,551.2085258960724,379.50877845287323,466.40878319740295,398.1087386608124,508.8086545467376,411.7087870836258,551.2085258960724,518.2089984416962,593.6083972454071,707.407343387604,636.0082685947418
m_va,1,11,0.0,0.0,17,0.9411764705882353,527.4319779127836,403.5571217536926,393.5571312904358,403.5571217536926,438.05719912052155,403.5571217536926,531.0573875904083,403.5571217536926,564.057469367981,403.5571217536926,702.0560204982758,403.5571217536926
m_va,1,11,0.0,1.0,21,0.9523809523809523,620.3631907701492,399.71405267715454,431.91411793231964,399.71405267715454,485.1142257452011,399.71405267715454,594.2142903804779,399.71405267715454,650.5135655403137,399.71405267715454,925.510084629059,399.71405267715454
m_va,1,11,1.0,0.0,18,0.9444444444444444,586.5725313915926,403.74940633773804,411.9494318962097,403.74940633773804,536.7496371269226,403.74940633773804,569.7497129440308,403.74940633773804,622.1493482589722,403.74940633773804,748.747730255127,403.74940633773804
m_va,1,11,1.0,1.0,16,0.8125,459.35866236686707,453.3846378326416,379.0512144565582,386.0512137413025,393.45117807388306,418.0512309074402,417.05119609832764,450.0512480735779,447.0512628555298,486.05133295059204,524.6514022350311,522.0514178276062
m_va,1,12,0.0,0.0,17,1.0,562.6637795392204,,439.6756947040558,,509.07585620880127,,559.0759515762329,,590.4759764671326,,712.2744560241699,
m_va,1,12,0.0,1.0,21,1.0,588.7692925475892,,449.2935538291931,,512.2936964035034,,594.2937135696411,,652.2929668426514,,735.2918982505798,
m_va,1,12,1.0,0.0,18,0.9444444444444444,555.1769540590399,390.5302882194519,388.13029527664185,390.5302882194519,456.33041858673096,390.5302882194519,551.5305995941162,390.5302882194519,589.9305105209351,390.5302882194519,763.1282329559327,390.5302882194519
m_va,1,12,1.0,1.0,16,0.875,519.2838928529194,551.8561005592346,381.45583868026733,531.8560719490051,423.85585606098175,541.8560862541199,435.35587191581726,551.8561005592346,483.4559917449951,561.8561148643494,607.8557550907135,571.8561291694641
m_va,1,13,0.0,0.0,17,1.0,529.3807913275326,,412.55728006362915,,462.55738735198975,,540.5575633049011,,570.957601070404,,627.957057952881,
m_va,1,13,0.0,1.0,21,0.9523809523809523,548.5930889844894,404.4433534145355,397.0433712005615,404.4433534145355,434.9434107542038,404.4433534145355,540.9436225891113,404.4433534145355,609.6434831619262,404.4433534145355,744.5417463779451,404.4433534145355
m_va,1,13,1.0,0.0,18,0.9444444444444444,532.4904690770542,403.43177318573,389.2317771911621,403.43177318573,427.2318184375763,403.43177318573,558.4321022033691,403.43177318573,588.632082939148,403.43177318573,649.2313861846925,403.43177318573
m_va,1,13,1.0,1.0,16,1.0,533.0431666225195,,379.231259226799,,432.2313070297241,,473.23139011859894,,508.7314546108246,,827.7284502983093,
m_va,1,14,0.0,0.0,17,1.0,524.4642496109009,,424.78193044662476,,476.98203325271606,,517.5821185112,,539.3821477890015,,632.3816537857056,
m_va,1,14,0.0,1.0,21,0.9523809523809523,560.0777462124825,405.12800216674805,425.42805671691895,405.12800216674805,474.02813136577606,405.12800216674805,558.6282908916473,405.12800216674805,606.4281523227692,405.12800216674805,734.4265043735504,405.12800216674805
m_va,1,14,1.0,0.0,18,0.8888888888888888,595.4075586050749,412.4082028865814,411.4081859588623,404.40818667411804,473.90830516815186,408.40819478034973,576.908528804779,412.4082028865814,629.90802526474,416.4082109928131,847.4052548408508,420.4082190990448
m_va,1,14,1.0,1.0,16,0.8125,470.4812237849602,612.0452483495077,378.3122479915619,542.7123069763184,403.31223011016846,598.7120151519775,415.71223735809326,654.7117233276367,472.5123763084411,659.511661529541,529.3124914169312,664.3115997314453
m_va,1,15,0.0,0.0,17,0.9411764705882353,571.9293132424355,400.3670811653137,407.86711871623993,400.3670811653137,516.3673162460327,400.3670811653137,580.367386341095,400.3670811653137,608.8671684265137,400.3670811653137,740.8654689788818,400.3670811653137
m_va,1,15,0.0,1.0,21,0.9523809523809523,573.6553698778152,399.30567145347595,434.7057282924652,399.30567145347595,499.3058741092682,399.30567145347595,580.3059637546539,399.30567145347595,623.2055604457854,399.30567145347595,736.8040978908539,399.30567145347595
m_va,1,15,1.0,0.0,18,0.8888888888888888,557.6835386455059,424.0589290857315,391.05890691280365,406.8589001893997,455.55900037288666,415.4589146375656,557.5592219829559,424.0589290857315,587.0591104030609,432.6589435338974,786.5567207336426,441.2589579820633
m_va,1,15,1.0,1.0,16,0.875,509.48402711323325,634.1270208358765,372.2273826599121,587.3275518417358,422.32734858989716,610.7272863388062,446.12739980220795,634.1270208358765,493.2275027036667,657.5267553329468,537.8275990486145,680.9264898300171
m_va,1,16,0.0,0.0,17,1.0,521.7026331845451,,415.4791235923767,,456.47920966148376,,524.8793363571167,,546.6793656349181,,628.678870201111,
m_va,1,16,0.0,1.0,21,0.9523809523809523,537.4396204948425,405.2896797657013,389.7896945476532,405.2896797657013,462.3897910118103,405.2896797657013,552.7899861335754,405.2896797657013,572.189998626709,405.2896797657013,704.9885928630829,405.2896797657013
m_va,1,16,1.0,0.0,18,0.9444444444444444,529.8026414478526,402.50858664512634,409.90859270095825,402.50858664512634,447.70867824554443,402.50858664512634,537.5088453292847,402.50858664512634,575.9089469909668,402.50858664512634,686.1077070236206,402.50858664512634
m_va,1,16,1.0,1.0,16,1.0,532.2191752493382,,379.9697607755661,,432.46980011463165,,463.9698714017868,,509.4699561595917,,825.967013835907,
m_va,1,17,0.0,0.0,17,0.9411764705882353,559.7736891359091,407.9614281654358,406.96144104003906,407.9614281654358,466.46153926849365,407.9614281654358,562.961757183075,407.9614281654358,601.4616787433624,407.9614281654358,737.9599213600159,407.9614281654358
m_va,1,17,0.0,1.0,21,1.0,600.3916589986711,,430.72548508644104,,544.7257161140442,,593.7256813049316,,645.7250118255615,,747.7236986160278,
m_va,1,17,1.0,0.0,18,0.9444444444444444,556.9912861375248,399.34444427490234,406.3444495201111,399.34444427490234,471.54458761215204,399.34444427490234,562.3447895050049,399.34444427490234,601.5445947647095,399.34444427490234,729.1429996490479,399.34444427490234
m_va,1,17,1.0,1.0,16,0.75,472.5154638290405,490.0989681482315,386.14904284477234,388.1490647792816,414.3490195274353,421.7490613460541,425.8490651845932,468.3491438627243,460.2491319179535,523.6491560935974,532.2492718696594,609.4487309455872
m_va,1,18,0.0,0.0,17,1.0,541.4753643905416,,415.00502824783325,,436.8050813674927,,531.0052633285522,,571.4053392410278,,735.0034475326538,
m_va,1,18,0.0,1.0,21,1.0,591.026375691096,,438.78865242004395,,542.7888631820679,,564.7889375686646,,606.7886352539062,,733.7870597839355,
m_va,1,18,1.0,0.0,18,0.9444444444444444,580.6627080721014,401.72186493873596,408.32191705703735,401.72186493873596,535.7221245765686,401.72186493873596,592.7221775054932,401.72186493873596,630.3216934204102,401.72186493873596,739.3202543258667,401.72186493873596
m_va,1,18,1.0,1.0,16,0.875,496.56903530870164,599.3549823760986,388.95514011383057,551.3553142547607,422.45514690876007,575.3551483154297,444.35518980026245,599.3549823760986,468.85525584220886,623.3548164367676,715.9536004066471,647.3546504974365
m_va,1,19,0.0,0.0,17,1.0,557.6086763073416,,426.9382178783417,,516.3384318351746,,557.1385025978088,,578.5385370254517,,708.9370012283325,
m_va,1,19,0.0,1.0,21,1.0,564.2351905504862,,441.09266996383667,,496.0927665233612,,534.0928435325623,,599.0926027297974,,697.0913410186768,
m_va,1,19,1.0,0.0,18,0.9444444444444444,556.6265881061554,398.9797532558441,405.9797763824463,398.9797532558441,471.17990255355835,398.9797532558441,561.9800686836243,398.9797532558441,601.1799216270447,398.9797532558441,728.7782788276672,398.9797532558441
m_va,1,19,1.0,1.0,16,0.8125,465.0015280796931,611.0783219337463,373.6787021160126,538.078761100769,398.67868423461914,594.0784692764282,411.07869148254395,650.0781774520874,467.2788202762603,659.2780590057373,525.27893781662,668.4779405593872
m_va,1,20,0.0,0.0,17,1.0,580.5103568469777,,430.12250661849976,,520.9226846694946,,584.9227905273438,,607.7224493026733,,729.1208982467651,
m_va,1,20,0.0,1.0,21,1.0,586.8980203356061,,441.46981835365295,,542.4700379371643,,561.4700317382812,,603.4698486328125,,726.4682650566101,
m_va,1,20,1.0,0.0,18,0.9444444444444444,589.6495300180771,405.8263897895813,406.026428937912,405.8263897895813,540.4266774654388,405.8263897895813,570.8267688751221,405.8263897895813,625.4263639450073,405.8263897895813,760.2246284484863,405.8263897895813
m_va,1,20,1.0,1.0,16,0.8125,511.72706943291877,507.1892738342285,381.7891001701355,440.5891418457031,420.38909792900085,483.3892345428467,435.1891279220581,526.1893272399902,498.9892721176147,546.1893558502197,614.9889707565308,566.1893844604492
m_va,1,21,0.0,0.0,17,1.0,585.8032615745768,,421.7683792114258,,515.9686088562012,,590.5686616897583,,621.168327331543,,741.3667440414429,
m_va,1,21,0.0,1.0,21,1.0,600.6071141787937,,427.7029037475586,,542.7031517028809,,598.7030267715454,,677.702009677887,,748.7010955810547,
m_va,1,21,1.0,0.0,18,0.9444444444444444,592.5432881888222,404.83784675598145,437.437903881073,404.83784675598145,525.8381009101868,404.83784675598145,574.8381614685059,404.83784675598145,643.0375814437865,404.83784675598145,753.8361310958862,404.83784675598145
m_va,1,21,1.0,1.0,16,0.75,488.23125163714093,474.9818369746208,372.5316733121872,388.3317083120346,401.93167328834534,434.5317393541336,421.73171043395996,481.7318171262741,449.1317480802536,526.2319028377532,618.1314826011658,556.2319815158844
m_va,1,22,0.0,0.0,17,1.0,543.3706290581647,,422.65313267707825,,450.85320472717285,,543.2533621788025,,578.0534267425537,,698.6519813537598,
m_va,1,22,0.0,1.0,21,0.9523809523809523,567.9782956838608,402.1283984184265,429.7284573316574,402.1283984184265,548.9286959171295,402.1283984184265,562.1287226676941,402.1283984184265,605.0285696983337,402.1283984184265,719.4270610809327,402.1283984184265
m_va,1,22,1.0,0.0,18,0.9444444444444444,586.3085687160492,404.6030640602112,412.40309476852417,404.6030640602112,538.2033348083496,404.6030640602112,566.603422164917,404.6030640602112,622.2030639648438,404.6030640602112,747.8014230728149,404.6030640602112
m_va,1,22,1.0,1.0,16,0.8125,487.8518810639015,470.6471065680186,379.1136682033539,425.1136779785156,414.3136501312256,440.71370363235474,445.3137218952179,456.31372928619385,470.91377377510065,489.11380767822266,607.7136516571046,521.9138860702515
m_va,1,23,0.0,0.0,17,1.0,541.7939284268547,,415.9234285354614,,471.32354974746704,,553.3237457275391,,574.9237537384033,,675.7226467132568,
m_va,1,23,0.0,1.0,21,0.9523809523809523,544.5439472794533,406.7940413951874,386.7940604686737,406.7940413951874,465.6941652297974,406.7940413951874,560.7943534851074,406.7940413951874,591.6943907737732,406.7940413951874,699.1930484771729,406.7940413951874
m_va,1,23,1.0,0.0,18,0.9444444444444444,582.5765115373275,394.9299156665802,413.1299376487732,394.9299156665802,524.1301536560057,394.9299156665802,563.9302730560303,394.9299156665802,638.5294914245605,394.9299156665802,751.9280910491943,394.9299156665802
m_va,1,23,1.0,1.0,16,0.8125,481.4245540362138,507.475882768631,387.0093822479248,423.6094117164612,406.00937604904175,435.20944118499756,433.80942940711975,446.80947065353394,481.60951137542713,531.2091946601868,566.2097215652466,615.6089186668396
m_va,1,24,0.0,0.0,17,1.0,587.327860734042,,440.65778255462646,,525.0579416751862,,586.8579745292664,,647.4571943283081,,733.4560871124268,
m_va,1,24,0.0,1.0,21,1.0,591.1591762588138,,475.44538974761963,,528.4454822540283,,564.4455552101135,,601.4453172683716,,725.4437208175659,
m_va,1,24,1.0,0.0,18,0.9444444444444444,575.2612878294552,394.3205177783966,406.52055740356445,394.3205177783966,520.720762014389,394.3205177783966,556.32084608078,394.3205177783966,594.720709323883,394.3205177783966,766.7184948921204,394.3205177783966
m_va,1,24,1.0,1.0,16,0.8125,484.8117736669687,573.4273393948873,377.4274408817291,524.6276497840881,411.0274314880371,525.0276446342468,423.4274625778198,525.4276394844055,470.02753615379333,583.4272742271423,614.427375793457,641.4269089698792
m_va,1,25,0.0,0.0,17,1.0,540.1273369789124,,427.4569869041443,,451.2570261955261,,530.657172203064,,572.8572607040405,,698.0558156967164,
m_va,1,25,0.0,1.0,21,0.9523809523809523,588.3809581398964,398.18137884140015,419.98143792152405,398.18137884140015,539.1816794872284,398.18137884140015,580.1816582679749,398.18137884140015,620.2812612056732,398.18137884140015,759.5794677734375,398.18137884140015
m_va,1,25,1.0,0.0,18,0.9444444444444444,545.6996525035185,404.69974279403687,416.8997526168823,404.69974279403687,468.8998699188232,404.69974279403687,561.7000460624695,404.69974279403687,575.3000855445862,404.69974279403687,712.2985601425171,404.69974279403687
m_va,1,25,1.0,1.0,16,1.0,534.5148500055075,,383.4529221057892,,424.4529604911804,,461.45303547382355,,528.4532010555267,,825.9501755237579,
m_va,1,26,0.0,0.0,17,0.9411764705882353,530.1684085279703,402.98086404800415,411.4808887243271,402.98086404800415,461.9809687137604,402.98086404800415,552.9811680316925,402.98086404800415,574.9812126159668,402.98086404800415,637.980580329895,402.98086404800415
m_va,1,26,0.0,1.0,21,0.9523809523809523,602.5841578841209,398.63473176956177,425.1347839832306,398.63473176956177,540.9350156784058,398.63473176956177,597.1349477767944,398.63473176956177,674.7339606285094,398.63473176956177,770.6327438354493,398.63473176956177
m_va,1,26,1.0,0.0,18,0.8888888888888888,554.0314149111509,492.219477891922,404.7193229198456,418.2193338871002,424.719363451004,455.2194058895111,559.219628572464,492.219477891922,586.7196023464203,529.2195498943329,788.2170975208282,566.2196218967438
m_va,1,26,1.0,1.0,16,0.8125,481.67569362200226,508.70136419932044,385.1682126522064,424.96821880340576,403.5681903362274,436.1682415008545,413.36822509765625,447.3682641983032,490.968358516693,532.1680068969727,566.7685270309448,616.9677495956421
m_va,1,27,0.0,0.0,17,1.0,546.925145037034,,430.8076500892639,,470.0077414512634,,541.8078899383545,,581.6079378128052,,705.8064937591553,
m_va,1,27,0.0,1.0,21,0.9523809523809523,527.0807504653931,402.98086404800415,402.18086540699005,402.98086404800415,437.28092312812805,402.98086404800415,522.4811136722565,402.98086404800415,575.2812087535858,402.98086404800415,697.9798078536987,402.98086404800415
m_va,1,27,1.0,0.0,18,0.9444444444444444,587.1917009353638,403.36859226226807,403.968608379364,403.36859226226807,537.9688739776611,403.36859226226807,568.3689117431641,403.36859226226807,622.9685068130493,403.36859226226807,757.7667951583862,403.36859226226807
m_va,1,27,1.0,1.0,16,0.8125,483.25042999707733,578.4556269645691,373.78915548324585,486.5891695022583,409.5891237258911,558.1890821456909,445.7892179489136,629.7889947891235,495.5892980098724,639.7888660430908,542.9894208908081,649.7887372970581
m_va,1,28,0.0,0.0,17,1.0,582.1344063562506,,431.7466139793396,,485.546749830246,,586.5468978881836,,625.3463983535767,,731.1450362205505,
m_va,1,28,0.0,1.0,21,0.9523809523809523,619.7876989841461,400.68864822387695,427.5887042284012,400.68864822387695,478.08879017829895,400.68864822387695,568.1889951229095,400.68864822387695,655.6881070137023,400.68864822387695,938.7844681739807,400.68864822387695
m_va,1,28,1.0,0.0,18,0.9444444444444444,551.1420684702256,399.31878447532654,409.51881408691406,399.31878447532654,464.7189140319824,399.31878447532654,546.3190674781799,399.31878447532654,572.3190903663635,399.31878447532654,748.5170602798462,399.31878447532654
m_va,1,28,1.0,1.0,16,0.8125,487.90093568655163,470.7730809847514,379.23964262008667,425.2396583557129,414.4396424293518,440.83969593048096,445.4396963119507,456.439733505249,471.03974819183344,489.2397880554199,607.0396661758423,522.0398426055908
m_va,1,29,0.0,0.0,17,1.0,532.1862224270316,,417.5981283187866,,442.1981692314148,,534.5983505249023,,564.7984385490417,,710.7969522476196,
m_va,1,29,0.0,1.0,21,0.9523809523809523,571.7571169137955,397.4074125289917,409.207421541214,397.4074125289917,500.90763270854956,397.4074125289917,578.4077048301697,397.4074125289917,621.3072896003723,397.4074125289917,734.9058151245117,397.4074125289917
m_va,1,29,1.0,0.0,18,0.9444444444444444,550.978257375605,397.3314166069031,403.9314270019531,397.3314166069031,468.33157539367676,397.3314166069031,554.3317198753357,397.3314166069031,590.3316736221313,397.3314166069031,727.1299123764038,397.3314166069031
m_va,1,29,1.0,1.0,16,1.0,530.8378618210554,,377.02594697475433,,430.02599477767944,,471.02607786655426,,506.5261423587799,,825.523167848587,
m_va,1,30,0.0,0.0,17,1.0,525.5602054736194,,430.13670444488525,,475.53679943084717,,516.7368650436401,,542.3369288444519,,628.9364576339722,
m_va,1,30,0.0,1.0,21,0.9047619047619048,595.7347515382265,481.8670153617859,428.3668875694275,416.6668772697449,510.16705036163324,449.2669463157654,574.3671655654907,481.8670153617859,613.1668448448181,514.4670844078064,809.1643214225769,547.0671534538269
m_va,1,30,1.0,0.0,18,0.9444444444444444,594.8499949539408,393.4388756752014,420.03891468048096,393.4388756752014,480.8390498161316,393.4388756752014,567.4391984939575,393.4388756752014,654.8382520675658,393.4388756752014,826.4360666275024,393.4388756752014
m_va,1,30,1.0,1.0,16,0.8125,459.2785101670485,458.97118250528973,376.1710584163666,390.1710867881775,397.171026468277,426.5711188316345,420.9710359573364,462.97115087509155,442.37110018730164,494.5712208747864,525.3712773323059,526.1712908744812
m_va,1,31,0.0,0.0,17,1.0,522.725943256827,,424.13774728775024,,476.5378475189209,,514.1379237174988,,541.5379643440247,,620.7375288009645,
m_va,1,31,0.0,1.0,21,1.0,543.278313818432,,424.0880310535431,,477.08815336227417,,545.0882911682129,,576.0883092880249,,697.0868110656738,
m_va,1,31,1.0,0.0,18,0.8888888888888888,594.5753250271082,410.51360964775085,404.01360392570496,402.5135934352875,443.0136829614639,406.51360154151917,573.013961315155,410.51360964775085,626.5134811401367,414.51361775398254,905.509889125824,418.51362586021423
m_va,1,31,1.0,1.0,16,1.0,532.9278130084276,,380.6784003973007,,432.6784461736679,,464.6785110235214,,510.1785957813263,,828.6756277084351,
m_va,1,32,0.0,0.0,17,1.0,538.1466500899371,,416.94679260253906,,448.7468659877777,,544.1470742225647,,566.3470983505249,,693.3456659317017,
m_va,1,32,0.0,1.0,21,1.0,560.26757756869,,419.1249907016754,,527.1252393722534,,536.1252427101135,,587.125301361084,,740.1232719421387,
m_va,1,32,1.0,0.0,18,0.8888888888888888,556.9455865770578,455.2585780620575,410.2585017681122,407.6584756374359,435.25853753089905,431.4585268497467,561.2587928771973,455.2585780620575,605.758547782898,479.0586292743683,781.7562818527222,502.858680486679
m_va,1,32,1.0,1.0,16,0.8125,455.0455350142259,636.1991167068481,369.79966163635254,565.9996867179871,384.3996465206146,621.5992569923401,406.1996340751648,677.1988272666931,443.7997102737427,683.5987448692322,524.599862098694,689.9986624717712
m_va,1,33,0.0,0.0,17,1.0,530.1260702750262,,426.46729350090027,,467.26738810539246,,529.0675163269043,,567.0675873756409,,627.2670269012451,
m_va,1,33,0.0,1.0,21,1.0,541.4989519686926,,435.16573309898376,,471.16580605506897,,549.1659641265869,,575.1659870147705,,684.1647624969482,
m_va,1,33,1.0,0.0,18,0.9444444444444444,532.6037582229166,404.4274091720581,398.4274208545685,404.4274091720581,431.02747201919556,404.4274091720581,537.4276638031006,404.4274091720581,565.0277376174927,404.4274091720581,726.226043701172,404.4274091720581
m_va,1,33,1.0,1.0,16,0.9375,515.9887651602427,579.4563293457031,381.65602684020996,579.4563293457031,406.8559944629669,579.4563293457031,449.4560956954956,579.4563293457031,484.0561628341675,579.4563293457031,841.2531137466431,579.4563293457031
m_va,1,34,0.0,0.0,17,0.9411764705882353,532.8152514994144,402.0029306411743,401.50292217731476,402.0029306411743,439.00299072265625,402.0029306411743,535.0031852722168,402.0029306411743,573.5032856464386,402.0029306411743,692.0019388198853,402.0029306411743
m_va,1,34,0.0,1.0,21,1.0,543.1426508086068,,423.33337664604187,,444.33343410491943,,542.3336029052734,,576.3337016105652,,707.3321342468262,
m_va,1,34,1.0,0.0,18,0.9444444444444444,561.7478454814237,404.10101413726807,404.701030254364,404.10101413726807,476.5011608600616,404.10101413726807,564.1013383865356,404.10101413726807,606.3011646270752,404.10101413726807,743.4994459152222,404.10101413726807
m_va,1,34,1.0,1.0,16,0.8125,451.81640753379236,803.172210852305,376.30863189697266,499.7084856033325,404.50860261917114,596.1080551147461,453.5086750984192,692.5076246261597,496.70878648757935,921.7046976089476,527.7088522911072,1150.9017705917358
m_va,1,35,0.0,0.0,17,1.0,549.6866054394666,,424.56910610198975,,474.96920228004456,,556.5693378448486,,584.7694158554077,,708.367919921875,
m_va,1,35,0.0,1.0,21,1.0,554.6822902702149,,438.96812200546265,,531.9682955741882,,555.9683442115784,,575.9683847427368,,695.9670186042786,
m_va,1,35,1.0,0.0,18,0.9444444444444444,588.9221710317275,405.0990343093872,412.6991033554077,405.0990343093872,541.0992980003357,405.0990343093872,570.0993537902832,405.0990343093872,625.4989981651305,405.0990343093872,757.2973012924194,405.0990343093872
m_va,1,35,1.0,1.0,16,0.8125,467.3898151287666,618.3896660804749,377.1900713443756,550.3901243209839,402.59005427360535,602.3898124694824,414.39008712768555,654.389500617981,464.19016718864435,663.1893873214722,525.3902852535248,671.9892740249634
m_va,1,36,0.0,0.0,17,1.0,544.0007307950187,,418.1302309036255,,473.5303521156311,,555.5305480957031,,577.1305561065674,,677.9294490814209,
m_va,1,36,0.0,1.0,21,1.0,546.7892700717563,,431.4560294151306,,474.45613145828247,,554.4562935829163,,583.4563374519348,,691.4550065994263,
m_va,1,36,1.0,0.0,18,0.8888888888888888,556.0588371008635,413.8716757297516,385.87164878845215,399.4716465473175,458.37174355983734,406.67166113853455,563.8719797134399,413.8716757297516,602.8717160224915,421.0716903209686,741.3699626922607,428.27170491218567
m_va,1,36,1.0,1.0,16,0.875,503.37478731359755,594.589352607727,380.0894498825073,551.3896226882935,425.58948397636414,572.9894876480103,449.08952713012695,594.589352607727,489.2895996570587,616.1892175674438,718.1879222393038,637.7890825271606
m_va,1,37,0.0,0.0,17,1.0,535.2765689877903,,432.7708840370178,,460.970938205719,,522.5710868835449,,563.1711721420288,,710.7694387435913,
m_va,1,37,0.0,1.0,21,1.0,554.3739100297292,,427.94549465179443,,520.94566822052,,551.9457459449768,,588.945746421814,,614.9454116821289,
m_va,1,37,1.0,0.0,18,0.9444444444444444,584.2295902616837,401.406466960907,406.60648345947266,401.406466960907,537.6067280769348,401.406466960907,570.4067945480347,401.406466960907,622.2064256668091,401.406466960907,755.4047107696533,401.406466960907
m_va,1,37,1.0,1.0,16,0.8125,437.2740410841428,804.7580520311991,377.62781977653503,502.22767591476435,398.2278108596802,599.8272061347961,414.42781686782837,697.4267363548279,449.82789754867554,923.8238453865051,527.4280309677124,1150.2209544181824
m_va,1,38,0.0,0.0,17,1.0,543.3706290581647,,422.65313267707825,,450.85320472717285,,543.2533621788025,,578.0534267425537,,698.6519813537598,
m_va,1,38,0.0,1.0,21,1.0,594.784616004853,,468.83270144462585,,545.8328723907471,,569.8329210281372,,609.8325848579407,,732.8310012817383,
m_va,1,38,1.0,0.0,18,0.8888888888888888,536.116348579526,473.3041226863861,406.3040018081665,410.90399622917175,427.3040443658829,442.10405945777893,549.804300069809,473.3041226863861,562.3043179512024,504.50418591499323,680.8030903339386,535.7042491436005
m_va,1,38,1.0,1.0,16,0.875,515.5686012336186,523.3549326658249,387.25480139255524,462.5548928976059,419.2548394203186,492.9549127817154,445.3548789024353,523.3549326658249,528.6550581455231,553.7549525499344,776.4525651931766,584.1549724340439
m_va,1,39,0.0,0.0,17,1.0,569.9123354519114,,426.70087218284607,,516.5010452270508,,558.501124382019,,602.7010202407837,,750.2990961074829,
m_va,1,39,0.0,1.0,21,1.0,573.8887545608338,,451.36526226997375,,500.36537647247314,,551.3654947280884,,602.3653745651245,,731.3637137413025,
m_va,1,39,1.0,0.0,18,0.9444444444444444,542.3421403940987,400.2247452735901,394.824755191803,400.2247452735901,422.82480001449585,400.2247452735901,546.2250709533691,400.2247452735901,570.8250522613525,400.2247452735901,750.2230405807495,400.2247452735901
m_va,1,39,1.0,1.0,16,0.75,487.2862945000331,479.4534593820572,380.3033173084259,408.30331444740295,410.5033338069916,418.50332617759705,420.2033430337906,471.20344638824463,465.20343422889704,527.2035717964172,617.0031785964966,557.2036147117615
m_va,1,40,0.0,0.0,17,1.0,569.3796171861536,,426.6504764556885,,522.4506497383118,,567.8507685661316,,605.650520324707,,716.4490938186647,
m_va,1,40,0.0,1.0,21,1.0,568.1471242791131,,437.52843141555786,,492.5285279750824,,558.5286617279053,,593.5286283493042,,735.5268001556396,
m_va,1,40,1.0,0.0,18,0.9444444444444444,561.2124309820288,402.5067687034607,404.9068093299866,402.5067687034607,474.7069180011749,402.5067687034607,566.50710105896,402.5067687034607,606.5069437026978,402.5067687034607,743.3051824569702,402.5067687034607
m_va,1,40,1.0,1.0,16,0.8125,483.8512402314406,510.87691386540735,383.3437442779541,427.1437883377075,405.5437207221985,438.34381103515625,436.5437924861908,449.543833732605,492.74390935897816,534.3435525894165,585.7439637184143,619.143271446228
m_va,1,41,0.0,0.0,17,1.0,572.49755543821,,418.4508740901947,,470.65097093582153,,561.8511438369751,,626.0507345199584,,751.2491464614868,
m_va,1,41,0.0,1.0,21,1.0,568.6244453702654,,435.1009726524353,,482.10108280181885,,546.1012125015259,,597.101092338562,,733.0993413925171,
m_va,1,41,1.0,0.0,18,0.9444444444444444,529.4743758790634,401.2981057167053,395.0981020927429,401.2981057167053,421.8981206417084,401.2981057167053,556.2983751296997,401.2981057167053,576.4984726905823,401.2981057167053,699.4970321655273,401.2981057167053
m_va,1,41,1.0,1.0,16,0.875,492.65597334929873,538.7275069952011,375.1277893781662,445.12774646282196,403.527769446373,491.92762672901154,416.2278026342392,538.7275069952011,523.2280254364014,585.5273872613907,714.4262552261356,632.3272675275803
m_va,1,42,0.0,0.0,17,0.9411764705882353,541.3263496011496,406.8264067173004,409.82644259929657,406.8264067173004,467.3265367746353,406.8264067173004,539.3266677856445,406.8264067173004,586.8267714977264,406.8264067173004,692.3255026340485,406.8264067173004
m_va,1,42,0.0,1.0,21,1.0,550.1566373166585,,425.72838068008423,,473.7284779548645,,516.7285799980164,,592.7284955978394,,712.7269506454468,
m_va,1,42,1.0,0.0,18,0.9444444444444444,577.8607918935663,396.09646797180176,403.49650382995605,396.09646797180176,531.2967419624329,396.09646797180176,568.0968165397644,396.09646797180176,612.6964807510376,396.09646797180176,743.6947345733643,396.09646797180176
m_va,1,42,1.0,1.0,16,0.9375,510.9103898207347,531.711220741272,363.7109696865082,531.711220741272,407.91096687316895,531.711220741272,437.71103024482727,531.711220741272,509.51117277145386,531.711220741272,828.3080935478209,531.711220741272
m_va,1,43,0.0,0.0,17,1.0,558.460484532749,,433.0488681793213,,530.4490566253662,,562.049150466919,,582.2491884231567,,713.0475640296936,
m_va,1,43,0.0,1.0,21,1.0,587.0130714916047,,447.58495688438416,,511.5851163864136,,592.5850868225098,,650.58434009552,,727.5834083557129,
m_va,1,43,1.0,0.0,18,0.8888888888888888,553.8075976073742,420.183002948761,387.6829594373703,402.18297243118286,450.18304884433746,411.1829876899719,553.6832511425018,420.183002948761,583.1831991672516,429.18301820755005,784.180760383606,438.1830334663391
m_va,1,43,1.0,1.0,16,0.875,486.35812955243244,512.0728015899658,380.57260513305664,483.27274322509766,399.77256655693054,497.67277240753174,429.07261848449707,512.0728015899658,533.7728321552277,526.4728307723999,690.6716942787173,540.872859954834
m_va,1,44,0.0,0.0,17,1.0,569.9123354519114,,426.70087218284607,,516.5010452270508,,558.501124382019,,602.7010202407837,,750.2990961074829,
m_va,1,44,0.0,1.0,21,1.0,542.33457219033,,424.4299530982971,,488.43008279800415,,541.4301753044128,,571.4302062988281,,681.4289093017578,
m_va,1,44,1.0,0.0,18,0.9444444444444444,583.3104848861694,393.66379380226135,430.2638649940491,393.66379380226135,527.664065361023,393.66379380226135,566.6641592979431,393.66379380226135,622.4636197090149,393.66379380226135,747.6620078086853,393.66379380226135
m_va,1,44,1.0,1.0,16,0.875,484.71580020018985,605.1445305347443,372.64484167099,548.7449705600739,396.14481925964355,576.9447505474091,430.14487624168396,605.1445305347443,447.4449336528778,633.3443105220795,753.1426072120671,661.5440905094147
m_va,1,45,0.0,0.0,17,0.9411764705882353,584.6135783940554,407.4264466762543,414.9264693260193,407.4264466762543,518.9266800880432,407.4264466762543,570.4267919063568,407.4264466762543,615.4265403747559,407.4264466762543,749.9248087406158,407.4264466762543
m_va,1,45,0.0,1.0,21,1.0,583.5131023611341,,425.3706932067871,,521.3708877563477,,579.3709754943848,,664.3699407577515,,727.3690700531006,
m_va,1,45,1.0,0.0,18,0.9444444444444444,588.9922433039721,401.2279510498047,433.2280158996582,401.2279510498047,520.6282317638396,401.2279510498047,574.2282867431641,401.2279510498047,638.427698612213,401.2279510498047,750.2262592315674,401.2279510498047
m_va,1,45,1.0,1.0,16,0.8125,464.07011380562415,614.8649454116821,371.53191566467285,551.9319772720337,394.3318843841553,604.7316789627075,419.531911611557,657.5313806533813,455.1319897174835,659.1313600540161,531.1321377754213,660.7313394546509
m_va,1,46,0.0,0.0,17,1.0,555.3413647062638,,430.9297442436218,,530.1299452781677,,556.9300055503845,,575.9300231933594,,701.1285305023193,
m_va,1,46,0.0,1.0,21,0.9523809523809523,574.9232545495033,402.67354249954224,436.07359528541565,402.67354249954224,500.6737411022186,402.67354249954224,581.6738307476044,402.67354249954224,620.4734802246094,402.67354249954224,738.1719648838043,402.67354249954224
m_va,1,46,1.0,0.0,18,0.9444444444444444,525.6311928524691,399.69006180763245,401.6900956630707,399.69006180763245,450.2901554107666,399.69006180763245,516.6903138160706,399.69006180763245,575.8904218673706,399.69006180763245,678.4891843795776,399.69006180763245
m_va,1,46,1.0,1.0,16,0.875,489.2487355640956,535.3202670812607,371.72054946422577,441.72050654888153,400.12052953243256,488.5203868150711,412.82056272029877,535.3202670812607,519.8207855224609,582.1201473474503,711.0190153121952,628.9200276136398
m_va,1,47,0.0,0.0,17,1.0,563.0563690381891,,411.0920310020447,,461.89213395118713,,553.2923340797424,,615.0919556617737,,742.6903128623962,
m_va,1,47,0.0,1.0,21,0.9523809523809523,536.394314467907,403.29432487487793,420.89436650276184,403.29432487487793,466.8944478034973,403.29432487487793,549.7946441173553,403.29432487487793,581.5946698188782,403.29432487487793,678.4935235977173,403.29432487487793
m_va,1,47,1.0,0.0,18,0.9444444444444444,578.4734855679905,395.65032720565796,404.4503927230835,395.65032720565796,528.6506116390228,395.65032720565796,561.6506934165955,395.65032720565796,613.2503271102905,395.65032720565796,741.2486791610719,395.65032720565796
m_va,1,47,1.0,1.0,16,0.8125,455.976488498541,578.7712136904398,378.6380887031555,484.83811616897583,403.2380700111389,553.6380648612976,407.4380695819855,622.4380135536194,446.43815755844105,638.8378024101257,576.0384202003479,655.2375912666321
m_va,1,48,0.0,0.0,17,1.0,541.8649368426379,,438.5710120201111,,470.17107009887695,,532.5711965560913,,580.7713031768799,,705.3697109222412,
m_va,1,48,0.0,1.0,21,0.9523809523809523,556.8526655435562,400.0029265880585,409.8029673099518,400.0029265880585,467.8030490875244,400.0029265880585,561.5032613277435,400.0029265880585,614.0029430389404,400.0029265880585,737.5013530254364,400.0029265880585
m_va,1,48,1.0,0.0,18,0.8333333333333334,540.9408907095591,542.9403285185496,388.0079388618469,389.0079379081726,433.8079571723938,397.8079319000244,463.6080265045166,406.6079258918762,577.4082660675049,579.0068030357361,775.6059765815734,751.405680179596
m_va,1,48,1.0,1.0,16,0.9375,520.7155803839366,471.049427986145,386.44933104515076,471.049427986145,421.04934453964233,471.049427986145,457.0494294166565,471.049427986145,527.6495456695556,471.049427986145,745.2476263046264,471.049427986145
m_va,1,49,0.0,0.0,17,1.0,578.3291757106781,,428.294312953949,,482.09444880485535,,583.094596862793,,610.4942440986632,,733.4926605224609,
m_va,1,49,0.0,1.0,21,1.0,569.248799766813,,438.6301040649414,,488.63017559051514,,560.6303215026855,,594.630241394043,,721.6286659240723,
m_va,1,49,1.0,0.0,18,0.9444444444444444,530.7001033250023,401.6413688659668,387.4414026737213,401.6413688659668,424.04141426086426,401.6413688659668,556.641697883606,401.6413688659668,586.8417382240295,401.6413688659668,647.4410057067871,401.6413688659668
m_va,1,49,1.0,1.0,16,0.875,498.6867308616638,448.0443298816681,367.044273018837,443.24432015419006,386.8442505598068,445.6443250179291,432.5442910194397,448.0443298816681,523.8444685935974,450.4443347454071,727.5427281856539,452.8443396091461
m_va,1,50,0.0,0.0,17,1.0,589.3328330096077,,438.0627155303955,,525.4629135131836,,566.8630003929138,,667.2620058059691,,742.2610998153687,
m_va,1,50,0.0,1.0,21,1.0,583.5131023611341,,425.3706932067871,,521.3708877563477,,579.3709754943848,,664.3699407577515,,727.3690700531006,
m_va,1,50,1.0,0.0,18,0.9444444444444444,593.4073048479416,397.99609780311584,415.7961368560791,397.99609780311584,523.396372795105,397.99609780311584,599.9962687492371,397.99609780311584,662.1954679489135,397.99609780311584,762.3941779136658,397.99609780311584
m_va,1,50,1.0,1.0,16,0.75,498.12355389197666,464.12400156259537,380.72391748428345,433.5239499807358,409.92389619350433,447.3239690065384,431.6239356994629,451.1239677667618,509.4240933656692,460.12398004531855,622.2237467765809,505.1240801811219
m_va,1,51,0.0,0.0,17,1.0,533.0516415483811,,424.6281623840332,,494.2282795906067,,525.2283811569214,,570.0284242630005,,638.8278126716615,
m_va,1,51,0.0,1.0,21,1.0,566.6532630012149,,426.1297881603241,,480.1298975944519,,557.1300387382507,,595.1299667358398,,726.1282205581665,
m_va,1,51,1.0,0.0,18,0.9444444444444444,580.3316007642185,398.62608909606934,413.0261242389679,398.62608909606934,530.8263301849365,398.62608909606934,562.6264214515686,398.62608909606934,615.4260873794555,398.62608909606934,738.2244825363159,398.62608909606934
m_va,1,51,1.0,1.0,16,0.6875,469.6014415134083,532.3650479316711,399.9650776386261,424.76511001586914,409.9650979042053,457.3651909828186,427.96510457992554,534.9653363227844,464.96519446372986,609.3650460243225,634.9648237228394,638.1648063659668
m_va,1,52,0.0,0.0,17,1.0,525.096083388609,,421.07256054878235,,473.2726573944092,,528.2727479934692,,550.0728368759154,,631.6723108291626,
m_va,1,52,0.0,1.0,21,1.0,614.0264301072984,,453.5985589027405,,572.5988149642944,,596.5986251831055,,621.5983629226685,,784.5962047576904,
m_va,1,52,1.0,0.0,18,0.9444444444444444,533.4374816978678,406.14354610443115,409.54355001449585,406.14354610443115,426.94358825683594,406.14354610443115,536.1437797546387,406.14354610443115,580.3439259529114,406.14354610443115,701.5425443649292,406.14354610443115
m_va,1,52,1.0,1.0,16,0.875,461.3846093416214,460.45610308647156,379.4560432434082,455.65609335899353,390.5560106039047,458.05609822273254,424.45603013038635,460.45610308647156,518.8562333583832,462.85610795021057,567.156320810318,465.2561128139496
m_va,1,53,0.0,0.0,17,1.0,549.9799339210286,,424.66245889663696,,472.86256551742554,,552.8627038002014,,562.4627232551575,,725.8610725402832,
m_va,1,53,0.0,1.0,21,0.9523809523809523,612.9909336566925,405.14156222343445,435.84161400794983,405.14156222343445,541.9418334960938,405.14156222343445,604.6417653560638,405.14156222343445,635.9413623809814,405.14156222343445,825.8389174938203,405.14156222343445
m_va,1,53,1.0,0.0,18,0.9444444444444444,582.2015737786013,399.3784189224243,407.1784794330597,399.3784189224243,532.3787033557892,399.3784189224243,565.3787851333618,399.3784189224243,618.5783982276915,399.3784189224243,744.1767811775208,399.3784189224243
m_va,1,53,1.0,1.0,16,0.8125,466.1693366674277,623.3230829238892,375.32344460487366,561.3235473632812,395.5234169960022,609.3232154846191,426.32347345352173,657.322883605957,462.1235311031341,664.5227909088135,529.3236434459687,671.7226982116699
m_va,1,54,0.0,0.0,17,1.0,509.73411167369164,,420.8634614944458,,435.06348729133606,,518.2636976242065,,551.2637257575989,,615.2634620666504,
m_va,1,54,0.0,1.0,21,1.0,539.7977729638418,,407.84555673599243,,453.8456201553345,,530.8457612991333,,577.8458714485168,,671.8447804450989,
m_va,1,54,1.0,0.0,18,0.9444444444444444,562.5697497059317,397.68779277801514,401.8878161907196,397.68779277801514,463.68794441223145,397.68779277801514,547.6881265640259,397.68779277801514,604.0879368782043,397.68779277801514,779.6856760978699,397.68779277801514
m_va,1,54,1.0,1.0,16,0.875,496.8682676553726,556.1541020870209,390.1543438434601,471.35435938835144,408.6543530225754,513.7542307376862,416.6543632745743,556.1541020870209,523.0545699596405,598.5539734363556,711.3529145717623,640.9538447856903
m_va,1,55,0.0,0.0,17,1.0,545.9492644842934,,426.7494320869446,,469.3495273590088,,550.9496927261353,,578.5497188568115,,704.9482464790344,
m_va,1,55,0.0,1.0,21,0.9523809523809523,592.0645415782928,401.86500549316406,427.7650445699692,401.86500549316406,534.16528403759,401.86500549316406,572.3653435707092,401.86500549316406,622.9649007320404,401.86500549316406,789.4627571105958,401.86500549316406
m_va,1,55,1.0,0.0,18,0.9444444444444444,593.4073048479416,397.99609780311584,415.7961368560791,397.99609780311584,523.396372795105,397.99609780311584,599.9962687492371,397.99609780311584,662.1954679489135,397.99609780311584,762.3941779136658,397.99609780311584
m_va,1,55,1.0,1.0,16,0.8125,483.8512402314406,510.87691386540735,383.3437442779541,427.1437883377075,405.5437207221985,438.34381103515625,436.5437924861908,449.543833732605,492.74390935897816,534.3435525894165,585.7439637184143,619.143271446228
m_va,1,56,0.0,0.0,17,1.0,560.182652052711,,408.21831226348877,,459.21841859817505,,550.4186153411865,,613.0182266235352,,739.8165941238403,
m_va,1,56,0.0,1.0,21,0.9523809523809523,574.9706834554672,402.72098779678345,436.12104058265686,402.72098779678345,500.72118639945984,402.72098779678345,581.7212760448456,402.72098779678345,624.6208727359771,402.72098779678345,738.2194101810455,402.72098779678345
m_va,1,56,1.0,0.0,18,0.9444444444444444,585.9554304796106,396.191269159317,414.5913064479828,396.191269159317,463.5914087295532,396.191269159317,566.1916136741638,396.191269159317,641.1908864974974,396.191269159317,776.7891407012941,396.191269159317
m_va,1,56,1.0,1.0,16,0.875,511.0541390521186,459.8403126001358,379.34026420116425,455.4403096437454,399.14021492004395,457.6403111219406,444.84029710292816,459.8403126001358,536.1404895782471,462.040314078331,748.2385993003847,464.2403155565262
m_va,1,57,0.0,0.0,17,1.0,551.1573956293219,,429.5104682445526,,512.310653924942,,548.510730266571,,569.9107646942139,,698.1092810630798,
m_va,1,57,0.0,1.0,21,1.0,541.2424902121226,,419.0521240234375,,468.0522084236145,,548.0523705482483,,575.0524401664734,,692.0510530471802,
m_va,1,57,1.0,0.0,18,0.9444444444444444,585.0662361173069,402.24307775497437,410.6431484222412,402.24307775497437,535.2433621883392,402.24307775497437,568.2434439659119,402.24307775497437,619.8430776596069,402.24307775497437,747.8414297103883,402.24307775497437
m_va,1,57,1.0,1.0,16,0.8125,460.838095499919,739.1943136850992,374.9303460121155,456.9304347038269,405.7303190231323,487.73049116134644,438.5303854942322,518.530547618866,515.9305572509764,814.1271233558654,549.7306108474731,1109.723699092865
m_va,1,58,0.0,0.0,17,1.0,554.0403618532068,,421.96991443634033,,526.7701625823973,,555.5701851844788,,576.7702341079712,,712.7685785293579,
m_va,1,58,0.0,1.0,21,1.0,568.5544780322483,,447.0309615135193,,496.0310757160187,,541.0311818122864,,597.0311164855957,,725.029468536377,
m_va,1,58,1.0,0.0,18,0.9444444444444444,521.1005438776577,399.63001012802124,388.4300231933594,399.63001012802124,413.4300470352173,399.63001012802124,549.6302843093872,399.63001012802124,577.8303623199463,399.63001012802124,678.2291650772095,399.63001012802124
m_va,1,58,1.0,1.0,16,0.8125,472.00830853902374,618.7260945638021,380.9931755065918,545.3932046890259,405.9931516647339,601.3929128646851,418.39319467544556,657.3926210403442,473.7932920455932,666.9924974441528,530.9933841228486,676.5923738479614
m_va,1,59,0.0,0.0,17,1.0,571.1061586351956,,431.72999024391174,,518.7301635742188,,561.930239200592,,608.7299346923828,,699.7287273406982,
m_va,1,59,0.0,1.0,21,0.9523809523809523,555.107569694519,403.55777740478516,415.7577872276306,403.55777740478516,472.95791804790497,403.55777740478516,553.0580580234528,403.55777740478516,579.3580651283263,403.55777740478516,747.4560976028442,403.55777740478516
m_va,1,59,1.0,0.0,18,0.9444444444444444,528.967946767807,400.9680449962616,390.5680477619171,400.9680449962616,424.7680902481079,400.9680449962616,549.9683618545532,400.9680449962616,581.1684012413025,400.9680449962616,645.1676726341248,400.9680449962616
m_va,1,59,1.0,1.0,16,0.8125,450.00143922292267,637.8729343414307,369.34016942977905,568.9402103424072,374.1401731967926,621.7397689819336,402.5401473045349,674.53932762146,442.14022755622864,683.3392143249512,515.3403520584106,692.1391010284424
m_va,1,60,0.0,0.0,17,1.0,537.2027561945074,,412.13231682777405,,430.332350730896,,534.7325801849365,,575.9326457977295,,712.3311281204225,
m_va,1,60,0.0,1.0,21,1.0,598.4370041461218,,456.9612741470337,,517.9613828659058,,604.9613952636719,,646.9608545303345,,746.9595670700073,
m_va,1,60,1.0,0.0,18,0.8888888888888888,528.5062789916992,479.4440269470215,398.44389259815216,417.4438953399658,430.4439276456833,448.44396114349365,552.4441599845886,479.4440269470215,583.9441120624542,510.4440927505494,670.4431772232056,541.4441585540771
m_va,1,60,1.0,1.0,16,0.8125,460.54592499366174,608.4689497947693,366.8692648410797,541.4693117141724,390.26923179626465,597.4690198898315,415.4692590236664,653.4687280654907,453.86933684349054,655.4687023162842,527.4694859981537,657.4686765670776
m_va,1,61,0.0,0.0,17,1.0,583.1950289361617,,446.8895733356476,,528.4897148609161,,561.4898204803467,,615.2894258499146,,726.0879993438721,
m_va,1,61,0.0,1.0,21,0.9523809523809523,571.6743931174278,399.4746804237366,432.87473320961,399.4746804237366,497.47487902641296,399.4746804237366,578.4749686717987,399.4746804237366,617.2746181488037,399.4746804237366,734.9731028079987,399.4746804237366
m_va,1,61,1.0,0.0,18,0.8888888888888888,562.3533073812723,427.66617238521576,398.6661434173584,408.066126704216,462.66624331474304,417.8661495447159,557.6664507389069,427.66617238521576,605.1663160324097,437.46619522571564,759.6643269062042,447.2662180662155
m_va,1,61,1.0,1.0,16,0.875,490.93792055334364,551.3665974140167,376.56686902046204,466.5668547153473,400.0668406486511,508.96672606468195,409.3668758869171,551.3665974140167,517.1670794487,593.7664687633514,706.5654098987582,636.1663401126862
m_va,1,62,0.0,0.0,17,0.9411764705882353,568.6143171042204,397.0520794391632,404.5521020889282,397.0520794391632,513.0523294210434,397.0520794391632,577.0523846149445,397.0520794391632,605.5521667003632,397.0520794391632,737.5504672527313,397.0520794391632
m_va,1,62,0.0,1.0,21,1.0,592.461815902165,,453.0336856842041,,518.0338025093079,,596.0338711738586,,641.0332918167114,,739.0320301055908,
m_va,1,62,1.0,0.0,18,0.9444444444444444,589.6495300180771,405.8263897895813,406.026428937912,405.8263897895813,540.4266774654388,405.8263897895813,570.8267688751221,405.8263897895813,625.4263639450073,405.8263897895813,760.2246284484863,405.8263897895813
m_va,1,62,1.0,1.0,16,0.875,507.2155041354043,456.57309889793396,375.57304203510284,451.77308917045593,395.3730195760727,454.17309403419495,441.07306003570557,456.57309889793396,532.3732376098633,458.973103761673,736.0714972019198,461.373108625412
m_va,1,63,0.0,0.0,17,1.0,575.1045854652629,,423.14024567604065,,474.14034605026245,,565.340518951416,,627.9401302337646,,754.7385215759277,
m_va,1,63,0.0,1.0,21,0.9523809523809523,553.2007321715355,401.65093541145325,413.95097374916077,401.65093541145325,471.05107605457306,401.65093541145325,551.6512393951416,401.65093541145325,578.1512260437012,401.65093541145325,745.5492794513702,401.65093541145325
m_va,1,63,1.0,0.0,18,0.9444444444444444,528.5457179826849,400.5458354949951,380.14585971832275,400.5458354949951,427.14589834213257,400.5458354949951,528.5460948944092,400.5458354949951,584.1461658477783,400.5458354949951,709.1446638107301,400.5458354949951
m_va,1,63,1.0,1.0,16,0.75,497.5089107950528,460.92604100704193,390.7259315252304,430.6259870529175,408.72592329978943,445.02601623535156,415.42595624923706,447.4260210990906,516.2261247634888,455.22603392601013,620.425808429718,502.02611088752747
m_va,1,64,0.0,0.0,17,1.0,529.2795984184041,,430.3856372833252,,461.385703086853,,501.9857883453369,,549.9858617782593,,709.9844217300415,
m_va,1,64,0.0,1.0,21,0.9523809523809523,612.9909336566925,405.14156222343445,435.84161400794983,405.14156222343445,541.9418334960938,405.14156222343445,604.6417653560638,405.14156222343445,635.9413623809814,405.14156222343445,825.8389174938203,405.14156222343445
m_va,1,64,1.0,0.0,18,0.8888888888888888,537.404915317893,475.15518963336945,411.1550599336624,413.15506994724274,432.15511739254,444.1551297903061,549.6553480625153,475.15518963336945,563.6553764343262,506.15524947643274,682.1541488170624,537.1553093194962
m_va,1,64,1.0,1.0,16,0.75,490.6596342722575,477.1602228283882,373.4600692987442,390.46009480953217,394.4600462913513,436.0601335763931,427.66009271144867,483.6602210998535,455.8601498603821,528.6603093147278,620.2598929405214,558.660352230072
m_va,1,65,0.0,0.0,17,0.9411764705882353,601.0809801518917,395.5191671848297,420.51923274993896,395.5191671848297,476.01933777332306,395.5191671848297,576.0195255279541,395.5191671848297,678.5182952880859,395.5191671848297,839.5162224769592,395.5191671848297
m_va,1,65,0.0,1.0,21,0.9523809523809523,559.4634681940079,402.61372923851013,412.41376996040344,402.61372923851013,470.4138517379761,402.61372923851013,564.1140639781952,402.61372923851013,616.6137456893921,402.61372923851013,740.1121556758881,402.61372923851013
m_va,1,65,1.0,0.0,18,0.9444444444444444,531.2719520400552,403.0956029891968,397.09561467170715,403.0956029891968,429.69566583633423,403.0956029891968,536.0958576202393,403.0956029891968,563.6959314346313,403.0956029891968,724.8942375183107,403.0956029891968
m_va,1,65,1.0,1.0,16,0.6875,470.28029235926545,487.97139525413513,375.3715753555298,427.57161259651184,386.37158274650574,435.5716347694397,418.3715879917145,436.3716244697571,447.3716616630554,445.17165422439575,535.3718400001526,597.9709386825562
m_va,1,66,0.0,0.0,17,1.0,590.301175327862,,425.97217559814453,,520.1724052429199,,594.772458076477,,625.3721237182617,,748.5705375671387,
m_va,1,66,0.0,1.0,21,1.0,600.6965580440703,,471.8877673149109,,481.8877875804901,,564.8879408836365,,642.8872346878052,,797.8851795196533,
m_va,1,66,1.0,0.0,18,1.0,561.3505144913992,,408.7397515773773,,514.3399477005005,,543.7400043010712,,588.5399341583252,,736.8380069732666,
m_va,1,66,1.0,1.0,16,0.8125,473.65681483195374,621.1698055267334,378.7032723426819,582.1035861968994,401.10325813293457,587.3035669326782,433.50332975387573,592.503547668457,449.50335025787354,632.1030378341675,533.9035034179688,671.7025279998779
m_va,1,67,0.0,0.0,17,0.9411764705882353,557.5804151594639,405.3931534290314,414.89316523075104,405.3931534290314,463.89326453208923,405.3931534290314,558.893471956253,405.3931534290314,598.3933806419373,405.3931534290314,735.3916764259338,405.3931534290314
m_va,1,67,0.0,1.0,21,1.0,591.8066501617432,,433.6642622947693,,529.6644568443298,,587.664544582367,,672.6634502410889,,735.6626391410828,
m_va,1,67,1.0,0.0,18,0.9444444444444444,535.7022811384762,396.52591943740845,407.5259327888489,396.52591943740845,448.1260120868683,396.52591943740845,549.5262145996094,396.52591943740845,561.5262508392334,396.52591943740845,711.1246109008789,396.52591943740845
m_va,1,67,1.0,1.0,16,0.625,483.22859704494476,493.02863081296283,386.72859370708466,427.0286411046982,423.2286274433136,433.0286532640457,455.52870631217957,435.02865731716156,510.12880802154535,523.528665304184,605.5286884307861,617.0285940170288
m_va,1,68,0.0,0.0,17,1.0,529.6408569111544,,413.7351095676422,,436.1351668834686,,527.9353260993958,,570.1354026794434,,701.1339664459229,
m_va,1,68,0.0,1.0,21,1.0,599.7625702903384,,431.90592527389526,,543.9061522483826,,594.9060916900635,,644.9054479598999,,747.9040622711182,
m_va,1,68,1.0,0.0,18,0.9444444444444444,588.6966375743642,398.93248677253723,414.7325277328491,398.93248677253723,465.9326195716858,398.93248677253723,570.9328651428223,398.93248677253723,644.9320912361144,398.93248677253723,794.1301703453064,398.93248677253723
m_va,1,68,1.0,1.0,16,0.75,486.8016764521599,477.3021787405014,369.3020462989807,406.20203018188477,409.9020481109619,414.00203704833984,420.30206322669983,468.3021605014801,470.0021684169769,526.2022912502289,616.1018967628479,555.6023418903351
m_va,1,69,0.0,0.0,17,1.0,555.6557844666874,,430.78533411026,,514.1855418682098,,553.1855821609497,,578.1856298446655,,707.9840898513794,
m_va,1,69,0.0,1.0,21,1.0,587.4254121666863,,447.9973018169403,,511.9974613189697,,592.9974317550659,,650.9966850280762,,716.9958353042603,
m_va,1,69,1.0,0.0,18,0.8888888888888888,556.3095603138208,396.9971835613251,416.49721562862396,390.5971944332123,495.49736082553864,393.7971889972687,565.4975175857544,396.9971835613251,587.9974663257599,400.19717812538147,690.9962892532349,403.39717268943787
m_va,1,69,1.0,1.0,16,0.8125,468.8876592195951,576.6056776046753,367.67255663871765,484.87257957458496,393.8725411891937,556.072473526001,416.2725508213043,627.272367477417,459.2726349830627,637.672233581543,539.2727971076965,648.072099685669
m_va,1,70,0.0,0.0,17,1.0,587.8538892549627,,440.86618423461914,,495.66630125045776,,589.2663598060608,,658.0654740333557,,734.8644852638245,
m_va,1,70,0.0,1.0,21,1.0,591.0102512155261,,440.43922424316406,,547.439455986023,,574.4394659996033,,612.4391555786133,,734.4375848770142,
m_va,1,70,1.0,0.0,18,0.9444444444444444,556.4437666360069,402.738094329834,408.9380979537964,402.738094329834,473.73825311660767,402.738094329834,560.7384443283081,402.738094329834,594.7383642196655,402.738094329834,733.1366062164307,402.738094329834
m_va,1,70,1.0,1.0,16,0.875,487.49599712235585,607.9247295856476,374.7250497341156,551.5251696109772,400.9250223636627,579.7249495983124,419.9250638484955,607.9247295856476,452.72513628005976,636.1245095729828,755.9228062629704,664.324289560318
m_va,1,71,0.0,0.0,17,1.0,563.0201925249661,,429.5852065086365,,502.58538126945496,,546.7854738235474,,595.7853198051453,,708.383870124817,
m_va,1,71,0.0,1.0,21,1.0,572.3802347977957,,450.19009709358215,,498.1901943683624,,548.1902956962585,,599.1902351379395,,728.1885147094727,
m_va,1,71,1.0,0.0,18,0.8888888888888888,543.6533503234386,481.403648853302,417.40351915359497,419.40351724624634,438.40354681015015,450.40358304977417,554.9038052558899,481.403648853302,569.9038207530975,512.4037146568298,688.4025931358337,543.4037804603577
m_va,1,71,1.0,1.0,16,0.8125,461.2491956123939,616.5567636489868,372.15715646743774,543.5572028160095,392.9571151733398,599.5569109916687,407.5571298599243,655.5566191673279,456.5572381019592,664.7565007209778,529.5573770999908,673.9563822746277
m_va,1,72,0.0,0.0,17,0.9411764705882353,540.173938497901,403.29912304878235,409.79914367198944,403.29912304878235,454.79923486709595,403.29912304878235,534.7993671894073,403.29912304878235,563.7994408607483,403.29912304878235,745.7974553108215,403.29912304878235
m_va,1,72,0.0,1.0,21,0.9523809523809523,563.0796015262604,406.0298502445221,428.32990884780884,406.0298502445221,476.92998349666595,406.0298502445221,561.5301728248596,406.0298502445221,609.3300044536591,406.0298502445221,737.3283565044403,406.0298502445221
m_va,1,72,1.0,0.0,18,0.9444444444444444,554.9591692054972,397.31234312057495,397.5123643875122,397.31234312057495,469.51248645782465,397.31234312057495,559.3127012252808,397.31234312057495,598.7124919891357,397.31234312057495,735.1107358932495,397.31234312057495
m_va,1,72,1.0,1.0,16,0.75,498.5048547387123,461.92197501659393,391.7218655347824,431.6219210624695,409.72185730934143,446.02195024490356,416.42189025878906,448.4219551086426,517.222100496292,456.22196793556213,621.42174243927,503.02204489707947
m_va,1,73,0.0,0.0,17,0.9411764705882353,558.2689605653286,405.9567153453827,409.95675325393677,405.9567153453827,469.9568450450897,405.9567153453827,547.4570095539093,405.9567153453827,599.9569296836853,405.9567153453827,742.4551248550415,405.9567153453827
m_va,1,73,0.0,1.0,21,1.0,554.3739100297292,,427.94549465179443,,520.94566822052,,551.9457459449768,,588.945746421814,,614.9454116821289,
m_va,1,73,1.0,0.0,18,0.9444444444444444,578.6004382021287,396.8949019908905,404.89494800567627,396.8949019908905,532.4951887130737,396.8949019908905,589.8951888084412,396.8949019908905,661.2942695617675,396.8949019908905,737.4932885169983,396.8949019908905
m_va,1,73,1.0,1.0,16,0.875,471.5084454842976,618.2941496372223,378.29431891441345,583.0945312976837,397.594290971756,600.694340467453,411.2943112850189,618.2941496372223,472.2944319248199,635.8939588069916,661.3937020301819,653.4937679767609
m_va,1,74,0.0,0.0,17,0.9411764705882353,535.4846026748419,402.9221534729004,379.4221729040146,402.9221534729004,462.4222666025162,402.9221534729004,556.4224720001221,402.9221534729004,591.9224619865417,402.9221534729004,682.921290397644,402.9221534729004
m_va,1,74,0.0,1.0,21,1.0,621.1744248867035,,467.9847061634064,,564.984917640686,,592.9849147796631,,655.984103679657,,808.9821338653564,
m_va,1,74,1.0,0.0,18,0.8888888888888888,534.5713123679161,390.5087858438492,400.00881254673004,384.9087983369827,486.50896549224854,387.70879209041595,554.5090734958649,390.5087858438492,591.0090506076813,393.3087795972824,612.0087802410126,396.10877335071564
m_va,1,74,1.0,1.0,16,0.875,525.6923032658441,550.9787797927856,384.378519654274,531.7787408828735,423.87855052948,541.3787603378296,437.47857213020325,550.9787797927856,502.178680896759,560.5787992477417,607.6784253120424,570.1788187026978
m_va,1,75,0.0,0.0,17,0.9411764705882353,562.2763615101576,407.9641103744507,405.46412765979767,407.9641103744507,462.9642218351364,407.9641103744507,566.9644474983215,407.9641103744507,603.9643287658691,407.9641103744507,747.9625344276428,407.9641103744507
m_va,1,75,0.0,1.0,21,1.0,566.29836275464,,431.8699538707733,,533.8701605796814,,563.8701915740967,,600.8701920509338,,663.8693809509277,
m_va,1,75,1.0,0.0,18,0.9444444444444444,533.9870172388413,405.9871435165405,388.9871597290039,405.9871435165405,432.7872097492218,405.9871435165405,533.9874029159546,405.9871435165405,582.9874992370605,405.9871435165405,719.7858810424806,405.9871435165405
m_va,1,75,1.0,1.0,16,0.875,511.0541390521186,459.8403126001358,379.34026420116425,455.4403096437454,399.14021492004395,457.6403111219406,444.84029710292816,459.8403126001358,536.1404895782471,462.040314078331,748.2385993003847,464.2403155565262
m_va,1,76,0.0,0.0,17,0.9411764705882353,541.7629033327103,406.9506824016571,396.4506983757019,406.9506824016571,430.4507374763489,406.9506824016571,533.4509313106537,406.9506824016571,581.9509923458099,406.9506824016571,749.4490146636963,406.9506824016571
m_va,1,76,0.0,1.0,21,1.0,564.068649496351,,433.449923992157,,483.4500551223755,,555.4502010345459,,589.4501209259033,,716.4484858512878,
m_va,1,76,1.0,0.0,18,0.9444444444444444,594.8499949539408,393.4388756752014,420.03891468048096,393.4388756752014,480.8390498161316,393.4388756752014,567.4391984939575,393.4388756752014,654.8382520675658,393.4388756752014,826.4360666275024,393.4388756752014
m_va,1,76,1.0,1.0,16,0.75,503.0195663372675,469.0200239419937,385.6199324131012,438.41994404792786,414.81990218162537,452.2199809551239,436.51995062828064,456.0199975967407,514.3200874328613,465.0200247764587,627.1197855472565,510.020124912262
m_va,1,77,0.0,0.0,17,1.0,546.6533127953024,,416.53579473495483,,475.53592920303345,,551.5360832214355,,581.1361312866211,,705.9345722198486,
m_va,1,77,0.0,1.0,21,1.0,570.0593065647852,,425.53579807281494,,494.5359528064728,,560.5360865592957,,596.5360403060913,,737.5341653823853,
m_va,1,77,1.0,0.0,18,0.9444444444444444,597.5809535559487,390.934556722641,417.33461022377014,390.934556722641,473.33473563194275,390.934556722641,579.9348950386047,390.934556722641,653.7339448928833,390.934556722641,822.9317665100098,390.934556722641
m_va,1,77,1.0,1.0,16,0.9375,514.3436372280121,464.67751264572144,380.07737398147583,464.67751264572144,415.0774121284485,464.67751264572144,451.67747139930725,464.67751264572144,521.6776371002197,464.67751264572144,738.8756752014159,464.67751264572144
m_va,1,78,0.0,0.0,17,1.0,519.4864763933069,,424.8629629611969,,476.66306495666504,,510.66315174102783,,536.8632078170776,,621.4627385139465,
m_va,1,78,0.0,1.0,21,0.9523809523809523,568.9328208565712,401.633083820343,422.23311960697174,401.633083820343,482.43324756622314,401.633083820343,566.133439540863,401.633083820343,620.8330631256102,401.633083820343,740.4315233230591,401.633083820343
m_va,1,78,1.0,0.0,18,0.9444444444444444,538.4093856110293,396.2920010089874,392.69200563430786,396.2920010089874,424.2920696735382,396.2920010089874,536.292314529419,396.2920010089874,567.0922875404357,396.2920010089874,746.0902690887451,396.2920010089874
m_va,1,78,1.0,1.0,16,0.8125,476.49020644334644,618.0542310078939,384.3212306499481,548.7212896347046,409.3212127685547,604.7209978103638,421.7212200164795,660.720705986023,478.52135896682734,665.5206441879272,535.3214740753174,670.3205823898315
m_va,1,79,0.0,0.0,17,1.0,558.4585649125717,,433.5881233215332,,533.9883089065552,,559.9883794784546,,582.1883916854858,,704.586935043335,
m_va,1,79,0.0,1.0,21,1.0,564.9574484143939,,424.8148798942566,,526.8150568008423,,540.8151149749756,,590.8151865005493,,744.8132038116455,
m_va,1,79,1.0,0.0,18,0.9444444444444444,532.5040571829852,404.5041501522064,394.10415291786194,404.5041501522064,428.50419878959656,404.5041501522064,553.504467010498,404.5041501522064,584.7045063972473,404.5041501522064,648.7037777900696,404.5041501522064
m_va,1,79,1.0,1.0,16,0.8125,455.29201168280383,800.4171252250671,383.9534521102905,502.95331478118896,419.75347995758057,601.3528823852539,446.75350189208984,699.7524499893188,498.55360984802246,918.9496278762816,540.5536770820618,1138.1468057632446
m_va,1,80,0.0,0.0,17,0.9411764705882353,552.4177141487598,400.2304673194885,402.23050117492676,400.2304673194885,458.7305933237076,400.2304673194885,551.7307817935944,400.2304673194885,594.2307114601135,400.2304673194885,736.228883266449,400.2304673194885
m_va,1,80,0.0,1.0,21,0.9523809523809523,529.6572417020798,396.657258272171,403.25728058815,396.657258272171,461.2573891878128,396.657258272171,546.6575622558594,396.657258272171,577.5575995445251,396.657258272171,673.6564040184021,396.657258272171
m_va,1,80,1.0,0.0,18,0.9444444444444444,556.2178317238303,400.68864822387695,412.8886818885803,400.68864822387695,473.2887983322143,400.68864822387695,561.6889595985413,400.68864822387695,600.8888125419617,400.68864822387695,728.4871697425842,400.68864822387695
m_va,1,80,1.0,1.0,16,1.0,517.7088845521212,,391.89672470092773,,413.89673948287964,,451.3968229293823,,561.8970394134521,,730.395257472992,
m_va,1,81,0.0,0.0,17,1.0,535.699469201705,,423.9585220813751,,438.1585478782654,,510.7586979866028,,571.9588279724121,,696.3573813438417,
m_va,1,81,0.0,1.0,21,0.9523809523809523,544.5956394076347,402.54583954811096,398.245832324028,402.54583954811096,463.0459666252136,402.54583954811096,536.0460877418518,402.54583954811096,574.2461323738098,402.54583954811096,740.6442523002625,402.54583954811096
m_va,1,81,1.0,0.0,18,0.9444444444444444,545.6022988347446,404.60240840911865,412.002432346344,404.60240840911865,455.2025079727173,404.60240840911865,561.6027116775513,404.60240840911865,577.2027492523193,404.60240840911865,721.0010766983032,404.60240840911865
m_va,1,81,1.0,1.0,16,0.875,512.8234028816223,540.6809598207474,379.18102741241455,469.0810590982437,412.48100996017456,504.88100945949554,445.6810802221298,540.6809598207474,528.181254863739,576.4809101819992,775.0787734985355,612.280860543251
m_va,1,82,0.0,0.0,17,0.9411764705882353,557.6091073453426,405.4218530654907,414.9218797683716,405.4218530654907,463.9219790697098,405.4218530654907,558.92214179039,405.4218530654907,598.422110080719,405.4218530654907,735.4203462600708,405.4218530654907
m_va,1,82,0.0,1.0,21,0.9523809523809523,558.1930726766586,403.19332480430603,423.4933525323868,403.19332480430603,472.39347100257874,403.19332480430603,556.6936433315277,403.19332480430603,604.493486881256,403.19332480430603,732.4918508529663,403.19332480430603
m_va,1,82,1.0,0.0,18,0.8888888888888888,574.9579165130854,396.64582908153534,403.1458795070648,395.0458377599716,466.14596247673035,395.8458334207535,584.1460525989532,396.64582908153534,619.1457808017731,397.4458247423172,740.6442165374756,398.24582040309906
m_va,1,82,1.0,1.0,16,0.75,478.4829244017601,525.8165076375008,380.91666996479034,396.3167041540146,391.816645860672,441.31671488285065,427.31668055057526,515.3168737888336,460.7167512178421,593.5168862342834,533.9168906211853,663.7160181999207
m_va,1,83,0.0,0.0,17,0.9411764705882353,555.309722200036,400.99745988845825,412.49747574329376,400.99745988845825,461.49757504463196,400.99745988845825,556.4977824687958,400.99745988845825,595.9977507591248,400.99745988845825,732.9959273338318,400.99745988845825
m_va,1,83,0.0,1.0,21,1.0,567.1563985801879,,427.5376796722412,,491.53780937194824,,557.5379133224487,,593.5378670692444,,734.5360517501831,
m_va,1,83,1.0,0.0,18,1.0,533.7885767221451,,416.71080589294434,,477.71094441413874,,546.5110540390015,,573.1111228466034,,622.6106882095338,
m_va,1,83,1.0,1.0,16,0.8125,482.68837195176343,509.7140471140543,385.380882024765,425.98090171813965,404.38088178634644,437.1809244155884,417.3808991909027,448.3809471130371,491.9810414314269,533.1806898117065,567.5812005996704,617.980432510376
m_va,1,84,0.0,0.0,17,1.0,525.1934808843276,,430.1699936389923,,476.7700672149658,,515.3701305389404,,542.5702333450317,,627.5697588920593,
m_va,1,84,0.0,1.0,21,0.9523809523809523,572.991307079792,398.6916244029999,429.8916906118393,398.6916244029999,500.59184134006495,398.6916244029999,561.1919462680817,398.6916244029999,608.2916975021362,398.6916244029999,731.3901126384735,398.6916244029999
m_va,1,84,1.0,0.0,18,0.9444444444444444,554.437435725156,400.8494019508362,408.64943265914917,400.8494019508362,472.04955816268915,400.8494019508362,555.8497309684753,400.8494019508362,592.449688911438,400.8494019508362,730.4479598999023,400.8494019508362
m_va,1,84,1.0,1.0,16,0.75,479.59738969802856,516.7642906308174,380.1644504070282,388.9644593000412,409.46444869041443,415.36445915699005,426.76447331905365,499.2646276950836,458.66454243659973,590.1646614074707,504.2646437883377,658.5638523101807
m_va,1,85,0.0,0.0,17,1.0,532.0843352990992,,416.860830783844,,466.26095175743103,,543.2611107826233,,570.8611249923706,,630.6606054306031,
m_va,1,85,0.0,1.0,21,1.0,613.7793362140656,,453.3514678478241,,572.3516941070557,,596.3515639305115,,620.351254940033,,792.3490405082703,
m_va,1,85,1.0,0.0,18,0.9444444444444444,577.2770240026362,396.21853828430176,404.818594455719,396.21853828430176,531.8188011646271,396.21853828430176,589.2188549041748,396.21853828430176,655.0179481506348,396.21853828430176,736.816930770874,396.21853828430176
m_va,1,85,1.0,1.0,16,0.75,491.0752127567927,478.49246114492416,374.94230568408966,391.3423389196396,395.34229934215546,437.5423699617386,425.2423346042633,484.7424477338791,456.04239106178284,529.4425308704376,620.9421157836914,560.6425940990448
m_va,1,86,0.0,0.0,17,0.9411764705882353,555.2974883466959,403.11023592948914,407.61028230190277,403.11023592948914,464.1103744506836,403.11023592948914,546.1105108261108,403.11023592948914,597.1104502677917,403.11023592948914,740.1086688041687,403.11023592948914
m_va,1,86,0.0,1.0,21,1.0,558.1434326512473,,413.0008816719055,,474.0009903907776,,536.0010862350464,,600.0010371208191,,741.9992089271545,
m_va,1,86,1.0,0.0,18,0.9444444444444444,578.8820946917814,395.0589895248413,403.0590057373047,395.0589895248413,531.2592506408691,395.0589895248413,560.0593090057373,395.0589895248413,615.4589414596558,395.0589895248413,746.8572616577148,395.0589895248413
m_va,1,86,1.0,1.0,16,0.9375,514.1807973384857,570.1150298118591,379.7147214412689,570.1150298118591,397.3146915435791,570.1150298118591,447.1147656440735,570.1150298118591,487.514865398407,570.1150298118591,838.3118152618408,570.1150298118591
m_va,1,87,0.0,0.0,17,1.0,549.5690230061026,,419.451504945755,,478.45160961151123,,556.4517974853516,,581.4518451690674,,707.8503251075745,
m_va,1,87,0.0,1.0,21,1.0,548.9893811089652,,431.46568536758423,,520.4658508300781,,547.4659204483032,,575.465977191925,,695.4644918441772,
m_va,1,87,1.0,0.0,18,0.9444444444444444,580.2965216776904,397.53222465515137,397.73223400115967,397.53222465515137,532.1325063705444,397.53222465515137,563.5325312614441,397.53222465515137,613.3322000503539,397.53222465515137,751.9304275512695,397.53222465515137
m_va,1,87,1.0,1.0,16,0.8125,466.5324825506944,597.0967411994934,375.7635474205017,537.5637888908386,388.7635290622711,555.163824558258,409.76351499557495,572.7638602256775,430.9635579586029,619.563353061676,607.1635007858278,666.3628458976746
m_va,1,88,0.0,0.0,17,1.0,529.2407940415775,,413.3350431919098,,435.7351005077362,,527.5352597236633,,570.5353736877441,,699.7339010238647,
m_va,1,88,0.0,1.0,21,0.9523809523809523,571.3915094733238,401.94177627563477,435.94185113906866,401.94177627563477,517.5419896841049,401.94177627563477,557.4420988559723,401.94177627563477,620.3417062759398,401.94177627563477,736.8402063846588,401.94177627563477
m_va,1,88,1.0,0.0,18,0.8888888888888888,523.0962932109833,475.22151470184326,398.2214033603668,412.4213933944702,425.22142827510834,443.82145404815674,547.2216606140137,475.22151470184326,576.2216746807098,506.6215753555298,664.7207140922546,538.0216360092163
m_va,1,88,1.0,1.0,16,0.875,519.0517008304596,581.3373625278473,383.83787870407104,483.33781361579895,420.7378685474396,532.3375880718231,455.8379352092743,581.3373625278473,482.4380040168762,630.3371369838715,550.3381431102753,679.3369114398956
m_va,1,89,0.0,0.0,17,1.0,547.4157543743357,,435.0981533527374,,519.4983303546906,,554.2984008789062,,571.0984349250793,,641.4977788925171,
m_va,1,89,0.0,1.0,21,1.0,541.7964543615069,,406.8441689014435,,482.8443229198456,,541.8444275856018,,572.8445053100586,,680.8433532714844,
m_va,1,89,1.0,0.0,18,0.9444444444444444,524.1608672282275,396.21978998184204,383.0198109149933,396.21978998184204,420.01984119415283,396.21978998184204,545.2200770378113,396.21978998184204,576.4201641082764,396.21978998184204,640.4193878173828,396.21978998184204
m_va,1,89,1.0,1.0,16,0.9375,511.780301729838,558.9144825935364,382.71418809890747,558.9144825935364,412.51418590545654,558.9144825935364,438.9142394065857,558.9144825935364,486.7143630981445,558.9144825935364,816.3115262985228,558.9144825935364
m_va,1,90,0.0,0.0,17,1.0,530.6507138644948,,423.2860207557678,,465.4861271381378,,533.8862538337708,,555.6862831115722,,637.6857757568359,
m_va,1,90,0.0,1.0,21,0.9523809523809523,590.9950450062752,394.0456211566925,426.6456872224808,394.0456211566925,475.54577589035034,394.0456211566925,570.0459778308868,394.0456211566925,646.6450810432434,394.0456211566925,803.443068265915,394.0456211566925
m_va,1,90,1.0,0.0,18,0.9444444444444444,544.7928589933059,401.6754627227783,396.8754827976227,401.6754627227783,430.6755483150482,401.6754627227783,541.6757464408875,401.6754627227783,574.2757558822632,401.6754627227783,753.6737322807312,401.6754627227783
m_va,1,90,1.0,1.0,16,0.75,452.54015922546387,674.2058396339417,381.9567382335663,583.4567666053772,442.4567848443985,646.4562773704529,458.9568227529526,676.9559383392334,468.4568375349045,706.3555598258971,504.65688705444336,762.7548336982727
m_va,1,91,0.0,0.0,17,1.0,558.5965005790487,,423.1848657131195,,533.9850842952728,,560.1851344108582,,584.7851872444153,,706.5836668014526,
m_va,1,91,0.0,1.0,21,1.0,569.3768575077966,,445.8533525466919,,499.8534917831421,,543.8535809516907,,600.853443145752,,709.8520398139954,
m_va,1,91,1.0,0.0,18,0.8888888888888888,556.0505520552397,491.4260804653168,409.4259440898895,419.42593455314636,431.42595887184143,455.42600750923157,569.9262619018555,491.4260804653168,586.9261920452118,527.426153421402,788.9237105846405,563.4262263774872
m_va,1,91,1.0,1.0,16,0.875,511.28384470939636,539.1413867473602,377.6414692401886,467.5414979457855,410.9414517879486,503.3414423465729,444.1415071487427,539.1413867473602,526.6416668891907,574.9413311481476,773.5392451286319,610.7412755489349
m_va,1,92,0.0,0.0,17,0.9411764705882353,581.8512625992298,404.78911995887756,415.28914868831635,404.78911995887756,516.7893618345261,404.78911995887756,567.7894651889801,404.78911995887756,607.2892844676971,404.78911995887756,750.2874433994293,404.78911995887756
m_va,1,92,0.0,1.0,21,1.0,586.0601422332581,,446.1557865142822,,537.1559858322144,,563.156008720398,,637.1554136276245,,732.154130935669,
m_va,1,92,1.0,0.0,18,0.9444444444444444,556.2178317238303,400.68864822387695,412.8886818885803,400.68864822387695,473.2887983322143,400.68864822387695,561.6889595985413,400.68864822387695,600.8888125419617,400.68864822387695,728.4871697425842,400.68864822387695
m_va,1,92,1.0,1.0,16,0.875,470.6678135054452,640.8818960189819,380.3822100162506,622.0821142196655,401.3821840286255,631.4820051193237,413.3822023868561,640.8818960189819,473.3823359012603,650.2817869186401,651.1817932128907,659.6816778182983
m_va,1,93,0.0,0.0,17,1.0,580.0593565492069,,429.73036766052246,,508.7305545806885,,556.5306544303894,,622.7301597595214,,728.5287976264954,
m_va,1,93,0.0,1.0,21,0.9523809523809523,608.8134959340096,407.9641103744507,422.3641276359558,407.9641103744507,490.3642773628235,407.9641103744507,597.9644656181335,407.9641103744507,675.9634613990783,407.9641103744507,819.6615576744081,407.9641103744507
m_va,1,93,1.0,0.0,18,0.9444444444444444,519.6138708030477,400.790274143219,407.79030323028564,400.790274143219,457.39039182662964,400.790274143219,531.790554523468,400.790274143219,552.3905992507935,400.790274143219,631.3901066780091,400.790274143219
m_va,1,93,1.0,1.0,16,0.875,491.64376301424846,595.786839723587,380.387020111084,547.787195444107,416.18701219558716,571.787017583847,443.28707456588745,595.786839723587,463.5871231555939,619.786661863327,713.3854746818546,643.786484003067
m_va,1,94,0.0,0.0,17,0.9411764705882353,556.7205902189016,402.40833163261414,407.9083502292633,402.40833163261414,456.9084495306015,402.40833163261414,562.9086494445801,402.40833163261414,597.4085927009583,402.40833163261414,734.4068288803101,402.40833163261414
m_va,1,94,0.0,1.0,21,1.0,570.7024789991832,,448.22657108306885,,528.2267332077026,,540.2267575263977,,596.226692199707,,704.2253017425537,
m_va,1,94,1.0,0.0,18,0.9444444444444444,582.0717408376581,400.30741691589355,407.70745277404785,400.30741691589355,535.5076909065247,400.30741691589355,572.3077654838562,400.30741691589355,616.9074296951294,400.30741691589355,747.905683517456,400.30741691589355
m_va,1,94,1.0,1.0,16,0.8125,488.11031304872955,510.2644364039103,369.8644459247589,446.06451988220215,409.464430809021,455.6645393371582,431.2644898891449,465.26455879211426,493.4646248817443,528.8644313812256,605.2643537521362,592.4643039703369
m_va,1,95,0.0,0.0,17,1.0,547.5054400808671,,427.50558853149414,,470.9056854248047,,554.5058250427246,,585.5059146881104,,706.5044045448303,
m_va,1,95,0.0,1.0,21,1.0,561.7574453353882,,420.9957718849182,,516.9959664344788,,543.9959764480591,,595.9959030151367,,737.9940748214722,
m_va,1,95,1.0,0.0,18,0.8888888888888888,563.6903326958418,393.1906968355179,411.1907184123993,390.3906971216202,436.19076907634735,391.79069697856903,563.6910498142242,393.1906968355179,602.6908159255981,394.59069669246674,780.6885242462158,395.9906965494156
m_va,1,95,1.0,1.0,16,0.8125,502.3228961687821,510.45153538386023,380.98474740982056,457.5848162174225,420.9847569465637,467.18483567237854,450.7848024368286,476.7848551273346,505.5849254131316,526.7848908901215,617.5846576690675,576.7849266529083
m_va,1,96,0.0,0.0,17,1.0,540.6901643556707,,418.5255765914917,,465.52566289901733,,555.9258460998535,,577.5258541107178,,678.9247393608093,
m_va,1,96,0.0,1.0,21,0.9523809523809523,580.3891032934189,403.5394489765167,430.0395041704178,403.5394489765167,522.1396744251251,403.5394489765167,576.0397911071777,403.5394489765167,643.6390876770018,403.5394489765167,741.8378591537476,403.5394489765167
m_va,1,96,1.0,0.0,18,0.9444444444444444,613.0332420854007,403.68109941482544,405.6811451911926,403.68109941482544,491.2813067436218,403.68109941482544,570.6814527511597,403.68109941482544,708.4799766540527,403.68109941482544,877.4778366088868,403.68109941482544
m_va,1,96,1.0,1.0,16,0.875,501.24696748597285,451.1759877204895,370.37592828273773,446.77597284317017,389.47591483592987,448.97598028182983,435.17595529556274,451.1759877204895,526.4761328697205,453.37599515914917,729.8743963241578,455.57600259780884
m_va,1,97,0.0,0.0,17,1.0,572.5583697066587,,416.25293493270874,,509.45311188697815,,550.8531928062439,,615.8527135848998,,723.0513334274292,
m_va,1,97,0.0,1.0,21,0.9523809523809523,600.4953294992447,399.6458351612091,434.44589376449585,399.6458351612091,543.4461414813995,399.6458351612091,576.6462087631226,399.6458351612091,629.9456417560577,399.6458351612091,799.4434595108035,399.6458351612091
m_va,1,97,1.0,0.0,18,0.8888888888888888,556.418938562274,422.7943420410156,389.7943049669266,405.5943012237549,454.2943984270096,414.19432163238525,556.2945902347565,422.7943420410156,585.7945084571838,431.394362449646,785.2921485900879,439.99438285827637
m_va,1,97,1.0,1.0,16,0.8125,452.695369720459,803.6409020423889,377.1106719970703,500.5105257034301,405.9106349945068,596.9100952148438,454.31071519851685,693.3096647262573,497.510826587677,922.1067190170288,532.5108885765077,1150.9037733078003
m_va,1,98,0.0,0.0,17,1.0,540.6867405947518,,414.8162603378296,,470.2163636684418,,552.2165298461914,,573.8165378570557,,674.6154308319092,
m_va,1,98,0.0,1.0,21,0.9523809523809523,583.1104889512062,403.96082401275635,416.76082015037537,403.96082401275635,523.7610459327698,403.96082401275635,576.4611661434174,403.96082401275635,640.6605362892151,403.96082401275635,749.5591759681702,403.96082401275635
m_va,1,98,1.0,0.0,18,0.8888888888888888,554.3222259730101,474.9477058649063,412.9475802183151,412.9475861787796,438.44762444496155,443.94764602184296,553.4478724002838,474.9477058649063,602.4476885795593,505.9477657079696,760.9456479549408,536.947825551033
m_va,1,98,1.0,1.0,16,0.8125,454.2416242452768,634.9849502245585,368.11883449554443,564.918851852417,383.5188090801239,620.1184272766113,405.3187966346741,675.3180027008057,443.51886510849,682.1179151535034,523.7190246582032,688.9178276062012
m_va,1,99,0.0,0.0,17,0.9411764705882353,584.0909201651812,407.4662923812866,427.46633291244507,407.4662923812866,501.4664828777313,407.4662923812866,587.4665677547455,407.4662923812866,663.4657382965088,407.4662923812866,748.4646439552307,407.4662923812866
m_va,1,99,0.0,1.0,21,0.9523809523809523,555.5106058716774,402.51079201698303,423.4108328819275,402.51079201698303,509.4110190868377,402.51079201698303,547.0110774040222,402.51079201698303,574.6110796928406,402.51079201698303,744.3091034889221,402.51079201698303
m_va,1,99,1.0,0.0,18,0.9444444444444444,556.9912861375248,399.34444427490234,406.3444495201111,399.34444427490234,471.54458761215204,399.34444427490234,562.3447895050049,399.34444427490234,601.5445947647095,399.34444427490234,729.1429996490479,399.34444427490234
m_va,1,99,1.0,1.0,16,0.8125,451.985077216075,634.7029010454813,370.5699682235718,583.7700843811035,388.9699339866638,618.5697555541992,404.36995029449463,653.3694267272949,419.1699743270874,665.7692670822144,522.7701902389526,678.1691074371338
m_va,2,0,0.0,0.0,17,0.9411764705882353,480.12801073491573,659.8775386810303,383.8781416416168,659.8775386810303,415.87816178798676,659.8775386810303,437.87819147109985,659.8775386810303,498.8783299922943,659.8775386810303,608.87810587883,659.8775386810303
m_va,2,0,0.0,1.0,21,0.9047619047619048,476.34496030054595,680.5532574653625,383.755624294281,442.15513467788696,412.95562982559204,561.3541960716248,442.55566596984863,680.5532574653625,477.3557662963867,799.7523188591002,631.9553732872009,918.9513802528381
m_va,2,0,1.0,0.0,18,0.8888888888888888,453.8454096764326,700.4684805870056,392.4703001976013,530.470073223114,421.4703291654587,615.4692769050598,438.47036361694336,700.4684805870056,464.47043120861053,785.4676842689514,550.970584154129,870.4668879508972
m_va,2,0,1.0,1.0,16,0.875,467.7536125694002,719.6800410747528,389.7821992635727,525.2819001674652,425.0822454690933,622.480970621109,447.68229126930237,719.6800410747528,464.7823244333267,816.8791115283966,553.2825261354448,914.0781819820404
m_va,2,1,0.0,0.0,17,0.9411764705882353,489.89371955394745,963.0769491195679,378.5814791917801,963.0769491195679,400.08147060871124,963.0769491195679,451.58155262470245,963.0769491195679,484.0816259384155,963.0769491195679,664.0807688236237,963.0769491195679
m_va,2,1,0.0,1.0,21,0.8571428571428571,512.5443985064825,631.5991481145223,378.00029814243317,447.2002148628235,416.2002980709076,540.4001355171204,454.60036396980286,633.6000561714172,539.5005345344543,724.3988871574402,708.599090576172,815.1977181434631
m_va,2,1,1.0,0.0,18,0.9444444444444444,485.7978680554558,975.6169319152832,387.8215193748474,975.6169319152832,415.6215310096741,975.6169319152832,436.6215765476227,975.6169319152832,499.02169704437256,975.6169319152832,597.6215958595276,975.6169319152832
m_va,2,1,1.0,1.0,16,0.875,456.2373033591679,697.878286242485,394.6800470352173,532.279834151268,420.6800788640976,615.0790601968765,437.3801201581955,697.878286242485,465.7801568508148,780.6775122880936,557.680356502533,863.4767383337021
m_va,2,2,0.0,0.0,17,0.9411764705882353,479.75907288491726,661.6960763931274,382.6967179775238,661.6960763931274,417.19672083854675,661.6960763931274,433.6967468261719,661.6960763931274,499.69691038131714,661.6960763931274,602.1966636180878,661.6960763931274
m_va,2,2,0.0,1.0,21,0.9047619047619048,484.9655220383092,551.4132380485535,380.9130370616913,516.613233089447,410.71304082870483,534.0132355690002,430.9130907058716,551.4132380485535,504.51323986053467,568.8132405281067,669.7122812271118,586.2132430076599
m_va,2,2,1.0,0.0,18,0.9444444444444444,504.74129704868085,966.5018320083618,384.5062553882599,966.5018320083618,414.9062514305115,966.5018320083618,440.50630927085876,966.5018320083618,540.9064888954163,966.5018320083618,685.3053927421571,966.5018320083618
m_va,2,2,1.0,1.0,16,0.875,471.50446687425887,730.8594882488251,392.36167073249817,537.6613557338715,399.56165850162506,634.2604219913483,439.36173617839813,730.8594882488251,477.26181149482727,827.4585545063018,627.0613431930543,924.0576207637787
m_va,2,3,0.0,0.0,17,0.9411764705882353,486.9759250432253,981.5340042114258,387.53870129585266,981.5340042114258,399.53868091106415,981.5340042114258,448.0387717485428,981.5340042114258,472.0388203859329,981.5340042114258,695.0376331806183,981.5340042114258
m_va,2,3,0.0,1.0,21,0.9047619047619048,509.7358462057615,700.9974718093872,396.7992067337036,536.1990213394165,420.79925537109375,618.5982465744019,468.99935603141785,700.9974718093872,507.19943046569824,783.3966970443726,665.5985832214355,865.7959222793579
m_va,2,3,1.0,0.0,18,0.8333333333333334,510.8994523684184,534.8995923995972,375.566565990448,412.5665783882141,409.1665506362915,466.5666699409485,441.5665864944458,520.5667614936829,529.3667793273925,591.7662501335144,749.5648264884949,662.965738773346
m_va,2,3,1.0,1.0,16,0.875,475.4410194499152,633.5823684930801,379.18407917022705,437.5837117433548,413.3840560913086,535.5830401182175,429.5840859413147,633.5823684930801,468.88418197631836,731.5816968679427,612.583899497986,829.5810252428055
m_va,2,4,0.0,0.0,17,1.0,503.3565181143144,,390.6742990016937,,422.0743238925934,,441.47437810897827,,478.8744390010833,,517.8745269775391,
m_va,2,4,0.0,1.0,21,0.9047619047619048,511.24728353399985,698.0353593826294,396.4369833469391,547.6368188858032,423.8370180130005,622.8360891342163,473.03712368011475,698.0353593826294,507.8371882438659,773.2346296310425,669.6363210678101,848.4338998794556
m_va,2,4,1.0,0.0,18,0.8888888888888888,464.1555119305849,726.3408601284027,381.84306025505066,533.1427276134491,401.34306252002716,629.7417938709259,434.84310805797577,726.3408601284027,474.3431806564331,822.9399263858794,597.3429083824158,919.5389926433563
m_va,2,4,1.0,1.0,16,0.8125,472.4654257297516,566.1832491556803,369.4500803947449,484.0502142906189,413.0500793457031,520.4502940177917,474.85020756721497,556.8503737449646,495.65024971961975,604.4499039649963,560.4503631591797,652.0494341850281
m_va,2,5,0.0,0.0,17,0.8823529411764706,489.9001141389211,503.63367795944214,382.8336238861084,421.233594417572,426.033616065979,462.4336361885071,437.6336336135864,503.63367795944214,511.2338066101074,544.8337197303772,628.4333944320678,586.0337615013123
m_va,2,5,0.0,1.0,21,0.9047619047619048,505.1016289936868,681.6529631614685,381.7545473575592,533.2543730735779,414.154577255249,607.4536681175232,459.1546654701233,681.6529631614685,518.5547709465027,755.8522582054138,727.5529384613036,830.0515532493591
m_va,2,5,1.0,0.0,18,0.8888888888888888,474.58368726074696,496.7089146375656,378.7088394165039,415.5088275671005,418.20885241031647,456.10887110233307,451.70892775058746,496.7089146375656,465.2089476585388,537.3089581727982,606.2087416648865,577.9090017080307
m_va,2,5,1.0,1.0,16,0.9375,467.6093141237895,921.6721653938293,378.6761164665222,921.6721653938293,412.2761130332947,921.6721653938293,425.6761372089386,921.6721653938293,471.07622623443604,921.6721653938293,553.4764051437378,921.6721653938293
m_va,2,6,0.0,0.0,17,0.9411764705882353,461.8056286126375,873.4898567199707,385.9931230545044,873.4898567199707,426.99313163757324,873.4898567199707,455.9932053089142,873.4898567199707,472.4932312965393,873.4898567199707,529.9933552742004,873.4898567199707
m_va,2,6,0.0,1.0,21,0.8095238095238095,489.9958600016201,597.6420044898987,390.44302701950073,412.9430830478668,419.4430470466614,473.5431611537933,465.64313769340515,518.6432600021362,505.2432060241699,595.342856645584,634.4426870346069,845.5399215221406
m_va,2,6,1.0,0.0,18,0.8888888888888888,463.2437080144882,563.7437105178833,380.243644118309,521.7437982559204,424.24365878105164,542.7437543869019,453.74372601509094,563.7437105178833,481.74378275871277,584.7436666488647,553.7439286708832,605.7436227798462
m_va,2,6,1.0,1.0,16,0.875,475.9373494556972,631.5786689519882,395.2803522348404,437.98000514507294,419.4803684949875,534.7793370485306,438.08041512966156,631.5786689519882,466.7804539203644,728.3780008554459,551.2806355953217,825.1773327589035
m_va,2,7,0.0,0.0,17,0.8823529411764706,477.4364113807678,545.0701117515564,381.1698615550995,517.4700617790222,417.96987652778625,531.2700867652893,433.56990814208984,545.0701117515564,472.56999015808105,558.8701367378235,663.569188117981,572.6701617240906
m_va,2,7,0.0,1.0,21,0.8571428571428571,482.4518942170673,624.6727108955383,392.50744581222534,436.2075090408325,431.7075043916702,462.6075506210327,463.0075544118881,489.0075922012329,499.40761327743525,678.2057762145995,601.2076139450073,867.4039602279663
m_va,2,7,1.0,0.0,18,0.8888888888888888,494.0909743309021,628.4645795822144,383.96620750427246,440.8658742904663,413.466215133667,534.6652269363403,453.4662961959839,628.4645795822144,500.46640634536743,722.2639322280884,665.9654676914215,816.0632848739624
m_va,2,7,1.0,1.0,16,0.875,458.6444390671594,698.5712349414825,385.27302145957947,530.1727831363678,415.8730387687683,614.3720090389252,430.57307600975037,698.5712349414825,450.5731076002121,782.7704608440399,561.9733452796937,866.9696867465973
m_va,2,8,0.0,0.0,17,0.8823529411764706,466.52093331019086,692.1858787536621,382.1876347064972,527.3874282836914,411.587655544281,609.7866535186768,458.1877589225769,692.1858787536621,482.5877964496612,774.5851039886475,588.987410068512,856.9843292236328
m_va,2,8,0.0,1.0,21,0.9047619047619048,481.43117521938524,566.536545753479,387.3364806175232,525.7366418838501,419.13650035858154,546.1365938186646,445.5365538597107,566.536545753479,506.33665323257446,586.9364976882935,640.7361268997192,607.3364496231079
m_va,2,8,1.0,0.0,18,0.9444444444444444,458.6481855196111,855.8804988861084,376.4836072921753,855.8804988861084,411.4836037158966,855.8804988861084,449.88366961479187,855.8804988861084,459.28369760513306,855.8804988861084,510.08380651474005,855.8804988861084
m_va,2,8,1.0,1.0,16,0.9375,453.0071576436361,861.3373041152954,381.1405062675476,861.3373041152954,421.1405277252197,861.3373041152954,443.34056973457336,861.3373041152954,460.74059009551996,861.3373041152954,492.7406668663025,861.3373041152954
m_va,2,9,0.0,0.0,17,0.9411764705882353,474.88485276699066,655.2594900131226,385.2600008249283,655.2594900131226,413.2600128650665,655.2594900131226,453.7600874900818,655.2594900131226,465.2601182460785,655.2594900131226,601.2599468231201,655.2594900131226
m_va,2,9,0.0,1.0,21,0.9047619047619048,486.9671636506131,733.5440814495087,383.74635577201843,536.7460191249847,410.1463556289673,635.1450502872467,435.5463981628418,733.5440814495087,469.54647302627563,831.9431126117706,669.7455883026122,930.3421437740326
m_va,2,9,1.0,0.0,18,0.8888888888888888,475.0127848237753,501.07541680336,380.07543981075287,410.67541241645813,419.0754443407059,455.87541460990906,443.5754865407944,501.07541680336,463.575541973114,546.2754189968109,607.0753335952759,591.4754211902618
m_va,2,9,1.0,1.0,16,0.875,472.0837793179921,624.4393587112427,392.1410232782364,426.8407106399536,417.54108369350433,525.6400346755981,453.44115793704987,624.4393587112427,471.0411787033081,723.2386827468872,532.7413290739061,822.0380067825317
m_va,2,10,0.0,0.0,17,0.8823529411764706,480.06321390469867,674.7277975082397,380.73002099990845,447.52957820892334,407.530015707016,561.1286878585815,469.7301387786865,674.7277975082397,485.73019504547113,788.3269071578978,559.130334854126,901.9260168075562
m_va,2,10,0.0,1.0,21,0.9047619047619048,481.63472194420666,547.9508340358734,391.750568151474,520.7507789134979,408.7505578994751,534.3508064746857,445.95062732696533,547.9508340358734,492.9507374763489,561.5508615970612,646.5501308441162,575.1508891582489
m_va,2,10,1.0,0.0,18,0.8333333333333334,463.17435304323834,612.6395960648855,371.5076744556427,424.50771927833557,412.1077060699463,450.9077727794647,465.3078019618988,477.3078262805939,480.70784807205195,666.1060035228728,558.3079934120177,854.904180765152
m_va,2,10,1.0,1.0,16,0.875,487.8548617873873,623.5677748918533,392.66937375068665,437.1690422296524,411.8694007396698,530.3684085607529,463.06948363780975,623.5677748918533,477.8695195913314,716.7671412229537,613.769030570984,809.9665075540543
m_va,2,11,0.0,0.0,17,0.9411764705882353,483.02019760012627,664.4573211669922,392.45784282684326,664.4573211669922,422.9578524827957,664.4573211669922,462.45795488357544,664.4573211669922,472.4579453468323,664.4573211669922,609.9577844142914,664.4573211669922
m_va,2,11,0.0,1.0,21,0.9047619047619048,538.6219981469607,942.5656199455261,384.56984758377075,919.365918636322,426.769894361496,930.9657692909241,496.57005071640015,942.5656199455261,561.3701701164246,954.1654706001282,790.7675266265868,965.7653212547302
m_va,2,11,1.0,0.0,18,0.9444444444444444,455.3955653134514,935.0384473800659,382.6426029205322,935.0384473800659,417.84263849258423,935.0384473800659,437.0426535606384,935.0384473800659,462.44271993637085,935.0384473800659,527.2428750991821,935.0384473800659
m_va,2,11,1.0,1.0,16,0.875,483.0548273665564,643.1960761547089,389.39782083034515,441.9974744319916,426.497820019722,542.5967752933502,437.6978278160095,643.1960761547089,499.89795684814453,743.7953770160675,575.498116016388,844.3946778774261
m_va,2,12,0.0,0.0,17,0.8823529411764706,462.0235025882721,696.5550780296326,379.15688157081604,530.1566481590271,405.95688819885254,613.3558630943298,435.55694818496704,696.5550780296326,472.75699377059937,779.7542929649353,583.9567661285399,862.953507900238
m_va,2,12,0.0,1.0,21,0.9523809523809523,502.313295006752,975.1588702201843,397.16352820396423,975.1588702201843,428.3635884523392,975.1588702201843,461.16364002227783,975.1588702201843,485.06370782852173,975.1588702201843,662.4628424644474,975.1588702201843
m_va,2,12,1.0,0.0,18,0.8888888888888888,476.0807529091835,493.51853132247925,376.51847302913666,411.11844778060913,407.5184464454651,452.3184895515442,423.51847887039185,493.51853132247925,466.5185809135437,534.7185730934143,643.0180072784424,575.9186148643494
m_va,2,12,1.0,1.0,16,0.875,466.1059571163995,719.8896110057831,378.3917725086212,525.8914411067963,386.1917585134506,622.8905260562897,434.3917965888977,719.8896110057831,470.491886138916,816.8886959552765,619.9914574623109,913.8877809047699
m_va,2,13,0.0,0.0,17,0.9411764705882353,469.2021030932665,977.8225421905518,379.327267408371,977.8225421905518,414.3272787332535,977.8225421905518,437.82731890678406,977.8225421905518,469.8273837566376,977.8225421905518,569.327101111412,977.8225421905518
m_va,2,13,0.0,1.0,21,0.8571428571428571,565.8013886875577,642.0784294605255,410.07982194423676,480.2799642086029,445.17987966537476,482.6799690723419,492.57999658584595,485.07997393608093,656.0792326927184,675.8781254291533,803.7773489952089,866.676276922226
m_va,2,13,1.0,0.0,18,0.9444444444444444,484.0108366573558,976.0063290596008,386.21097207069397,976.0063290596008,418.81099939346313,976.0063290596008,444.01103258132935,976.0063290596008,490.2111530303955,976.0063290596008,601.4110088348389,976.0063290596008
m_va,2,13,1.0,1.0,16,0.875,464.8790721382414,686.1631572246552,380.96476197242737,536.1646115779877,409.564808011055,611.1638844013214,450.16488432884216,686.1631572246552,477.8649449348449,761.1624300479889,544.9650645256042,836.1617028713226
m_va,2,14,0.0,0.0,17,0.9411764705882353,455.2874844521284,1064.281702041626,390.287384390831,1064.281702041626,423.7874001264572,1064.281702041626,448.2874572277069,1064.281702041626,467.787504196167,1064.281702041626,534.2876315116882,1064.281702041626
m_va,2,14,0.0,1.0,21,0.9523809523809523,561.6525515913963,974.3986129760742,393.4033393859863,974.3986129760742,427.703395485878,974.3986129760742,466.9034779071808,974.3986129760742,614.403247833252,974.3986129760742,846.2002635002137,974.3986129760742
m_va,2,14,1.0,0.0,18,0.8888888888888888,478.23878191411495,498.4264075756073,379.9264281988144,408.02640318870544,415.9264266490936,453.2264053821564,426.92646384239197,498.4264075756073,497.4265992641449,543.6264097690582,613.4263277053833,588.8264119625092
m_va,2,14,1.0,1.0,16,0.875,488.5188617876598,492.0191019773483,391.4190351963043,409.2190355062485,420.3190565109253,450.6190687417984,450.01912117004395,492.0191019773483,473.419189453125,533.4191352128983,615.8187448978425,574.8191684484482
m_va,2,15,0.0,0.0,17,0.9411764705882353,486.7806565016508,649.467945098877,392.46831834316254,649.467945098877,425.4683554172516,649.467945098877,444.4683939218521,649.467945098877,474.96846318244934,649.467945098877,599.9681949615479,649.467945098877
m_va,2,15,0.0,1.0,21,0.9523809523809523,514.4441172480583,919.6405410766602,392.9444134235382,919.6405410766602,429.7444701194763,919.6405410766602,458.6445391178131,919.6405410766602,519.1446483135222,919.6405410766602,748.3427405357362,919.6405410766602
m_va,2,15,1.0,0.0,18,0.8888888888888888,476.53887048363686,502.6015192270279,381.6015273332596,412.2015029191971,420.6015318632126,457.4015110731125,445.1015889644623,502.6015192270279,465.10161459445953,547.8015273809433,608.6014211177826,593.0015355348587
m_va,2,15,1.0,1.0,16,0.9375,477.96584963798523,970.4280495643616,385.8326494693756,970.4280495643616,417.8326666355133,970.4280495643616,442.432701587677,970.4280495643616,485.23281812667847,970.4280495643616,551.4329433441162,970.4280495643616
m_va,2,16,0.0,0.0,17,0.8823529411764706,472.8604992230733,693.9922571182251,382.5938820838928,543.5937166213989,418.7939167022705,618.792986869812,453.9939761161804,693.9922571182251,490.9940600395202,769.1915273666382,595.3936100006104,844.3907976150513
m_va,2,16,0.0,1.0,21,0.9523809523809523,491.91529005765915,639.5151019096375,386.9154542684555,639.5151019096375,421.6154843568802,639.5151019096375,449.0155279636383,639.5151019096375,485.515609383583,639.5151019096375,646.8150079250336,639.5151019096375
m_va,2,16,1.0,0.0,18,0.8333333333333334,490.9933666388194,576.1258204778036,375.7935047149658,409.5935106277466,417.79351234436035,443.1935787200928,477.7936339378357,476.79364681243896,514.1936957836151,629.5923233032225,660.5928421020507,782.3909997940063
m_va,2,16,1.0,1.0,16,0.875,480.28523368494854,505.4996907711029,386.09970808029175,415.09968638420105,406.59968852996826,460.299688577652,431.99972808361053,505.4996907711029,473.4998345375061,550.6996929645538,623.999446630478,595.8996951580048
m_va,2,17,0.0,0.0,17,0.9411764705882353,463.16906809806824,660.1684093475342,385.6690227985382,660.1684093475342,416.16904735565186,660.1684093475342,449.1691291332245,660.1684093475342,468.6691462993622,660.1684093475342,576.1692225933075,660.1684093475342
m_va,2,17,0.0,1.0,21,0.9047619047619048,481.43117521938524,566.536545753479,387.3364806175232,525.7366418838501,419.13650035858154,546.1365938186646,445.5365538597107,566.536545753479,506.33665323257446,586.9364976882935,640.7361268997192,607.3364496231079
m_va,2,17,1.0,0.0,18,0.8888888888888888,463.26054632663727,729.070782661438,384.07303392887115,533.0726861953735,399.57302808761597,631.0717344284058,436.07306480407715,729.070782661438,492.57320165634155,827.0698308944702,558.5733354091644,925.0688791275024
m_va,2,17,1.0,1.0,16,0.875,476.2076905795506,634.4204097986221,382.62210488319397,438.4217530488968,411.9221180677414,536.4210814237595,430.4221272468567,634.4204097986221,496.72227501869196,732.4197381734847,560.9224081039429,830.4190665483475
m_va,2,18,0.0,0.0,17,0.9411764705882353,489.9364486336708,445.9993243217468,386.9992345571518,445.9993243217468,418.99925470352173,445.9993243217468,441.99928641319275,445.9993243217468,466.999351978302,445.9993243217468,681.4981698989868,445.9993243217468
m_va,2,18,0.0,1.0,21,0.9047619047619048,505.518703084243,696.7276632785797,386.929452419281,531.9292366504669,416.3294792175293,614.3284499645233,468.72958540916443,696.7276632785797,513.7296915054321,779.1268765926361,662.1287941932677,861.5260899066925
m_va,2,18,1.0,0.0,18,0.8333333333333334,469.8365132013957,617.0350909233093,379.10319566726685,427.70323157310486,415.9032106399536,451.703280210495,433.7032437324524,475.70332884788513,491.5033459663391,669.3014919757843,564.7034883499146,862.8996551036835
m_va,2,18,1.0,1.0,16,0.875,479.8583132880075,655.4278582334518,374.12990033626556,439.02946412563324,408.8298588991165,547.2286611795425,448.92993569374084,655.4278582334518,503.03004980087286,763.6270552873611,560.1301848888398,871.8262523412704
m_va,2,19,0.0,0.0,17,0.9411764705882353,477.27544233202934,655.9625267982483,383.4631145000458,655.9625267982483,412.9631370306015,655.9625267982483,430.9631735086441,655.9625267982483,466.46325290203094,655.9625267982483,634.4628036022186,655.9625267982483
m_va,2,19,0.0,1.0,21,0.9047619047619048,490.5687288234108,547.2270250320435,384.52674746513367,519.6269750595093,417.32675433158875,533.4270000457764,435.7267916202545,547.2270250320435,529.7269582748413,561.0270500183105,688.9257669448853,574.8270750045776
m_va,2,19,1.0,0.0,18,0.8888888888888888,452.11465656757355,697.3628401756287,375.8646696805954,528.9644122123718,409.8646640777588,613.1636261940002,429.3647110462189,697.3628401756287,455.8647572994232,781.5620541572571,555.3649663925171,865.7612681388855
m_va,2,19,1.0,1.0,16,0.9375,476.18594765663147,957.581639289856,378.58607172966003,957.581639289856,409.3860864639282,957.581639289856,430.5861294269562,957.581639289856,486.386239528656,957.581639289856,550.5863904953003,957.581639289856
m_va,2,20,0.0,0.0,17,0.9411764705882353,463.6987913399935,921.8824505805969,378.886416554451,921.8824505805969,413.8864129781723,921.8824505805969,423.38643968105316,921.8824505805969,457.3864936828613,921.8824505805969,549.8867034912109,921.8824505805969
m_va,2,20,0.0,1.0,21,0.8571428571428571,502.4416993061701,533.6641867955526,382.6973855495453,486.797571182251,432.29744732379913,498.3975887298584,472.9975312948227,509.9976062774658,540.7976567745209,549.9975204467773,681.6964685916901,589.9974346160889
m_va,2,20,1.0,0.0,18,0.8888888888888888,483.744153752923,480.61950504779816,390.1193290948868,411.01936399936676,419.11937296390533,445.81943452358246,453.61945033073425,480.61950504779816,470.61946988105774,515.4195755720139,621.1190223693848,550.2196460962296
m_va,2,20,1.0,1.0,16,0.875,466.0074476684843,724.3624776601791,378.86467576026917,528.7643402814865,386.6646617650986,626.5634089708328,434.86469984054565,724.3624776601791,470.96478939056396,822.1615463495255,621.1643517017366,919.9606150388718
m_va,2,21,0.0,0.0,17,0.9411764705882353,471.44630923867226,638.3836269378662,377.3839771747589,638.3836269378662,411.88399493694305,638.3836269378662,447.3840594291687,638.3836269378662,459.88407731056213,638.3836269378662,598.383903503418,638.3836269378662
m_va,2,21,0.0,1.0,21,0.9047619047619048,492.52444662545855,507.9982727766037,391.1983072757721,417.5982803106308,423.1982946395874,462.79827654361725,441.99836254119873,507.9982727766037,484.79844331741333,553.1982690095901,657.1978569030762,598.3982652425766
m_va,2,21,1.0,0.0,18,0.8888888888888888,470.55551037192345,498.80556762218475,383.3055943250656,408.40557515621185,424.30563271045685,453.6055713891983,447.8056728839874,498.80556762218475,467.8057134151459,544.0055638551712,591.3055241107941,589.2055600881577
m_va,2,21,1.0,1.0,16,0.875,462.5461293118341,714.9012386798859,376.4033377170563,527.3030340671539,399.80333745479584,621.1021363735199,441.40341877937317,714.9012386798859,474.4035005569458,808.7003409862518,601.3029873371127,902.4994432926178
m_va,2,22,0.0,0.0,17,0.8823529411764706,465.88330268859863,566.3166344165802,385.2165639400482,524.3167459964752,423.61658811569214,545.3166902065277,460.8166813850403,566.3166344165802,475.6166934967041,587.3165786266327,557.8168869018555,608.3165228366852
m_va,2,22,0.0,1.0,21,0.9523809523809523,521.5873822569847,915.9337282180786,390.937602519989,915.9337282180786,429.6376556158066,915.9337282180786,487.43776977062225,915.9337282180786,557.8379154205322,915.9337282180786,704.0364503860475,915.9337282180786
m_va,2,22,1.0,0.0,18,0.8888888888888888,464.6915551275015,731.0642898082733,387.0665431022644,534.6661984920502,415.06654024124146,632.8652441501617,437.5665783882141,731.0642898082733,493.56670677661896,829.2633354663849,552.5668263435364,927.4623811244965
m_va,2,22,1.0,1.0,16,0.875,509.6876152924129,624.6864497661591,380.5880278348923,440.68769812583923,415.5880391597748,532.6870739459991,461.1881375312805,624.6864497661591,492.78819262981415,716.6858255863189,727.7864813804628,808.6852014064789
m_va,2,23,0.0,0.0,17,0.8823529411764706,477.2995014985402,555.1331341266632,382.63293504714966,520.3331530094147,419.03295516967773,537.7331435680389,434.6329867839813,555.1331341266632,473.63306283950806,572.5331246852875,653.8323998451233,589.9331152439117
m_va,2,23,0.0,1.0,21,0.9523809523809523,475.67547857761383,654.5251607894897,387.32564747333527,654.5251607894897,404.22564148902893,654.5251607894897,433.02568793296814,654.5251607894897,463.4257525205612,654.5251607894897,649.3252277374269,654.5251607894897
m_va,2,23,1.0,0.0,18,0.8888888888888888,476.8868628889322,501.8244832754135,383.82449746131897,412.224480509758,420.8245128393173,457.02448189258575,456.8246006965637,501.8244832754135,467.8246080875397,546.6244846582413,607.824444770813,591.424486041069
m_va,2,23,1.0,1.0,16,0.875,474.0976329360689,500.88341534137726,376.48342847824097,409.68340933322906,411.98343336582184,455.28341233730316,445.88348269462585,500.88341534137726,480.88356852531433,546.4834183454514,639.983081817627,592.0834213495255
m_va,2,24,0.0,0.0,17,0.9411764705882353,478.92589680850506,649.613082408905,379.1135996580124,649.613082408905,417.11361706256866,649.613082408905,435.61363220214844,649.613082408905,466.11370146274567,649.613082408905,639.1132175922394,649.613082408905
m_va,2,24,0.0,1.0,21,0.9047619047619048,572.0450203669699,692.6230192184448,414.8246765136719,539.8244619369507,446.4247405529022,616.2237405776978,502.62486934661865,692.6230192184448,567.0249819755554,769.0222978591919,774.8225688934325,845.421576499939
m_va,2,24,1.0,0.0,18,0.9444444444444444,464.6381192347583,918.1637763977051,370.1677083969116,918.1637763977051,411.9676947593689,918.1637763977051,424.1677224636078,918.1637763977051,462.1678113937378,918.1637763977051,577.3677110671997,918.1637763977051
m_va,2,24,1.0,1.0,16,0.9375,479.46096658706665,965.5232429504395,382.527756690979,965.5232429504395,418.52779388427734,965.5232429504395,434.52781438827515,965.5232429504395,486.7279171943664,965.5232429504395,555.728030204773,965.5232429504395
m_va,2,25,0.0,0.0,17,0.8823529411764706,462.49236067136127,698.8904774188995,382.49229192733765,534.0920507907867,415.2923107147217,616.4912641048431,443.89235973358154,698.8904774188995,490.0924563407898,781.2896907329559,554.4925808906555,863.6889040470123
m_va,2,25,0.0,1.0,21,0.9523809523809523,522.627829015255,643.7777876853943,395.3781187534332,643.7777876853943,427.278134226799,643.7777876853943,469.77823972702026,643.7777876853943,545.0784027576447,643.7777876853943,675.6773769855502,643.7777876853943
m_va,2,25,1.0,0.0,18,0.8888888888888888,471.70398011803627,553.7042319774628,384.70402359962463,519.304221868515,410.20403802394867,536.5042269229889,432.7040910720825,553.7042319774628,499.20421838760376,570.9042370319366,619.2038357257843,588.1042420864105
m_va,2,25,1.0,1.0,16,0.875,483.24512370995114,489.6738678216934,381.97383880615234,399.2738515138626,410.6738865375519,444.473859667778,434.17392671108246,489.6738678216934,510.07407307624817,534.8738759756088,616.5736198425293,580.0738841295242
m_va,2,26,0.0,0.0,17,0.8823529411764706,477.4364113807678,545.0701117515564,381.1698615550995,517.4700617790222,417.96987652778625,531.2700867652893,433.56990814208984,545.0701117515564,472.56999015808105,558.8701367378235,663.569188117981,572.6701617240906
m_va,2,26,0.0,1.0,21,0.9047619047619048,481.3956806534215,698.3413696289062,382.54316449165344,531.9429397583008,410.14318466186523,615.1421546936035,440.3432309627533,698.3413696289062,486.7433190345764,781.540584564209,651.5426397323608,864.7397994995117
m_va,2,26,1.0,0.0,18,0.8888888888888888,478.95645536482334,503.8940757513046,385.8940899372101,414.2940729856491,422.89410531520844,459.09407436847687,458.89419317245483,503.8940757513046,469.8942005634308,548.6940771341324,609.8940372467041,593.4940785169601
m_va,2,26,1.0,1.0,16,0.9375,462.661349773407,931.1907291412354,383.3948075771332,931.1907291412354,412.19480633735657,931.1907291412354,435.19484996795654,931.1907291412354,456.1949074268341,931.1907291412354,540.795075893402,931.1907291412354
m_va,2,27,0.0,0.0,17,0.9411764705882353,486.6783693432808,970.923900604248,386.42850518226624,970.923900604248,428.92855405807495,970.923900604248,464.4286185503006,970.923900604248,481.4286530017853,970.923900604248,599.4284152984619,970.923900604248
m_va,2,27,0.0,1.0,21,0.9047619047619048,524.1749035684686,560.9121322631836,389.1120374202728,520.1122283935547,429.3121039867401,540.5121803283691,490.91222882270813,560.9121322631836,557.7123403549194,581.312084197998,717.7106618881224,601.7120361328125
m_va,2,27,1.0,0.0,18,0.8888888888888888,486.5367468446493,494.09960210323334,394.0993994474411,418.49944293498993,425.0994324684143,456.29952251911163,442.59947538375854,494.09960210323334,470.59953212738037,531.899681687355,617.0992255210876,569.6997612714767
m_va,2,27,1.0,1.0,16,0.9375,465.8624807993571,915.8587455749512,363.86271715164185,915.8587455749512,413.0626916885376,915.8587455749512,421.86272144317627,915.8587455749512,457.8627943992615,915.8587455749512,601.8625259399414,915.8587455749512
m_va,2,28,0.0,0.0,17,0.8823529411764706,469.0878053506216,579.4876217842102,387.8877520561218,521.8878388404846,428.28776240348816,550.6877303123474,466.4878249168396,579.4876217842102,486.487877368927,608.287513256073,567.8880453109741,637.0874047279358
m_va,2,28,0.0,1.0,21,0.9523809523809523,489.4678846001625,638.3677124977112,387.7680718898773,638.3677124977112,414.7680878639221,638.3677124977112,436.8681311607361,638.3677124977112,485.2682471275329,638.3677124977112,653.2675206661224,638.3677124977112
m_va,2,28,1.0,0.0,18,0.8888888888888888,455.6950516998768,671.0060685873032,388.0074620246887,529.4073075056076,430.0074875354767,600.2066880464554,455.5075317621231,671.0060685873032,472.0075726509094,741.8054491281509,524.5076715946198,812.6048296689987
m_va,2,28,1.0,1.0,16,0.875,472.6646797997611,631.6631138324738,378.4648001194,434.4644606113434,416.6648030281067,533.0637872219086,427.16485261917114,631.6631138324738,489.3649756908416,730.2624404430389,564.6651268005371,828.8617670536041
m_va,2,29,0.0,0.0,17,0.9411764705882353,482.13150911033154,656.5686464309692,382.0692002773285,656.5686464309692,420.0692027807236,656.5686464309692,430.56923151016235,656.5686464309692,470.0693190097809,656.5686464309692,640.5688524246216,656.5686464309692
m_va,2,29,0.0,1.0,21,0.8571428571428571,494.8676923910777,610.2000872294108,385.13446748256683,457.5345516204834,419.53448951244354,481.53460025787354,479.5346111059189,505.5346488952637,521.2346822023392,655.1332235336304,664.0338182449341,804.7317981719971
m_va,2,29,1.0,0.0,18,0.8888888888888888,467.92969293892384,635.5531513690948,376.5548765659332,439.55450654029846,416.0548597574234,537.5538289546967,428.05488407611847,635.5531513690948,458.5549533367157,733.552473783493,597.0547795295715,831.5517961978912
m_va,2,29,1.0,1.0,16,0.8125,466.3342122848218,577.7692000071207,374.7035562992096,411.3035559654236,416.303551197052,445.70361375808716,423.10357093811035,480.10367155075073,454.50362563133234,631.7023634910583,636.9030952453613,783.301055431366
m_va,2,30,0.0,0.0,17,0.8823529411764706,478.62670620282495,569.4600343704224,406.55996203422546,527.4601221084595,437.96002864837646,548.4600782394409,448.9600360393524,569.4600343704224,501.56011581420887,590.4599905014038,568.5602903366089,611.4599466323853
m_va,2,30,0.0,1.0,21,0.8571428571428571,489.3476814031601,604.680081208547,379.6144515275955,452.0145654678345,414.2144739627838,476.0146141052246,474.01459515094757,500.01466274261475,515.7146930694579,649.6132135391235,658.8138103485109,799.2117643356323
m_va,2,30,1.0,0.0,18,0.8888888888888888,475.21862387657166,629.6546459197998,383.65624845027924,442.45591163635254,420.1562702655792,536.0552787780762,429.15627360343933,629.6546459197998,482.1563959121704,723.2540130615234,558.6565434932709,816.8533802032471
m_va,2,30,1.0,1.0,16,0.875,446.6530361345836,668.6515361070633,372.75294959545135,524.6527820825577,414.3529623746872,596.6521590948105,438.65299224853516,668.6515361070633,467.153063416481,740.6509131193161,542.9531872272491,812.6502901315689
m_va,2,31,0.0,0.0,17,0.9411764705882353,458.86988937854767,919.1784858703613,371.6825097799301,919.1784858703613,407.1824997663498,919.1784858703613,418.6825156211853,919.1784858703613,455.18261194229126,919.1784858703613,545.1827943325043,919.1784858703613
m_va,2,31,0.0,1.0,21,0.9523809523809523,491.9280454516411,639.5278573036194,385.2282077074051,639.5278573036194,421.6282397508621,639.5278573036194,447.0282793045044,639.5278573036194,487.9283696413039,639.5278573036194,646.8277633190155,639.5278573036194
m_va,2,31,1.0,0.0,18,0.8333333333333334,494.35561299324036,594.8879023392996,380.8224558830261,412.02245354652405,418.0224418640137,445.6225097179413,469.2225456237793,479.2225658893585,506.22260570526123,651.621025800705,675.8216261863707,824.0194857120514
m_va,2,31,1.0,1.0,16,0.875,465.48164742333546,725.9794771671295,379.2817234992981,530.3813755512238,393.68169009685516,628.1804263591766,433.48176777362823,725.9794771671295,469.58184242248535,823.7785279750824,620.4813957214357,921.5775787830353
m_va,2,32,0.0,0.0,17,0.8823529411764706,478.48060131073,693.512350320816,389.61392045021057,544.3137943744659,421.81396484375,618.913072347641,464.01405334472656,693.512350320816,515.0141656398772,768.1116282939911,563.6142253875732,842.7109062671661
m_va,2,32,0.0,1.0,21,0.9523809523809523,492.27403849363327,641.9738531112671,388.37419152259827,641.9738531112671,419.9742078781128,641.9738531112671,454.4742852449417,641.9738531112671,488.3743524551391,641.9738531112671,647.0737338066101,641.9738531112671
m_va,2,32,1.0,0.0,18,0.8888888888888888,485.54915376007557,691.5475726127625,388.0491554737091,542.3489928245544,422.54917323589325,616.9482827186584,470.5492705106735,691.5475726127625,522.5493907928467,766.1468625068665,598.5492765903473,840.7461524009705
m_va,2,32,1.0,1.0,16,0.875,494.95565465518405,499.0273267030716,397.6272612810135,416.62725508213043,434.2272996902466,457.827290892601,455.5273652076721,499.0273267030716,479.8274040222168,540.2273625135422,622.3269760608674,581.4273983240128
m_va,2,33,0.0,0.0,17,0.9411764705882353,475.15443712472916,930.1506280899048,387.6545876264572,930.1506280899048,426.15458369255066,930.1506280899048,439.6546185016632,930.1506280899048,472.65467047691345,930.1506280899048,552.1548390388489,930.1506280899048
m_va,2,33,0.0,1.0,21,0.9523809523809523,464.2979025840759,935.7938170433044,389.79793190956116,935.7938170433044,418.29795837402344,935.7938170433044,435.7979893684387,935.7938170433044,465.098038315773,935.7938170433044,554.3981909751893,935.7938170433044
m_va,2,33,1.0,0.0,18,0.8888888888888888,480.7099439203739,691.3333833217621,381.835013628006,541.3348376750946,418.33505034446716,616.3341104984283,463.33514153957367,691.3333833217621,494.33520436286926,766.3326561450958,648.3345031738281,841.3319289684296
m_va,2,33,1.0,1.0,16,0.875,482.0051874433245,639.5751088857651,384.97680127620697,442.37646758556366,425.2768278121948,540.9757882356644,436.076819896698,639.5751088857651,475.37691593170166,738.1744295358658,619.0766334533693,836.7737501859665
m_va,2,34,0.0,0.0,17,0.8823529411764706,484.20011798540753,635.0651979446411,403.6668658256531,437.46654987335205,431.2669277191162,536.2658739089966,465.0669991970062,635.0651979446411,494.06704902648926,733.8645219802856,539.0671372413634,832.6638460159302
m_va,2,34,0.0,1.0,21,0.9047619047619048,478.51873071570145,674.885019659996,384.8872244358063,447.68678843975067,410.88724732398987,561.2859040498734,469.887375831604,674.885019659996,495.6873893737793,788.4841352701186,578.4875988960266,902.0832508802414
m_va,2,34,1.0,0.0,18,0.8333333333333334,473.77863725026447,624.5105266571045,387.1786296367645,433.5786700248718,422.7786421775818,458.37873220443726,438.178688287735,483.1787943840027,495.9788203239441,677.5769352912903,565.9789562225342,871.975076198578
m_va,2,34,1.0,1.0,16,0.8125,466.48966349088226,578.4631073474884,378.59745621681213,411.1974596977234,417.59746074676514,445.9975242614746,423.79748821258545,480.79758882522583,453.99753451347345,632.796275615692,633.7970495224,784.7949624061584
m_va,2,35,0.0,0.0,17,0.8823529411764706,487.7957542737325,502.3292452096939,384.1292381286621,411.9292289018631,421.52925729751587,457.1292370557785,437.3292922973633,502.3292452096939,509.52943563461304,547.5292533636093,624.9290704727173,592.7292615175247
m_va,2,35,0.0,1.0,21,0.9047619047619048,481.6052490159085,566.7106509208679,387.5105559825897,525.910747051239,419.3105459213257,546.3106989860535,445.71059942245483,566.7106509208679,506.51074647903437,587.1106028556824,640.9102320671082,607.5105547904968
m_va,2,35,1.0,0.0,18,0.8888888888888888,485.2983169257641,647.2965478897095,372.29856848716736,428.89816761016846,404.79856729507446,538.097357749939,449.7986435890198,647.2965478897095,486.29873991012573,756.4957380294799,663.7977361679077,865.6949281692505
m_va,2,35,1.0,1.0,16,0.9375,476.6622404257456,973.391056060791,383.19570422172546,973.391056060791,416.79572463035583,973.391056060791,431.3957691192627,973.391056060791,483.59587192535395,973.391056060791,552.3959994316101,973.391056060791
m_va,2,36,0.0,0.0,17,0.8823529411764706,486.2377146879832,501.0378658771515,387.8378629684448,410.63786149024963,413.23786973953247,455.83786368370056,436.03789806365967,501.0378658771515,513.2380723953247,546.2378680706024,621.2376832962035,591.4378702640533
m_va,2,36,0.0,1.0,21,0.9047619047619048,486.4988279970069,720.549464225769,375.3516733646393,526.1513471603394,414.15168046951294,623.3504056930542,434.5517158508301,720.549464225769,480.55182695388794,817.7485227584839,651.1511325836182,914.9475812911987
m_va,2,36,1.0,0.0,18,0.8333333333333334,461.87265117963153,581.404983997345,378.0726671218872,413.8726592063904,414.27263617515564,449.47272539138794,424.0726828575134,485.0727915763855,485.8727931976318,636.2714886665344,562.2729301452637,787.4701857566833
m_va,2,36,1.0,1.0,16,0.875,474.4947169508253,499.7090995311737,384.00910794734955,408.50910544395447,420.6091344356537,454.1091024875641,444.7091817855835,499.7090995311737,466.8092131614685,545.3090965747833,616.3088977336885,590.909093618393
m_va,2,37,0.0,0.0,17,0.9411764705882353,479.1487418115139,646.2109088897705,387.2113823890686,646.2109088897705,409.71140563488007,646.2109088897705,463.2115066051483,646.2109088897705,473.21152687072754,646.2109088897705,589.2113447189331,646.2109088897705
m_va,2,37,0.0,1.0,21,1.0,543.3424143564134,,391.0091817378998,,433.00920724868774,,485.0093126296997,,528.0094146728516,,628.009021282196,
m_va,2,37,1.0,0.0,18,0.7777777777777778,464.82500433921814,555.9675246477127,376.2677490711212,425.1678168773651,418.46775114536285,505.56796193122864,443.46781075000763,571.4678168296814,516.5679216384888,631.1675548553467,563.7680470943451,674.3669986724854
m_va,2,37,1.0,1.0,16,0.875,466.9744563954217,720.7581102848053,379.26027178764343,525.9599506855011,387.06025779247284,623.3590304851532,435.2602958679199,720.7581102848053,471.36038541793823,818.1571900844573,620.8599567413331,915.5562698841095
m_va,2,38,0.0,0.0,17,0.8823529411764706,477.0209709803263,566.4543509483337,388.3542835712433,524.4544863700867,423.7542986869812,545.4544186592102,445.9543526172638,566.4543509483337,491.55444502830505,587.4542832374573,608.1542015075684,608.4542155265808
m_va,2,38,0.0,1.0,21,0.8571428571428571,498.7100594573551,618.0422405401865,406.0767590999603,475.5768895149231,437.4767988920212,477.9768943786621,470.3768789768219,480.3768992424011,543.5770392417907,647.9753136634826,619.876515865326,815.5737280845642
m_va,2,38,1.0,0.0,18,0.9444444444444444,480.3982938037199,972.3937511444092,382.5984239578247,972.3937511444092,415.1984453201294,972.3937511444092,430.39846420288086,972.3937511444092,493.5985922813415,972.3937511444092,594.1985130310059,972.3937511444092
m_va,2,38,1.0,1.0,16,0.875,479.45032800946916,633.37741792202,392.1790450811386,445.77870070934296,423.57908487319946,539.5780593156815,441.87912344932556,633.37741792202,470.0791537761688,727.1767765283585,568.5793459415436,820.976135134697
m_va,2,39,0.0,0.0,17,0.8823529411764706,472.3726809024811,698.0376094579697,388.03938031196594,531.6391676664352,417.43940114974976,614.8383885622025,461.0394835472107,698.0376094579697,489.0395522117614,781.2368303537368,593.2391524314879,864.4360512495041
m_va,2,39,0.0,1.0,21,0.9523809523809523,505.38212954998016,967.2778248786926,376.182422041893,967.2778248786926,416.8824315071106,967.2778248786926,475.28254985809326,967.2778248786926,519.8826611042023,967.2778248786926,643.9819335937503,967.2778248786926
m_va,2,39,1.0,0.0,18,0.7777777777777778,502.8805285692215,537.3441502451897,383.89505445957184,381.59505128860474,413.4950667619705,387.59504556655884,439.0951246023178,432.09512531757355,530.4953157901764,518.6948150396346,709.0937793254853,777.2924691438676
m_va,2,39,1.0,1.0,16,0.9375,480.11581897735596,973.6446738243103,386.44928336143494,973.6446738243103,418.8493013381958,973.6446738243103,435.6493353843689,973.6446738243103,488.64945173263544,973.6446738243103,556.8495512008667,973.6446738243103
m_va,2,40,0.0,0.0,17,0.9411764705882353,488.0413878709078,634.728729724884,384.7290575504303,634.728729724884,417.2290712594986,634.728729724884,442.22913682460785,634.728729724884,504.7292709350586,634.728729724884,606.7289710044861,634.728729724884
m_va,2,40,0.0,1.0,21,0.9047619047619048,476.54580128820317,561.098575592041,385.19845604896545,521.4986801147461,410.39846539497375,541.2986278533936,432.5985312461853,561.098575592041,504.79865074157715,580.8985233306885,635.9981298446655,600.6984710693359
m_va,2,40,1.0,0.0,18,0.8888888888888888,489.3516544252634,653.037428855896,366.5394186973572,437.8390073776245,401.5393853187561,545.4382181167603,449.0394741296768,653.037428855896,501.0395646095276,760.6366395950317,669.0385639667511,868.2358503341675
m_va,2,40,1.0,1.0,16,0.875,474.4797497987747,640.692412853241,385.19418835639954,437.0938181877136,422.8941708803177,538.8931155204773,434.1942071914673,640.692412853241,468.994277715683,742.4917101860046,562.894469499588,844.2910075187683
m_va,2,41,0.0,0.0,17,0.9411764705882353,450.00787638127804,1069.1269636154175,381.1327815055847,1069.1269636154175,418.6328053474426,1069.1269636154175,444.6328431367874,1069.1269636154175,468.132883310318,1069.1269636154175,527.133047580719,1069.1269636154175
m_va,2,41,0.0,1.0,21,0.9523809523809523,505.05343824625015,977.8990149497986,399.8036712408066,977.8990149497986,431.10373318195343,977.8990149497986,463.9037847518921,977.8990149497986,487.803852558136,977.8990149497986,665.2029871940616,977.8990149497986
m_va,2,41,1.0,0.0,18,0.8333333333333334,473.70495200157166,619.6368734041849,382.70495533943176,431.9049835205078,420.9049701690674,455.10504245758057,437.3050034046173,478.3051013946533,495.1051354408264,671.103286743164,568.3052778244019,863.9014720916748
m_va,2,41,1.0,1.0,16,0.9375,481.13014698028564,973.5923409461975,383.79693031311035,973.5923409461975,419.79695558547974,973.5923409461975,436.59698963165283,973.5923409461975,489.5971059799194,973.5923409461975,559.3972444534302,973.5923409461975
m_va,2,42,0.0,0.0,17,0.8823529411764706,488.5174870491028,503.65103781223297,383.25104117393494,413.25102150440216,423.8510549068451,458.45102965831757,437.6510977745056,503.65103781223297,470.4511404037475,548.8510459661484,656.0504913330078,594.0510541200638
m_va,2,42,0.0,1.0,21,0.9047619047619048,464.2524264360729,701.3558745384216,388.7576758861542,534.1574549674988,419.1577076911926,617.7566647529602,435.3577494621277,701.3558745384216,467.15779304504395,784.955084323883,569.3580031394958,868.5542941093445
m_va,2,42,1.0,0.0,18,0.9444444444444444,497.86121354383585,959.6217274665833,377.6261806488037,959.6217274665833,408.0262005329132,959.6217274665833,433.6262345314026,959.6217274665833,534.0264320373535,959.6217274665833,678.4252882003785,959.6217274665833
m_va,2,42,1.0,1.0,16,0.875,473.5876194068364,632.5860321521759,387.08773255348206,432.187420129776,412.2877538204193,532.386726140976,428.58777940273285,632.5860321521759,492.58791506290436,732.7853381633757,557.5880229473115,832.9846441745758
m_va,2,43,0.0,0.0,17,0.9411764705882353,472.7049767971039,660.2045297622681,380.2051246166229,660.2045297622681,412.70512342453003,660.2045297622681,459.2052102088928,660.2045297622681,464.2052352428436,660.2045297622681,592.7050709724426,660.2045297622681
m_va,2,43,0.0,1.0,21,0.9047619047619048,516.8954902573636,693.4205293655396,389.22208547592163,544.6219682693481,426.6221344470978,619.0212488174438,469.42222118377686,693.4205293655396,529.4223546981812,767.8198099136353,744.020414352417,842.219090461731
m_va,2,43,1.0,0.0,18,0.8333333333333334,489.1699055830638,574.3023455142975,373.9700496196747,407.77004957199097,415.7700538635254,441.3701057434082,475.97017884254456,474.97016191482544,512.3702645301819,627.768838405609,659.3693733215331,780.5675148963928
m_va,2,43,1.0,1.0,16,0.875,491.8932552848543,495.3934997320175,394.7934329509735,412.59343326091766,423.6934542655945,453.9934664964676,453.39351892471313,495.3934997320175,476.7935872077942,536.7935329675674,619.1931426525117,578.1935662031174
m_va,2,44,0.0,0.0,17,0.9411764705882353,474.88485276699066,655.2594900131226,385.2600008249283,655.2594900131226,413.2600128650665,655.2594900131226,453.7600874900818,655.2594900131226,465.2601182460785,655.2594900131226,601.2599468231201,655.2594900131226
m_va,2,44,0.0,1.0,21,0.8571428571428571,492.9790066348182,612.9223704338074,384.5568835735321,452.85696387290955,419.05689537525177,472.05700278282166,477.7570217847824,491.25704169273376,519.9571132659911,656.4554750919341,657.556301355362,821.6539084911346
m_va,2,44,1.0,0.0,18,0.8888888888888888,483.16450975835323,731.9124639034271,390.41468501091003,536.3143622875214,416.9146865606308,634.1134130954742,443.41474771499634,731.9124639034271,476.91482305526733,829.71151471138,681.9138526916504,927.5105655193329
m_va,2,44,1.0,1.0,16,0.9375,484.6713284651438,970.8002805709839,383.2047998905182,970.8002805709839,415.8048152923584,970.8002805709839,437.80484795570374,970.8002805709839,509.2049956321716,970.8002805709839,565.005087852478,970.8002805709839
m_va,2,45,0.0,0.0,17,0.8823529411764706,472.51499096552527,698.1799155473709,388.18169832229614,533.3814769983292,417.58172512054443,615.78069627285,464.1818106174469,698.1799155473709,489.3818616867065,780.5791348218918,593.3814525604247,862.9783540964127
m_va,2,45,0.0,1.0,21,0.9047619047619048,509.76118131687764,700.9701728820801,396.9719111919403,536.1717224121094,420.7719564437866,618.5709476470947,471.9720482826233,700.9701728820801,507.3721408843994,783.3693981170654,666.3712739944457,865.7686233520508
m_va,2,45,1.0,0.0,18,0.8888888888888888,462.140204384923,630.6386888027191,365.64040184020996,432.64004588127136,410.6403738260269,531.6393673419952,422.6404130458832,630.6386888027191,452.1404653787613,729.638010263443,595.1402485370636,828.6373317241669
m_va,2,45,1.0,1.0,16,0.9375,469.78597442309064,975.9147763252258,389.9194300174713,975.9147763252258,419.11945939064026,975.9147763252258,442.9194927215576,975.9147763252258,466.9195532798767,975.9147763252258,529.5197010040283,975.9147763252258
m_va,2,46,0.0,0.0,17,0.9411764705882353,488.8546522706747,917.8508520126343,398.8547772169113,917.8508520126343,426.85484886169434,917.8508520126343,459.3549072742462,917.8508520126343,487.35496401786804,917.8508520126343,597.3547101020813,917.8508520126343
m_va,2,46,0.0,1.0,21,0.9047619047619048,489.9900994802776,737.6722693443298,387.4745488166809,539.2742037773132,403.47452759742737,638.4732365608215,443.67462396621704,737.6722693443298,472.6746618747711,836.8713021278381,673.0738162994384,936.0703349113464
m_va,2,46,1.0,0.0,18,0.8333333333333334,464.38348293304443,582.2491347789764,375.98350644111633,414.3835127353668,415.18349051475525,447.98356890678406,425.58351159095764,481.5836250782013,488.18364143371576,635.9822928905486,570.5838084220886,790.3809607028961
m_va,2,46,1.0,1.0,16,0.875,500.6436215979713,484.85828936100006,400.15811920166016,416.05813801288605,436.35816276073456,450.45821368694305,457.85823464393616,484.85828936100006,478.1582713127136,519.2583650350571,651.8575489521028,553.6584407091141
m_va,2,47,0.0,0.0,17,0.9411764705882353,486.8454169481993,635.6577277183533,384.658083319664,635.6577277183533,417.1581119298935,635.6577277183533,438.6581480503082,635.6577277183533,501.1582672595978,635.6577277183533,604.6580076217651,635.6577277183533
m_va,2,47,0.0,1.0,21,0.9523809523809523,514.0082150697708,951.3542652130127,392.5585001707077,951.3542652130127,422.1584975719452,951.3542652130127,484.35863852500916,951.3542652130127,509.1586828231811,951.3542652130127,666.7578756809238,951.3542652130127
m_va,2,47,1.0,0.0,18,0.9444444444444444,500.77808078597576,969.950258731842,380.9548020362854,969.950258731842,410.55482029914856,969.950258731842,436.9548559188843,969.950258731842,537.3550653457642,969.950258731842,681.753969192505,969.950258731842
m_va,2,47,1.0,1.0,16,0.875,498.67202128682817,716.1699533462524,400.37212669849396,522.1718072891235,432.97218978405,619.170880317688,467.1722650527954,716.1699533462524,502.77234315872187,813.1690263748168,652.571576833725,910.1680994033813
m_va,2,48,0.0,0.0,17,0.9411764705882353,491.4021026343107,969.0227508544922,384.02725756168365,969.0227508544922,416.0272777080536,969.0227508544922,458.5273712873459,969.0227508544922,503.02743911743164,969.0227508544922,613.5272085666656,969.0227508544922
m_va,2,48,0.0,1.0,21,0.9047619047619048,511.6857556920302,699.026495218277,396.72807455062866,549.0279495716095,425.1281142234802,624.0272223949432,473.5282063484192,699.026495218277,508.9282989501953,774.0257680416107,669.1274166107178,849.0250408649445
m_va,2,48,1.0,0.0,18,0.8888888888888888,467.56519190967083,733.9379489421844,388.44017684459686,537.5398576259613,403.9401561021805,635.7389032840729,440.44023752212524,733.9379489421844,496.94032967090607,832.136994600296,562.4404847621918,930.3360402584076
m_va,2,48,1.0,1.0,16,0.875,461.87635404723034,722.874253988266,377.1764278411865,529.6761214733124,387.9764139652252,626.2751877307892,431.37647211551666,722.874253988266,466.5765583515167,819.4733202457427,617.6761090755464,916.0723865032196
m_va,2,49,0.0,0.0,17,0.9411764705882353,464.4540958106518,918.3878898620605,370.8917796611786,918.3878898620605,415.89176654815674,918.3878898620605,422.39178717136383,918.3878898620605,445.39183378219604,918.3878898620605,587.8917574882507,918.3878898620605
m_va,2,49,0.0,1.0,21,0.8571428571428571,492.3923992448383,629.3913026650747,389.95909690856934,487.8592550754547,423.8591253757477,491.4592683315277,473.0592370033264,495.0592815876007,518.1593149900436,659.8577201366425,640.9587621688843,824.6561586856842
m_va,2,49,1.0,0.0,18,0.8888888888888888,484.5972899347544,723.7828373908997,382.2849988937378,530.5846810340881,397.7849781513214,627.1837592124939,438.28505277633667,723.7828373908997,478.78511250019073,820.3819155693054,697.2839832305908,916.9809937477112
m_va,2,49,1.0,1.0,16,0.875,465.23091409887587,713.7288153171539,377.73091197013855,527.330619096756,409.23094153404236,620.529717206955,449.7310072183609,713.7288153171539,476.73107385635376,806.9279134273528,565.2312517166138,900.1270115375519
m_va,2,50,0.0,0.0,17,0.8823529411764706,472.8604992230733,693.9922571182251,382.5938820838928,543.5937166213989,418.7939167022705,618.792986869812,453.9939761161804,693.9922571182251,490.9940600395202,769.1915273666382,595.3936100006104,844.3907976150513
m_va,2,50,0.0,1.0,21,0.8571428571428571,501.02114015155365,619.0757354100546,391.67679250240326,464.6768808364868,426.8768161535263,489.87693786621094,486.0769361257553,515.0769948959351,527.7770072221756,665.0755405426025,665.7762050628663,815.07408618927
m_va,2,50,1.0,0.0,18,0.9444444444444444,465.3106507133035,917.7186489105225,366.7226195335388,917.7186489105225,413.7225866317749,917.7186489105225,423.72262477874756,917.7186489105225,464.12270069122314,917.7186489105225,582.7225685119629,917.7186489105225
m_va,2,50,1.0,1.0,16,0.875,484.385616012982,665.3836667537689,386.185759305954,441.3853347301483,417.5857752561569,553.3845007419586,440.3858184814453,665.3836667537689,502.7859300374985,777.3828327655792,567.8860425949097,889.3819987773895
m_va,2,51,0.0,0.0,17,0.8823529411764706,469.74980433781946,694.2813992500305,384.68319177627563,528.6829590797424,414.68321084976196,611.4821791648865,458.28330516815186,694.2813992500305,486.2833499908447,777.0806193351746,591.0829305648804,859.8798394203186
m_va,2,51,0.0,1.0,21,0.9047619047619048,493.07782085318314,698.8919228315353,391.9937789440155,526.4935344457626,425.59382915496826,612.692728638649,439.3938481807709,698.8919228315353,499.9939799308777,785.0911170244217,626.5935659408568,871.290311217308
m_va,2,51,1.0,0.0,18,0.9444444444444444,455.9985662207884,925.524115562439,372.3281264305115,925.524115562439,386.12810373306274,925.524115562439,442.5281584262848,925.524115562439,460.52818298339844,925.524115562439,515.3283059597015,925.524115562439
m_va,2,51,1.0,1.0,16,0.875,477.1722491298403,631.527990102768,376.8296182155609,443.1292712688446,418.32962334156036,537.3286306858063,429.5296370983124,631.527990102768,466.32970571517944,725.7273495197296,621.7293083667756,819.9267089366913
m_va,2,52,0.0,0.0,17,0.8823529411764706,474.5942413806915,565.4275715351105,402.52751111984253,523.4276831150055,433.9275360107422,544.427627325058,444.9275732040405,565.4275715351105,497.5276827812194,586.427515745163,564.5278215408325,607.4274599552155
m_va,2,52,0.0,1.0,21,0.9047619047619048,506.8656864919161,698.6799091100693,394.18169260025024,533.4814757108688,417.9817199707031,616.080692410469,466.18181467056274,698.6799091100693,504.3818950653076,781.2791258096695,662.381076812744,863.8783425092697
m_va,2,52,1.0,0.0,18,0.8333333333333334,460.95925370852154,575.0250120957693,376.2926697731018,409.0926706790924,413.8926684856415,443.8927352428436,433.69269371032715,478.69279980659485,467.69278049468994,629.0915191173552,590.8923745155334,779.4902384281158
m_va,2,52,1.0,1.0,16,0.875,477.8182953596115,636.2452656030655,379.0470063686371,437.0466500520706,420.14701664447784,536.645957827568,432.2470426559448,636.2452656030655,494.4471657276153,735.8445733785629,569.3473219871521,835.4438811540604
m_va,2,53,0.0,0.0,17,0.8823529411764706,471.8552609284719,563.088595867157,400.1885235309601,521.0887312889099,423.98855686187744,542.0886635780334,448.58860969543457,563.088595867157,491.1887049674987,584.0885281562805,564.5888566970825,605.088460445404
m_va,2,53,0.0,1.0,21,0.9047619047619048,473.8958760311729,635.3153735399246,380.31708002090454,439.3167167901993,414.517080783844,537.316045165062,427.3170828819275,635.3153735399246,472.1171975135803,733.3147019147872,639.7167444229126,831.31403028965
m_va,2,53,1.0,0.0,18,0.9444444444444444,465.3106507133035,917.7186489105225,366.7226195335388,917.7186489105225,413.7225866317749,917.7186489105225,423.72262477874756,917.7186489105225,464.12270069122314,917.7186489105225,582.7225685119629,917.7186489105225
m_va,2,53,1.0,1.0,16,0.9375,501.20876431465143,942.4048662185669,384.60904359817505,942.4048662185669,415.20904302597046,942.4048662185669,473.40917587280273,942.4048662185669,489.4091844558716,942.4048662185669,683.6081147193909,942.4048662185669
m_va,2,54,0.0,0.0,17,0.8823529411764706,490.653524796168,505.2536875009537,387.6536726951599,414.85367119312286,424.653697013855,460.05367934703827,448.2537508010864,505.2536875009537,513.6538565158844,550.4536956548691,626.2535095214844,595.6537038087845
m_va,2,54,0.0,1.0,21,0.8571428571428571,497.36081726021234,611.3598843415579,407.99424052238464,423.8943099975586,431.79428577423096,492.294442653656,469.19436752796173,560.6945753097534,505.7944357395172,689.8930788040161,609.8942995071411,819.0915822982788
m_va,2,54,1.0,0.0,18,0.8888888888888888,486.6028856486082,726.3509333133698,384.8530948162079,533.1527531147003,397.8530764579773,629.751843214035,440.8531188964844,726.3509333133698,481.353223323822,822.9500234127045,699.8520493507385,919.5491135120392
m_va,2,54,1.0,1.0,16,0.875,480.7951578072139,663.5788083076477,382.88100957870483,423.9805817604065,416.9810175895691,543.7796950340271,437.0810389518738,663.5788083076477,488.78117203712463,783.3779215812683,570.7813203334808,903.1770348548889
m_va,2,55,0.0,0.0,17,0.8823529411764706,477.0349582036336,503.2350569963455,384.83505845069885,412.0350509881973,425.2350687980652,457.6350539922714,441.23512506484985,503.2350569963455,463.0351424217224,548.8350600004196,610.4349374771117,594.4350630044937
m_va,2,55,0.0,1.0,21,0.9523809523809523,509.30317789316183,916.2495136260986,394.5533812046051,916.2495136260986,420.75343132019043,916.2495136260986,473.75354170799255,916.2495136260986,511.25362515449524,916.2495136260986,654.4528841972353,916.2495136260986
m_va,2,55,1.0,0.0,18,0.8888888888888888,470.55551037192345,498.80556762218475,383.3055943250656,408.40557515621185,424.30563271045685,453.6055713891983,447.8056728839874,498.80556762218475,467.8057134151459,544.0055638551712,591.3055241107941,589.2055600881577
m_va,2,55,1.0,1.0,16,0.8125,464.9399243868314,586.6310894489288,399.43211674690247,417.4321413040161,427.23214626312256,451.03219747543335,439.6321773529053,484.6322536468506,490.63226580619806,640.6309127807617,564.432430267334,796.6295719146729
m_va,2,56,0.0,0.0,17,0.8823529411764706,459.41407680511475,702.0121812820435,400.6139814853668,534.8137617111206,423.8139867782593,618.412971496582,447.0140337944031,702.0121812820435,461.81408166885376,785.6113910675049,558.4142446517944,869.2106008529663
m_va,2,56,0.0,1.0,21,0.9523809523809523,570.9998369216919,977.4461984634399,380.2508145570755,977.4461984634399,416.95078909397125,977.4461984634399,478.4509241580963,977.4461984634399,575.5508542060851,977.4461984634399,913.9469623565675,977.4461984634399
m_va,2,56,1.0,0.0,18,0.8333333333333334,494.22737558682763,559.8265727361044,384.4276010990143,401.6276001930237,421.82761430740356,413.2276177406311,471.82774543762207,424.8276352882385,498.42776060104364,598.4263777732849,604.2273521423339,772.0251202583314
m_va,2,56,1.0,1.0,16,0.875,515.9797263996942,660.9066724777222,381.00872337818146,440.9083127975464,409.40871238708496,550.9074926376343,442.4087703227997,660.9066724777222,532.8089594841003,770.9058523178101,745.5070137977602,880.905032157898
m_va,2,57,0.0,0.0,17,0.9411764705882353,461.08726412057877,869.3965673446655,390.3997540473938,869.3965673446655,431.8998008966446,869.3965673446655,455.89984953403473,869.3965673446655,466.3998484611511,869.3965673446655,499.39993023872375,869.3965673446655
m_va,2,57,0.0,1.0,21,0.9523809523809523,508.6049318313599,915.5513048171997,394.75513994693756,915.5513048171997,420.0551837682724,915.5513048171997,473.05528819561005,915.5513048171997,508.755362033844,915.5513048171997,648.3546912670139,915.5513048171997
m_va,2,57,1.0,0.0,18,0.8888888888888888,462.2570928186178,627.0056068897247,381.5072178840637,438.6068880558014,411.507248878479,532.8062474727631,425.00725388526917,627.0056068897247,462.50733733177185,721.2049663066864,547.0075011253357,815.4043257236481
m_va,2,57,1.0,1.0,16,0.9375,477.6079535484314,958.3369493484497,380.3414285182953,958.3369493484497,411.1414432525635,958.3369493484497,432.34148621559143,958.3369493484497,487.1415853500366,958.3369493484497,557.7417492866515,958.3369493484497
m_va,2,58,0.0,0.0,17,0.8823529411764706,452.97680894533795,694.3749040365219,394.17669773101807,527.1764725446701,418.17672848701477,610.775688290596,439.3767714500427,694.3749040365219,457.77682065963745,777.9741197824478,551.377010345459,861.5733355283737
m_va,2,58,0.0,1.0,21,0.9047619047619048,537.7146695789537,774.0024626255035,403.70463132858276,660.8039200305939,436.30470037460327,717.4031913280487,466.5047526359558,774.0024626255035,582.5045466423035,830.6017339229584,766.502571105957,887.2010052204132
m_va,2,58,1.0,0.0,18,0.8888888888888888,482.2862949222326,731.0342490673065,389.53647017478943,535.4361474514008,416.0364717245102,633.2351982593536,442.53653287887573,731.0342490673065,476.03660821914673,828.8332998752594,681.0356378555298,926.6323506832123
m_va,2,58,1.0,1.0,16,0.875,482.2418434279306,640.1689201593399,379.67063188552856,441.3702756166458,427.97064185142517,540.7695978879929,434.1706484556198,640.1689201593399,471.87074422836304,739.5682424306868,627.3703336715699,838.967564702034
m_va,2,59,0.0,0.0,17,1.0,497.04277866026933,,380.76058626174927,,415.7606244087219,,440.1606619358063,,471.9607353210449,,511.5607857704163,
m_va,2,59,0.0,1.0,21,0.9523809523809523,486.3327756524086,648.1324434280396,383.03295373916626,648.1324434280396,417.0329988002777,648.1324434280396,429.13301289081573,648.1324434280396,483.03313255310053,648.1324434280396,647.732448577881,648.1324434280396
m_va,2,59,1.0,0.0,18,0.8888888888888888,476.141557097435,498.7667351961136,379.76671755313873,411.1667066812515,402.2667109966278,454.96672093868256,428.76674234867096,498.7667351961136,497.26685881614685,542.5667494535446,607.2666049003601,586.3667637109756
m_va,2,59,1.0,1.0,16,0.875,478.5209617444447,653.6619365215302,374.4639456272125,435.2635324001312,412.1639668941498,544.4627344608307,448.66402447223663,653.6619365215302,499.8641312122345,762.8611385822296,567.6642656326294,872.0603406429291
m_va,2,60,0.0,0.0,17,0.9411764705882353,490.16729183495045,642.4795985221863,401.9799679517746,642.4795985221863,428.9799928665161,642.4795985221863,455.9800624847412,642.4795985221863,468.48008036613464,642.4795985221863,602.479875087738,642.4795985221863
m_va,2,60,0.0,1.0,21,0.8571428571428571,501.0464721255832,563.5456045468649,380.5800259113312,402.27999687194824,420.08004784584045,415.08002281188965,474.8801290988922,427.88004875183105,520.5802232027054,603.478741645813,670.3792929649354,779.0774345397949
m_va,2,60,1.0,0.0,18,0.8333333333333334,489.41295345624286,555.9454361597697,392.8131401538849,397.41313457489014,416.6131615638733,409.01315212249756,466.6132926940918,420.613169670105,493.21333169937134,594.61190700531,600.2128839492798,768.6106443405151
m_va,2,60,1.0,1.0,16,0.875,477.9521290745054,636.3791227340698,378.4808576107025,437.9804849624634,420.28083205223083,537.1798038482666,432.3808550834656,636.3791227340698,494.5809841156006,735.5784416198729,570.1811432838441,834.7777605056763
m_va,2,61,0.0,0.0,17,0.9411764705882353,482.8799832612276,642.6922678947449,387.6926600933075,642.6922678947449,420.69268226623535,642.6922678947449,443.192720413208,642.6922678947449,469.1927880048752,642.6922678947449,594.6925580501556,642.6922678947449
m_va,2,61,0.0,1.0,21,0.9047619047619048,486.04740123999744,730.9663742780685,389.2686605453491,532.1683257818222,404.4686555862427,631.5673500299454,439.46874141693115,730.9663742780685,468.06878447532654,830.3653985261916,669.8679208755492,929.7644227743149
m_va,2,61,1.0,0.0,18,0.8888888888888888,463.2437080144882,563.7437105178833,380.243644118309,521.7437982559204,424.24365878105164,542.7437543869019,453.74372601509094,563.7437105178833,481.74378275871277,584.7436666488647,553.7439286708832,605.7436227798462
m_va,2,61,1.0,1.0,16,0.9375,480.8699170748393,962.6655578613281,383.670049905777,962.6655578613281,414.47006464004517,962.6655578613281,435.6701076030731,962.6655578613281,490.4702067375183,962.6655578613281,555.6703329086304,962.6655578613281
m_va,2,62,0.0,0.0,17,0.9411764705882353,468.97330693900585,977.5937795639038,379.09847497940063,977.5937795639038,414.09847140312195,977.5937795639038,437.5985264778137,977.5937795639038,469.59859132766724,977.5937795639038,569.0982937812805,977.5937795639038
m_va,2,62,0.0,1.0,21,0.9523809523809523,514.0082150697708,951.3542652130127,392.5585001707077,951.3542652130127,422.1584975719452,951.3542652130127,484.35863852500916,951.3542652130127,509.1586828231811,951.3542652130127,666.7578756809238,951.3542652130127
m_va,2,62,1.0,0.0,18,0.8888888888888888,475.00139102339745,502.3764669895172,386.8764787912369,411.97646260261536,427.37650871276855,457.1764647960663,461.3765776157379,502.3764669895172,468.87658536434174,547.5764691829681,594.876378774643,592.7764713764191
m_va,2,62,1.0,1.0,16,0.9375,474.05842145284015,962.2540473937988,374.65856671333313,962.2540473937988,408.0585718154907,962.2540473937988,429.2586147785187,962.2540473937988,484.05871391296387,962.2540473937988,554.6588778495787,962.2540473937988
m_va,2,63,0.0,0.0,17,0.8823529411764706,483.65123470624286,678.3158183097839,384.31804180145264,451.11759901046753,413.51805329322815,564.7167086601257,473.3181595802307,678.3158183097839,489.3182158470153,791.914927959442,562.7183556556702,905.5140376091003
m_va,2,63,0.0,1.0,21,0.8571428571428571,493.71624820762213,604.104200998942,384.0385764837265,443.83864402770996,419.23861503601074,474.6387243270874,475.4387140274048,505.43880462646484,520.1387912034988,654.6373605728148,663.5379195213319,803.835916519165
m_va,2,63,1.0,0.0,18,0.8888888888888888,463.53605948388577,631.472036242485,366.97375774383545,433.07338654994965,411.9737297296524,532.2727113962173,423.4737753868103,631.472036242485,453.4738212823868,730.6713610887527,596.4736044406891,829.8706859350204
m_va,2,63,1.0,1.0,16,0.875,481.64455592632294,635.5716735124588,394.37327086925507,447.9729324579239,425.8733093738556,541.7723029851913,444.5733428001404,635.5716735124588,472.2733795642853,729.3710440397263,557.4735522270204,823.1704145669937
m_va,2,64,0.0,0.0,17,0.9411764705882353,483.2785055041313,639.9033069610596,387.90369033813477,639.9033069610596,420.40370404720306,639.9033069610596,439.4037574529648,639.9033069610596,468.9038097858429,639.9033069610596,595.4035520553589,639.9033069610596
m_va,2,64,0.0,1.0,21,0.9047619047619048,507.0094105444456,725.3496944904327,384.6518635749817,533.7515413761139,403.2518446445465,629.5506179332733,436.8519186973572,725.3496944904327,516.0520553588866,821.1487710475922,718.0505037307738,916.9478476047516
m_va,2,64,1.0,0.0,18,0.8888888888888888,478.35624031722546,501.48145854473114,382.4814110994339,418.6813920736313,422.4814176559448,460.0814253091812,439.9814307689667,501.48145854473114,467.48149394989014,542.8814917802811,610.4812920093536,584.281525015831
m_va,2,64,1.0,1.0,16,0.875,478.9751938411168,499.26114082336426,378.5611033439636,417.26107597351074,414.56108689308167,458.2611083984375,446.7611610889435,499.26114082336426,468.86121928691864,540.261173248291,625.3608286380769,581.2612056732178
m_va,2,65,0.0,0.0,17,0.9411764705882353,463.7044947594404,941.7628049850464,385.76698303222656,941.7628049850464,425.2669960260391,941.7628049850464,449.26704466342926,941.7628049850464,468.76709163188934,941.7628049850464,536.7672443389893,941.7628049850464
m_va,2,65,0.0,1.0,21,0.9047619047619048,515.9490610423842,692.4740970134735,388.275682926178,543.6755120754242,425.67570209503174,618.0748045444489,468.4757888317108,692.4740970134735,528.4759163856506,766.8733894824982,743.0740118026733,841.2726819515228
m_va,2,65,1.0,0.0,18,0.8888888888888888,507.3008481413126,621.6121762990952,369.61376667022705,437.2134178876877,399.61376786231995,529.4127970933914,452.61386036872864,621.6121762990952,526.1139869689941,713.8115555047988,715.6123518943787,806.0109347105026
m_va,2,65,1.0,1.0,16,0.8125,475.2414203607119,591.5991961956024,373.73377680778503,408.73376727104187,406.73375129699707,442.3338234424591,465.9338593482971,475.93387961387634,502.93391942977905,648.3323156833648,569.1340565681458,820.7307517528534
m_va,2,66,0.0,0.0,17,0.9411764705882353,464.60979245603085,921.7309951782227,376.23491883277893,921.7309951782227,415.23490846157074,921.7309951782227,424.23492670059204,921.7309951782227,461.23501658439636,921.7309951782227,550.735205411911,921.7309951782227
m_va,2,66,0.0,1.0,21,0.9047619047619048,469.1020046409808,575.0230550765991,387.5230014324188,533.0231428146362,428.9229989051819,554.0230989456177,460.5230689048767,575.0230550765991,497.32314348220825,596.0230112075806,560.52325963974,617.022967338562
m_va,2,66,1.0,0.0,18,0.9444444444444444,491.06693443130047,960.2391123771667,371.2436556816101,960.2391123771667,400.84367394447327,960.2391123771667,427.243709564209,960.2391123771667,531.4439415931702,960.2391123771667,672.0428228378297,960.2391123771667
m_va,2,66,1.0,1.0,16,0.875,469.1844561270305,733.1108748912811,391.21310114860535,537.5127732753754,412.4130964279175,635.3118240833282,444.61315870285034,733.1108748912811,476.91322565078735,830.909925699234,611.4127874374391,928.7089765071869
m_va,2,67,0.0,0.0,17,0.9411764705882353,459.04078893363476,929.911732673645,385.41577756404877,929.911732673645,419.41580176353455,929.911732673645,443.91584396362305,929.911732673645,463.41587603092194,929.911732673645,529.9160480499268,929.911732673645
m_va,2,67,0.0,1.0,21,0.8571428571428571,486.93363534079657,609.3212266763052,390.75585901737213,418.05588006973267,425.5558580160141,454.85594272613525,483.65598917007446,491.65600538253784,511.95601820945734,669.6543335914611,602.8560221195222,847.6526618003845
m_va,2,67,1.0,0.0,18,0.8333333333333334,465.12522896130884,614.590456088384,381.2585473060608,425.65860748291016,422.0585882663727,450.45865774154663,461.2586796283722,475.2587080001831,474.2587208747864,667.2568559646605,540.6588554382323,859.2550039291382
m_va,2,67,1.0,1.0,16,0.875,482.46542045048307,657.0349931716919,378.1369984149933,441.036581993103,415.63699543476105,549.0357875823975,453.0370682477951,657.0349931716919,504.2371451854706,765.0341987609863,561.1372828483582,873.0334043502808
m_va,2,68,0.0,0.0,17,0.9411764705882353,473.74454885721207,665.1189923286438,386.11963391304016,665.1189923286438,427.61966586112976,665.1189923286438,451.11972093582153,665.1189923286438,468.61976385116577,665.1189923286438,590.1195704936981,665.1189923286438
m_va,2,68,0.0,1.0,21,0.9047619047619048,459.9158810941796,695.3615546226501,380.4633677005768,526.9631266593933,394.0633296966553,611.1623406410217,423.86338114738464,695.3615546226501,454.86345291137695,779.5607686042786,595.0633525848388,863.759982585907
m_va,2,68,1.0,0.0,18,0.8888888888888888,461.37041971087456,634.3063116073608,374.3080496788025,433.50770473480225,415.30804336071014,533.9070081710815,428.30806970596313,634.3063116073608,449.80812072753906,734.7056150436401,558.3083629608154,835.1049184799194
m_va,2,68,1.0,1.0,16,0.875,494.1845727818353,497.8276640176773,396.4275985956192,415.42759239673615,433.0276370048523,456.6276282072067,453.82770895957947,497.8276640176773,474.12775158882135,539.0276998281479,625.0273168087007,580.2277356386185
m_va,2,69,0.0,0.0,17,0.9411764705882353,482.2729416191578,639.9602890014648,386.96062564849854,639.9602890014648,419.9606478214264,639.9602890014648,442.46070086956024,639.9602890014648,468.46073865890503,639.9602890014648,594.4604873657227,639.9602890014648
m_va,2,69,0.0,1.0,21,0.9047619047619048,569.4714063092282,627.418041229248,405.019611120224,441.81928634643555,447.219693660736,534.6186637878418,477.41976380348206,627.418041229248,589.6195411682128,720.2174186706543,867.8163766860961,813.0167961120605
m_va,2,69,1.0,0.0,18,0.9444444444444444,455.3835917921627,935.7913732528687,385.1954698562622,935.7913732528687,401.7954707145691,935.7913732528687,426.79548263549805,935.7913732528687,459.9955677986145,935.7913732528687,512.1956765651703,935.7913732528687
m_va,2,69,1.0,1.0,16,0.875,461.49098660264696,638.9178037643433,381.31971657276154,418.91934871673584,404.2196750640869,528.9185762405396,431.91973865032196,638.9178037643433,460.6198102235794,748.917031288147,539.2199456691743,858.9162588119507
m_va,2,70,0.0,0.0,17,0.9411764705882353,458.70211347937584,936.760425567627,380.76460361480713,936.760425567627,420.76462507247925,936.760425567627,444.2646652460098,936.760425567627,463.7647122144699,936.760425567627,531.2648415565491,936.760425567627
m_va,2,70,0.0,1.0,21,0.9523809523809523,519.134446978569,917.6807403564453,387.1846616268158,917.6807403564453,425.18469989299774,917.6807403564453,493.1848496198654,917.6807403564453,557.0849776268005,917.6807403564453,701.7835140228273,917.6807403564453
m_va,2,70,1.0,0.0,18,0.8333333333333334,459.1288089752197,580.7276566823324,386.26203536987305,411.66205406188965,421.2620496749878,444.86210346221924,434.06206369400024,478.0621528625488,497.0622301101684,634.4608068466187,556.2623023986816,790.8594608306885
m_va,2,70,1.0,1.0,16,0.875,475.7604045527322,635.2588534355164,381.46059811115265,434.06022787094116,418.5605973005295,534.6595406532288,429.7606348991394,635.2588534355164,471.1607038974762,735.8581662178038,613.0604028701783,836.4574790000916
m_va,2,71,0.0,0.0,17,0.8823529411764706,489.29487069447833,505.86168467998505,391.1616861820221,414.26168382167816,415.76167345046997,460.0616842508316,437.3617172241211,505.86168467998505,522.3618924617766,551.6616851091385,622.3615169525146,597.4616855382919
m_va,2,71,0.0,1.0,21,0.9047619047619048,487.8429786155098,710.2091908454895,405.4115116596222,496.6110825538635,428.0115485191345,603.4101366996765,463.2115960121155,710.2091908454895,472.0116376876831,817.0082449913025,602.6116371154785,923.8072991371155
m_va,2,71,1.0,0.0,18,0.9444444444444444,481.0657904428594,977.1201610565186,388.724821805954,977.1201610565186,416.52482748031616,977.1201610565186,435.12487411499023,977.1201610565186,465.12492299079895,977.1201610565186,631.3243627548219,977.1201610565186
m_va,2,71,1.0,1.0,16,0.9375,481.3697616259257,963.1654024124146,384.1698944568634,963.1654024124146,414.9699091911316,963.1654024124146,436.16995215415955,963.1654024124146,490.97005128860474,963.1654024124146,556.1701774597168,963.1654024124146
m_va,2,72,0.0,0.0,17,0.9411764705882353,469.5804212242365,662.9547476768494,381.95542991161346,662.9547476768494,422.9554831981659,662.9547476768494,458.45554769039154,662.9547476768494,469.4555550813675,662.9547476768494,583.9554071426392,662.9547476768494
m_va,2,72,0.0,1.0,21,0.9523809523809523,528.6434039473534,944.239616394043,392.2437906265259,944.239616394043,419.0437972545624,944.239616394043,480.2439212799072,944.239616394043,556.9441080093384,944.239616394043,771.1418449878694,944.239616394043
m_va,2,72,1.0,0.0,18,0.8888888888888888,451.99910178780556,708.372175693512,377.87407636642456,535.1738095283508,402.3740589618683,621.7729926109314,447.3741054534912,708.372175693512,476.8741726875305,794.9713587760925,534.3742668628693,881.5705418586731
m_va,2,72,1.0,1.0,16,0.875,472.201692206519,632.3429048061371,378.54467928409576,431.1443030834198,415.6446784734726,531.7436039447784,426.8447160720825,632.3429048061371,489.044839143753,732.9422056674957,564.6449863910675,833.5415065288544
m_va,2,73,0.0,0.0,17,0.8823529411764706,474.47702089945477,700.1419365406036,390.1437222957611,535.3435099124908,419.5437431335449,617.7427232265472,463.14382553100586,700.1419365406036,491.1438941955566,782.54114985466,595.3434944152831,864.9403631687164
m_va,2,73,0.0,1.0,21,0.8571428571428571,504.401778181394,520.1242367426554,383.7908089160919,454.3909192085266,432.19085931777954,481.5909743309021,472.79092669487,508.7910294532776,539.5910739898682,549.5909333229065,681.4898788928986,590.3908371925354
m_va,2,73,1.0,0.0,18,0.8888888888888888,484.15927961468697,498.47202003002167,392.47192442417145,416.4719432592392,423.47197234630585,457.47198164463043,440.9720003604889,498.47202003002167,468.9720571041107,539.4720584154129,608.9718043804169,580.4720968008041
m_va,2,73,1.0,1.0,16,0.875,475.22754115717754,633.654534816742,376.45626068115234,434.4559073448181,417.55624413490295,534.05522108078,429.6562671661377,633.654534816742,491.8563961982727,733.2538485527039,566.7565643787384,832.8531622886658
m_va,2,74,0.0,0.0,17,0.9411764705882353,462.19264157116413,919.3137884140015,378.3177584409714,919.3137884140015,412.8177613019943,919.3137884140015,420.8177924156189,919.3137884140015,455.8178633451462,919.3137884140015,548.8180220127106,919.3137884140015
m_va,2,74,0.0,1.0,21,0.9047619047619048,490.5926632253747,713.5116159915924,391.81392788887024,499.51351284980774,407.4139177799225,606.5125644207001,464.01405334472656,713.5116159915924,476.01407766342163,820.5106675624847,672.4131584167479,927.5097191333771
m_va,2,74,1.0,0.0,18,0.9444444444444444,480.14819797347576,968.908429145813,382.1130335330963,968.908429145813,409.91305112838745,968.908429145813,430.9130907058716,968.908429145813,493.3132290840149,968.908429145813,591.9130802154541,968.908429145813
m_va,2,74,1.0,1.0,16,0.9375,477.0214279492696,963.1503820419312,377.3548901081085,963.1503820419312,408.15491676330566,963.1503820419312,430.154949426651,963.1503820419312,501.55509710311884,963.1503820419312,557.3551893234253,963.1503820419312
m_va,2,75,0.0,0.0,17,0.9411764705882353,492.5932101905346,982.5886487960815,406.0933589935303,982.5886487960815,434.0933859348297,982.5886487960815,457.5934410095215,982.5886487960815,474.59347546100616,982.5886487960815,611.0932230949402,982.5886487960815
m_va,2,75,0.0,1.0,21,0.9523809523809523,508.27004611492157,973.9657044410706,389.87030386924744,973.9657044410706,423.67035150527954,973.9657044410706,468.9704179763794,973.9657044410706,495.17049193382263,973.9657044410706,669.4696247577671,973.9657044410706
m_va,2,75,1.0,0.0,18,0.8888888888888888,475.7823050022125,724.5302498340607,378.03247570991516,528.9321482181549,395.5324739217758,626.7311990261078,431.03252351284027,724.5302498340607,472.53260016441345,822.3293006420135,674.031674861908,920.1283514499664
m_va,2,75,1.0,1.0,16,0.8125,471.875025675847,486.79834604263306,378.19820046424866,430.79822063446045,386.998188495636,452.7982711791992,448.7982392311096,474.798321723938,483.39833021163935,511.19840145111084,640.5977964401246,547.5984811782837
m_va,2,76,0.0,0.0,17,0.8823529411764706,476.739360888799,554.8396110534668,380.73941469192505,520.8395957946777,417.7394390106201,537.8396034240723,442.3394799232483,554.8396110534668,490.33957719802856,571.8396186828613,628.7391185760498,588.8396263122559
m_va,2,76,0.0,1.0,21,0.9047619047619048,479.9952914840297,698.0461776256561,384.04794931411743,533.2477509975433,414.8479700088501,615.6469643115997,443.04803013801575,698.0461776256561,499.64815378189087,780.4453909397125,629.4477462768555,862.8446042537689
m_va,2,76,1.0,0.0,18,0.8888888888888888,481.6528744995594,495.9656000137329,389.9655193090439,413.9655351638794,421.46554589271545,454.96556758880615,437.96558678150177,495.9656000137329,466.46565198898315,536.9656324386597,606.4654290676117,577.9656648635864
m_va,2,76,1.0,1.0,16,0.8125,469.05952233534595,578.2381296157837,378.70578169822693,413.1057918071747,419.5057809352875,447.50584959983826,436.90580129623413,481.90590739250183,473.9058852195739,631.9046318531036,627.5053322315217,781.9033563137054
m_va,2,77,0.0,0.0,17,0.9411764705882353,483.21803100407124,636.2802982330322,394.780695438385,636.2802982330322,421.7807501554489,636.2802982330322,448.7807899713516,636.2802982330322,463.78082036972046,636.2802982330322,594.7805941104889,636.2802982330322
m_va,2,77,0.0,1.0,21,0.9047619047619048,475.48453901943407,654.7721922397614,385.8741521835327,440.77375531196594,419.2741572856903,547.7729737758636,436.2741708755493,654.7721922397614,471.47425413131714,761.7714107036591,564.0742778778075,868.7706291675568
m_va,2,77,1.0,0.0,18,0.8888888888888888,480.05239851772785,496.36511504650116,384.365051984787,414.3650382757187,420.86508870124817,455.3650766611099,437.3651146888733,496.36511504650116,468.3651775121689,537.3651534318924,598.8649129867554,578.3651918172836
m_va,2,77,1.0,1.0,16,0.8125,467.5786174260653,573.0655789375305,372.7326035499573,486.3327383995056,415.9325838088989,503.5327792167663,420.73261737823486,520.7328200340271,455.3326725959778,600.732171535492,634.132194519043,680.7315230369568
m_va,2,78,0.0,0.0,17,0.9411764705882353,473.44436682760715,666.2561893463135,385.2568715810776,666.2561893463135,426.75691843032837,666.2561893463135,460.25699377059937,666.2561893463135,471.7569947242737,666.2561893463135,593.2568609714508,666.2561893463135
m_va,2,78,0.0,1.0,21,0.9047619047619048,489.6900983233201,724.8459160327911,384.24810767173767,532.0478022098541,421.6481328010559,628.4468591213226,475.8482575416565,724.8459160327911,504.0483236312866,821.2449729442596,621.0479497909546,917.6440298557281
m_va,2,78,1.0,0.0,18,0.8888888888888888,472.080510109663,500.6430298089981,378.6430358886719,410.2430135011673,418.14304888248444,455.4430216550827,462.6431167125702,500.6430298089981,489.1431927680969,545.8430379629135,604.6429574489594,591.0430461168289
m_va,2,78,1.0,1.0,16,0.9375,477.7101735273997,971.2390303611755,384.04363989830017,971.2390303611755,416.44365787506104,971.2390303611755,433.24369192123413,971.2390303611755,486.2438082695007,971.2390303611755,553.8439154624939,971.2390303611755
m_va,2,79,0.0,0.0,17,0.9411764705882353,491.5866628289223,962.9573822021484,384.9618136882782,962.9573822021484,415.9618318080902,962.9573822021484,478.9619743824005,962.9573822021484,490.46197533607483,962.9573822021484,612.4617755413055,962.9573822021484
m_va,2,79,0.0,1.0,21,0.9047619047619048,473.6745122231935,710.8306288719177,396.03243470191956,545.2321887016296,429.03245091438293,628.0314087867737,444.8325037956238,710.8306288719177,468.63253712654114,793.6298489570618,593.8326597213744,876.4290690422058
m_va,2,79,1.0,0.0,18,0.8888888888888888,466.3850199431181,632.0710778236389,371.0727244615555,444.07235383987427,412.5727117061615,538.0717158317566,423.0727255344391,632.0710778236389,456.5727859735489,726.0704398155212,600.072592496872,820.0698018074036
m_va,2,79,1.0,1.0,16,0.9375,478.1101564566294,974.8389720916748,384.64362025260925,974.8389720916748,418.2436406612396,974.8389720916748,432.8436851501465,974.8389720916748,485.24378538131714,974.8389720916748,553.8439154624939,974.8389720916748
m_va,2,80,0.0,0.0,17,0.8823529411764706,465.88330268859863,566.3166344165802,385.2165639400482,524.3167459964752,423.61658811569214,545.3166902065277,460.8166813850403,566.3166344165802,475.6166934967041,587.3165786266327,557.8168869018555,608.3165228366852
m_va,2,80,0.0,1.0,21,0.9523809523809523,508.44347178936,974.1390943527222,390.04372358322144,974.1390943527222,424.843767285347,974.1390943527222,469.1438674926758,974.1390943527222,495.3438997268677,974.1390943527222,669.5430219173434,974.1390943527222
m_va,2,80,1.0,0.0,18,0.7777777777777778,463.51842156478335,554.7323450446129,376.4325946569443,423.93265068531036,415.4325932264328,504.3327778577804,442.2326385974884,570.232629776001,515.3327941894531,629.9323678016663,562.5328779220581,673.1318116188049
m_va,2,80,1.0,1.0,16,0.8125,490.34745876605695,528.9629697799683,376.3631343841553,409.76319313049316,399.76313114166254,475.36330223083496,434.9631667137146,540.9634113311768,516.3633465766907,592.1629905700684,638.162672519684,643.36256980896
m_va,2,81,0.0,0.0,17,0.9411764705882353,478.2219212502241,668.5962677001953,389.59692418575287,668.5962677001953,431.09698593616486,668.5962677001953,455.097034573555,668.5962677001953,484.5970869064331,668.5962677001953,596.0968732833862,668.5962677001953
m_va,2,81,0.0,1.0,21,0.9047619047619048,480.64829801258287,567.4115121364594,392.7114248275757,526.2116134166718,421.1114525794983,546.8115627765656,445.9114968776703,567.4115121364594,513.5116577148438,588.0114614963531,633.5111975669861,608.611410856247
m_va,2,81,1.0,0.0,18,0.8333333333333334,492.52182245254517,558.1210056940714,383.32205414772034,399.92204308509827,420.12208700180054,411.5220606327057,469.12217140197754,423.1220781803131,497.5222170352935,596.7208087444304,602.5218009948729,770.319539308548
m_va,2,81,1.0,1.0,16,0.875,459.5035719020026,721.0014462471008,375.8036434650421,527.4033188819885,386.6036295890808,624.2023825645447,430.00368773937225,721.0014462471008,464.30375576019287,817.800509929657,616.303312778473,914.5995736122131
m_va,2,82,0.0,0.0,17,0.9411764705882353,495.1055906713009,965.2888774871826,386.7933452129364,965.2888774871826,413.7933552265167,965.2888774871826,454.79343831539154,965.2888774871826,486.2934947013855,965.2888774871826,665.7926142215729,965.2888774871826
m_va,2,82,0.0,1.0,21,0.9047619047619048,484.65391993522644,562.680333852768,386.3802671432495,520.680445432663,415.78028202056885,541.6803896427155,439.18031454086304,562.680333852768,524.9804735183716,583.6802780628204,635.9799265861511,604.6802222728729
m_va,2,82,1.0,0.0,18,0.8333333333333334,478.0625184377035,563.3279581864675,371.2626516819,382.0626199245453,408.8626444339752,384.862619638443,458.662748336792,387.6626193523407,499.46281909942627,601.2610256671906,551.2629032135009,814.8594319820405
m_va,2,82,1.0,1.0,16,0.875,496.8536836760385,499.35391545295715,398.95385205745697,413.7538492679596,435.55392026901245,456.5538823604584,456.35393261909485,499.35391545295715,476.65397524833674,542.1539485454559,628.9535820484163,584.9539816379547
m_va,2,83,0.0,0.0,17,0.9411764705882353,471.30220010876656,862.4242544174194,388.92732560634613,862.4242544174194,426.42733454704285,862.4242544174194,459.4274163246155,862.4242544174194,466.42741560935974,862.4242544174194,525.427520275116,862.4242544174194
m_va,2,83,0.0,1.0,21,0.9047619047619048,482.62619187957364,680.6503236293793,388.55257630348206,453.0521094799042,418.9525842666626,566.8512165546417,480.1527261734009,680.6503236293793,499.952757358551,794.4494307041168,574.752926826477,908.2485377788544
m_va,2,83,1.0,0.0,18,0.9444444444444444,494.57693099975586,971.9842672348022,384.3888461589813,971.9842672348022,416.58886671066284,971.9842672348022,469.98897194862366,971.9842672348022,491.7890071868896,971.9842672348022,643.1884407997131,971.9842672348022
m_va,2,83,1.0,1.0,16,0.9375,462.661349773407,931.1907291412354,383.3948075771332,931.1907291412354,412.19480633735657,931.1907291412354,435.19484996795654,931.1907291412354,456.1949074268341,931.1907291412354,540.795075893402,931.1907291412354
m_va,2,84,0.0,0.0,17,0.8823529411764706,477.15821067492163,636.8567198514938,390.35834670066833,448.45801293849945,425.75836181640625,542.6573663949966,439.3584132194519,636.8567198514938,472.75845408439636,731.0560733079909,557.158613204956,825.2554267644882
m_va,2,84,0.0,1.0,21,0.9047619047619048,487.79674266514024,502.165287733078,386.7652952671051,411.76528334617615,416.96528792381287,456.9652855396271,437.1653199195862,502.165287733078,505.56546449661255,547.3652899265289,640.7649636268616,592.5652921199799
m_va,2,84,1.0,0.0,18,0.8888888888888888,454.5643534511328,669.8753833770752,386.87676191329956,529.8766136169434,428.8767874240875,599.8759984970093,453.8768231868744,669.8753833770752,470.87687253952026,739.8747682571411,524.8769819736481,809.874153137207
m_va,2,84,1.0,1.0,16,0.875,500.1530178955623,488.01057040691376,391.3104176521301,410.0104421377182,429.0104418992996,449.010506272316,457.01050758361816,488.01057040691376,480.21056056022644,527.0106345415115,677.609646320343,566.0106986761093
m_va,2,85,0.0,0.0,17,0.9411764705882353,479.1729114949703,649.2975950241089,380.7981014251709,649.2975950241089,417.79813170433044,649.2975950241089,431.2981516122818,649.2975950241089,468.2982265949249,649.2975950241089,637.7977430820465,649.2975950241089
m_va,2,85,0.0,1.0,21,0.9047619047619048,475.30303346483333,563.1715059280396,387.47143149375916,521.1715936660767,416.27145409584045,542.1715497970581,439.67151641845703,563.1715059280396,508.27163457870483,584.171462059021,628.2711744308472,605.1714181900024
m_va,2,85,1.0,0.0,18,0.8888888888888888,463.2437080144882,563.7437105178833,380.243644118309,521.7437982559204,424.24365878105164,542.7437543869019,453.74372601509094,563.7437105178833,481.74378275871277,584.7436666488647,553.7439286708832,605.7436227798462
m_va,2,85,1.0,1.0,16,0.9375,483.3790858586629,641.0455703735352,384.04592871665955,641.0455703735352,426.4459729194641,641.0455703735352,460.04605293273926,641.0455703735352,483.4460854530334,641.0455703735352,593.2457566261292,641.0455703735352
m_va,2,86,0.0,0.0,17,0.9411764705882353,487.0116263628006,981.7571640014648,387.7618908882141,981.7571640014648,411.2619012594223,981.7571640014648,433.76193940639496,981.7571640014648,468.2620167732239,981.7571640014648,694.260835647583,981.7571640014648
m_va,2,86,0.0,1.0,21,0.9523809523809523,499.3035152554512,966.8991565704346,382.80375599861145,966.8991565704346,423.1038063764572,966.8991565704346,460.4038745164871,966.8991565704346,481.8039298057556,966.8991565704346,662.0030820369724,966.8991565704346
m_va,2,86,1.0,0.0,18,0.8888888888888888,484.3025431036949,681.0503900051117,384.05264914035797,450.65218806266785,415.55267572402954,565.8512890338898,454.5527547597885,681.0503900051117,509.55286622047424,796.2494909763336,559.0529441833496,911.4485919475555
m_va,2,86,1.0,1.0,16,1.0,526.8933717161417,,401.3310968875885,,458.3311975002289,,480.3312420845032,,573.3312964439392,,711.3298773765564,
m_va,2,87,0.0,0.0,17,0.8823529411764706,485.20862460136414,500.34216046333313,379.9421787261963,409.9421560764313,420.54219245910645,455.1421582698822,434.3422055244446,500.34216046333313,468.14228892326355,545.5421626567841,651.9416689872742,590.742164850235
m_va,2,87,0.0,1.0,21,0.9047619047619048,478.51873071570145,674.885019659996,384.8872244358063,447.68678843975067,410.88724732398987,561.2859040498734,469.887375831604,674.885019659996,495.6873893737793,788.4841352701186,578.4875988960266,902.0832508802414
m_va,2,87,1.0,0.0,18,0.8888888888888888,479.67987693846226,728.4278124570847,386.93004846572876,532.8297227621078,413.4300649166107,630.6287676095963,439.93011116981506,728.4278124570847,473.43017160892487,826.2268573045731,678.4292161464691,924.0259021520615
m_va,2,87,1.0,1.0,16,1.0,522.9958929121494,,401.93361043930054,,455.43372631073,,465.93374013900757,,554.4339120388031,,714.4322991371155,
m_va,2,88,0.0,0.0,17,0.8823529411764706,477.15821067492163,636.8567198514938,390.35834670066833,448.45801293849945,425.75836181640625,542.6573663949966,439.3584132194519,636.8567198514938,472.75845408439636,731.0560733079909,557.158613204956,825.2554267644882
m_va,2,88,0.0,1.0,21,0.9523809523809523,523.4724923968315,923.0687618255615,391.5726959705353,923.0687618255615,429.87273931503296,923.0687618255615,497.5728839635849,923.0687618255615,564.2730176448821,923.0687618255615,702.5715470314027,923.0687618255615
m_va,2,88,1.0,0.0,18,0.8888888888888888,463.94903399050236,628.7601143121719,369.76173520088196,440.36138355731964,411.76171600818634,534.5607489347458,420.76174914836884,628.7601143121719,453.2618075609207,722.9594796895981,597.2615778446198,817.1588450670242
m_va,2,88,1.0,1.0,16,1.0,519.1344227641821,,382.3847472667694,,395.3847289085388,,471.8848764896393,,607.3846220970154,,715.8833742141724,
m_va,2,89,0.0,0.0,17,0.9411764705882353,482.09789395332336,665.0973558425903,388.0980312824249,665.0973558425903,419.5980578660965,665.0973558425903,436.0980987548828,665.0973558425903,499.0982115268707,665.0973558425903,604.0979623794556,665.0973558425903
m_va,2,89,0.0,1.0,21,0.8571428571428571,488.714799284935,670.4357465108236,390.7703995704651,503.17057371139526,421.7704117298126,531.9706320762634,472.27051854133606,560.7706904411316,494.270583987236,721.1688160896301,657.2699069976807,881.5669417381287
m_va,2,89,1.0,0.0,18,0.9444444444444444,479.60919667692747,975.6635427474976,387.26823329925537,975.6635427474976,413.26824426651,975.6635427474976,432.6682686805725,975.6635427474976,465.0683403015137,975.6635427474976,629.8677444458009,975.6635427474976
m_va,2,89,1.0,1.0,16,1.0,505.21468184888363,,396.02725207805634,,438.0273222923279,,461.52737736701965,,571.5276002883911,,645.5268561840057,
m_va,2,90,0.0,0.0,17,0.9411764705882353,458.19141156971455,1077.3104429244995,389.3163204193115,1077.3104429244995,427.3163378238678,1077.3104429244995,452.8163820505142,1077.3104429244995,476.3164222240448,1077.3104429244995,535.316526889801,1077.3104429244995
m_va,2,90,0.0,1.0,21,0.9523809523809523,489.4678846001625,638.3677124977112,387.7680718898773,638.3677124977112,414.7680878639221,638.3677124977112,436.8681311607361,638.3677124977112,485.2682471275329,638.3677124977112,653.2675206661224,638.3677124977112
m_va,2,90,1.0,0.0,18,0.8888888888888888,475.2250239253044,490.7878637313843,383.2876831293106,413.98770809173584,412.78769075870514,452.38778591156006,460.7877731323242,490.7878637313843,465.787798166275,529.1879415512085,603.7874817848206,567.5880193710327
m_va,2,90,1.0,1.0,16,1.0,494.80339512228966,,396.4908719062805,,455.9909552335739,,472.49098122119904,,519.991084933281,,626.990795135498,
m_va,2,91,0.0,0.0,17,0.8823529411764706,487.5176668167114,503.51782143116,389.3178164958954,412.3178154230118,413.91780376434326,457.9178184270859,435.5178475379944,503.51782143116,520.5180227756499,549.1178244352341,618.7176704406738,594.7178274393082
m_va,2,91,0.0,1.0,21,0.9047619047619048,507.6973516690103,698.9063173532486,390.70810079574585,534.1078788042068,418.508118391037,616.5070980787277,470.9082245826721,698.9063173532486,515.9083008766174,781.3055366277695,664.1074657440184,863.7047559022903
m_va,2,91,1.0,0.0,18,0.8888888888888888,480.1109842956066,726.6089618206024,382.11116194725037,533.4108293056488,401.61116421222687,630.0098955631256,435.1112097501755,726.6089618206024,476.61128640174866,823.2080280780791,678.1103014945984,919.807094335556
m_va,2,91,1.0,1.0,16,1.0,524.4801994413137,,386.1055076122284,,406.6055119037628,,481.6056787967682,,610.1053953170776,,717.1041369438171,
m_va,2,92,0.0,0.0,17,0.8823529411764706,478.07589371999103,494.6426898241043,379.94272112846375,403.04271280765533,404.5427083969116,448.8427013158798,426.14275217056274,494.6426898241043,505.1429152488708,540.4426783323288,610.7425212860107,586.2426668405533
m_va,2,92,0.0,1.0,21,0.9047619047619048,492.59963945338603,712.2294306755066,379.0314495563507,529.8311591148376,413.8314485549927,621.0302948951721,439.2315149307251,712.2294306755066,485.2315902709961,803.4285664558411,654.2308926582335,894.6277022361755
m_va,2,92,1.0,0.0,18,0.8333333333333334,507.77574380238855,531.7092339197794,371.5761959552765,409.3762397766113,406.77616596221924,463.3763313293457,438.376247882843,517.3764228820801,526.1763811111449,588.5758876800537,746.3744640350342,659.7753524780273
m_va,2,92,1.0,1.0,16,1.0,504.7595947980881,,396.0721343755722,,441.5722191333771,,468.0722802877426,,557.0724606513977,,644.5717811584473,
m_va,2,93,0.0,0.0,17,0.8823529411764706,467.93296337127686,736.1640632152557,390.0662899017334,540.56596159935,399.86627101898193,638.3650124073029,442.66635179519653,736.1640632152557,497.86643981933594,833.9631140232086,568.4666037559509,931.7621648311615
m_va,2,93,0.0,1.0,21,0.9047619047619048,486.66542454769734,564.6918416023254,388.3917510509491,522.6919770240784,417.79178977012634,543.6919093132019,441.1918520927429,564.6918416023254,527.7920007705688,585.691773891449,637.9914045333862,606.6917061805725
m_va,2,93,1.0,0.0,18,0.8333333333333334,466.66805545488995,589.4668797651926,376.26811265945435,405.6681275367737,406.06809854507446,438.06817531585693,431.4681589603424,470.4682230949402,479.06826734542847,645.6666588783264,611.2678647041321,820.8650946617126
m_va,2,93,1.0,1.0,16,1.0,520.1350208371878,,382.76025652885437,,428.760290145874,,484.2604100704193,,565.2605593204498,,698.259174823761,
m_va,2,94,0.0,0.0,17,0.9411764705882353,491.2429340183735,915.4267311096191,371.93068861961365,915.4267311096191,420.9306836128235,915.4267311096191,447.43072986602783,915.4267311096191,497.9308396577835,915.4267311096191,649.9300003051758,915.4267311096191
m_va,2,94,0.0,1.0,21,0.9047619047619048,485.7864552422574,501.2602508068085,385.0602686405182,410.8602464199066,418.26027631759644,456.06024861335754,433.26032161712646,501.2602508068085,503.26043367385864,546.4602530002594,639.259934425354,591.6602551937103
m_va,2,94,1.0,0.0,18,0.8888888888888888,459.0050149708986,724.2527902126312,379.75500524044037,528.6546885967255,395.254984498024,626.4537394046783,431.75506591796875,724.2527902126312,488.2551580667496,822.0518410205841,554.2552769184113,919.850891828537
m_va,2,94,1.0,1.0,16,1.0,515.0712709873915,,388.3839547634125,,431.38402700424194,,468.88411045074463,,570.8841681480408,,675.8831143379211,
m_va,2,95,0.0,0.0,17,0.9411764705882353,475.1605670899153,644.2227363586426,376.22326612472534,644.2227363586426,411.22327744960785,644.2227363586426,427.2233098745346,644.2227363586426,464.22338485717773,644.2227363586426,634.2229247093201,644.2227363586426
m_va,2,95,0.0,1.0,21,0.8571428571428571,492.5435102648205,556.9868981838226,387.588033080101,392.38802194595337,422.3880708217621,395.1880216598511,482.988178730011,397.9880213737488,520.7882702350615,591.586673259735,598.0882048606873,785.1853251457214
m_va,2,95,1.0,0.0,18,0.8888888888888888,448.09249602258205,694.1530555486679,386.1548751592636,524.554654955864,415.6549274921417,609.3538552522659,432.6549619436264,694.1530555486679,458.6549997329712,778.9522558450699,545.6551909446716,863.7514561414719
m_va,2,95,1.0,1.0,16,1.0,496.17120809853077,,396.73374593257904,,430.23380637168884,,459.73385870456696,,538.2340252399445,,635.2335214614868,
m_va,2,96,0.0,0.0,17,0.8823529411764706,469.65670386950177,572.4233686923981,379.5233130455017,530.4234802722931,423.12331199645996,551.4234244823456,466.92341566085815,572.4233686923981,503.1234741210937,593.4233129024506,572.5236177444458,614.423257112503
m_va,2,96,0.0,1.0,21,0.9047619047619048,484.3877883333909,543.5987114906311,379.3984293937683,514.7986531257629,400.3984212875366,529.198682308197,456.59852027893066,543.5987114906311,510.99863052368164,557.9987406730652,681.5974712371826,572.3987698554993
m_va,2,96,1.0,0.0,18,0.8888888888888888,477.79804840683937,725.4209816455841,379.9232244491577,529.8228800296783,390.9232169389725,627.6219308376312,432.9232722520828,725.4209816455841,474.4233638048172,823.220032453537,679.4223487377167,921.0190832614899
m_va,2,96,1.0,1.0,16,1.0,526.8395785242319,,391.0272866487503,,435.5273246765137,,499.02746081352234,,568.5276091098785,,704.5262157917023,
m_va,2,97,0.0,0.0,17,0.9411764705882353,470.4054966568947,924.0267276763916,385.53063571453094,924.0267276763916,421.5306341648102,924.0267276763916,434.53066051006317,924.0267276763916,471.03074193000793,924.0267276763916,535.5308651924133,924.0267276763916
m_va,2,97,0.0,1.0,21,0.9047619047619048,495.64333024777864,698.6943483352661,394.296133518219,528.2959222793579,421.8961715698242,613.495135307312,441.6962265968323,698.6943483352661,502.2963404655456,783.8935613632202,628.8959622383117,869.0927743911743
m_va,2,97,1.0,0.0,18,0.8333333333333334,474.4551320870717,597.2539583841959,384.05519127845764,413.45521211624146,413.8551950454712,445.85527181625366,439.2552375793457,478.25533151626587,486.8553221225738,653.4537434577942,619.0549373626708,828.6521553993226
m_va,2,97,1.0,1.0,16,1.0,516.8837811797857,,386.07145845890045,,431.0715049505234,,486.0716164112091,,573.0715990066528,,691.0704672336578,
m_va,2,98,0.0,0.0,17,0.9411764705882353,478.03234681487083,650.9695053100586,377.4700462818146,650.9695053100586,415.47006368637085,650.9695053100586,430.97007274627686,650.9695053100586,465.47016501426697,650.9695053100586,638.4696662425995,650.9695053100586
m_va,2,98,0.0,1.0,21,0.9047619047619048,492.2064464343222,505.46976923942566,389.86973762512207,419.0697133541107,425.6697356700897,462.2697412967682,439.46975469589233,505.46976923942566,509.4699263572693,548.6697971820831,645.4694271087646,591.8698251247406
m_va,2,98,1.0,0.0,18,0.8333333333333334,467.32558608055115,554.1916092236837,378.125661611557,411.7256760597229,421.5256690979004,446.1257338523865,445.5257058143616,480.52579164505005,474.52579140663147,603.324830532074,592.7253484725952,726.1238694190979
m_va,2,98,1.0,1.0,16,1.0,502.3312736302614,,392.3937678337097,,446.39386236667633,,465.39390087127686,,564.8941099643707,,620.393693447113,
m_va,2,99,0.0,0.0,17,0.9411764705882353,491.5866628289223,962.9573822021484,384.9618136882782,962.9573822021484,415.9618318080902,962.9573822021484,478.9619743824005,962.9573822021484,490.46197533607483,962.9573822021484,612.4617755413055,962.9573822021484
m_va,2,99,0.0,1.0,21,0.8571428571428571,486.9340873426861,620.8775838216146,381.21195435523987,484.2121124267578,415.0119751691818,494.21212673187256,453.712061047554,504.2121410369873,515.9121662378311,654.2106866836548,652.2114276885986,804.2092323303223
m_va,2,99,1.0,0.0,18,0.8888888888888888,481.1476692557335,504.3978691101074,384.8978281021118,422.3978042602539,425.3978282213211,463.39783668518066,458.39789509773254,504.3978691101074,471.8979299068451,545.3979015350342,612.8977239131927,586.3979339599609
m_va,2,99,1.0,1.0,16,1.0,492.6486276090145,,393.7110900878906,,442.7111744880676,,465.71120619773865,,539.7113561630249,,624.2110133171082,
m_va,3,0,0.0,0.0,17,0.9411764705882353,545.445092022419,518.0707573890686,438.5706037282944,518.0707573890686,482.57067799568176,518.0707573890686,495.57071924209595,518.0707573890686,509.0707540512085,518.0707573890686,664.5694375038147,518.0707573890686
m_va,3,0,0.0,1.0,21,0.9523809523809523,517.2039866447449,524.4544744491577,398.4541893005371,524.4544744491577,416.95423126220703,524.4544744491577,468.45434606075287,524.4544744491577,564.5545661449432,524.4544744491577,675.9534180164338,524.4544744491577
m_va,3,0,1.0,0.0,18,0.9444444444444444,528.9516343789942,564.9523138999939,420.5520510673523,564.9523138999939,437.95207142829895,564.9523138999939,456.9520950317383,564.9523138999939,494.35218572616566,564.9523138999939,718.1508779525757,564.9523138999939
m_va,3,0,1.0,1.0,16,0.9375,473.4788715839386,524.345874786377,407.3456048965454,524.345874786377,425.5456566810608,524.345874786377,441.3456916809082,524.345874786377,453.1457006931305,524.345874786377,592.9457426071166,524.345874786377
m_va,3,1,0.0,0.0,17,0.9411764705882353,533.5308015346527,513.3438110351562,434.3436360359192,513.3438110351562,474.84372556209564,513.3438110351562,496.84377014636993,513.3438110351562,515.3437852859497,513.3438110351562,752.3418068885803,513.3438110351562
m_va,3,1,0.0,1.0,21,1.0,516.7652794292995,,394.3845331668854,,418.3845520019531,,485.3847026824951,,561.3848567008972,,682.38365650177,
m_va,3,1,1.0,0.0,18,0.8888888888888888,521.3469136506319,544.6598529815674,414.1596257686615,513.0598068237305,427.65964567661285,528.8598299026489,465.6597375869751,544.6598529815674,598.1597006320953,560.4598760604858,697.1584558486938,576.2598991394043
m_va,3,1,1.0,1.0,16,0.9375,472.0443149407705,552.3779392242432,385.9776735305786,552.3779392242432,411.37768030166626,552.3779392242432,439.37772512435913,552.3779392242432,496.5778529644012,552.3779392242432,594.1777706146239,552.3779392242432
m_va,3,2,0.0,0.0,17,1.0,543.8880201648263,,429.3238043785095,,480.12393712997437,,486.1239194869995,,496.5239644050598,,746.7220783233644,
m_va,3,2,0.0,1.0,21,1.0,553.0500014623007,,415.38384556770325,,434.3838691711426,,479.3839752674103,,578.3841609954834,,720.3824520111084,
m_va,3,2,1.0,0.0,18,0.9444444444444444,481.1404066927293,564.7289752960205,393.52869987487793,564.7289752960205,409.3286871910095,564.7289752960205,424.72872138023376,564.7289752960205,508.5289001464843,564.7289752960205,641.5284037590027,564.7289752960205
m_va,3,2,1.0,1.0,16,0.9375,479.4281542301178,531.3616991043091,400.56145787239075,531.3616991043091,422.5614905357361,531.3616991043091,450.36154985427856,531.3616991043091,499.9616384506225,531.3616991043091,596.5616106987,531.3616991043091
m_va,3,3,0.0,0.0,17,0.9411764705882353,533.4061793982983,514.281690120697,434.28152799606323,514.281690120697,483.28161239624023,514.281690120697,491.78165197372437,514.281690120697,515.2816772460938,514.281690120697,752.2796392440796,514.281690120697
m_va,3,3,0.0,1.0,21,0.9523809523809523,514.9355784058571,527.2860527038574,408.68578255176544,527.2860527038574,426.68580412864685,527.2860527038574,451.28586888313293,527.2860527038574,563.7861132621765,527.2860527038574,664.7850632667542,527.2860527038574
m_va,3,3,1.0,0.0,18,1.0,475.8949312898848,,402.39489674568176,,413.6949270963669,,440.39496779441833,,496.895095705986,,595.8950817584991,
m_va,3,3,1.0,1.0,16,0.875,451.8148026296071,505.10069727897644,390.000519156456,451.50060057640076,406.30050003528595,478.3006489276886,429.10054326057434,505.10069727897644,478.6006420850754,531.9007456302643,501.1006832122803,558.7007939815521
m_va,3,4,0.0,0.0,17,0.8823529411764706,515.5770301818848,530.8440923690796,435.0439131259918,518.0440664291382,466.6439652442932,524.4440793991089,484.84402894973755,530.8440923690796,513.844060897827,537.2441053390503,660.4429960250853,543.644118309021
m_va,3,4,0.0,1.0,21,1.0,516.5956446102688,,414.5958125591278,,431.5958619117737,,467.5959348678589,,545.5960631370544,,640.5954360961914,
m_va,3,4,1.0,0.0,18,0.9444444444444444,546.7940884477952,589.5597338676453,398.3593940734863,589.5597338676453,425.5594491958618,589.5597338676453,454.5595049858093,589.5597338676453,588.9597415924071,589.5597338676453,779.9573063850404,589.5597338676453
m_va,3,4,1.0,1.0,16,0.9375,466.0691559314728,563.136100769043,388.7358069419861,563.136100769043,414.33581709861755,563.136100769043,425.13585090637207,563.136100769043,482.33596682548523,563.136100769043,589.3359780311584,563.136100769043
m_va,3,5,0.0,0.0,17,1.0,532.0571222726036,,431.3281059265137,,443.32815408706665,,465.5281901359558,,512.1282815933226,,780.7259798049927,
m_va,3,5,0.0,1.0,21,1.0,517.757454088756,,395.37665247917175,,419.3766713142395,,498.37684631347656,,562.3769760131836,,683.3757758140564,
m_va,3,5,1.0,0.0,18,0.8888888888888888,452.15566642582417,527.1559357643127,391.1557048559189,489.5558476448059,411.15570068359375,508.3558917045593,424.15572702884674,527.1559357643127,443.65575909614563,545.9559798240662,528.1559526920319,564.7560238838196
m_va,3,5,1.0,1.0,16,0.9375,473.6306071281433,555.8976531028748,406.29734992980957,555.8976531028748,425.4973769187927,555.8976531028748,441.8973922729492,555.8976531028748,458.0974280834198,555.8976531028748,594.6974515914917,555.8976531028748
m_va,3,6,0.0,0.0,17,1.0,555.1627208204831,,427.304482460022,,480.10456562042236,,489.10459876060486,,530.7046890258789,,751.9026756286622,
m_va,3,6,0.0,1.0,21,1.0,538.4956399599711,,412.5911593437195,,437.59122490882874,,489.5913302898407,,581.5914869308472,,690.5901432037354,
m_va,3,6,1.0,0.0,18,0.9444444444444444,546.005334924249,505.3589344024658,395.95874547958374,505.3589344024658,426.9587755203247,505.3589344024658,503.35896015167236,505.3589344024658,569.7590827941895,505.3589344024658,729.9572944641113,505.3589344024658
m_va,3,6,1.0,1.0,16,1.0,480.626467615366,,401.8764793872833,,416.87650978565216,,443.3765411376953,,488.376647233963,,621.3763952255249,
m_va,3,7,0.0,0.0,17,0.9411764705882353,542.8927149623632,531.3307046890259,442.83054769039154,531.3307046890259,478.83062064647675,531.3307046890259,511.3306939601898,531.3307046890259,525.3306925296783,531.3307046890259,774.8284637928009,531.3307046890259
m_va,3,7,0.0,1.0,21,1.0,519.3769378321512,,404.94847297668457,,435.94855070114136,,496.9486594200134,,564.9487972259521,,660.9479188919067,
m_va,3,7,1.0,0.0,18,1.0,483.1521494521035,,394.19659674167633,,413.6966109275818,,439.09667432308197,,502.79680490493774,,629.496443271637,
m_va,3,7,1.0,1.0,16,0.9375,468.2704746723175,565.3374195098877,390.9371256828308,565.3374195098877,416.5371358394623,565.3374195098877,427.3371696472168,565.3374195098877,484.53728556632996,565.3374195098877,591.5372967720032,565.3374195098877
m_va,3,8,0.0,0.0,17,1.0,570.232629776001,,447.49207496643066,,479.4921278953552,,513.2921934127808,,531.0922384262085,,859.2889547348022,
m_va,3,8,0.0,1.0,21,0.9047619047619048,491.36023615535936,490.86035788059235,403.1601905822754,439.2602473497391,427.1602272987366,465.0603026151657,472.3603129386902,490.86035788059235,554.160487651825,516.660413146019,608.360230922699,542.4604684114456
m_va,3,8,1.0,0.0,18,1.0,548.6499816179276,,405.4282635450363,,432.62833654880524,,493.928462266922,,584.8285496234894,,731.2266886234285,
m_va,3,8,1.0,1.0,16,0.9375,467.41482814153034,561.2151622772217,386.01483702659607,561.2151622772217,402.4148106575012,561.2151622772217,434.21489000320435,561.2151622772217,483.8149905204773,561.2151622772217,591.4149880409241,561.2151622772217
m_va,3,9,0.0,0.0,17,1.0,538.1275503074422,,437.31632232666016,,459.7163677215576,,480.71640729904175,,485.51642894744873,,742.1145915985107,
m_va,3,9,0.0,1.0,21,1.0,532.9856333278474,,406.84300661087036,,428.84308099746704,,483.8431775569916,,590.8433198928833,,691.8419599533081,
m_va,3,9,1.0,0.0,18,0.9444444444444444,452.0300556631649,500.3831386566162,391.9829189777374,500.3831386566162,408.38295221328735,500.3831386566162,420.3829765319824,500.3831386566162,466.38303995132446,500.3831386566162,568.1832075119019,500.3831386566162
m_va,3,9,1.0,1.0,16,0.9375,474.09834265708923,524.9652862548828,407.96507596969604,524.9652862548828,426.1651277542114,524.9652862548828,441.96516275405884,524.9652862548828,453.7651717662811,524.9652862548828,593.5651779174805,524.9652862548828
m_va,3,10,0.0,0.0,17,0.9411764705882353,506.9286022335291,512.678861618042,404.67867255210876,512.678861618042,434.67873334884644,512.678861618042,473.17880392074585,512.678861618042,555.6789040565491,512.678861618042,657.1781039237976,512.678861618042
m_va,3,10,0.0,1.0,21,0.9523809523809523,517.6061078906059,537.8066301345825,410.1063549518585,537.8066301345825,417.20637679100037,537.8066301345825,449.80645179748535,537.8066301345825,556.5066576004028,537.8066301345825,688.0054116249084,537.8066301345825
m_va,3,10,1.0,0.0,18,0.9444444444444444,456.5783739089966,502.81381607055664,391.0136103630066,502.81381607055664,411.61361932754517,502.81381607055664,421.81363701820374,502.81381607055664,473.2137441635132,502.81381607055664,573.0138778686523,502.81381607055664
m_va,3,10,1.0,1.0,16,0.9375,469.23967003822327,566.3066506385803,391.90632700920105,566.3066506385803,417.7063584327698,566.3066506385803,427.3063540458679,566.3066506385803,496.90650701522827,566.3066506385803,592.5065040588379,566.3066506385803
m_va,3,11,0.0,0.0,17,0.9411764705882353,522.923057898879,517.2359943389893,429.2358458042145,517.2359943389893,460.23590862751007,517.2359943389893,493.2359755039215,517.2359943389893,502.73600220680237,517.2359943389893,669.7351038455963,517.2359943389893
m_va,3,11,0.0,1.0,21,0.9047619047619048,491.3769866290845,493.69290471076965,400.29271841049194,444.0928041934967,427.4927616119385,468.8928544521332,471.69286012649536,493.69290471076965,555.4930448532104,518.4929549694061,607.8927755355835,543.2930052280426
m_va,3,11,1.0,0.0,18,0.8888888888888888,513.2431890815496,465.3684198856354,398.36829900741577,432.96836018562317,425.3683537244797,449.1683900356293,485.8684837818146,465.3684198856354,576.368510723114,481.5684497356415,654.8677682876587,497.7684795856476
m_va,3,11,1.0,1.0,16,0.9375,566.45947098732,585.9938859939575,406.5935492515564,585.9938859939575,429.1935861110687,585.9938859939575,475.99369287490845,585.9938859939575,581.593930721283,585.9938859939575,757.9916715621947,585.9938859939575
m_va,3,12,0.0,0.0,17,1.0,572.2470809431637,,425.31842589378357,,475.11852979660034,,498.7185597419739,,540.718674659729,,805.71585893631,
m_va,3,12,0.0,1.0,21,0.9523809523809523,509.16186273098,560.4124069213867,386.21208369731903,560.4124069213867,417.5120919942856,560.4124069213867,455.91217279434204,560.4124069213867,553.0123770236969,560.4124069213867,672.6113200187683,560.4124069213867
m_va,3,12,1.0,0.0,18,0.8888888888888888,455.3635735064745,505.4263025522232,388.92610371112823,453.82619202136993,409.42610800266266,479.62624728679657,424.92613196372986,505.4263025522232,462.9262089729309,531.2263578176498,528.9263427257538,557.0264130830765
m_va,3,12,1.0,1.0,16,0.875,454.57610062190463,499.4334578514099,388.73328268527985,449.03334379196167,395.83329260349274,474.2334008216858,427.4333119392395,499.4334578514099,473.0333924293518,524.633514881134,516.3334667682648,549.8335719108582
m_va,3,13,0.0,0.0,17,1.0,527.393663630766,,423.45283031463623,,439.25286531448364,,466.4528965950012,,533.853006362915,,711.6515278816223,
m_va,3,13,0.0,1.0,21,1.0,523.3533311457861,,408.305823802948,,443.3059096336365,,487.30599880218506,,573.3062028884888,,649.3054628372192,
m_va,3,13,1.0,0.0,18,0.9444444444444444,467.4102576339946,425.35144090652466,401.7514109611511,425.35144090652466,413.9514088630676,425.35144090652466,429.35144901275635,425.35144090652466,493.75157952308655,425.35144090652466,572.1516370773315,425.35144090652466
m_va,3,13,1.0,1.0,16,0.9375,450.8802572886149,496.4137673377991,394.2135751247406,496.4137673377991,407.8136146068573,496.4137673377991,423.41363430023193,496.4137673377991,450.2136766910553,496.4137673377991,547.2138047218323,496.4137673377991
m_va,3,14,0.0,0.0,17,1.0,550.5610651829663,,429.33809757232666,,475.33817291259766,,494.73822116851807,,510.3382587432861,,800.1356601715088,
m_va,3,14,0.0,1.0,21,0.9047619047619048,503.6396258755734,481.1660647392273,398.3658969402313,437.16596364974976,440.56599140167236,459.1660141944885,496.1661100387573,481.1660647392273,557.1662068367004,503.16611528396606,611.3658785820007,525.1661658287048
m_va,3,14,1.0,0.0,18,0.9444444444444444,548.3561929534463,506.2977075576782,416.497540473938,506.2977075576782,475.697660446167,506.2977075576782,535.2978110313416,506.2977075576782,589.2977833747864,506.2977075576782,725.696074962616,506.2977075576782
m_va,3,14,1.0,1.0,16,0.9375,492.6896333694458,533.6899757385254,399.489688873291,533.6899757385254,420.88974714279175,533.6899757385254,442.68977642059326,533.6899757385254,517.889928817749,533.6899757385254,646.689236164093,533.6899757385254
m_va,3,15,0.0,0.0,17,1.0,560.2832839769476,,430.74267506599426,,485.5427861213684,,493.3428168296814,,531.7428708076477,,833.9398860931398,
m_va,3,15,0.0,1.0,21,1.0,505.9852585906074,,393.12827587127686,,417.128324508667,,475.1284122467041,,552.1285533905029,,678.1273484230042,
m_va,3,15,1.0,0.0,18,0.9444444444444444,521.2238027768976,528.3421277999878,413.3418679237366,528.3421277999878,430.14190196990967,528.3421277999878,446.34193181991577,528.3421277999878,489.54201936721796,528.3421277999878,714.1406059265138,528.3421277999878
m_va,3,15,1.0,1.0,16,0.9375,470.62252163887024,551.0894656181335,396.2891697883606,551.0894656181335,418.4892237186432,551.0894656181335,434.0892434120178,551.0894656181335,480.08933663368225,551.0894656181335,592.089319229126,551.0894656181335
m_va,3,16,0.0,0.0,17,0.9411764705882353,487.03935369849205,542.9770946502686,403.97679805755615,542.9770946502686,434.4768673181534,542.9770946502686,456.4769119024277,542.9770946502686,512.4770402908325,542.9770946502686,599.4769930839539,542.9770946502686
m_va,3,16,0.0,1.0,21,0.9523809523809523,509.1143533587456,535.9647870063782,402.96452045440674,535.9647870063782,420.9645628929138,535.9647870063782,470.9646701812744,535.9647870063782,538.4647965431213,535.9647870063782,615.7644152641298,535.9647870063782
m_va,3,16,1.0,0.0,18,0.9444444444444444,505.8692430748659,423.63399267196655,404.23397421836853,423.63399267196655,432.8340172767639,423.63399267196655,489.6341562271118,423.63399267196655,554.2342662811279,423.63399267196655,633.2336187362672,423.63399267196655
m_va,3,16,1.0,1.0,16,1.0,480.27076944708824,,409.2082679271698,,421.70828580856323,,443.7083601951599,,477.2084206342697,,617.2082722187042,
m_va,3,17,0.0,0.0,17,0.9411764705882353,481.4946670085192,524.8698592185974,403.36962044239044,524.8698592185974,419.3696677684784,524.8698592185974,444.8696970939636,524.8698592185974,518.3698534965515,524.8698592185974,583.8698148727417,524.8698592185974
m_va,3,17,0.0,1.0,21,1.0,514.1146566186633,,400.2576470375061,,424.25769567489624,,483.25783014297485,,557.2579503059387,,659.2570543289185,
m_va,3,17,1.0,0.0,18,0.9444444444444444,533.5311977302327,522.2376585006714,411.63742542266846,522.2376585006714,429.23747301101685,522.2376585006714,471.23754024505615,522.2376585006714,564.0377402305603,522.2376585006714,634.8371028900148,522.2376585006714
m_va,3,17,1.0,1.0,16,0.9375,490.22714893023175,524.0940451622009,401.6938030719757,524.0940451622009,420.69385051727295,524.0940451622009,468.0939316749573,524.0940451622009,529.494059085846,524.0940451622009,597.0939636230469,524.0940451622009
m_va,3,18,0.0,0.0,17,1.0,480.780773303088,,398.95719289779663,,417.75723695755005,,454.9573063850403,,496.7573881149292,,598.9573955535889,
m_va,3,18,0.0,1.0,21,1.0,510.7180717445555,,398.48005771636963,,428.4800887107849,,487.4802231788635,,551.4803528785706,,645.4796195030212,
m_va,3,18,1.0,0.0,18,0.9444444444444444,471.2513176833882,564.0163421630859,390.4159903526306,564.0163421630859,415.8160090446472,564.0163421630859,426.01603269577026,564.0163421630859,490.81616401672363,564.0163421630859,596.4162230491638,564.0163421630859
m_va,3,18,1.0,1.0,16,0.9375,461.2726310888926,481.6061854362488,393.20605993270874,481.6061854362488,406.0060381889343,481.6061854362488,422.60608077049255,481.6061854362488,451.20614767074585,481.6061854362488,614.2056226730346,481.6061854362488
m_va,3,19,0.0,0.0,17,1.0,467.4300341045155,,394.14764046669006,,414.74766731262207,,430.54771423339844,,476.54780745506287,,591.5478110313416,
m_va,3,19,0.0,1.0,21,0.9523809523809523,506.99450969696045,525.4448652267456,400.34462809562683,525.4448652267456,414.244669675827,525.4448652267456,470.44476866722107,525.4448652267456,561.2449526786803,525.4448652267456,642.3441410064697,525.4448652267456
m_va,3,19,1.0,0.0,18,0.9444444444444444,502.0254604956683,549.6730804443359,396.6728091239929,549.6730804443359,418.67284774780273,549.6730804443359,430.67288398742676,549.6730804443359,506.67302608489985,549.6730804443359,666.0720825195314,549.6730804443359
m_va,3,19,1.0,1.0,16,1.0,472.7641176432371,,392.9516226053238,,403.4516364336014,,433.9517056941986,,485.4517877101898,,614.9515509605408,
m_va,3,20,0.0,0.0,17,1.0,525.4334895049825,,401.3984024524689,,439.59847688674927,,497.19858169555664,,564.3987417221069,,661.597752571106,
m_va,3,20,0.0,1.0,21,0.9047619047619048,519.1030423892172,579.7616541385651,398.66132140159607,572.1616566181183,424.26135540008545,575.9616553783417,445.2613890171051,579.7616541385651,533.4615707397461,583.5616528987885,597.0615625381469,587.3616516590118
m_va,3,20,1.0,0.0,18,0.9444444444444444,478.1923136290382,553.1337261199951,396.7334270477295,553.1337261199951,421.5334892272949,553.1337261199951,440.1335120201111,553.1337261199951,506.93364143371576,553.1337261199951,581.7336559295655,553.1337261199951
m_va,3,20,1.0,1.0,16,0.875,443.7195232936314,497.71973490715027,377.81955897808075,446.11963629722595,389.21954333782196,471.9196856021881,415.21957516670227,497.71973490715027,464.6196603775024,523.5197842121124,503.819739818573,549.3198335170746
m_va,3,21,0.0,0.0,17,0.9411764705882353,484.8368465900421,539.0870571136475,398.58677983283997,539.0870571136475,415.0868356227875,539.0870571136475,451.58690214157104,539.0870571136475,520.5870270729065,539.0870571136475,594.0870046615601,539.0870571136475
m_va,3,21,0.0,1.0,21,1.0,514.0814554123651,,403.27203273773193,,421.2720990180969,,496.2722361087799,,554.2723536491394,,683.2711696624756,
m_va,3,21,1.0,0.0,18,0.9444444444444444,540.2839131215039,529.2845368385315,409.0842843055725,529.2845368385315,445.0843572616577,529.2845368385315,473.28442335128784,529.2845368385315,576.6846060752869,529.2845368385315,660.8837366104127,529.2845368385315
m_va,3,21,1.0,1.0,16,0.9375,489.6143098672231,523.547887802124,408.14767479896545,523.547887802124,429.74772453308105,523.547887802124,441.5477514266968,523.547887802124,517.547881603241,523.547887802124,637.3472571372986,523.547887802124
m_va,3,22,0.0,0.0,17,0.9411764705882353,469.51129101216793,474.82389211654663,397.8237807750702,474.82389211654663,426.323801279068,474.82389211654663,442.8238272666931,474.82389211654663,475.323885679245,474.82389211654663,582.8239917755127,474.82389211654663
m_va,3,22,0.0,1.0,21,1.0,537.8729601701101,,414.2542779445648,,440.2543306350708,,489.2544150352478,,572.2545981407166,,699.2530822753906,
m_va,3,22,1.0,0.0,18,0.8888888888888888,526.7653670161963,533.8910818099976,388.39082419872284,508.29102993011475,421.89085483551025,521.0910558700562,467.8909480571747,533.8910818099976,525.3910720348358,546.691107749939,613.8908267021179,559.4911336898804
m_va,3,22,1.0,1.0,16,1.0,475.2271641045809,,397.85219728946686,,406.3522070646286,,427.35224962234497,,477.85234451293945,,637.351930141449,
m_va,3,23,0.0,0.0,17,0.9411764705882353,444.88932378590107,538.0145311355591,389.5142674446106,538.0145311355591,400.0142514705658,538.0145311355591,423.0142831802368,538.0145311355591,445.5143213272095,538.0145311355591,548.0144917964935,538.0145311355591
m_va,3,23,0.0,1.0,21,0.9523809523809523,506.99450969696045,525.4448652267456,400.34462809562683,525.4448652267456,414.244669675827,525.4448652267456,470.44476866722107,525.4448652267456,561.2449526786803,525.4448652267456,642.3441410064697,525.4448652267456
m_va,3,23,1.0,0.0,18,0.9444444444444444,473.2029981472913,561.1445307731628,387.5442087650299,561.1445307731628,413.74422311782837,561.1445307731628,422.14423418045044,561.1445307731628,498.94440174102783,561.1445307731628,630.5439710617065,561.1445307731628
m_va,3,23,1.0,1.0,16,0.875,462.041790996279,576.5420496463776,385.9417259693146,568.5420334339142,417.141729593277,572.5420415401459,438.0417913198471,576.5420496463776,478.1418651342392,580.5420577526093,578.441995382309,584.5420658588409
m_va,3,24,0.0,0.0,17,0.9411764705882353,476.8572300672531,556.2949776649475,399.2946743965149,556.2949776649475,422.2947359085083,556.2949776649475,439.2947554588318,556.2949776649475,496.7948794364929,556.2949776649475,587.2949361801147,556.2949776649475
m_va,3,24,0.0,1.0,21,0.9523809523809523,496.9060391187668,434.35609340667725,401.2560099363327,434.35609340667725,419.5560485124588,434.35609340667725,485.3561818599701,434.35609340667725,542.2563135623932,434.35609340667725,636.7557525634766,434.35609340667725
m_va,3,24,1.0,0.0,18,0.8888888888888888,512.3107433319092,503.2484829425812,411.7483049631119,501.6484797000885,435.24837493896484,502.4484813213348,498.7484812736511,503.2484829425812,545.2485680580139,504.04848456382757,638.2480263710022,504.84848618507385
m_va,3,24,1.0,1.0,16,0.9375,469.83978152275085,552.1067976951599,403.1065046787262,552.1067976951599,421.7065453529358,552.1067976951599,438.10659646987915,552.1067976951599,450.7066071033478,552.1067976951599,591.5066480636596,552.1067976951599
m_va,3,25,0.0,0.0,17,0.9411764705882353,473.3768440783024,556.002140045166,396.00181579589844,556.002140045166,419.00181770324707,556.002140045166,434.50187146663666,556.002140045166,495.00198662281036,556.002140045166,584.0020179748535,556.002140045166
m_va,3,25,0.0,1.0,21,0.9523809523809523,519.9671760201454,531.7176580429077,414.517405629158,531.7176580429077,428.0174285173416,531.7176580429077,454.7174870967865,531.7176580429077,555.0176918506622,531.7176580429077,673.5166668891908,531.7176580429077
m_va,3,25,1.0,0.0,18,1.0,482.08559221691553,,396.9855725765228,,425.7856070995331,,445.08564472198486,,533.1858396530151,,612.5855565071107,
m_va,3,25,1.0,1.0,16,0.9375,490.2357379595438,524.1026282310486,401.70238614082336,524.1026282310486,420.7024335861206,524.1026282310486,468.10251474380493,524.1026282310486,533.5026383399963,524.1026282310486,597.1025466918945,524.1026282310486
m_va,3,26,0.0,0.0,17,1.0,518.6556647805606,,413.6911869049072,,425.89120864868164,,473.89131784439087,,560.6914758682251,,665.2905225753784,
m_va,3,26,0.0,1.0,21,0.9523809523809523,513.1572708487511,541.7577028274536,405.1574230194092,541.7577028274536,419.15743350982666,541.7577028274536,477.25754976272583,541.7577028274536,553.1577050685881,541.7577028274536,668.4567213058472,541.7577028274536
m_va,3,26,1.0,0.0,18,0.9444444444444444,518.5533797039706,523.5538482666016,399.7536301612854,523.5538482666016,421.75365686416626,523.5538482666016,467.5537645816803,523.5538482666016,539.7539258003235,523.5538482666016,641.5532827377319,523.5538482666016
m_va,3,26,1.0,1.0,16,0.9375,468.433823188146,562.3008012771606,387.5004708766937,562.3008012771606,416.5004789829254,562.3008012771606,435.3005290031433,562.3008012771606,496.1006641387939,562.3008012771606,591.5006399154663,562.3008012771606
m_va,3,27,0.0,0.0,17,1.0,516.6797532754786,,395.8211660385132,,418.0211842060089,,487.62133717536926,,559.2214703559875,,687.4202251434326,
m_va,3,27,0.0,1.0,21,1.0,510.0700117292858,,400.6415605545044,,439.64165449142456,,463.6417031288147,,538.6418104171753,,630.6413412094116,
m_va,3,27,1.0,0.0,18,0.9444444444444444,520.5197877743665,530.4027199745178,400.6024360656738,530.4027199745178,416.80248975753784,530.4027199745178,446.40254974365234,530.4027199745178,566.0027503967285,530.4027199745178,686.0013961791992,530.4027199745178
m_va,3,27,1.0,1.0,16,0.9375,569.2794799804688,567.6135420799255,413.41320872306824,567.6135420799255,438.4132742881775,567.6135420799255,509.61339473724365,567.6135420799255,576.213502883911,567.6135420799255,688.2121682167053,567.6135420799255
m_va,3,28,0.0,0.0,17,1.0,561.6628510110519,,409.08706188201904,,419.4870591163635,,476.4871895313263,,602.887201309204,,761.0851645469667,
m_va,3,28,0.0,1.0,21,0.9523809523809523,507.24755674600596,558.9480400085449,385.6477349996567,558.9480400085449,416.04777574539185,558.9480400085449,450.9478360414505,558.9480400085449,565.3480887413025,558.9480400085449,669.3470358848572,558.9480400085449
m_va,3,28,1.0,0.0,18,0.9444444444444444,528.6569525213803,503.6575198173523,399.45729970932007,503.6575198173523,421.0573673248291,503.6575198173523,494.6575164794922,503.6575198173523,539.8575782775879,503.6575198173523,644.0569400787354,503.6575198173523
m_va,3,28,1.0,1.0,16,0.9375,462.60616183280945,559.6731305122375,385.2728068828583,559.6731305122375,410.87284088134766,559.6731305122375,421.67285084724426,559.6731305122375,478.8729667663574,559.6731305122375,585.8729839324951,559.6731305122375
m_va,3,29,0.0,0.0,17,1.0,492.30192864642424,,403.4312963485718,,422.6313352584839,,485.83143949508667,,516.2315130233765,,606.4314365386963,
m_va,3,29,0.0,1.0,21,1.0,541.0436547937846,,417.13935136795044,,430.13936281204224,,462.13942766189575,,582.1396708488464,,700.1381516456604,
m_va,3,29,1.0,0.0,18,0.9444444444444444,460.70623923750486,479.23582792282104,395.835679769516,479.23582792282104,404.0356636047363,479.23582792282104,422.23572731018066,479.23582792282104,461.23579144477844,479.23582792282104,595.4357266426086,479.23582792282104
m_va,3,29,1.0,1.0,16,0.9375,485.5524559815725,537.2860431671143,398.8857626914978,537.2860431671143,421.2858200073242,537.2860431671143,445.2858567237854,537.2860431671143,512.686002254486,537.2860431671143,594.2859172821045,537.2860431671143
m_va,3,30,0.0,0.0,17,1.0,479.68460356487947,,408.2139849662781,,419.6139991283417,,431.21403455734253,,500.2141714096069,,606.2141418457031,
m_va,3,30,0.0,1.0,21,1.0,511.4304238841647,,397.382915019989,,418.3829426765442,,490.3830885887146,,564.3832683563232,,682.3819875717163,
m_va,3,30,1.0,0.0,18,0.9444444444444444,474.70717920976523,550.4721403121948,402.47182846069336,550.4721403121948,418.87184381484985,550.4721403121948,442.4719214439392,550.4721403121948,512.0720505714417,550.4721403121948,577.8720140457153,550.4721403121948
m_va,3,30,1.0,1.0,16,0.9375,480.9404253959656,540.2073264122009,401.6070604324341,540.2073264122009,422.60711193084717,540.2073264122009,449.2071568965912,540.2073264122009,502.4072527885437,540.2073264122009,601.8072128295898,540.2073264122009
m_va,3,31,0.0,0.0,17,1.0,484.5459654050715,,397.11060523986816,,436.71069145202637,,455.31073212623596,,509.5108270645141,,594.9108123779297,
m_va,3,31,0.0,1.0,21,0.9047619047619048,498.47629038911117,498.02902340888977,410.3288471698761,446.42892479896545,434.9289059638977,472.2289741039276,476.52900218963623,498.02902340888977,561.3291621208191,523.8290727138519,614.9288892745972,549.6291220188141
m_va,3,31,1.0,0.0,18,0.9444444444444444,518.6209100134232,523.6214399337769,403.0211806297302,523.6214399337769,414.62117433547974,523.6214399337769,467.6212966442108,523.6214399337769,538.4214639663696,523.6214399337769,644.4207787513733,523.6214399337769
m_va,3,31,1.0,1.0,16,0.9375,490.50999879837036,524.3768692016602,402.5766372680664,524.3768692016602,420.9766745567322,524.3768692016602,468.3767855167389,524.3768692016602,530.5769205093384,524.3768692016602,596.776819229126,524.3768692016602
m_va,3,32,0.0,0.0,17,0.9411764705882353,476.7177514731884,557.2180151939392,398.7177163362503,557.2180151939392,422.2177267074585,557.2180151939392,438.21778893470764,557.2180151939392,498.2178956270218,557.2180151939392,588.71790766716,557.2180151939392
m_va,3,32,0.0,1.0,21,0.9523809523809523,506.5927758812905,567.2932863235474,394.89296674728394,567.2932863235474,421.3930010795593,567.2932863235474,458.7930738925934,567.2932863235474,528.8931965827941,567.2932863235474,685.3921175003052,567.2932863235474
m_va,3,32,1.0,0.0,18,1.0,549.3860791126887,,409.1643661260605,,434.8644256591797,,492.66453087329865,,592.6645874977111,,729.3627977371217,
m_va,3,32,1.0,1.0,16,0.875,441.4162997688566,520.7737386226654,384.7735196352005,483.97366404533386,404.8735171556473,502.37370133399963,415.2735322713852,520.7737386226654,432.8735589981079,539.1737759113312,483.97367000579834,557.573813199997
m_va,3,33,0.0,0.0,17,0.9411764705882353,463.1225261837244,563.1853342056274,389.18501138687134,563.1853342056274,414.68504071235657,563.1853342056274,422.68504202365875,563.1853342056274,478.18516194820404,563.1853342056274,584.685206413269,563.1853342056274
m_va,3,33,0.0,1.0,21,0.9047619047619048,515.1491698465849,544.6496307849884,398.7493395805359,510.64959168434143,423.1493949890137,527.6496112346649,478.14950346946716,544.6496307849884,572.3496794700623,561.6496503353119,689.9483561515808,578.6496698856354
m_va,3,33,1.0,0.0,18,1.0,507.43306842115186,,400.68882405757904,,428.6888659000397,,449.48893785476685,,540.2890920639037,,654.2883276939393,
m_va,3,33,1.0,1.0,16,0.9375,466.0691559314728,563.136100769043,388.7358069419861,563.136100769043,414.33581709861755,563.136100769043,425.13585090637207,563.136100769043,482.33596682548523,563.136100769043,589.3359780311584,563.136100769043
m_va,3,34,0.0,0.0,17,0.9411764705882353,558.6611460894346,425.97389221191406,423.9738881587982,425.97389221191406,488.4740114212036,425.97389221191406,565.9741461277008,425.97389221191406,609.9737882614136,425.97389221191406,712.4724984169006,425.97389221191406
m_va,3,34,0.0,1.0,21,0.9523809523809523,526.4124438166618,529.9630165100098,405.76276183128357,529.9630165100098,425.36279559135437,529.9630165100098,484.4629168510437,529.9630165100098,542.1630203723907,529.9630165100098,730.0613343715669,529.9630165100098
m_va,3,34,1.0,0.0,18,0.9444444444444444,459.3665494638331,475.95494985580444,385.5548024177551,475.95494985580444,405.95481991767883,475.95494985580444,426.95486545562744,475.95494985580444,459.7549319267273,475.95494985580444,585.5548620223999,475.95494985580444
m_va,3,34,1.0,1.0,16,0.9375,466.8304204940796,432.29708075523376,412.0970368385315,432.29708075523376,420.2970564365387,432.29708075523376,432.29708075523376,432.29708075523376,487.29717731475824,432.29708075523376,563.4972810745239,432.29708075523376
m_va,3,35,0.0,0.0,17,0.9411764705882353,515.9665551036596,464.6543860435486,417.1542823314667,464.6543860435486,434.15430188179016,464.6543860435486,449.1543471813202,464.6543860435486,541.154533624649,464.6543860435486,661.1535549163818,464.6543860435486
m_va,3,35,0.0,1.0,21,0.9047619047619048,512.2340588193191,507.02381134033203,399.8236060142517,504.62379455566406,431.42368793487543,505.823802947998,483.0237627029419,507.02381134033203,574.2239475250244,508.2238197326661,638.6232495307922,509.423828125
m_va,3,35,1.0,0.0,18,0.9444444444444444,474.17625258950625,557.3530197143555,386.1527144908905,557.3530197143555,411.15273237228394,557.3530197143555,437.3527765274048,557.3530197143555,499.35290813446045,557.3530197143555,579.1529059410095,557.3530197143555
m_va,3,35,1.0,1.0,16,0.9375,475.8573333422343,509.65750217437744,399.457311630249,509.65750217437744,405.05733489990234,509.65750217437744,445.6574022769928,509.65750217437744,496.8575179576873,509.65750217437744,602.6574373245239,509.65750217437744
m_va,3,36,0.0,0.0,17,0.9411764705882353,482.67162404954433,524.9843597412109,399.98406171798706,524.9843597412109,411.48409247398376,524.9843597412109,445.9841847419739,524.9843597412109,519.4843113422394,524.9843597412109,596.9842672348022,524.9843597412109
m_va,3,36,0.0,1.0,21,0.9523809523809523,516.037093102932,463.2873833179474,404.18727695941925,463.2873833179474,432.38731622695923,463.2873833179474,456.2873840332031,463.2873833179474,573.0876266956329,463.2873833179474,665.3865396976471,463.2873833179474
m_va,3,36,1.0,0.0,18,1.0,484.42209263642627,,398.12206625938416,,413.02209198474884,,465.92220664024353,,534.122335910797,,607.9221248626709,
m_va,3,36,1.0,1.0,16,1.0,474.90409202873707,,389.2166316509247,,406.71664476394653,,423.21668565273285,,494.21681463718414,,641.7163014411926,
m_va,3,37,0.0,0.0,17,0.9411764705882353,480.18992505967617,560.69016456604,402.18988060951233,560.69016456604,425.6899356842041,560.69016456604,441.6899383068085,560.69016456604,501.6900897026062,560.69016456604,592.1900868415833,560.69016456604
m_va,3,37,0.0,1.0,21,1.0,545.3317931720188,,416.7131185531616,,442.7131414413452,,496.7132806777954,,582.7134251594543,,716.7117595672607,
m_va,3,37,1.0,0.0,18,0.9444444444444444,471.7888025676503,556.4362406730652,380.8359146118164,556.4362406730652,400.43591260910034,556.4362406730652,423.4359562397003,556.4362406730652,498.43610525131226,556.4362406730652,629.8356533050537,556.4362406730652
m_va,3,37,1.0,1.0,16,1.0,475.05389153957367,,401.17889642715454,,416.17894172668457,,432.1789741516113,,475.67905485630035,,621.6787993907928,
m_va,3,38,0.0,0.0,17,0.9411764705882353,511.45273819565773,458.39056372642517,412.39047050476074,458.39056372642517,432.3905110359192,458.39056372642517,451.3905644416809,458.39056372642517,529.3906927108765,458.39056372642517,634.8900496959686,458.39056372642517
m_va,3,38,0.0,1.0,21,0.9523809523809523,508.5948258638382,560.2953433990479,386.09502017498016,560.2953433990479,417.3950284719467,560.2953433990479,455.7951092720032,560.2953433990479,566.695350408554,560.2953433990479,670.6942796707153,560.2953433990479
m_va,3,38,1.0,0.0,18,0.9444444444444444,459.3665494638331,475.95494985580444,385.5548024177551,475.95494985580444,405.95481991767883,475.95494985580444,426.95486545562744,475.95494985580444,459.7549319267273,475.95494985580444,585.5548620223999,475.95494985580444
m_va,3,38,1.0,1.0,16,1.0,484.2201191931963,,397.2826153039932,,415.7826453447342,,466.28275513648987,,492.7828013896942,,621.2825179100037,
m_va,3,39,0.0,0.0,17,0.9411764705882353,451.2421302497387,539.4923686981201,386.49213314056396,539.4923686981201,402.9921144247055,539.4923686981201,427.99215018749237,539.4923686981201,457.4922025203705,539.4923686981201,543.492317199707,539.4923686981201
m_va,3,39,0.0,1.0,21,0.9047619047619048,486.38092216692473,491.1704957485199,395.1703071594238,440.77040553092957,417.57036447525024,465.97045063972473,466.17045998573303,491.1704957485199,546.3706254959106,516.3705408573151,600.9704232215881,541.5705859661102
m_va,3,39,1.0,0.0,18,0.8888888888888888,444.9054654687643,519.530713558197,385.530486702919,481.9306254386902,398.5304534435272,500.7306694984436,409.53049063682556,519.530713558197,446.03055715560913,538.3307576179504,532.0307612419128,557.1308016777039
m_va,3,39,1.0,1.0,16,0.875,447.52966293266843,528.1013399362564,393.2010918855667,491.3012534379959,406.0010761022568,509.70129668712616,420.60111463069916,528.1013399362564,460.1011872291565,546.5013831853867,500.10127425193787,564.9014264345169
m_va,3,40,0.0,0.0,17,1.0,479.13512236931746,,401.08800530433655,,420.4880356788635,,439.48808312416077,,507.28821754455566,,591.2882804870605,
m_va,3,40,0.0,1.0,21,1.0,536.7874588285174,,416.168749332428,,441.16878509521484,,485.1688742637634,,577.1690607070923,,680.1677942276001,
m_va,3,40,1.0,0.0,18,0.9444444444444444,503.6296599051532,551.2772798538208,398.2770085334778,551.2772798538208,420.2770471572876,551.2772798538208,432.2770833969116,551.2772798538208,508.2772254943847,551.2772798538208,667.6762819290162,551.2772798538208
m_va,3,40,1.0,1.0,16,0.875,455.45909021581923,498.74502420425415,387.04485297203064,447.5449204444885,402.0448297262192,473.14497232437134,432.7448755502701,498.74502420425415,478.0449539422989,524.345076084137,515.9450292587281,549.9451279640198
m_va,3,41,0.0,0.0,17,0.9411764705882353,464.9654496461153,565.0282502174377,391.02792739868164,565.0282502174377,416.52795672416687,565.0282502174377,424.52795803546906,565.0282502174377,480.02807796001434,565.0282502174377,586.5281224250793,565.0282502174377
m_va,3,41,0.0,1.0,21,0.9523809523809523,519.7706922888756,528.42116355896,410.32095551490784,528.42116355896,430.0209939479828,528.42116355896,452.42103934288025,528.42116355896,545.0212121009827,528.42116355896,668.1202530860901,528.42116355896
m_va,3,41,1.0,0.0,18,0.9444444444444444,518.6509384828455,508.82792472839355,398.6277222633362,508.82792472839355,416.22776985168457,508.82792472839355,454.82784509658813,508.82792472839355,538.8279914855957,508.82792472839355,679.4268846511841,508.82792472839355
m_va,3,41,1.0,1.0,16,0.9375,567.5593157609303,584.9604606628418,407.5600743293762,584.9604606628418,429.9601078033447,584.9604606628418,468.9601957798004,584.9604606628418,580.760395526886,584.9604606628418,761.558163166046,584.9604606628418
m_va,3,42,0.0,0.0,17,1.0,475.7957178003648,,404.50156927108765,,415.90158343315125,,428.5016059875488,,496.5017557144165,,602.5017261505127,
m_va,3,42,0.0,1.0,21,1.0,518.1609207675571,,404.11341190338135,,425.1134395599365,,497.11358547210693,,571.1137652397156,,689.1125440597534,
m_va,3,42,1.0,0.0,18,0.9444444444444444,535.1411489879384,506.9652795791626,398.7650513648987,506.9652795791626,419.56509351730347,506.9652795791626,488.96524310112,506.9652795791626,568.9654111862183,506.9652795791626,657.764506340027,506.9652795791626
m_va,3,42,1.0,1.0,16,0.875,473.8877351794924,541.1022007465363,399.8019129037857,515.1021540164948,421.10194861888885,528.1021773815155,448.1019824743271,541.1022007465363,512.8021061420441,554.102224111557,579.5022606849672,567.1022474765778
m_va,3,43,0.0,0.0,17,1.0,486.66263503186843,,395.38023471832275,,417.18026399612427,,475.7803976535797,,534.780490398407,,599.5803236961365,
m_va,3,43,0.0,1.0,21,1.0,517.2180249577477,,405.36102652549744,,444.3610906600952,,475.361168384552,,533.3613157272339,,673.3603477478027,
m_va,3,43,1.0,0.0,18,0.9444444444444444,537.683574592366,508.39006900787354,401.18982791900635,508.39006900787354,421.98987007141113,508.39006900787354,492.3900365829468,508.39006900787354,571.1901783943176,508.39006900787354,659.5893144607544,508.39006900787354
m_va,3,43,1.0,1.0,16,1.0,488.9874719083309,,399.86248314380646,,433.36252868175507,,451.36256515979767,,502.3626685142517,,628.3623576164246,
m_va,3,44,0.0,0.0,17,1.0,516.126960515976,,391.2095308303833,,418.00957918167114,,485.00970005989075,,565.8098936080931,,684.808611869812,
m_va,3,44,0.0,1.0,21,1.0,545.3317931720188,,416.7131185531616,,442.7131414413452,,496.7132806777954,,582.7134251594543,,716.7117595672607,
m_va,3,44,1.0,0.0,18,1.0,505.79110284646356,,400.4023402929306,,438.00242245197296,,447.9024410247803,,550.9026646614074,,660.9017252922058,
m_va,3,44,1.0,1.0,16,0.9375,466.01464549700415,563.0816221237183,388.681298494339,563.0816221237183,414.28133249282837,563.0816221237183,425.081342458725,563.0816221237183,482.28145837783813,563.0816221237183,589.2814636230469,563.0816221237183
m_va,3,45,0.0,0.0,17,1.0,511.5475602009717,,396.3594675064087,,416.75952076911926,,485.95964908599854,,562.1598243713378,,655.1589012145996,
m_va,3,45,0.0,1.0,21,0.9523809523809523,520.383109152317,543.0335998535156,407.93331265449524,543.0335998535156,420.93334794044495,543.0335998535156,476.5334576368332,543.0335998535156,546.7336177825928,543.0335998535156,628.033220767975,543.0335998535156
m_va,3,45,1.0,0.0,18,0.9444444444444444,453.5397922291475,531.481146812439,385.4809105396271,531.481146812439,403.88091802597046,531.481146812439,420.4809367656708,531.481146812439,473.2810437679291,531.481146812439,573.0811953544617,531.481146812439
m_va,3,45,1.0,1.0,16,0.9375,469.9133336544037,552.1803498268127,400.5800485610962,552.1803498268127,415.5800998210907,552.1803498268127,425.1801073551178,552.1803498268127,455.5801689624786,552.1803498268127,590.9802079200745,552.1803498268127
m_va,3,46,0.0,0.0,17,1.0,488.1550774854772,,400.77855587005615,,437.3786270618439,,458.97868275642395,,513.9787673950194,,605.3786754608154,
m_va,3,46,0.0,1.0,21,0.9523809523809523,513.2581382989883,546.0085272789001,407.3082745075226,546.0085272789001,434.4083160161972,546.0085272789001,470.5083966255188,546.0085272789001,557.608550786972,546.0085272789001,614.8082375526429,546.0085272789001
m_va,3,46,1.0,0.0,18,0.9444444444444444,472.22476145800425,561.8132948875427,386.21296882629395,561.8132948875427,416.4129853248596,561.8132948875427,428.81301045417786,561.8132948875427,502.6131391525268,561.8132948875427,597.4131941795349,561.8132948875427
m_va,3,46,1.0,1.0,16,0.9375,490.2773479620616,539.077639579773,407.6773524284363,539.077639579773,421.67738676071167,539.077639579773,448.0774402618408,539.077639579773,531.2775850296019,539.077639579773,598.0774641036986,539.077639579773
m_va,3,47,0.0,0.0,17,1.0,520.734017386156,,395.81658244132996,,422.6166009902954,,489.6167516708374,,570.8169102668762,,689.4156694412231,
m_va,3,47,0.0,1.0,21,0.9047619047619048,488.380071363951,490.1433289051056,396.64313793182373,437.7432405948639,419.04319524765015,463.94328474998474,467.64329075813293,490.1433289051056,551.4434695243835,516.3433730602264,602.2432565689087,542.5434172153473
m_va,3,47,1.0,0.0,18,0.9444444444444444,450.5433264900656,531.6612124443054,377.4609565734863,531.6612124443054,398.26093316078186,531.6612124443054,427.6610016822815,531.6612124443054,473.66106510162354,531.6612124443054,566.0612225532532,531.6612124443054
m_va,3,47,1.0,1.0,16,0.9375,478.6991238594055,485.09931564331055,403.4991383552551,485.09931564331055,421.29915952682495,485.09931564331055,442.0992136001587,485.09931564331055,485.8992934226989,485.09931564331055,617.8990483283995,485.09931564331055
m_va,3,48,0.0,0.0,17,0.9411764705882353,463.208582252264,560.0214004516602,385.02107560634613,560.0214004516602,414.52108323574066,560.0214004516602,429.02112007141113,560.0214004516602,479.02122139930725,560.0214004516602,585.5212509632111,560.0214004516602
m_va,3,48,0.0,1.0,21,0.9523809523809523,496.9060391187668,434.35609340667725,401.2560099363327,434.35609340667725,419.5560485124588,434.35609340667725,485.3561818599701,434.35609340667725,542.2563135623932,434.35609340667725,636.7557525634766,434.35609340667725
m_va,3,48,1.0,0.0,18,0.8888888888888888,448.88148829340935,499.0691691637039,382.56897032260895,447.46905863285065,403.0689746141434,473.2691138982773,423.0690151453018,499.0691691637039,466.56909584999084,524.8692244291306,525.5692303180695,550.6692796945572
m_va,3,48,1.0,1.0,16,0.9375,465.2482767899831,558.5819482803345,385.7816159725189,558.5819482803345,413.9816164970398,558.5819482803345,420.5816388130188,558.5819482803345,490.9817814826965,558.5819482803345,592.7817463874817,558.5819482803345
m_va,3,49,0.0,0.0,17,0.9411764705882353,463.84668350219727,560.6594681739807,384.65918600559235,560.6594681739807,414.65918719768524,560.6594681739807,426.15920305252075,560.6594681739807,484.659343957901,560.6594681739807,587.1593654155731,560.6594681739807
m_va,3,49,0.0,1.0,21,1.0,511.71174787339714,,391.4261758327484,,415.42619466781616,,493.4263825416565,,542.4264669418335,,678.4253120422363,
m_va,3,49,1.0,0.0,18,1.0,518.3580335643557,,397.7471113204956,,419.5471525192261,,493.7472939491272,,558.247447013855,,684.5462203025818,
m_va,3,49,1.0,1.0,16,0.9375,469.95784640312195,561.891496181488,389.0911936759949,561.891496181488,402.2911846637726,561.891496181488,421.8912124633789,561.891496181488,499.8913586139679,561.891496181488,606.2913417816162,561.891496181488
m_va,3,50,0.0,0.0,17,1.0,512.8450796884649,,401.69233083724976,,419.2923665046692,,482.49250650405884,,559.0926647186279,,686.4913702011108,
m_va,3,50,0.0,1.0,21,0.9523809523809523,516.426844894886,436.4268481731415,406.1267852783203,436.4268481731415,444.9268698692322,436.4268481731415,527.4270176887512,436.4268481731415,557.627099752426,436.4268481731415,613.2268071174623,436.4268481731415
m_va,3,50,1.0,0.0,18,0.9444444444444444,509.25457828185137,541.7258739471436,397.3255753517151,541.7258739471436,414.7256135940552,541.7258739471436,433.72565507888794,541.7258739471436,505.12579679489136,541.7258739471436,704.7243118286133,541.7258739471436
m_va,3,50,1.0,1.0,16,0.9375,573.6745357513428,574.0754008293152,418.6750650405884,574.0754008293152,446.67513966560364,574.0754008293152,461.07515692710876,574.0754008293152,571.0753798484802,574.0754008293152,748.0733394622803,574.0754008293152
m_va,3,51,0.0,0.0,17,0.9411764705882353,488.00557292997837,531.3807725906372,405.88054060935974,531.3807725906372,416.8805629014969,531.3807725906372,451.3806104660034,531.3807725906372,524.8807668685913,531.3807725906372,602.3806929588318,531.3807725906372
m_va,3,51,0.0,1.0,21,0.9523809523809523,503.50171476602554,523.0520963668823,398.55184257030487,523.0520963668823,430.05189299583435,523.0520963668823,478.551983833313,523.0520963668823,531.1521172523497,523.0520963668823,654.1511833667756,523.0520963668823
m_va,3,51,1.0,0.0,18,0.8888888888888888,447.55483232438564,522.1800804138184,388.17985355854034,484.5799922943115,401.17982029914856,503.38003635406494,412.1798574924469,522.1800804138184,448.67992401123047,540.9801244735718,534.6800982952118,559.7801685333252
m_va,3,51,1.0,1.0,16,1.0,479.4243648648262,,400.61186254024506,,409.111887216568,,440.1119351387024,,492.11207032203674,,621.6118037700653,
m_va,3,52,0.0,0.0,17,0.9411764705882353,473.12991693615913,438.0674362182617,398.5673785209656,438.0674362182617,428.0674159526825,438.0674362182617,447.5674629211426,438.0674362182617,485.06753146648407,438.0674362182617,583.5676193237305,438.0674362182617
m_va,3,52,0.0,1.0,21,1.0,514.8119912261054,,398.7644910812378,,423.76452684402466,,489.7646903991699,,557.7648282051086,,635.7642412185669,
m_va,3,52,1.0,0.0,18,1.0,482.4337379799949,,403.67814898490906,,415.2781695127487,,438.3782297372818,,499.67836737632746,,610.0782275199891,
m_va,3,52,1.0,1.0,16,0.9375,486.69469952583313,522.2949385643005,399.89466667175293,522.2949385643005,419.49470043182373,522.2949385643005,465.29480814933777,522.2949385643005,515.8949017524719,522.2949385643005,594.6948528289795,522.2949385643005
m_va,3,53,0.0,0.0,17,1.0,512.4465910827413,,404.0468096733093,,420.04683017730713,,482.44696855545044,,555.0471067428589,,655.2462100982667,
m_va,3,53,0.0,1.0,21,1.0,551.915488072804,,415.3444170951843,,437.344491481781,,534.3446731567383,,597.3445177078247,,707.3431015014648,
m_va,3,53,1.0,0.0,18,0.9444444444444444,462.8820068695966,552.4705052375793,377.47021317481995,552.4705052375793,407.0702254772186,552.4705052375793,419.47025060653687,552.4705052375793,492.6704168319702,552.4705052375793,588.2704019546509,552.4705052375793
m_va,3,53,1.0,1.0,16,0.875,466.0296780722482,577.6728093624115,388.77247273921967,567.2727763652802,417.07249879837036,572.4727928638458,442.1725273132324,577.6728093624115,483.172607421875,582.8728258609772,583.472764492035,588.0728423595428
m_va,3,54,0.0,0.0,17,0.9411764705882353,486.56188137829304,539.4996404647827,407.4993431568146,539.4996404647827,414.9993509054184,539.4996404647827,450.49943029880524,539.4996404647827,520.9995806217194,539.4996404647827,599.9995172023773,539.4996404647827
m_va,3,54,0.0,1.0,21,1.0,511.63008667173835,,402.630090713501,,440.6301975250244,,506.6303014755249,,545.6303954124451,,631.6298842430115,
m_va,3,54,1.0,0.0,18,0.9444444444444444,509.01054459459635,558.7758421897888,397.3755359649658,558.7758421897888,425.57557225227356,558.7758421897888,443.77559423446655,558.7758421897888,515.375781059265,558.7758421897888,674.9748229980469,558.7758421897888
m_va,3,54,1.0,1.0,16,0.9375,483.7820053100586,540.7155752182007,405.51531314849854,540.7155752182007,415.1153326034546,540.7155752182007,447.7154016494751,540.7155752182007,512.3155236244202,540.7155752182007,605.9154510498047,540.7155752182007
m_va,3,55,0.0,0.0,17,0.9411764705882353,480.18992505967617,560.69016456604,402.18988060951233,560.69016456604,425.6899356842041,560.69016456604,441.6899383068085,560.69016456604,501.6900897026062,560.69016456604,592.1900868415833,560.69016456604
m_va,3,55,0.0,1.0,21,1.0,539.2992794513702,,408.3949327468872,,430.3949773311615,,490.39509892463684,,587.3952507972717,,711.3936543464661,
m_va,3,55,1.0,0.0,18,0.8888888888888888,455.2714638411999,506.89660012722015,389.8964077234268,454.8964947462082,410.39641201496124,480.8965474367142,427.8964400291443,506.89660012722015,481.39654099941254,532.8966528177261,542.3966646194458,558.8967055082321
m_va,3,55,1.0,1.0,16,1.0,482.426717877388,,394.9892222881317,,414.98924791812897,,465.48935770988464,,493.98940801620483,,620.4891204833984,
m_va,3,56,0.0,0.0,17,0.9411764705882353,473.0647560209036,553.6900162696838,394.189715385437,553.6900162696838,419.68974471092224,553.6900162696838,434.6897751092911,553.6900162696838,489.6898865699768,553.6900162696838,585.189938545227,553.6900162696838
m_va,3,56,0.0,1.0,21,0.9047619047619048,488.380071363951,490.1433289051056,396.64313793182373,437.7432405948639,419.04319524765015,463.94328474998474,467.64329075813293,490.1433289051056,551.4434695243835,516.3433730602264,602.2432565689087,542.5434172153473
m_va,3,56,1.0,0.0,18,0.9444444444444444,554.1620289578158,508.86833667755127,423.46818447113037,508.86833667755127,462.66825795173645,508.86833667755127,535.8684062957764,508.86833667755127,640.2678966522216,508.86833667755127,717.8668975830078,508.86833667755127
m_va,3,56,1.0,1.0,16,0.9375,451.50810678799945,535.1749658584595,389.1746997833252,535.1749658584595,415.3746962547302,535.1749658584595,432.1747422218323,535.1749658584595,446.5747833251953,535.1749658584595,558.7749481201172,535.1749658584595
m_va,3,57,0.0,0.0,17,1.0,489.79978000416475,,408.77623558044434,,439.1762852668762,,456.9763243198395,,513.776421546936,,616.5762901306152,
m_va,3,57,0.0,1.0,21,1.0,562.7622646944864,,408.95330905914307,,437.9533529281616,,527.9535055160522,,598.953366279602,,735.9516024589539,
m_va,3,57,1.0,0.0,18,0.8888888888888888,437.30731680989265,496.30749225616455,380.8073103427887,443.10739040374756,400.80729126930237,469.70744132995605,422.80733585357666,496.30749225616455,440.3073787689209,522.907543182373,496.8074858188629,549.5075941085815
m_va,3,57,1.0,1.0,16,0.9375,488.28495740890503,505.95182180404663,397.1515953540802,505.95182180404663,417.3516511917114,505.95182180404663,483.95177721977234,505.95182180404663,520.55184841156,505.95182180404663,596.9517707824706,505.95182180404663
m_va,3,58,0.0,0.0,17,0.9411764705882353,444.3184845149517,534.1312289237976,382.63100385665894,534.1312289237976,396.1309641599655,534.1312289237976,407.1309566497803,534.1312289237976,451.13106071949005,534.1312289237976,548.6312210559845,534.1312289237976
m_va,3,58,0.0,1.0,21,1.0,518.172888528733,,399.7920751571655,,419.792115688324,,497.7923035621643,,559.7923994064331,,683.7912201881409,
m_va,3,58,1.0,0.0,18,0.9444444444444444,522.1770879100351,553.6483526229858,413.2480978965759,553.6483526229858,428.8481116294861,553.6483526229858,449.6481418609619,553.6483526229858,487.0482325553893,553.6483526229858,717.2468423843385,553.6483526229858
m_va,3,58,1.0,1.0,16,0.875,442.9148414305278,522.2722738981247,386.2720489501953,485.4722112417221,406.3720405101776,503.87224256992334,416.7720675468445,522.2722738981247,434.37211215496063,540.672305226326,485.4722082614899,559.0723365545273
m_va,3,59,0.0,0.0,17,0.9411764705882353,476.3655047863722,556.9907426834106,397.490456700325,556.9907426834106,422.99050092697144,556.9907426834106,437.99053132534027,556.9907426834106,492.990642786026,556.9907426834106,588.4906649589539,556.9907426834106
m_va,3,59,0.0,1.0,21,1.0,517.0127621718815,,420.15570402145386,,430.15575408935547,,500.15586614608765,,552.1559715270996,,656.1552286148071,
m_va,3,59,1.0,0.0,18,0.9444444444444444,478.44043549369366,560.7936382293701,395.7933187484741,560.7936382293701,417.39333868026733,560.7936382293701,440.79339504241943,560.7936382293701,509.1935396194458,560.7936382293701,581.1935901641846,560.7936382293701
m_va,3,59,1.0,1.0,16,0.875,508.454612323216,546.9550490379333,409.95476841926575,513.7549757957458,433.15482437610626,530.3550124168396,460.954874753952,546.9550490379333,511.8549704551697,563.5550856590271,673.2540488243104,580.1551222801208
m_va,3,60,0.0,0.0,17,1.0,516.126960515976,,391.2095308303833,,418.00957918167114,,485.00970005989075,,565.8098936080931,,684.808611869812,
m_va,3,60,0.0,1.0,21,0.9523809523809523,512.2601255774498,557.3606491088867,407.2603464126587,557.3606491088867,431.56038522720337,557.3606491088867,473.8604724407196,557.3606491088867,518.160569667816,557.3606491088867,684.559428691864,557.3606491088867
m_va,3,60,1.0,0.0,18,0.9444444444444444,513.5445980464712,534.4862937927246,399.08602833747864,534.4862937927246,413.0860507488251,534.4862937927246,449.4861364364624,534.4862937927246,535.8863115310669,534.4862937927246,637.485682964325,534.4862937927246
m_va,3,60,1.0,1.0,16,0.9375,491.8478310108185,542.3147678375244,409.5144987106323,542.3147678375244,427.51452922821045,542.3147678375244,449.31456446647644,542.3147678375244,517.5147294998169,542.3147678375244,601.3146162033081,542.3147678375244
m_va,3,61,0.0,0.0,17,0.9411764705882353,493.1118357926607,547.1120476722717,407.61178731918335,547.1120476722717,441.6118413209915,547.1120476722717,462.6118987798691,547.1120476722717,530.6120216846466,547.1120476722717,596.6119766235352,547.1120476722717
m_va,3,61,0.0,1.0,21,1.0,535.900912114552,,408.6155295372009,,435.615599155426,,487.615704536438,,573.6158490180969,,706.6142559051514,
m_va,3,61,1.0,0.0,18,0.9444444444444444,507.74858453694515,523.5726833343506,406.17244243621826,523.5726833343506,423.97246956825256,523.5726833343506,439.5725131034851,523.5726833343506,483.9725971221923,523.5726833343506,670.5716848373413,523.5726833343506
m_va,3,61,1.0,1.0,16,0.875,455.4582961968013,501.60135328769684,385.0011795759201,452.40125954151154,394.40118968486786,477.0013064146042,441.10123813152313,501.60135328769684,472.6013034582138,526.2014001607895,519.4014012813568,550.8014470338821
m_va,3,62,0.0,0.0,17,1.0,567.1044219942654,,418.269807100296,,426.46981477737427,,483.8699400424957,,626.4697313308716,,757.8680515289307,
m_va,3,62,0.0,1.0,21,0.9523809523809523,541.7927876114845,505.24312257766724,420.1429486274719,505.24312257766724,461.24301850795746,505.24312257766724,532.7431559562683,505.24312257766724,583.4432661533356,505.24312257766724,712.3416483402253,505.24312257766724
m_va,3,62,1.0,0.0,18,0.9444444444444444,473.44403407152964,563.0325675010681,388.0322337150574,563.0325675010681,417.83225536346436,563.0325675010681,430.03228306770325,563.0325675010681,503.8324117660522,563.0325675010681,598.432469367981,563.0325675010681
m_va,3,62,1.0,1.0,16,0.9375,552.7757088343302,496.9764053821564,414.1762375831604,496.9764053821564,430.97628355026245,496.9764053821564,498.9764094352722,496.9764053821564,571.5765714645386,496.9764053821564,738.7747526168823,496.9764053821564
m_va,3,63,0.0,0.0,17,1.0,471.47926512886494,,392.8321361541748,,412.83217668533325,,431.8322241306305,,499.8323678970337,,583.6324214935303,
m_va,3,63,0.0,1.0,21,1.0,540.8539332094646,,414.2352044582367,,437.2352361679077,,506.23536109924316,,597.2354412078857,,713.2339477539062,
m_va,3,63,1.0,0.0,18,0.9444444444444444,478.35564613342285,561.5323781967163,390.33210277557373,561.5323781967163,415.33210277557373,561.5323781967163,441.532164812088,561.5323781967163,503.5322904586792,561.5323781967163,583.3323001861572,561.5323781967163
m_va,3,63,1.0,1.0,16,0.9375,459.7565035025279,480.69003224372864,400.48987865448,480.69003224372864,410.08989810943604,480.69003224372864,423.68990182876587,480.69003224372864,448.2899785041809,480.69003224372864,588.6897563934326,480.69003224372864
m_va,3,64,0.0,0.0,17,0.9411764705882353,447.9933772236109,542.0560836791992,389.0558332204819,542.0560836791992,405.5558145046234,542.0560836791992,421.555832028389,542.0560836791992,446.55588269233704,542.0560836791992,551.0560870170593,542.0560836791992
m_va,3,64,0.0,1.0,21,0.9047619047619048,490.8293689552106,494.2505359649658,399.2503583431244,439.85042572021484,421.6503858566284,467.05048084259033,470.2504873275757,494.2505359649658,554.0506362915039,521.4505910873413,605.2504301071167,548.6506462097168
m_va,3,64,1.0,0.0,18,0.9444444444444444,518.2983717497658,525.4166722297668,410.41643619537354,525.4166722297668,427.21647024154663,525.4166722297668,443.4165060520172,525.4166722297668,486.6165876388549,525.4166722297668,711.2151741981507,525.4166722297668
m_va,3,64,1.0,1.0,16,0.9375,462.44397362073266,556.3109517097473,381.5106213092804,556.3109517097473,410.5106294155121,556.3109517097473,429.31067943573,556.3109517097473,490.11081457138056,556.3109517097473,585.510790348053,556.3109517097473
m_va,3,65,0.0,0.0,17,0.9411764705882353,522.0509823411703,536.6764664649963,420.1762229204178,536.6764664649963,443.67626309394836,536.6764664649963,457.6762914657593,536.6764664649963,542.6764488220215,536.6764664649963,640.1759088039398,536.6764664649963
m_va,3,65,0.0,1.0,21,0.9523809523809523,505.7254746556282,527.7258157730103,403.425595164299,527.7258157730103,421.72563672065735,527.7258157730103,470.72573006153107,527.7258157730103,552.9258847236633,527.7258157730103,653.2249748706818,527.7258157730103
m_va,3,65,1.0,0.0,18,1.0,506.85565504762866,,397.8557884693146,,418.9558297395706,,481.3559502363205,,544.3560600280762,,661.4551663398744,
m_va,3,65,1.0,1.0,16,0.9375,487.3754938443502,511.7756724357605,403.57545614242554,511.7756724357605,420.3755021095276,511.7756724357605,459.77556705474854,511.7756724357605,514.7756576538086,511.7756724357605,604.1755676269531,511.7756724357605
m_va,3,66,0.0,0.0,17,0.9411764705882353,465.4971119016409,565.5599236488342,391.5596008300781,565.5599236488342,417.5596237182617,565.5599236488342,424.559623003006,565.5599236488342,488.05975914001465,565.5599236488342,587.0597958564758,565.5599236488342
m_va,3,66,0.0,1.0,21,1.0,519.96187936692,,407.2001576423645,,438.2002055644989,,478.2002866268158,,557.2004318237305,,645.1997756958008,
m_va,3,66,1.0,0.0,18,0.9444444444444444,524.0911595961627,534.9740982055664,396.9738245010376,534.9740982055664,433.9738965034485,534.9740982055664,454.9739360809326,534.9740982055664,566.1741852760315,534.9740982055664,706.1726093292236,534.9740982055664
m_va,3,66,1.0,1.0,16,0.875,444.9320988995688,523.2895016670227,387.98929154872894,486.88942193984985,400.68926215171814,505.0894618034363,409.28928554058075,523.2895016670227,437.689334154129,541.4895415306091,511.2894952297211,559.6895813941956
m_va,3,67,0.0,0.0,17,1.0,510.4421236935783,,398.6893594264984,,416.8894052505493,,480.08954524993896,,556.6896915435791,,684.6884250640869,
m_va,3,67,0.0,1.0,21,0.9523809523809523,495.65240889787674,433.10242891311646,400.00237822532654,433.10242891311646,418.3024138212204,433.10242891311646,484.1025471687317,433.10242891311646,541.0026669502258,433.10242891311646,636.4021301269531,433.10242891311646
m_va,3,67,1.0,0.0,18,0.8888888888888888,459.69617925584316,486.008882522583,393.5087323188782,443.20878982543945,409.008726477623,464.60883617401123,428.0087798833847,486.008882522583,464.50886130332947,507.4089288711547,536.0089838504791,528.8089752197266
m_va,3,67,1.0,1.0,16,1.0,471.4373406022787,,392.6248401403427,,413.1248891353607,,433.12492966651917,,479.1250079870224,,615.124762058258,
m_va,3,68,0.0,0.0,17,0.9411764705882353,482.78628289699554,545.7864999771118,405.7862460613251,545.7864999771118,428.28628420829773,545.7864999771118,441.2863254547119,545.7864999771118,498.2864260673523,545.7864999771118,601.2864410877228,545.7864999771118
m_va,3,68,0.0,1.0,21,1.0,548.939402614321,,420.32068967819214,,449.3207633495331,,500.3208518028259,,586.3210558891296,,719.3194031715393,
m_va,3,68,1.0,0.0,18,0.8888888888888888,453.76402512192726,525.3892838954926,393.88906955718994,487.7892196178436,406.389057636261,506.58925175666815,425.8890897035599,525.3892838954926,443.8891261816025,544.189316034317,535.3893041610718,562.9893481731415
m_va,3,68,1.0,1.0,16,0.9375,469.85840002695716,553.1920194625854,399.3917167186737,553.1920194625854,426.19176506996155,553.1920194625854,439.1918182373047,553.1920194625854,462.3918652534485,553.1920194625854,593.9918756484985,553.1920194625854
m_va,3,69,0.0,0.0,17,0.9411764705882353,476.081483066082,558.7067604064941,398.70643615722656,558.7067604064941,421.70649766921997,558.7067604064941,437.206506729126,558.7067604064941,497.7066367864609,558.7067604064941,586.7066383361816,558.7067604064941
m_va,3,69,0.0,1.0,21,0.9523809523809523,511.60697191953665,530.0573706626892,399.6571362018585,530.0573706626892,429.957178235054,530.0573706626892,476.55726969242096,530.0573706626892,552.357429265976,530.0573706626892,621.6569662094117,530.0573706626892
m_va,3,69,1.0,0.0,18,1.0,510.0512421793408,,404.05136346817017,,425.0514030456543,,488.05150389671326,,549.4516700506209,,664.5507514476776,
m_va,3,69,1.0,1.0,16,1.0,474.36797618865967,,388.68051767349243,,406.1805307865143,,420.1805591583252,,493.6807155609131,,641.180157661438,
m_va,3,70,0.0,0.0,17,1.0,491.30631895626294,,409.8239302635193,,429.2239725589752,,480.42407631874084,,517.2241210937499,,600.8240461349487,
m_va,3,70,0.0,1.0,21,0.9523809523809523,499.44826662540436,433.7482750415802,404.74820137023926,433.7482750415802,436.6482764482498,433.7482750415802,485.2483719587326,433.7482750415802,534.9484860897063,433.7482750415802,621.6482043266298,433.7482750415802
m_va,3,70,1.0,0.0,18,0.9444444444444444,519.5810601991766,551.0523319244385,410.65207719802856,551.0523319244385,426.2520909309387,551.0523319244385,447.05212116241455,551.0523319244385,484.4522118568419,551.0523319244385,714.6508216857911,551.0523319244385
m_va,3,70,1.0,1.0,16,0.9375,479.75964943567914,509.29319858551025,401.49295926094055,509.29319858551025,410.29295921325684,509.29319858551025,449.2930471897125,509.29319858551025,501.89316272735596,509.29319858551025,606.8931102752686,509.29319858551025
m_va,3,71,0.0,0.0,17,1.0,489.3667873214273,,400.8961319923401,,419.6961760520935,,482.8963279724121,,513.296353816986,,602.8963327407837,
m_va,3,71,0.0,1.0,21,0.9523809523809523,509.10160988569265,529.8019647598267,408.4017038345337,529.8019647598267,432.00175762176514,529.8019647598267,479.301854968071,529.8019647598267,555.6020021438597,529.8019647598267,613.9016568660737,529.8019647598267
m_va,3,71,1.0,0.0,18,1.0,510.0512421793408,,404.05136346817017,,425.0514030456543,,488.05150389671326,,549.4516700506209,,664.5507514476776,
m_va,3,71,1.0,1.0,16,0.9375,457.39460190137225,477.261483669281,396.8613088130951,477.261483669281,409.8613440990448,477.261483669281,423.2613444328308,477.261483669281,442.86139011383057,477.261483669281,581.6611886024474,477.261483669281
m_va,3,72,0.0,0.0,17,1.0,506.8308553274941,,406.7721724510193,,424.9722182750702,,481.7723333835602,,518.1724309921264,,647.5716590881348,
m_va,3,72,0.0,1.0,21,0.9047619047619048,491.9963431985755,492.6017224788666,404.30155396461487,441.00162386894226,426.90157890319824,466.8016731739044,473.1016755104065,492.6017224788666,554.9018502235413,518.4017717838287,608.1016063690186,544.2018210887909
m_va,3,72,1.0,0.0,18,0.9444444444444444,482.2963528773364,570.2378749847412,396.2375581264496,570.2378749847412,422.83756732940674,570.2378749847412,431.2375783920288,570.2378749847412,496.83772325515747,570.2378749847412,640.2373313903809,570.2378749847412
m_va,3,72,1.0,1.0,16,1.0,488.2035367190838,,393.4534937143326,,414.45353627204895,,458.4536403417587,,529.9537777900696,,610.4535162448883,
m_va,3,73,0.0,0.0,17,1.0,476.61234350765454,,395.8476483821869,,409.2476725578308,,425.84770917892456,,492.04784631729126,,629.0474772453308,
m_va,3,73,0.0,1.0,21,0.9523809523809523,518.0040210485458,562.2545480728149,409.55422818660736,562.2545480728149,437.45428919792175,562.2545480728149,479.75437343120575,562.2545480728149,527.4544477462769,562.2545480728149,694.0532684326172,562.2545480728149
m_va,3,73,1.0,0.0,18,0.8888888888888888,556.6425584256649,501.83066725730896,422.8304922580719,441.430538892746,450.8305639028549,471.63060307502747,500.3306418657303,501.83066725730896,614.3304705619812,532.0307314395905,782.8283607959747,562.230795621872
m_va,3,73,1.0,1.0,16,0.9375,489.0682657559713,539.9351716041565,408.73488187789917,539.9351716041565,422.3349332809448,539.9351716041565,447.93498516082764,539.9351716041565,537.3351752758025,539.9351716041565,598.9350557327269,539.9351716041565
m_va,3,74,0.0,0.0,17,1.0,514.4584371763117,,398.6703395843506,,419.6703791618347,,488.8705313205719,,565.0706768035888,,660.2697849273682,
m_va,3,74,0.0,1.0,21,0.9523809523809523,518.2474613189697,532.4979424476624,406.49765729904175,532.4979424476624,419.7976887226105,532.4979424476624,477.997824549675,532.4979424476624,545.0979232788086,532.4979424476624,622.7976083755494,532.4979424476624
m_va,3,74,1.0,0.0,18,0.9444444444444444,481.25424104578354,547.9603409767151,400.9600639343262,547.9603409767151,419.5600986480713,547.9603409767151,443.96013021469116,547.9603409767151,528.5603165626526,547.9603409767151,590.560257434845,547.9603409767151
m_va,3,74,1.0,1.0,16,0.9375,482.5155735015869,532.6490998268127,406.44885897636414,532.6490998268127,424.0489065647125,532.6490998268127,442.6489472389221,532.6490998268127,526.2491226196289,532.6490998268127,588.0490064620972,532.6490998268127
m_va,3,75,0.0,0.0,17,1.0,507.27723977145024,,386.41865253448486,,408.6186707019806,,478.21882367134094,,549.8189568519592,,678.0177116394043,
m_va,3,75,0.0,1.0,21,1.0,520.2251914001647,,395.84439992904663,,421.8444228172302,,500.8445978164673,,561.8447065353394,,685.8435273170471,
m_va,3,75,1.0,0.0,18,1.0,517.7420758538775,,397.1311569213867,,418.9311981201172,,493.1313395500183,,557.531487941742,,683.9302659034729,
m_va,3,75,1.0,1.0,16,0.9375,494.4547613461812,536.4550352096558,412.2547924518585,536.4550352096558,427.85484194755554,536.4550352096558,446.45488262176514,536.4550352096558,530.0550103187561,536.4550352096558,643.6543703079224,536.4550352096558
m_va,3,76,0.0,0.0,17,0.9411764705882353,466.49391390383244,566.5566921234131,392.55639910697937,566.5566921234131,418.0564135313034,566.5566921234131,426.056444644928,566.5566921234131,481.5565496683121,566.5566921234131,588.0565941333771,566.5566921234131
m_va,3,76,0.0,1.0,21,0.9523809523809523,519.8729202151299,529.5734405517578,410.4731857776642,529.5734405517578,432.27321803569794,529.5734405517578,452.5732696056366,529.5734405517578,539.0734553337096,529.5734405517578,667.3724412918091,529.5734405517578
m_va,3,76,1.0,0.0,18,1.0,519.2490054501427,,399.46031868457794,,421.0603564977646,,487.8604859113693,,565.2606368064879,,670.1596140861511,
m_va,3,76,1.0,1.0,16,0.9375,545.7582811514536,495.49204111099243,422.6918697357178,495.49204111099243,457.6919615268707,495.49204111099243,522.4920511245728,495.49204111099243,607.8917503356934,495.49204111099243,713.49036693573,495.49204111099243
m_va,3,77,0.0,0.0,17,1.0,471.47926512886494,,392.8321361541748,,412.83217668533325,,431.8322241306305,,499.8323678970337,,583.6324214935303,
m_va,3,77,0.0,1.0,21,0.9523809523809523,518.0040210485458,562.2545480728149,409.55422818660736,562.2545480728149,437.45428919792175,562.2545480728149,479.75437343120575,562.2545480728149,527.4544477462769,562.2545480728149,694.0532684326172,562.2545480728149
m_va,3,77,1.0,0.0,18,0.9444444444444444,454.72108791856203,533.7213277816772,379.72108125686646,533.7213277816772,409.3210816383362,533.7213277816772,429.7211170196533,533.7213277816772,455.92115521430964,533.7213277816772,577.7213454246521,533.7213277816772
m_va,3,77,1.0,1.0,16,0.875,504.53823166234156,543.0386662483215,403.93839180469513,509.838593006134,429.23844158649445,526.4386296272278,459.03851091861725,543.0386662483215,507.93858766555786,559.6387028694153,669.3376660346986,576.238739490509
m_va,3,78,0.0,0.0,17,1.0,488.6695129029891,,403.9283573627472,,431.5283954143524,,455.7284712791443,,504.52857017517084,,633.5280895233154,
m_va,3,78,0.0,1.0,21,1.0,553.3202943347749,,420.41587829589844,,442.41589307785034,,539.4160747528076,,578.4161686897278,,711.4145755767822,
m_va,3,78,1.0,0.0,18,0.9444444444444444,511.4242224132314,534.5423817634583,395.34212350845337,534.5423817634583,430.14217615127563,534.5423817634583,456.5422534942627,534.5423817634583,533.5423707962036,534.5423817634583,634.9417448043823,534.5423817634583
m_va,3,78,1.0,1.0,16,0.875,469.57572443144664,532.218724489212,394.91847455501556,507.81865715980535,416.1184847354889,520.0186908245087,442.7185654640198,532.218724489212,509.7186744213105,544.4187581539154,575.3188252449037,556.6187918186188
m_va,3,79,0.0,0.0,17,1.0,527.7615119429196,,409.9382519721985,,429.7382950782776,,495.93842029571533,,557.5385570526123,,688.337254524231,
m_va,3,79,0.0,1.0,21,0.9523809523809523,521.2280198931694,530.9285521507263,410.7283055782318,530.9285521507263,431.52833580970764,530.9285521507263,454.42837476730347,530.9285521507263,546.2285578250885,530.9285521507263,669.527542591095,530.9285521507263
m_va,3,79,1.0,0.0,18,0.9444444444444444,519.6541179628933,542.9487824440002,405.5484890937805,542.9487824440002,438.5485649108887,542.9487824440002,464.9485945701599,542.9487824440002,539.148759841919,542.9487824440002,643.3481454849243,542.9487824440002
m_va,3,79,1.0,1.0,16,0.875,466.0296780722482,577.6728093624115,388.77247273921967,567.2727763652802,417.07249879837036,572.4727928638458,442.1725273132324,577.6728093624115,483.172607421875,582.8728258609772,583.472764492035,588.0728423595428
m_va,3,80,0.0,0.0,17,0.9411764705882353,475.6565112620592,556.2818050384521,396.78145945072174,556.2818050384521,422.28150367736816,556.2818050384521,437.281534075737,556.2818050384521,492.28164553642273,556.2818050384521,587.7817273139954,556.2818050384521
m_va,3,80,0.0,1.0,21,0.9523809523809523,512.8747552633286,556.8752884864807,402.27496325969696,556.8752884864807,427.97500789165497,556.8752884864807,457.37506449222565,556.8752884864807,557.1752786636353,556.8752884864807,691.0739779472351,556.8752884864807
m_va,3,80,1.0,0.0,18,0.8888888888888888,466.97546169161797,483.6006760597229,401.60052478313446,447.20059633255005,418.60052943229675,465.4006361961365,433.10055136680603,483.6006760597229,469.6006327867508,501.8007159233093,542.1007871627808,520.0007557868958
m_va,3,80,1.0,1.0,16,0.875,452.17618346214294,501.8192529678345,389.4190698862076,450.61914920806885,413.4190499782562,476.21920108795166,440.31910598278046,501.8192529678345,468.1191682815552,527.4193048477173,485.4191899299622,553.0193567276001
m_va,3,81,0.0,0.0,17,1.0,546.6977971441605,,415.76874256134033,,444.5687770843506,,495.16889452934265,,629.5683860778807,,693.5675621032715,
m_va,3,81,0.0,1.0,21,0.9523809523809523,520.4685688018799,544.5190668106079,403.3187657594681,544.5190668106079,423.3188211917877,544.5190668106079,460.51888167858124,544.5190668106079,576.0191142559052,544.5190668106079,690.2178466320038,544.5190668106079
m_va,3,81,1.0,0.0,18,0.9444444444444444,462.28911771493796,480.23051023483276,390.03034830093384,480.23051023483276,404.03035283088684,480.23051023483276,421.23037576675415,480.23051023483276,461.830449104309,480.23051023483276,615.6301975250244,480.23051023483276
m_va,3,81,1.0,1.0,16,0.9375,466.31405552228296,556.2477111816406,383.44740867614746,556.2477111816406,406.44739866256714,556.2477111816406,429.2474389076233,556.2477111816406,491.8475806713104,556.2477111816406,587.2475624084473,556.2477111816406
m_va,3,82,0.0,0.0,17,1.0,484.1165647787206,,404.810631275177,,438.610714673996,,456.4107656478882,,505.4108619689941,,604.0107727050782,
m_va,3,82,0.0,1.0,21,1.0,552.3764817487627,,421.3293492794037,,429.32936549186707,,474.32947158813477,,583.3296775817871,,726.3280153274536,
m_va,3,82,1.0,0.0,18,0.9444444444444444,460.42059098972993,418.7735319137573,390.97350239753723,418.7735319137573,407.3734998703003,418.7735319137573,422.773540019989,418.7735319137573,487.1736705303192,418.7735319137573,565.5737161636353,418.7735319137573
m_va,3,82,1.0,1.0,16,0.9375,484.98456478118896,518.8514590263367,396.85121178627014,518.8514590263367,415.4512643814087,518.8514590263367,462.851345539093,518.8514590263367,528.4514665603638,518.8514590263367,591.8513774871826,518.8514590263367
m_va,3,83,0.0,0.0,17,0.9411764705882353,482.0948503911495,537.8451347351074,400.3448784351349,537.8451347351074,422.3449379205704,537.8451347351074,435.34494936466217,537.8451347351074,490.3450757265091,537.8451347351074,636.8445158004761,537.8451347351074
m_va,3,83,0.0,1.0,21,0.9523809523809523,516.4372637867928,541.1877632141113,402.8874546289444,541.1877632141113,434.5875382423401,541.1877632141113,463.68758380413055,541.1877632141113,542.8877472877502,541.1877632141113,621.4873850345613,541.1877632141113
m_va,3,83,1.0,0.0,18,0.9444444444444444,526.7560341778923,535.2860689163208,405.0857901573181,535.2860689163208,437.0858311653137,535.2860689163208,458.2858681678772,535.2860689163208,561.4860773086548,535.2860689163208,689.0847444534302,535.2860689163208
m_va,3,83,1.0,1.0,16,0.9375,480.08606235186255,521.3529467582703,399.9526858329773,521.3529467582703,412.3527407646179,521.3529467582703,451.3528048992157,521.3529467582703,505.3529143333435,521.3529467582703,600.9528160095215,521.3529467582703
m_va,3,84,0.0,0.0,17,1.0,509.30301582112037,,397.9149103164673,,421.5149521827698,,487.71509528160095,,521.1151599884033,,647.3144412040712,
m_va,3,84,0.0,1.0,21,0.9523809523809523,518.9015403389931,541.4020419120789,405.00176548957825,541.4020419120789,419.3017899990082,541.4020419120789,474.9018996953964,541.4020419120789,546.0020065307617,541.4020419120789,630.901598930359,541.4020419120789
m_va,3,84,1.0,0.0,18,0.8888888888888888,452.0073067396879,524.1950750350952,392.19483733177185,486.995005607605,404.19483184814453,505.59504032135004,422.6948618888855,524.1950750350952,440.19490480422974,542.7951097488403,537.6951098442078,561.3951444625854
m_va,3,84,1.0,1.0,16,0.9375,479.75964943567914,509.29319858551025,401.49295926094055,509.29319858551025,410.29295921325684,509.29319858551025,449.2930471897125,509.29319858551025,501.89316272735596,509.29319858551025,606.8931102752686,509.29319858551025
m_va,3,85,0.0,0.0,17,1.0,513.0856738371008,,403.83874773979187,,436.23881340026855,,483.4389090538025,,555.8390378952026,,650.6381869316101,
m_va,3,85,0.0,1.0,21,0.9523809523809523,506.5019682049752,567.2024488449097,394.8021590709686,567.2024488449097,421.30217254161835,567.2024488449097,458.7022513151169,567.2024488449097,528.8024008274078,567.2024488449097,686.201274394989,567.2024488449097
m_va,3,85,1.0,0.0,18,0.9444444444444444,476.7433317268596,551.9788861274719,396.77854776382446,551.9788861274719,419.57859992980957,551.9788861274719,443.9786672592163,551.9788861274719,501.57878398895264,551.9788861274719,589.5787715911865,551.9788861274719
m_va,3,85,1.0,1.0,16,0.9375,477.6020288467407,511.4022493362427,400.601989030838,511.4022493362427,417.0020401477814,511.4022493362427,447.40208983421326,511.4022493362427,498.6022055149078,511.4022493362427,596.0021495819091,511.4022493362427
m_va,3,86,0.0,0.0,17,1.0,555.3901142933789,,416.57878160476685,,438.1788492202759,,498.97897243499756,,604.7788619995117,,729.7772526741028,
m_va,3,86,0.0,1.0,21,0.9523809523809523,516.8701097369194,536.0206365585327,409.22034978866577,536.0206365585327,416.720375418663,536.0206365585327,449.0204453468323,536.0206365585327,556.6206395626068,536.0206365585327,687.8193974494934,536.0206365585327
m_va,3,86,1.0,0.0,18,0.9444444444444444,460.23452281951904,476.76411271095276,393.5639500617981,476.76411271095276,403.5639524459839,476.76411271095276,427.76399850845337,476.76411271095276,460.96407175064087,476.76411271095276,582.5639724731446,476.76411271095276
m_va,3,86,1.0,1.0,16,0.9375,489.63093757629395,524.3644714355469,402.7642488479614,524.3644714355469,424.36428666114807,524.3644714355469,458.3643674850464,524.3644714355469,515.3644680976868,524.3644714355469,598.3644247055054,524.3644714355469
m_va,3,87,0.0,0.0,17,1.0,485.26303908404185,,408.89832377433777,,423.098349571228,,436.49837374687195,,507.69851207733154,,621.6983437538147,
m_va,3,87,0.0,1.0,21,0.9523809523809523,511.6568371653557,525.9072780609131,405.50703406333923,525.9072780609131,415.30707478523254,525.9072780609131,467.9071605205536,525.9072780609131,536.0073089599608,525.9072780609131,616.0069525241853,525.9072780609131
m_va,3,87,1.0,0.0,18,0.9444444444444444,468.2702509795918,478.0939519405365,398.2938051223755,478.0939519405365,407.2938084602356,478.0939519405365,424.0938425064087,478.0939519405365,485.0939750671386,478.0939519405365,597.893762588501,478.0939519405365
m_va,3,87,1.0,1.0,16,1.0,478.28999906778336,,393.54000985622406,,414.54002261161804,,442.54007935523987,,493.04017424583435,,619.0399527549744,
m_va,3,88,0.0,0.0,17,0.9411764705882353,472.4569283425808,540.39466381073,398.3943462371826,540.39466381073,424.89440739154816,540.39466381073,438.3944272994995,540.39466381073,490.8945560455322,540.39466381073,584.8945677280426,540.39466381073
m_va,3,88,0.0,1.0,21,1.0,510.53730930600847,,410.251647233963,,431.2517046928406,,485.251784324646,,550.2519607543945,,612.2516393661499,
m_va,3,88,1.0,0.0,18,0.9444444444444444,471.21935030993296,555.984377861023,380.98408579826355,555.984377861023,410.78410148620605,555.984377861023,422.98412322998047,555.984377861023,496.7842698097229,555.984377861023,628.3838272094728,555.984377861023
m_va,3,88,1.0,1.0,16,0.9375,463.96586894989014,552.4328351020813,382.6325297355652,552.4328351020813,398.63253831863403,552.4328351020813,431.4326047897339,552.4328351020813,480.0326883792877,552.4328351020813,589.432692527771,552.4328351020813
m_va,3,89,0.0,0.0,17,0.9411764705882353,448.2882246375084,535.1009368896484,384.6006989479065,535.1009368896484,416.1006808280945,535.1009368896484,425.100713968277,535.1009368896484,443.60074400901794,535.1009368896484,547.6008951663971,535.1009368896484
m_va,3,89,0.0,1.0,21,1.0,537.5184019406637,,408.70916843414307,,442.7092671394348,,498.70938062667847,,581.7095041275024,,707.707941532135,
m_va,3,89,1.0,0.0,18,0.9444444444444444,522.1770879100351,553.6483526229858,413.2480978965759,553.6483526229858,428.8481116294861,553.6483526229858,449.6481418609619,553.6483526229858,487.0482325553893,553.6483526229858,717.2468423843385,553.6483526229858
m_va,3,89,1.0,1.0,16,0.875,471.0418858698436,539.3992066383362,397.7989226579666,514.19917345047,413.49894404411316,526.7991900444031,445.3990161418915,539.3992066383362,507.3991358280182,551.9992232322693,583.899199962616,564.5992398262024
m_va,3,90,0.0,0.0,17,0.9411764705882353,474.7260194271803,553.1013011932373,393.6009854078293,553.1013011932373,419.60103809833527,553.1013011932373,436.60107254981995,553.1013011932373,489.1011714935303,553.1013011932373,586.601197719574,553.1013011932373
m_va,3,90,0.0,1.0,21,0.9523809523809523,515.891332924366,530.1417708396912,409.7415268421173,530.1417708396912,419.5415675640106,530.1417708396912,472.14165329933167,530.1417708396912,540.2418017387389,530.1417708396912,620.2414453029634,530.1417708396912
m_va,3,90,1.0,0.0,18,0.8888888888888888,449.5461415499449,526.1713266372681,390.1710957288742,488.57123851776123,410.1710915565491,507.37128257751465,423.17111790180206,526.1713266372681,460.67118644714355,544.9713706970215,538.6713445186615,563.7714147567749
m_va,3,90,1.0,1.0,16,0.9375,467.23618110020954,561.0364675521851,384.63618755340576,561.0364675521851,414.43618535995483,561.0364675521851,428.0362129211426,561.0364675521851,493.43636035919184,561.0364675521851,592.2363042831421,561.0364675521851
m_va,3,91,0.0,0.0,17,0.9411764705882353,535.0728686898947,528.6359786987305,407.63576328754425,528.6359786987305,427.6357889175415,528.6359786987305,475.1359075307846,528.6359786987305,555.1360547542572,528.6359786987305,672.1350848674774,528.6359786987305
m_va,3,91,0.0,1.0,21,0.9047619047619048,509.49007743283323,477.4376153945923,405.0374507904053,432.63752460479736,429.03751134872437,455.0375699996948,493.43764781951904,477.4376153945923,570.2377915382385,499.83766078948975,635.8370780944824,522.2377061843872
m_va,3,91,1.0,0.0,18,0.8888888888888888,529.1078295558691,555.7957887649536,420.2955365180969,526.5957593917847,435.7955604791641,541.1957740783691,473.79565238952637,555.7957887649536,607.2956025600433,570.3958034515381,704.2943835258484,584.9958181381226
m_va,3,91,1.0,1.0,16,0.9375,472.4453826745351,524.3789553642273,396.57867550849915,524.3789553642273,415.5787229537964,524.3789553642273,443.3787763118744,524.3789553642273,490.97888469696045,524.3789553642273,589.5788669586182,524.3789553642273
m_va,3,92,0.0,0.0,17,0.9411764705882353,448.7041886895895,504.14180755615234,383.1416517496109,504.14180755615234,417.64165461063385,504.14180755615234,433.14167857170105,504.14180755615234,443.1416988372803,504.14180755615234,538.6418402194977,504.14180755615234
m_va,3,92,0.0,1.0,21,0.9047619047619048,534.6206959925199,498.7527132034302,415.4525399208069,439.95258808135986,440.85261821746826,469.352650642395,514.252781867981,498.7527132034302,605.6525349617004,528.1527757644653,697.6513743400573,557.5528383255005
m_va,3,92,1.0,0.0,18,0.9444444444444444,504.50200017760784,552.1496534347534,399.14937019348145,552.1496534347534,421.14938497543335,552.1496534347534,433.14939737319946,552.1496534347534,509.14956331253046,552.1496534347534,668.5486316680908,552.1496534347534
m_va,3,92,1.0,1.0,16,0.875,441.77829154900144,524.6356725692749,386.63544952869415,487.03558444976807,405.03541827201843,505.8356285095215,416.1354601383209,524.6356725692749,441.13550186157227,543.4357166290283,487.63561248779297,562.2357606887817
m_va,3,93,0.0,0.0,17,1.0,489.26061391830444,,408.8605761528015,,423.0606257915497,,477.2607088088989,,522.0608115196228,,603.6606550216676,
m_va,3,93,0.0,1.0,21,0.9523809523809523,509.1143533587456,535.9647870063782,402.96452045440674,535.9647870063782,420.9645628929138,535.9647870063782,470.9646701812744,535.9647870063782,538.4647965431213,535.9647870063782,615.7644152641298,535.9647870063782
m_va,3,93,1.0,0.0,18,0.8888888888888888,454.793531447649,499.5437264442444,383.54355096817017,450.3436207771301,395.54353058338165,474.94367361068726,431.54358863830566,499.5437264442444,472.0436632633209,524.1437792778015,538.0437970161438,548.7438321113586
m_va,3,93,1.0,1.0,16,0.875,451.27284952572415,506.2731057405472,388.3729189634323,454.6729952096939,404.0728807449341,480.47305047512054,425.77293515205383,506.2731057405472,458.17298889160156,532.0731610059738,501.17307305336,557.8732162714005
m_va,3,94,0.0,0.0,17,1.0,481.11032563097336,,400.1456022262573,,416.7456388473511,,441.3456916809082,,516.5458202362059,,608.9456558227539,
m_va,3,94,0.0,1.0,21,1.0,512.0765098503658,,397.02898263931274,,424.02905225753784,,496.02919816970825,,558.029294013977,,647.0285058021545,
m_va,3,94,1.0,0.0,18,1.0,504.05074324872754,,397.3064988851547,,425.30654072761536,,446.10661268234253,,536.9067668914794,,650.906002521515,
m_va,3,94,1.0,1.0,16,0.9375,498.6944417158762,539.4947528839111,416.2944793701172,539.4947528839111,433.2945227622986,539.4947528839111,450.49452781677246,539.4947528839111,534.2947125434874,539.4947528839111,649.8940229415894,539.4947528839111
m_va,3,95,0.0,0.0,17,1.0,475.2848569084616,,399.9201536178589,,414.32018280029297,,424.52019453048706,,490.1203393936157,,615.3201222419739,
m_va,3,95,0.0,1.0,21,1.0,542.0162436507997,,411.11189126968384,,429.11192774772644,,493.1120574474335,,601.1120676994324,,726.1104583740234,
m_va,3,95,1.0,0.0,18,0.8888888888888888,456.0657572001219,527.6910215616226,396.1907923221588,490.09094536304474,408.69078040122986,508.8909834623336,426.69081687927246,527.6910215616226,444.1908597946167,546.4910596609116,541.1910712718964,565.2910977602005
m_va,3,95,1.0,1.0,16,1.0,489.09695260226727,,403.8469195365906,,418.8469648361206,,459.8470628261566,,531.3471853733063,,611.846923828125,
m_va,3,96,0.0,0.0,17,0.9411764705882353,480.47424852848053,559.9120259284973,402.9117226600647,559.9120259284973,425.91172456741333,559.9120259284973,442.9117739200592,559.9120259284973,500.41189789772034,559.9120259284973,590.9119248390198,559.9120259284973
m_va,3,96,0.0,1.0,21,0.9523809523809523,536.9588986039162,503.35925817489624,398.35904836654663,503.35925817489624,444.15913820266724,503.35925817489624,528.3593237400055,503.35925817489624,592.7592575550079,503.35925817489624,724.4576036930084,503.35925817489624
m_va,3,96,1.0,0.0,18,0.9444444444444444,524.8485663357902,522.966742515564,397.16649055480957,522.966742515564,431.16655349731445,522.966742515564,482.96666145324707,522.966742515564,560.3667974472045,522.966742515564,686.1655354499817,522.966742515564
m_va,3,96,1.0,1.0,16,0.9375,486.5481515725454,538.2817387580872,399.28146600723267,538.2817387580872,422.2815155982971,538.2817387580872,446.2815523147583,538.2817387580872,513.8817071914673,538.2817387580872,595.2816486358641,538.2817387580872
m_va,3,97,0.0,0.0,17,1.0,483.58410596847534,,406.13704919815063,,421.7370867729187,,438.93712759017944,,507.1372509002685,,621.5369820594789,
m_va,3,97,0.0,1.0,21,0.9523809523809523,511.23686134815216,562.9373788833618,389.6370440721512,562.9373788833618,420.0370639562607,562.9373788833618,458.43714475631714,562.9373788833618,569.3373858928679,562.9373788833618,673.3363151550293,562.9373788833618
m_va,3,97,1.0,0.0,18,0.9444444444444444,525.8415499154258,523.959755897522,398.1594681739807,523.959755897522,432.15954303741455,523.959755897522,483.9596450328827,523.959755897522,561.3597989082336,523.959755897522,687.1585130691528,523.959755897522
m_va,3,97,1.0,1.0,16,0.9375,557.9140643278758,422.1144914627075,416.31449460983276,422.1144914627075,474.51459765434265,422.1144914627075,512.1146440505981,422.1144914627075,630.7140827178955,422.1144914627075,741.3126468658447,422.1144914627075
m_va,3,98,0.0,0.0,17,1.0,509.4373944927665,,398.37868213653564,,424.37872886657715,,485.37886142730713,,561.1790418624878,,651.1781930923463,
m_va,3,98,0.0,1.0,21,1.0,513.4171545505524,,399.98871088027954,,417.98874735832214,,493.98890137672424,,556.9890141487122,,681.9878220558167,
m_va,3,98,1.0,0.0,18,1.0,481.97459677855176,,402.9190182685852,,413.91904652118683,,437.91909515857697,,499.2192327976226,,616.6190266609192,
m_va,3,98,1.0,1.0,16,0.9375,463.8701617717743,557.7371120452881,382.93681144714355,557.7371120452881,411.93684339523315,557.7371120452881,430.73686957359314,557.7371120452881,491.53698086738586,557.7371120452881,586.9369745254517,557.7371120452881
m_va,3,99,0.0,0.0,17,1.0,518.8818679136389,,398.3644127845764,,420.36445140838623,,490.7646179199219,,568.5647606849669,,689.1634941101074,
m_va,3,99,0.0,1.0,21,1.0,515.4091531322116,,404.93303537368774,,428.9330840110779,,498.93325567245483,,557.9333305358887,,630.9328079223633,
m_va,3,99,1.0,0.0,18,0.9444444444444444,521.0129916667938,528.1312465667725,405.5309534072876,528.1312465667725,436.73102855682373,528.1312465667725,454.1310667991638,528.1312465667725,524.9312162399291,528.1312465667725,675.9302139282228,528.1312465667725
m_va,3,99,1.0,1.0,16,1.0,575.265422463417,,413.0159914493561,,468.51611137390137,,514.0162110328674,,609.516054391861,,747.5142776966095,
m_va,4,0,0.0,0.0,17,1.0,498.78840937333945,,400.5885601043701,,437.1886372566223,,457.7886760234833,,505.788779258728,,685.1875305175782,
m_va,4,0,0.0,1.0,21,0.9523809523809523,492.20062494277954,481.600821018219,382.2006970643997,481.600821018219,423.2007086277008,481.600821018219,476.1008024215698,481.600821018219,526.9008934497833,481.600821018219,594.4009244441987,481.600821018219
m_va,4,0,1.0,0.0,18,0.8888888888888888,466.6195698082447,426.49465799331665,372.99464643001556,396.0946202278137,388.99461925029755,411.2946391105652,449.99469816684723,426.49465799331665,497.9947805404663,441.6946768760681,549.9948859214783,456.8946957588196
m_va,4,0,1.0,1.0,16,0.9375,482.2312891483307,471.9648063182831,384.96466875076294,471.9648063182831,412.16468811035156,471.9648063182831,460.96479892730713,471.9648063182831,502.9648661613464,471.9648063182831,579.164981842041,471.9648063182831
m_va,4,1,0.0,0.0,17,1.0,474.4482987067279,,412.4482274055481,,446.2482810020447,,449.44828748703003,,477.848356962204,,585.0485324859619,
m_va,4,1,0.0,1.0,21,0.9523809523809523,490.1724383234978,477.42265462875366,382.2225362062454,477.42265462875366,416.6225254535675,477.42265462875366,440.9225881099701,477.42265462875366,532.5227558612823,477.42265462875366,618.2224512100221,477.42265462875366
m_va,4,1,1.0,0.0,18,0.9444444444444444,487.2600962133968,413.5543704032898,380.3543984889984,413.5543704032898,401.55436396598816,413.5543704032898,421.5543866157532,413.5543704032898,512.7545952796936,413.5543704032898,665.9537434577942,413.5543704032898
m_va,4,1,1.0,1.0,16,0.9375,495.33141454060876,481.79835081100464,384.79822278022766,481.79835081100464,415.3982162475586,481.79835081100464,449.7982859611511,481.79835081100464,531.1984300613402,481.79835081100464,636.3980054855346,481.79835081100464
m_va,4,2,0.0,0.0,17,1.0,502.3275596254012,,389.31599855422974,,435.31607389450073,,458.9161276817322,,498.3162045478821,,660.9153747558595,
m_va,4,2,0.0,1.0,21,0.9523809523809523,515.3644949197769,396.9646692276001,405.06466031074524,396.9646692276001,423.36470782756805,396.9646692276001,493.9648509025574,396.9646692276001,546.1649417877197,396.9646692276001,637.4643087387085,396.9646692276001
m_va,4,2,1.0,0.0,18,0.9444444444444444,484.87371732206907,479.462206363678,389.66206908226013,479.462206363678,415.46205282211304,479.462206363678,435.4621171951294,479.462206363678,506.0622453689575,479.462206363678,619.8620319366456,479.462206363678
m_va,4,2,1.0,1.0,16,0.9375,500.66993435223895,408.00344944000244,385.4034721851349,408.00344944000244,397.2034752368927,408.00344944000244,458.00355076789856,408.00344944000244,541.0036921501159,408.00344944000244,673.0027794837952,408.00344944000244
m_va,4,3,0.0,0.0,17,1.0,480.3317820324617,,410.54357290267944,,440.74363708496094,,453.74366641044617,,476.94371342658997,,617.3434734344482,
m_va,4,3,0.0,1.0,21,0.9523809523809523,485.91060042381287,491.91081523895264,384.7106605768204,491.91081523895264,412.5106692314148,491.91081523895264,469.41077709198,491.91081523895264,504.010859131813,491.91081523895264,586.1109256744386,491.91081523895264
m_va,4,3,1.0,0.0,18,0.9444444444444444,479.56525227602793,479.388952255249,383.18883776664734,479.388952255249,403.3888280391693,479.388952255249,436.38888001441956,479.388952255249,517.7890181541443,479.388952255249,597.1890687942505,479.388952255249
m_va,4,3,1.0,1.0,16,0.9375,489.5961026350657,497.0629811286926,382.86285400390625,497.0629811286926,449.462890625,497.0629811286926,471.06295824050903,497.0629811286926,506.8630278110504,497.0629811286926,580.4629564285277,497.0629811286926
m_va,4,4,0.0,0.0,17,1.0,478.8211531498853,,407.38592743873596,,421.1859703063965,,452.58602499961853,,478.78607511520386,,566.78626537323,
m_va,4,4,0.0,1.0,21,1.0,489.76923028628033,,388.7217044830322,,414.7217273712158,,438.72177600860596,,513.7219429016113,,584.7220420837402,
m_va,4,4,1.0,0.0,18,0.9444444444444444,469.0222179188448,482.14006423950195,377.9399037361145,482.14006423950195,430.13994693756104,482.14006423950195,449.1399824619293,482.14006423950195,488.74006271362305,482.14006423950195,540.5401587486267,482.14006423950195
m_va,4,4,1.0,1.0,16,0.9375,497.07242647806805,414.27260637283325,378.0726373195648,414.27260637283325,400.0726044178009,414.27260637283325,485.27276515960693,414.27260637283325,517.0728206634521,414.27260637283325,667.471969127655,414.27260637283325
m_va,4,5,0.0,0.0,17,1.0,489.1475859810324,,417.84175634384155,,437.44179606437683,,453.4418284893036,,478.04187536239624,,607.4418306350708,
m_va,4,5,0.0,1.0,21,0.9523809523809523,469.42368298769,480.97386956214905,385.27369499206543,480.97386956214905,415.4737323522568,480.97386956214905,434.9737763404846,480.97386956214905,489.27389681339264,480.97386956214905,585.1739883422852,480.97386956214905
m_va,4,5,1.0,0.0,18,0.9444444444444444,474.64245557785034,494.6426749229431,378.8425147533417,494.6426749229431,406.2424898147583,494.6426749229431,462.6426100730896,494.6426749229431,486.442631483078,494.6426749229431,580.642831325531,494.6426749229431
m_va,4,5,1.0,1.0,16,0.9375,482.1988105773926,474.66564178466797,376.2655198574066,474.66564178466797,409.2655241489411,474.66564178466797,463.665634393692,474.66564178466797,509.4657301902771,474.66564178466797,579.0658593177795,474.66564178466797
m_va,4,6,0.0,0.0,17,1.0,512.4855953104355,,411.0622048377991,,455.4623067378998,,470.66232562065125,,518.4624195098877,,681.6613674163818,
m_va,4,6,0.0,1.0,21,0.9523809523809523,484.1918960213661,474.54214096069336,378.4420073032379,474.54214096069336,401.2419730424881,474.54214096069336,429.0420264005661,474.54214096069336,526.8422365188599,474.54214096069336,623.9418864250183,474.54214096069336
m_va,4,6,1.0,0.0,18,0.9444444444444444,484.1294043204364,475.01200437545776,377.6118874549866,475.01200437545776,402.21187472343445,475.01200437545776,443.01193952560425,475.01200437545776,521.4120745658875,475.01200437545776,621.611785888672,475.01200437545776
m_va,4,6,1.0,1.0,16,0.9375,489.0928387641907,396.42634987831116,373.8263726234436,396.42634987831116,385.42637825012207,396.42634987831116,446.4264512062073,396.42634987831116,530.2266120910645,396.42634987831116,661.4256858825684,396.42634987831116
m_va,4,7,0.0,0.0,17,1.0,488.7057946008794,,417.39996671676636,,437.00000643730164,,455.00004291534424,,478.6000728607178,,607.0000410079956,
m_va,4,7,0.0,1.0,21,0.9523809523809523,500.26947408914566,480.1197052001953,397.81955778598785,480.1197052001953,434.31961238384247,480.1197052001953,466.61968529224396,480.1197052001953,537.3198211193085,480.1197052001953,629.3193936347963,480.1197052001953
m_va,4,7,1.0,0.0,18,0.9444444444444444,470.0413258636699,478.80619764328003,378.60607504844666,478.80619764328003,400.80604553222656,478.80619764328003,432.806134223938,478.80619764328003,485.8062148094177,478.80619764328003,569.2063927650452,478.80619764328003
m_va,4,7,1.0,1.0,16,0.9375,488.0892793337504,478.88946533203125,380.48932552337646,478.88946533203125,427.08935737609863,478.88946533203125,466.8894410133362,478.88946533203125,504.0895223617554,478.88946533203125,584.0896368026733,478.88946533203125
m_va,4,8,0.0,0.0,17,1.0,531.9547530482797,,425.9903311729431,,460.39040088653564,,479.1904091835022,,562.9905462265015,,687.789273262024,
m_va,4,8,0.0,1.0,21,0.9523809523809523,488.6383965611458,393.78854632377625,379.08855080604553,393.78854632377625,410.6885701417923,393.78854632377625,434.78862941265106,393.78854632377625,513.588809967041,393.78854632377625,663.5877847671509,393.78854632377625
m_va,4,8,1.0,0.0,18,0.9444444444444444,481.79846125490525,472.1516966819763,375.75156688690186,472.1516966819763,396.3515341281891,472.1516966819763,411.15155816078186,472.1516966819763,523.351788520813,472.1516966819763,637.7511739730836,472.1516966819763
m_va,4,8,1.0,1.0,16,0.875,498.08571381228313,425.5859702825546,391.385942697525,413.58594596385956,417.48595237731934,419.5859581232071,440.58600068092346,425.5859702825546,495.58611512184143,431.58598244190216,623.6858189105989,437.5859946012497
m_va,4,9,0.0,0.0,17,1.0,532.627696500105,,415.40440917015076,,460.6045186519623,,483.8045537471771,,578.8047194480895,,718.4031128883362,
m_va,4,9,0.0,1.0,21,0.9523809523809523,476.81659758090973,531.4169526100159,380.3166925907135,531.4169526100159,409.41667556762695,531.4169526100159,444.41676139831543,531.4169526100159,503.316855430603,531.4169526100159,614.2166614532472,531.4169526100159
m_va,4,9,1.0,0.0,18,0.9444444444444444,475.0198178431567,493.2553172111511,379.05516624450684,493.2553172111511,418.4551417827606,493.2553172111511,469.255268573761,493.2553172111511,489.65529203414917,493.2553172111511,542.0554041862488,493.2553172111511
m_va,4,9,1.0,1.0,16,0.9375,489.77461258570355,476.17489099502563,385.9747529029846,476.17489099502563,409.77474451065063,476.17489099502563,433.1747889518738,476.17489099502563,525.5749762058257,476.17489099502563,630.1745176315308,476.17489099502563
m_va,4,10,0.0,0.0,17,0.9411764705882353,506.32308050990105,507.2610378265381,397.2608298063278,507.2610378265381,444.260910153389,507.2610378265381,463.76095712184906,507.2610378265381,485.76098680496216,507.2610378265381,708.759605884552,507.2610378265381
m_va,4,10,0.0,1.0,21,0.9523809523809523,488.371941447258,458.77212285995483,382.6720267534256,458.77212285995483,404.4720083475113,458.77212285995483,462.7721309661865,458.77212285995483,527.8722822666168,458.77212285995483,613.8719737529756,458.77212285995483
m_va,4,10,1.0,0.0,18,0.9444444444444444,480.5218261830947,474.8162031173706,385.81605553627014,474.8162031173706,408.41604471206665,474.8162031173706,419.8160767555237,474.8162031173706,501.41624212265015,474.8162031173706,615.2160406112671,474.8162031173706
m_va,4,10,1.0,1.0,16,0.9375,487.3370746771494,470.7373380661011,373.1372356414795,470.7373380661011,391.5372133255005,470.7373380661011,440.7373070716858,470.7373380661011,512.3374342918396,470.7373380661011,639.7368669509888,470.7373380661011
m_va,4,11,0.0,0.0,17,1.0,505.336310933618,,408.6305260658264,,450.03060698509216,,477.6306748390198,,499.8307228088379,,661.029863357544,
m_va,4,11,0.0,1.0,21,0.9523809523809523,476.9089549779892,450.10906457901,391.2089467048645,450.10906457901,413.608980178833,450.10906457901,455.1090598106384,450.10906457901,498.00915718078613,450.10906457901,580.4092943668365,450.10906457901
m_va,4,11,1.0,0.0,18,0.9444444444444444,479.15979167994334,477.27760672569275,381.6774845123291,477.27760672569275,429.07750606536865,477.27760672569275,443.2775378227234,477.27760672569275,500.6776571273803,477.27760672569275,587.077796459198,477.27760672569275
m_va,4,11,1.0,1.0,16,0.9375,504.1789770126343,473.91265630722046,390.7125473022461,473.91265630722046,411.91253662109375,473.91265630722046,466.9126570224762,473.91265630722046,531.9128036499022,473.91265630722046,632.912278175354,473.91265630722046
m_va,4,12,0.0,0.0,17,1.0,504.693280248081,,406.39936923980713,,425.19940733909607,,458.3994746208191,,501.1995792388916,,662.5987529754639,
m_va,4,12,0.0,1.0,21,0.9523809523809523,474.3706926703453,528.9710164070129,376.870796084404,528.9710164070129,404.27078902721405,528.9710164070129,441.9708549976349,528.9710164070129,503.2709836959839,528.9710164070129,612.6707196235658,528.9710164070129
m_va,4,12,1.0,0.0,18,0.9444444444444444,474.74135370815503,474.9768376350403,375.77670216560364,474.9768376350403,416.57670736312866,474.9768376350403,440.9767687320709,474.9768376350403,497.17689752578735,474.9768376350403,588.3769154548645,474.9768376350403
m_va,4,12,1.0,1.0,16,0.9375,492.0149485270182,492.5486147403717,384.5484495162964,492.5486147403717,402.9484450817108,492.5486147403717,465.548574924469,492.5486147403717,496.7486381530762,492.5486147403717,648.3480095863342,492.5486147403717
m_va,4,13,0.0,0.0,17,1.0,503.9689383086037,,418.71018409729004,,457.510244846344,,476.9102931022644,,495.51031589508057,,654.7095775604248,
m_va,4,13,0.0,1.0,21,0.9523809523809523,473.34937304258347,478.1995415687561,392.5993859767914,478.1995415687561,409.9993884563446,478.1995415687561,423.1994301080704,478.1995415687561,487.99954652786255,478.1995415687561,587.6997411251068,478.1995415687561
m_va,4,13,1.0,0.0,18,0.9444444444444444,478.45706168343037,480.6925058364868,380.49238324165344,480.6925058364868,421.0923910140991,480.6925058364868,462.6924991607666,480.6925058364868,498.49257469177246,480.6925058364868,583.2927227020264,480.6925058364868
m_va,4,13,1.0,1.0,16,0.9375,473.64633282025653,459.9798321723938,384.9797248840332,459.9798321723938,403.579717874527,459.9798321723938,445.9798038005829,459.9798321723938,494.97989416122437,459.9798321723938,572.3800539970398,459.9798321723938
m_va,4,14,0.0,0.0,17,1.0,481.8889165625853,,400.9477913379669,,420.74782848358154,,452.9478847980499,,481.74793124198914,,619.9477314949036,
m_va,4,14,0.0,1.0,21,1.0,491.1464097953978,,390.09889960289,,416.0989224910736,,440.09897112846375,,511.09910011291504,,608.0989837646484,
m_va,4,14,1.0,0.0,18,0.9444444444444444,476.7578945440404,492.8169250488281,382.01677799224854,492.8169250488281,413.21678161621094,492.8169250488281,462.81689405441284,492.8169250488281,490.0169372558594,492.8169250488281,558.4169387817384,492.8169250488281
m_va,4,14,1.0,1.0,16,0.9375,488.3176227410634,476.51785612106323,378.7177562713623,476.51785612106323,400.51774978637695,476.51785612106323,444.5177912712097,476.51785612106323,512.5179648399353,476.51785612106323,627.9175758361815,476.51785612106323
m_va,4,15,0.0,0.0,17,0.9411764705882353,506.32308050990105,507.2610378265381,397.2608298063278,507.2610378265381,444.260910153389,507.2610378265381,463.76095712184906,507.2610378265381,485.76098680496216,507.2610378265381,708.759605884552,507.2610378265381
m_va,4,15,0.0,1.0,21,0.9523809523809523,488.4892553091049,476.889431476593,380.68932592868805,476.889431476593,419.68934535980225,476.889431476593,466.3894325494766,476.889431476593,522.4895596504211,476.889431476593,590.6895756721498,476.889431476593
m_va,4,15,1.0,0.0,18,0.9444444444444444,478.9231822771184,473.62929582595825,383.8291883468628,473.62929582595825,401.42916440963745,473.62929582595825,429.62920665740967,473.62929582595825,500.2293586730957,473.62929582595825,612.8291726112366,473.62929582595825
m_va,4,15,1.0,1.0,16,0.9375,506.19141856829333,485.1251244544983,391.724956035614,485.1251244544983,420.324969291687,485.1251244544983,467.1250581741333,485.1251244544983,524.125200510025,485.1251244544983,632.1247577667236,485.1251244544983
m_va,4,16,0.0,0.0,17,0.9411764705882353,445.5424230545759,457.29243755340576,390.7923251390457,457.29243755340576,418.292373418808,457.29243755340576,448.792427778244,457.29243755340576,454.292431473732,457.29243755340576,484.29250717163086,457.29243755340576
m_va,4,16,0.0,1.0,21,0.9523809523809523,485.76628416776657,495.01651525497437,397.7163404226303,495.01651525497437,408.51635932922363,495.01651525497437,467.01647341251373,495.01651525497437,512.7165496349334,495.01651525497437,582.0166051387788,495.01651525497437
m_va,4,16,1.0,0.0,18,0.9444444444444444,478.0344069004059,481.2111258506775,377.8109908103943,481.2111258506775,412.2109889984131,481.2111258506775,446.2110698223114,481.2111258506775,495.01118659973145,481.2111258506775,600.0109434127809,481.2111258506775
m_va,4,16,1.0,1.0,16,0.9375,485.67928671836853,476.81277990341187,378.61265540122986,476.81277990341187,425.0126779079437,476.81277990341187,465.8127725124359,476.81277990341187,506.0128331184387,476.81277990341187,581.2129974365234,476.81277990341187
m_va,4,17,0.0,0.0,17,1.0,581.6225391976974,,437.83499002456665,,467.4350380897522,,509.0351104736328,,652.4344563484192,,842.4320340156555,
m_va,4,17,0.0,1.0,21,0.9523809523809523,485.4430601000786,484.09321904182434,405.6930661201477,484.09321904182434,436.7931127548218,484.09321904182434,458.09316635131836,484.09321904182434,487.69322633743286,484.09321904182434,579.9933969974518,484.09321904182434
m_va,4,17,1.0,0.0,18,0.9444444444444444,477.4602984680849,403.81330251693726,377.21331119537354,403.81330251693726,403.2132863998413,403.81330251693726,462.8134071826935,403.81330251693726,498.0134963989258,403.81330251693726,593.4133648872377,403.81330251693726
m_va,4,17,1.0,1.0,16,0.9375,500.9718179702759,401.6386866569519,381.63866996765137,401.6386866569519,401.23865604400635,401.6386866569519,465.63881635665894,401.6386866569519,545.4389333724974,401.6386866569519,661.8380188941956,401.6386866569519
m_va,4,18,0.0,0.0,17,1.0,481.65274192305174,,411.68808341026306,,429.288113117218,,446.88814878463745,,471.4882016181945,,595.0882196426392,
m_va,4,18,0.0,1.0,21,0.9523809523809523,479.1011452674866,483.6512804031372,384.5511555671692,483.6512804031372,410.65114736557007,483.6512804031372,456.6512405872345,483.6512804031372,513.45134973526,483.6512804031372,584.5514833927155,483.6512804031372
m_va,4,18,1.0,0.0,18,0.9444444444444444,487.15583015890684,411.0383987426758,375.0383973121643,411.0383987426758,399.4383752346039,411.0383987426758,428.03841829299927,411.0383987426758,504.63856458663935,411.0383987426758,669.2376613616943,411.0383987426758
m_va,4,18,1.0,1.0,16,0.9375,487.0341638724009,473.03444147109985,383.23429822921753,473.03444147109985,405.63430190086365,473.03444147109985,430.034339427948,473.03444147109985,522.4345266818999,473.03444147109985,627.034068107605,473.03444147109985
m_va,4,19,0.0,0.0,17,1.0,506.74754030564253,,405.4065465927124,,446.00663781166077,,460.806667804718,,498.40675592422485,,694.8055028915405,
m_va,4,19,0.0,1.0,21,0.9523809523809523,476.35552287101746,477.4056673049927,383.0055385828018,477.4056673049927,428.10557782649994,477.4056673049927,440.9055858850479,477.4056673049927,504.5057177543639,477.4056673049927,585.0058913230896,477.4056673049927
m_va,4,19,1.0,0.0,18,0.9444444444444444,478.86207524467915,484.4505786895752,374.0504264831543,484.4505786895752,411.4504337310791,484.4505786895752,447.4504888057709,484.4505786895752,500.6505846977234,484.4505786895752,611.6503953933716,484.4505786895752
m_va,4,19,1.0,1.0,16,0.9375,484.45547819137573,491.92237854003906,375.5222201347351,491.92237854003906,440.9222602844238,491.92237854003906,464.92230892181396,491.92237854003906,501.72237157821655,491.92237854003906,562.3224973678589,491.92237854003906
m_va,4,20,0.0,0.0,17,1.0,526.1715036981246,,402.5954067707062,,449.99550580978394,,478.99556159973145,,496.79559469223017,,737.1937870979309,
m_va,4,20,0.0,1.0,21,0.9523809523809523,465.15557020902634,482.65573382377625,387.8556042909622,482.65573382377625,404.95559573173523,482.65573382377625,432.6556324958801,482.65573382377625,478.05573940277094,482.65573382377625,572.1559286117554,482.65573382377625
m_va,4,20,1.0,0.0,18,0.9444444444444444,466.3865741561441,485.85736751556396,368.05723905563354,485.85736751556396,412.2572422027588,485.85736751556396,454.85731959342957,485.85736751556396,479.05735969543457,485.85736751556396,548.2573866844178,485.85736751556396
m_va,4,20,1.0,1.0,16,0.9375,483.07883938153583,485.81236600875854,380.8122217655182,485.81236600875854,435.01227498054504,485.81236600875854,467.81232953071594,485.81236600875854,489.21236991882324,485.81236600875854,579.2125463485718,485.81236600875854
m_va,4,21,0.0,0.0,17,1.0,474.0329121842104,,410.83290576934814,,436.4329695701599,,448.0329751968384,,477.03303694725037,,578.6329984664917,
m_va,4,21,0.0,1.0,21,1.0,485.6958474431719,,385.64833998680115,,411.64836287498474,,435.6484115123749,,506.6485404968262,,603.6484241485596,
m_va,4,21,1.0,0.0,18,0.9444444444444444,479.55459005692427,396.3194489479065,373.31947684288025,396.3194489479065,402.31947898864746,396.3194489479065,411.3194942474365,396.3194489479065,513.3196711540222,396.3194489479065,658.318817615509,396.3194489479065
m_va,4,21,1.0,1.0,16,0.9375,489.3537362416585,406.3539505004883,375.1539468765259,406.3539505004883,398.5539197921753,406.3539505004883,449.35402274131775,406.3539505004883,509.95414257049566,406.3539505004883,658.7532997131348,406.3539505004883
m_va,4,22,0.0,0.0,17,0.9411764705882353,445.23400254547596,456.8590223789215,390.35892486572266,456.8590223789215,417.85892844200134,456.8590223789215,448.3589977025986,456.8590223789215,453.85901629924774,456.8590223789215,483.8590621948242,456.8590223789215
m_va,4,22,0.0,1.0,21,0.9523809523809523,481.7297250032425,530.7300686836243,392.32980608940125,530.7300686836243,418.3298259973526,530.7300686836243,447.7298855781555,530.7300686836243,499.5299905538559,530.7300686836243,617.3297882080079,530.7300686836243
m_va,4,22,1.0,0.0,18,0.9444444444444444,496.19386301321146,472.42945432662964,377.6293218135834,472.42945432662964,416.8293356895447,472.42945432662964,444.4293975830078,472.42945432662964,539.4295692443848,472.42945432662964,642.0289397239686,472.42945432662964
m_va,4,22,1.0,1.0,16,0.9375,490.44165809949243,481.3085198402405,384.1083824634552,481.3085198402405,406.9083571434021,481.3085198402405,463.3084833621979,481.3085198402405,522.908616065979,481.3085198402405,601.1085867881775,481.3085198402405
m_va,4,23,0.0,0.0,17,1.0,485.7466168263379,,384.7702145576477,,431.97028636932373,,455.5703401565552,,495.3704118728637,,582.9705476760864,
m_va,4,23,0.0,1.0,21,0.9523809523809523,485.6576383113861,476.1578440666199,375.75770020484924,476.1578440666199,418.7577188014984,476.1578440666199,473.1578230857849,476.1578440666199,520.4579293727875,476.1578440666199,586.7579698562623,476.1578440666199
m_va,4,23,1.0,0.0,18,0.9444444444444444,496.202851043028,493.8501715660095,375.85002183914185,493.8501715660095,423.8500237464905,493.8501715660095,478.8501262664795,493.8501715660095,527.050244808197,493.8501715660095,608.0499649047853,493.8501715660095
m_va,4,23,1.0,1.0,16,0.9375,481.1025381088257,534.8361730575562,379.2359232902527,534.8361730575562,405.43593168258667,534.8361730575562,470.8360433578491,534.8361730575562,506.03609085083,534.8361730575562,564.4361972808838,534.8361730575562
m_va,4,24,0.0,0.0,17,1.0,478.6972087972304,,401.7089605331421,,435.10901927948,,449.1090476512909,,481.5091133117675,,598.7090826034546,
m_va,4,24,0.0,1.0,21,1.0,503.1338234742483,,395.2292203903198,,428.22927236557007,,449.22930002212524,,545.2294945716858,,663.2285118103027,
m_va,4,24,1.0,0.0,18,0.9444444444444444,481.3329559915206,475.6273031234741,386.6271734237671,475.6273031234741,409.227192401886,475.6273031234741,420.6272065639496,475.6273031234741,505.02737760543823,475.6273031234741,614.8271799087524,475.6273031234741
m_va,4,24,1.0,1.0,16,0.8125,480.34353668873126,508.93310705820716,382.8667163848877,414.6667242050171,406.4667046070099,425.46675205230713,442.2667622566223,436.26677989959717,505.2669048309326,534.2664003372191,651.666021347046,632.2660207748413
m_va,4,25,0.0,0.0,17,1.0,479.2924102614908,,404.9983322620392,,423.19836616516113,,451.99841260910034,,473.5984683036804,,579.9986839294434,
m_va,4,25,0.0,1.0,21,0.9523809523809523,483.80949944257736,451.15965604782104,388.4595602750778,451.15965604782104,409.0595752000809,451.15965604782104,427.1596223115921,451.15965604782104,521.4598178863525,451.15965604782104,612.8595352172852,451.15965604782104
m_va,4,25,1.0,0.0,18,0.9444444444444444,495.55822330362656,472.97021746635437,382.7700912952423,472.97021746635437,408.97008776664734,472.97021746635437,485.97025871276855,472.97021746635437,524.5703220367432,472.97021746635437,622.1699714660645,472.97021746635437
m_va,4,25,1.0,1.0,16,0.9375,478.66408228874207,532.2643518447876,377.6641368865967,532.2643518447876,401.2641251087189,532.2643518447876,470.2642560005188,532.2643518447876,503.46431732177734,532.2643518447876,561.86443567276,532.2643518447876
m_va,4,26,0.0,0.0,17,1.0,509.4232752042658,,408.7645947933197,,448.5646724700928,,468.3647155761719,,516.1647915840149,,684.3637228012085,
m_va,4,26,0.0,1.0,21,0.9523809523809523,484.2647224664688,489.0149235725403,392.7147775888443,489.0149235725403,423.41480553150177,489.0149235725403,452.01486349105835,489.0149235725403,511.8149757385254,489.0149235725403,579.0149867534639,489.0149235725403
m_va,4,26,1.0,0.0,18,0.9444444444444444,473.18948717678296,489.4838035106659,380.28364777565,489.4838035106659,431.28368854522705,489.4838035106659,462.4837636947632,489.4838035106659,484.6837759017944,489.4838035106659,546.8839168548584,489.4838035106659
m_va,4,26,1.0,1.0,16,0.9375,478.66074244181317,413.2608473300934,378.2608389854431,413.2608473300934,390.2608275413513,413.2608473300934,466.26096963882446,413.2608473300934,502.6610374450683,413.2608473300934,614.6607875823973,413.2608473300934
m_va,4,27,0.0,0.0,17,1.0,475.44630134806914,,401.15222334861755,,419.3522572517395,,448.1523036956787,,469.7523593902588,,575.752580165863,
m_va,4,27,0.0,1.0,21,1.0,483.6962208861396,,381.5058469772339,,410.50589084625244,,444.5059299468994,,506.506085395813,,599.5059609413147,
m_va,4,27,1.0,0.0,18,0.9444444444444444,477.69726900493396,492.69750714302063,379.89736795425415,492.69750714302063,407.69731998443604,492.69750714302063,463.6974334716797,492.69750714302063,487.6975059509277,492.69750714302063,609.2974662780762,492.69750714302063
m_va,4,27,1.0,1.0,16,0.9375,490.37004510561627,469.0369963645935,371.8368589878082,469.0369963645935,391.8368458747864,469.0369963645935,476.03699564933777,469.0369963645935,521.2370753288269,469.0369963645935,636.2364768981932,469.0369963645935
m_va,4,28,0.0,0.0,17,1.0,531.2128365039825,,407.2484016418457,,456.24849796295166,,477.44855284690857,,577.4486422538757,,707.6471090316772,
m_va,4,28,0.0,1.0,21,0.9523809523809523,480.3933724761009,474.09355640411377,380.7934433221817,474.09355640411377,409.69345569610596,474.09355640411377,434.09349024295807,474.09355640411377,511.49363517761225,474.09355640411377,592.7936971187593,474.09355640411377
m_va,4,28,1.0,0.0,18,0.9444444444444444,474.2944521062514,495.941698551178,375.741571187973,495.941698551178,407.5415253639221,495.941698551178,463.94163370132446,495.941698551178,482.7416777610778,495.941698551178,582.5418710708618,495.941698551178
m_va,4,28,1.0,1.0,16,0.9375,502.5816798210144,493.7153458595276,374.9151825904846,493.7153458595276,430.3152024745941,493.7153458595276,464.71527218818665,493.7153458595276,533.5153818130492,493.7153458595276,591.7153835296631,493.7153458595276
m_va,4,29,0.0,0.0,17,1.0,523.5725238042719,,402.63164043426514,,450.0317454338074,,462.6317620277405,,542.2318935394287,,732.6300382614136,
m_va,4,29,0.0,1.0,21,0.9523809523809523,462.86558359861374,462.3657166957855,386.2656205892563,462.3657166957855,404.065603017807,462.3657166957855,426.3656437397003,462.3657166957855,473.1657445430755,462.3657166957855,568.2659447193146,462.3657166957855
m_va,4,29,1.0,0.0,18,0.9444444444444444,484.0682411895079,478.65670919418335,387.6565992832184,478.65670919418335,414.65660333633423,478.65670919418335,434.65662002563477,478.65670919418335,505.2567720413208,478.65670919418335,619.0565705299377,478.65670919418335
m_va,4,29,1.0,1.0,16,0.9375,494.0911193688711,482.82474279403687,374.0245997905731,482.82474279403687,392.2245681285858,482.82474279403687,488.824725151062,482.82474279403687,523.6248135566711,482.82474279403687,637.224245071411,482.82474279403687
m_va,4,30,0.0,0.0,17,0.9411764705882353,439.10213001072407,459.47715640068054,386.477068066597,459.47715640068054,417.4770712852478,459.47715640068054,451.47714018821716,459.47715640068054,453.97715270519257,459.47715640068054,482.9772114753723,459.47715640068054
m_va,4,30,0.0,1.0,21,0.9523809523809523,481.36371970176697,458.6138427257538,381.01373314857483,458.6138427257538,426.0137617588043,458.6138427257538,436.6137981414795,458.6138427257538,519.9139773845673,458.6138427257538,584.514093399048,458.6138427257538
m_va,4,30,1.0,0.0,18,0.9444444444444444,471.2509547962862,480.0746440887451,377.6745319366455,480.0746440887451,398.0744957923889,480.0746440887451,443.0745840072632,480.0746440887451,479.0746688842773,480.0746440887451,576.4748573303223,480.0746440887451
m_va,4,30,1.0,1.0,16,0.9375,492.60696172714233,444.94056701660156,379.14050221443176,444.94056701660156,400.940465927124,444.94056701660156,456.94059133529663,444.94056701660156,509.1406822204589,444.94056701660156,656.3399314880371,444.94056701660156
m_va,4,31,0.0,0.0,17,1.0,482.346971245373,,411.2646698951721,,433.66472125053406,,449.46473836898804,,471.0647940635681,,599.4647264480592,
m_va,4,31,0.0,1.0,21,0.9523809523809523,463.6116608977318,479.91183400154114,385.9117031097412,479.91183400154114,405.61168789863586,479.91183400154114,433.41173231601715,479.91183400154114,470.5118000507355,479.91183400154114,569.5120275020599,479.91183400154114
m_va,4,31,1.0,0.0,18,0.9444444444444444,470.8551641772775,473.09064865112305,376.29051208496094,473.09064865112305,401.6904950141907,473.09064865112305,439.0905797481537,473.09064865112305,482.29066729545593,473.09064865112305,589.0907645225525,473.09064865112305
m_va,4,31,1.0,1.0,16,0.9375,488.9100472132365,485.6436252593994,379.4435143470764,485.6436252593994,390.2434825897217,485.6436252593994,466.6436016559601,485.6436252593994,515.4437065124512,485.6436252593994,625.843346118927,485.6436252593994
m_va,4,32,0.0,0.0,17,1.0,478.1833291053772,,402.0893096923828,,422.0893383026123,,450.8894085884094,,472.0894336700439,,553.2895803451538,
m_va,4,32,0.0,1.0,21,0.9523809523809523,477.1638333797455,529.2641520500183,377.16393172740936,529.2641520500183,417.16395020484924,529.2641520500183,442.26399064064026,529.2641520500183,505.26413917541504,529.2641520500183,611.5638732910157,529.2641520500183
m_va,4,32,1.0,0.0,18,0.9444444444444444,482.4137740275439,491.94347858428955,386.5432918071747,491.94347858428955,403.34328413009644,491.94347858428955,442.94336438179016,491.94347858428955,499.34349060058594,491.94347858428955,605.9432387351991,491.94347858428955
m_va,4,32,1.0,1.0,16,0.9375,494.0790096918742,481.54592514038086,383.54581594467163,481.54592514038086,414.94579315185547,481.54592514038086,446.5458393096924,481.54592514038086,530.7460129261017,481.54592514038086,632.3456525802612,481.54592514038086
m_va,4,33,0.0,0.0,17,1.0,512.4960594317492,,419.7551131248474,,444.955176115036,,456.55518770217896,,496.9552516937256,,735.3535652160645,
m_va,4,33,0.0,1.0,21,0.9523809523809523,479.45823669433594,477.85836458206177,381.45823180675507,477.85836458206177,430.658283829689,477.85836458206177,453.35832238197327,477.85836458206177,506.85843229293823,477.85836458206177,579.5586109161377,477.85836458206177
m_va,4,33,1.0,0.0,18,0.9444444444444444,496.19386301321146,472.42945432662964,377.6293218135834,472.42945432662964,416.8293356895447,472.42945432662964,444.4293975830078,472.42945432662964,539.4295692443848,472.42945432662964,642.0289397239686,472.42945432662964
m_va,4,33,1.0,1.0,16,0.9375,492.8550104300181,500.3219246864319,388.1217658519745,500.3219246864319,452.52182483673096,500.3219246864319,474.3218421936035,500.3219246864319,510.1219177246094,500.3219246864319,583.7218761444092,500.3219246864319
m_va,4,34,0.0,0.0,17,1.0,474.4482987067279,,412.4482274055481,,446.2482810020447,,449.44828748703003,,477.848356962204,,585.0485324859619,
m_va,4,34,0.0,1.0,21,0.9523809523809523,488.6046603322029,461.1048400402069,383.40472877025604,461.1048400402069,406.2047243118286,461.1048400402069,463.10484409332275,461.1048400402069,528.204995393753,461.1048400402069,611.104726791382,461.1048400402069
m_va,4,34,1.0,0.0,18,0.9444444444444444,472.5286662578583,475.82298517227173,378.0228316783905,475.82298517227173,406.4228296279907,475.82298517227173,457.82291889190674,475.82298517227173,484.82298851013184,475.82298517227173,578.8231372833252,475.82298517227173
m_va,4,34,1.0,1.0,16,0.9375,478.2963275909424,487.0298504829407,374.8297095298767,487.0298504829407,456.2298059463501,487.0298504829407,462.0298147201538,487.0298504829407,491.82987213134766,487.0298504829407,556.8300008773804,487.0298504829407
m_va,4,35,0.0,0.0,17,1.0,506.6902199212242,,414.26687240600586,,448.6669600009918,,470.86697816848755,,498.46705198287964,,682.0658683776855,
m_va,4,35,0.0,1.0,21,0.9523809523809523,475.84940642118454,478.2995581626892,382.9994410276413,478.2995581626892,406.39943182468414,478.2995581626892,430.7994842529297,478.2995581626892,514.5996451377869,478.2995581626892,591.8997049331666,478.2995581626892
m_va,4,35,1.0,0.0,18,0.9444444444444444,474.60899458212015,471.6680645942688,371.8679368495941,471.6680645942688,409.2679262161255,471.6680645942688,428.66796255111694,471.6680645942688,495.86808681488037,471.6680645942688,609.2679262161255,471.6680645942688
m_va,4,35,1.0,1.0,16,0.9375,491.18791222572327,401.4548063278198,368.85483264923096,401.4548063278198,383.45479369163513,401.4548063278198,450.4548907279968,401.4548063278198,518.2550191879272,401.4548063278198,663.6541128158569,401.4548063278198
m_va,4,36,0.0,0.0,17,1.0,502.1006482488969,,406.75957202911377,,450.9596586227417,,474.15971755981445,,487.55973577499384,,658.7589263916016,
m_va,4,36,0.0,1.0,21,1.0,489.3671699932643,,388.31964135169983,,416.31966829299927,,439.3197298049927,,513.3198499679565,,583.3200216293335,
m_va,4,36,1.0,0.0,18,0.9444444444444444,484.90965892286863,403.73334288597107,375.5333662033081,403.73334288597107,407.7333629131317,403.73334288597107,449.7334361076355,403.73334288597107,508.93354415893555,403.73334288597107,659.3327283859253,403.73334288597107
m_va,4,36,1.0,1.0,16,0.9375,487.37015525499976,481.9703698158264,383.770215511322,481.9703698158264,410.9701991081238,481.9703698158264,463.9703035354614,481.9703698158264,498.17036390304565,481.9703698158264,598.7704515457153,481.9703698158264
m_va,4,37,0.0,0.0,17,1.0,494.38637144425337,,407.86876678466797,,445.4688549041748,,468.26887130737305,,502.6689410209656,,571.2691068649292,
m_va,4,37,0.0,1.0,21,1.0,490.4758036136627,,385.14256477355957,,428.14260721206665,,438.1426274776459,,511.1427903175354,,587.1428847312927,
m_va,4,37,1.0,0.0,18,0.9444444444444444,474.1177506306592,489.41218852996826,369.8120355606079,489.41218852996826,407.6120197772979,489.41218852996826,435.41204929351807,489.41218852996826,490.41218757629395,489.41218852996826,636.8116617202759,489.41218852996826
m_va,4,37,1.0,1.0,16,0.9375,496.50494654973346,484.17189717292786,375.5717694759369,484.17189717292786,396.1717426776886,484.17189717292786,485.171914100647,484.17189717292786,525.9719848632812,484.17189717292786,641.3713932037352,484.17189717292786
m_va,4,38,0.0,0.0,17,1.0,586.8680705042447,,451.8805980682373,,479.68063950538635,,505.2807331085205,,660.8798027038574,,852.0773410797119,
m_va,4,38,0.0,1.0,21,0.9523809523809523,475.61074644327164,478.910893201828,382.3107600212097,478.910893201828,427.91080474853516,478.910893201828,444.91082429885864,478.910893201828,497.91091680526733,478.910893201828,580.9111118316652,478.910893201828
m_va,4,38,1.0,0.0,18,0.9444444444444444,478.48114020684187,477.363646030426,379.76351976394653,477.363646030426,418.36352944374084,477.363646030426,456.36361837387085,477.363646030426,497.16371297836304,477.363646030426,581.1638832092285,477.363646030426
m_va,4,38,1.0,1.0,16,0.9375,484.1326594352722,480.39960861206055,378.7994384765625,480.39960861206055,399.5994448661804,480.39960861206055,458.39956402778625,480.39960861206055,518.1997060775756,480.39960861206055,607.1992158889769,480.39960861206055
m_va,4,39,0.0,0.0,17,1.0,478.0783267582164,,407.89013504981995,,419.890159368515,,445.4902112483978,,470.0902581214905,,594.0902471542358,
m_va,4,39,0.0,1.0,21,0.9523809523809523,485.4021027684212,483.80225896835327,387.40212321281433,483.80225896835327,436.60214841365814,483.80225896835327,459.80219542980194,483.80225896835327,512.8023087978363,483.80225896835327,585.5024516582489,483.80225896835327
m_va,4,39,1.0,0.0,18,0.9444444444444444,487.2250556945801,465.16650915145874,369.9663817882538,465.16650915145874,389.5663619041443,465.16650915145874,458.1664800643921,465.16650915145874,528.9666175842285,465.16650915145874,637.9659175872803,465.16650915145874
m_va,4,39,1.0,1.0,16,0.9375,482.90350238482154,469.5703387260437,379.7702133655548,469.5703387260437,422.37024307250977,469.5703387260437,447.5703239440918,469.5703387260437,503.3704459667205,469.5703387260437,579.1705965995789,469.5703387260437
m_va,4,40,0.0,0.0,17,1.0,530.8206133982715,,401.1974573135376,,458.7975859642029,,477.9976010322571,,496.79765701293945,,745.7957983016969,
m_va,4,40,0.0,1.0,21,1.0,503.1338234742483,,395.2292203903198,,428.22927236557007,,449.22930002212524,,545.2294945716858,,663.2285118103027,
m_va,4,40,1.0,0.0,18,0.9444444444444444,472.034075680901,463.7989401817322,386.3988220691681,463.7989401817322,404.5988082885742,463.7989401817322,433.7988495826721,463.7989401817322,486.7989778518677,463.7989401817322,571.3991522789001,463.7989401817322
m_va,4,40,1.0,1.0,16,0.9375,495.9721585114797,482.57243633270264,394.37228441238403,482.57243633270264,413.372266292572,482.57243633270264,440.5723214149475,482.57243633270264,529.7725081443785,482.57243633270264,633.9720964431762,482.57243633270264
m_va,4,41,0.0,0.0,17,1.0,471.8496483914992,,396.8614459037781,,420.46148777008057,,443.2615339756012,,472.0616042613983,,586.0615491867067,
m_va,4,41,0.0,1.0,21,0.9523809523809523,486.8465915322304,477.29676961898804,378.6966621875763,477.29676961898804,417.8966701030731,477.29676961898804,468.7967598438263,477.29676961898804,521.5968728065491,477.29676961898804,587.896901369095,477.29676961898804
m_va,4,41,1.0,0.0,18,0.9444444444444444,478.002585032407,477.17922925949097,378.97911071777344,477.17922925949097,416.3791298866272,477.17922925949097,444.1791772842407,477.17922925949097,498.57928752899164,477.17922925949097,594.5793509483337,477.17922925949097
m_va,4,41,1.0,1.0,16,0.9375,495.60091892878216,402.9344320297241,380.33445477485657,402.9344320297241,394.5344388484955,402.9344320297241,454.9345374107361,402.9344320297241,515.1346325874329,402.9344320297241,666.7337775230408,402.9344320297241
m_va,4,42,0.0,0.0,17,1.0,536.6561009603388,,421.98591232299805,,456.3859820365906,,475.18599033355713,,554.1861057281494,,757.7839374542236,
m_va,4,42,0.0,1.0,21,0.9523809523809523,488.1578654050827,423.9080548286438,390.10797441005707,423.9080548286438,410.50801277160645,423.9080548286438,448.4080970287323,423.9080548286438,499.40817356109613,423.9080548286438,645.9075212478638,423.9080548286438
m_va,4,42,1.0,0.0,18,0.9444444444444444,483.8080634089077,474.1612672805786,377.76116728782654,474.1612672805786,398.36113452911377,474.1612672805786,413.16115856170654,474.1612672805786,525.3614068031311,474.1612672805786,639.7608041763307,474.1612672805786
m_va,4,42,1.0,1.0,16,0.9375,502.7996997038523,474.26673769950867,387.6666069030762,474.26673769950867,415.4666304588318,474.26673769950867,464.26671743392944,474.26673769950867,531.2668681144713,474.26673769950867,632.2663426399231,474.26673769950867
m_va,4,43,0.0,0.0,17,1.0,544.2082478719599,,429.53805923461914,,463.93812894821167,,482.7381372451782,,561.7382526397705,,765.3360843658447,
m_va,4,43,0.0,1.0,21,1.0,519.4617396309262,,390.3667628765106,,455.366849899292,,478.3669114112854,,539.3670201301575,,679.3659329414368,
m_va,4,43,1.0,0.0,18,0.9444444444444444,475.3407450283275,477.45856642723083,380.0584375858307,477.45856642723083,406.4584255218506,477.45856642723083,457.4585258960724,477.45856642723083,507.6586365699768,477.45856642723083,581.4587354660034,477.45856642723083
m_va,4,43,1.0,1.0,16,0.9375,489.50132727622986,499.1682171821594,382.9680562019348,499.1682171821594,444.3681001663208,499.1682171821594,469.16812658309937,499.1682171821594,495.56818008422846,499.1682171821594,588.568365573883,499.1682171821594
m_va,4,44,0.0,0.0,17,1.0,480.2568519816679,,416.99801683425903,,441.198068857193,,454.19812202453613,,482.39816427230835,,584.7981214523315,
m_va,4,44,0.0,1.0,21,0.9523809523809523,473.5073298215866,528.157651424408,376.057431101799,528.157651424408,403.45742404460907,528.157651424408,441.65749847888947,528.157651424408,501.0576158761978,528.157651424408,611.8573546409608,528.157651424408
m_va,4,44,1.0,0.0,18,0.9444444444444444,496.63366990930894,478.3397614955902,377.7396321296692,478.3397614955902,426.5396475791931,478.3397614955902,478.3397614955902,478.3397614955902,526.339864730835,478.3397614955902,614.5396113395691,478.3397614955902
m_va,4,44,1.0,1.0,16,0.9375,486.67280673980713,531.3398838043213,377.33962535858154,531.3398838043213,399.93961453437805,531.3398838043213,452.33970880508423,531.3398838043213,506.9398164749145,531.3398838043213,637.73934841156,531.3398838043213
m_va,4,45,0.0,0.0,17,1.0,488.2225359187407,,401.3049364089966,,439.3050193786621,,463.10505270957947,,496.30510807037354,,565.7052636146545,
m_va,4,45,0.0,1.0,21,0.9523809523809523,486.5916132926941,474.9917984008789,383.2916885614395,474.9917984008789,419.5917069911957,474.9917984008789,459.99178290367126,474.9917984008789,522.0918834209442,474.9917984008789,589.591932296753,474.9917984008789
m_va,4,45,1.0,0.0,18,0.9444444444444444,478.12298816793106,477.5349199771881,378.7347972393036,477.5349199771881,416.93480014801025,477.5349199771881,445.5348551273346,477.5349199771881,500.73497295379633,477.5349199771881,588.1351351737976,477.5349199771881
m_va,4,45,1.0,1.0,16,0.9375,476.7016629378001,484.8352074623108,377.6350498199463,484.8352074623108,434.23510789871216,484.8352074623108,461.8351459503174,484.8352074623108,492.6352262496948,484.8352074623108,556.4353466033936,484.8352074623108
m_va,4,46,0.0,0.0,17,1.0,489.1387048889609,,415.009343624115,,441.80938601493835,,454.6094238758087,,488.20948600769043,,606.209397315979,
m_va,4,46,0.0,1.0,21,1.0,495.1666224570501,,396.4524269104004,,424.4524836540222,,465.45255184173584,,497.45261669158936,,603.4525632858276,
m_va,4,46,1.0,0.0,18,0.9444444444444444,485.92041871126963,408.6264967918396,376.62652134895325,408.6264967918396,400.02649426460266,408.6264967918396,439.6265745162964,408.6264967918396,502.22671031951904,408.6264967918396,666.825795173645,408.6264967918396
m_va,4,46,1.0,1.0,16,0.9375,477.8131604194641,531.5467715263367,375.9465515613556,531.5467715263367,402.94654965400696,531.5467715263367,467.54664182662964,531.5467715263367,502.7467370033264,531.5467715263367,560.5468273162842,531.5467715263367
m_va,4,47,0.0,0.0,17,1.0,531.5429270267487,,406.8609833717346,,453.0610680580139,,464.6611213684082,,505.06118535995483,,749.4592428207397,
m_va,4,47,0.0,1.0,21,0.9523809523809523,487.44741827249527,473.69760274887085,379.29750084877014,473.69760274887085,417.9975152015686,473.69760274887085,464.1975909471512,473.69760274887085,521.397739648819,473.69760274887085,596.9976842403413,473.69760274887085
m_va,4,47,1.0,0.0,18,0.9444444444444444,484.72083491437576,410.1916253566742,375.39164423942566,410.1916253566742,399.99159574508667,410.1916253566742,416.19163751602173,410.1916253566742,515.3918504714966,410.1916253566742,664.9909973144531,410.1916253566742
m_va,4,47,1.0,1.0,16,0.9375,493.5595770676931,473.69319200515747,376.4930546283722,473.69319200515747,393.6930298805237,473.69319200515747,480.69319128990173,473.69319200515747,522.2932815551758,473.69319200515747,640.2927160263062,473.69319200515747
m_va,4,48,0.0,0.0,17,0.9411764705882353,443.07255931198597,454.6975791454315,388.19748163223267,454.6975791454315,415.69748520851135,454.6975791454315,446.1975544691086,454.6975791454315,451.69757306575775,454.6975791454315,481.69761896133423,454.6975791454315
m_va,4,48,0.0,1.0,21,0.9523809523809523,488.20167034864426,415.1017963886261,383.9018076658249,415.1017963886261,414.30180072784424,415.1017963886261,439.10184502601624,415.1017963886261,514.2019987106323,415.1017963886261,661.9012117385864,415.1017963886261
m_va,4,48,1.0,0.0,18,0.9444444444444444,482.3841417537016,491.26678705215454,380.46661615371704,491.26678705215454,405.26658296585083,491.26678705215454,462.2667133808136,491.26678705215454,507.46680498123163,491.26678705215454,605.8665752410889,491.26678705215454
m_va,4,48,1.0,1.0,16,0.9375,497.891632715861,412.75855898857117,375.75857639312744,412.75855898857117,388.35856914520264,412.75855898857117,456.75864815711975,412.75855898857117,509.3587398529053,412.75855898857117,674.957799911499,412.75855898857117
m_va,4,49,0.0,0.0,17,1.0,487.938535564086,,413.8091742992401,,440.0092363357544,,453.40925455093384,,487.00932264328003,,604.6092033386232,
m_va,4,49,0.0,1.0,21,0.9523809523809523,477.2403806447983,478.04054617881775,383.4404170513153,478.04054617881775,429.04043197631836,478.04054617881775,442.04047322273254,478.04054617881775,501.04059278964996,478.04054617881775,588.640707731247,478.04054617881775
m_va,4,49,1.0,0.0,18,0.9444444444444444,480.0196465323953,475.7257103919983,387.1255695819855,475.7257103919983,433.125638961792,475.7257103919983,442.72565841674805,475.7257103919983,498.52576255798334,475.7257103919983,586.5259170532227,475.7257103919983
m_va,4,49,1.0,1.0,16,0.9375,486.76623304684955,465.16650915145874,368.36636662483215,465.16650915145874,390.3663635253906,465.16650915145874,478.16652059555054,465.16650915145874,517.5665855407715,465.16650915145874,629.9660205841064,465.16650915145874
m_va,4,50,0.0,0.0,17,1.0,531.3226703335257,,404.0995121002197,,455.699622631073,,481.49967193603516,,501.29971504211426,,746.2978363037109,
m_va,4,50,0.0,1.0,21,0.9523809523809523,479.45655435323715,476.8067002296448,393.10653805732727,476.8067002296448,426.30658745765686,476.8067002296448,445.806622505188,476.8067002296448,506.80675506591797,476.8067002296448,579.6068787574768,476.8067002296448
m_va,4,50,1.0,0.0,18,0.9444444444444444,475.0684639986824,469.65694427490234,379.8568069934845,469.65694427490234,405.6567907333374,469.65694427490234,425.65685510635376,469.65694427490234,496.2569832801819,469.65694427490234,608.8568210601807,469.65694427490234
m_va,4,50,1.0,1.0,16,0.8125,489.3097487779764,508.74561071395874,385.47905683517456,432.47910737991333,415.87907671928406,437.27911710739136,457.079142332077,442.0791268348694,496.6792345046997,526.8789172172546,651.478636264801,611.6787075996399
m_va,4,51,0.0,0.0,17,1.0,519.7707502280965,,413.3003354072571,,459.3003988265991,,482.30046033859253,,527.9005765914917,,671.4996099472046,
m_va,4,51,0.0,1.0,21,0.9523809523809523,480.4785951972008,488.67887258529663,390.57868123054504,488.67887258529663,401.77870094776154,488.67887258529663,461.17880940437317,488.67887258529663,495.1788753271103,488.67887258529663,627.8784513473511,488.67887258529663
m_va,4,51,1.0,0.0,18,0.9444444444444444,498.6399482278263,474.8755097389221,380.07540702819824,474.8755097389221,419.27541494369507,474.8755097389221,446.8754529953003,474.8755097389221,541.8756723403931,474.8755097389221,644.4750547409059,474.8755097389221
m_va,4,51,1.0,1.0,16,0.9375,495.70448597272235,474.37143325805664,377.77130603790283,474.37143325805664,398.7712860107422,474.37143325805664,486.3714575767517,474.37143325805664,522.971510887146,474.37143325805664,639.1709566116333,474.37143325805664
m_va,4,52,0.0,0.0,17,1.0,577.8365485808429,,422.07252979278564,,464.6726131439209,,487.0726466178894,,648.2719421386719,,823.06969165802,
m_va,4,52,0.0,1.0,21,0.9523809523809523,479.1262626647949,532.5266122817993,380.426362156868,532.5266122817993,420.4263597726822,532.5266122817993,445.5264210700989,532.5266122817993,490.326502919197,532.5266122817993,615.3263211250306,532.5266122817993
m_va,4,52,1.0,0.0,18,0.9444444444444444,482.2133411379421,476.2724041938782,379.07230257987976,476.2724041938782,404.67227697372437,476.2724041938782,420.2722907066345,476.2724041938782,523.6725091934204,476.2724041938782,622.2721934318542,476.2724041938782
m_va,4,52,1.0,1.0,16,0.9375,486.447811126709,528.5815596580505,382.7812910079956,528.5815596580505,421.9813287258148,528.5815596580505,449.5813846588135,528.5815596580505,489.78146314620966,528.5815596580505,634.9809646606444,528.5815596580505
m_va,4,53,0.0,0.0,17,1.0,504.8383632126976,,408.77965688705444,,447.37974405288696,,458.7797522544861,,499.9798536300659,,667.9789066314697,
m_va,4,53,0.0,1.0,21,0.9523809523809523,484.463107585907,489.36331272125244,393.8631534576416,489.36331272125244,421.0631996393204,489.36331272125244,452.3632526397705,489.36331272125244,512.163382768631,489.36331272125244,579.2633771896363,489.36331272125244
m_va,4,53,1.0,0.0,18,0.9444444444444444,469.2145182805903,476.92057490348816,382.92044401168823,476.92057490348816,399.92043375968933,476.92057490348816,431.92046880722046,476.92057490348816,484.920597076416,476.92057490348816,568.3207631111145,476.92057490348816
m_va,4,53,1.0,1.0,16,0.9375,475.16862948735553,480.43549060821533,379.63533997535706,480.43549060821533,398.8353371620179,480.43549060821533,444.4354176521301,480.43549060821533,494.63550448417664,480.43549060821533,568.0356621742249,480.43549060821533
m_va,4,54,0.0,0.0,17,0.9411764705882353,442.75581277906895,455.5683135986328,386.0682249069214,455.5683135986328,416.0682410001755,455.5683135986328,445.5683082342148,455.5683135986328,450.5683183670044,455.5683135986328,482.5683832168579,455.5683135986328
m_va,4,54,0.0,1.0,21,0.9523809523809523,480.43978214263916,477.8399169445038,382.53979682922363,477.8399169445038,419.03979778289795,477.8399169445038,462.83988654613495,477.8399169445038,501.7399698495865,477.8399169445038,579.6401381492615,477.8399169445038
m_va,4,54,1.0,0.0,18,0.8888888888888888,477.7081124484539,402.5207459926605,372.5207597017288,383.7207496166229,394.0207362174988,393.1207478046417,464.5208269357681,402.5207459926605,493.0208921432495,411.9207441806793,596.0205793380737,421.3207423686981
m_va,4,54,1.0,1.0,16,0.9375,501.53865019480395,486.8723750114441,387.6721978187561,486.8723750114441,415.2722239494324,486.8723750114441,456.87228441238403,486.8723750114441,529.2724370956421,486.8723750114441,629.4719696044922,486.8723750114441
m_va,4,55,0.0,0.0,17,1.0,504.4689792044023,,389.11627531051636,,411.1163020133972,,459.1163992881775,,527.9165625572205,,694.3150758743286,
m_va,4,55,0.0,1.0,21,0.9523809523809523,478.47996801137924,477.1301746368408,384.33001935482025,477.1301746368408,413.8300359249115,477.1301746368408,448.13013076782227,477.1301746368408,497.63021171092987,477.1301746368408,566.5302455425264,477.1301746368408
m_va,4,55,1.0,0.0,18,0.9444444444444444,481.08409257496106,484.31962728500366,387.31948733329773,484.31962728500366,422.7195143699646,484.31962728500366,451.3195753097534,484.31962728500366,494.1196680068969,484.31962728500366,594.3193793296815,484.31962728500366
m_va,4,55,1.0,1.0,16,0.9375,495.3268011411031,402.7269780635834,379.72700595855713,402.7269780635834,394.32698488235474,402.7269780635834,452.7270793914795,402.7269780635834,531.7272543907166,402.7269780635834,667.7263021469116,402.7269780635834
m_va,4,56,0.0,0.0,17,1.0,492.99140888101914,,387.30921745300293,,413.5092258453369,,439.10926580429077,,514.5094394683838,,659.3086361885071,
m_va,4,56,0.0,1.0,21,0.9523809523809523,493.45020800828934,453.1503915786743,394.0502464771271,453.1503915786743,408.85029733181,453.1503915786743,466.1504030227661,453.1503915786743,530.7505249977112,453.1503915786743,619.2501604557038,453.1503915786743
m_va,4,56,1.0,0.0,18,0.9444444444444444,474.05047977671904,529.7567248344421,377.35649943351746,529.7567248344421,405.55649995803833,529.7567248344421,434.7565472126007,529.7567248344421,478.15662622451777,529.7567248344421,629.9562692642212,529.7567248344421
m_va,4,56,1.0,1.0,16,0.9375,476.9814332326253,397.51482009887695,374.91485476493835,397.51482009887695,398.3148217201233,397.51482009887695,456.51495456695557,397.51482009887695,498.1150269508361,397.51482009887695,600.7148027420044,397.51482009887695
m_va,4,57,0.0,0.0,17,1.0,477.53086160211,,379.81334924697876,,403.01334857940674,,439.4134283065796,,482.81350135803217,,639.8129582405091,
m_va,4,57,0.0,1.0,21,0.9523809523809523,477.80556976795197,483.2558035850525,386.9556277990341,483.2558035850525,417.05565452575684,483.2558035850525,446.25571370124817,483.2558035850525,504.65583205223083,483.2558035850525,573.2558608055116,483.2558035850525
m_va,4,57,1.0,0.0,18,0.9444444444444444,483.27025946448833,481.3880920410156,384.98796820640564,481.3880920410156,430.78800439834595,481.3880920410156,445.3880190849304,481.3880920410156,503.7881374359131,481.3880920410156,599.7882008552551,481.3880920410156
m_va,4,57,1.0,1.0,16,0.8125,484.6822596513308,500.7590651512146,387.7592444419861,413.3592486381531,409.759259223938,422.55927324295044,470.75939178466797,431.7592978477478,509.5594763755797,523.7590432167053,649.1586923599244,615.7587885856628
m_va,4,58,0.0,0.0,17,0.9411764705882353,488.5665476322174,413.19161653518677,394.1916227340698,413.19161653518677,419.69163715839386,413.19161653518677,452.6917189359665,413.19161653518677,512.6918256282806,413.19161653518677,614.6916151046753,413.19161653518677
m_va,4,58,0.0,1.0,21,0.9523809523809523,487.77177780866623,491.6220009326935,398.0218172073364,491.6220009326935,409.62183475494385,491.6220009326935,461.6219401359558,491.6220009326935,515.2220487594604,491.6220009326935,565.3220295906068,491.6220009326935
m_va,4,58,1.0,0.0,18,0.9444444444444444,496.92643565290115,423.5149025917053,387.1148467063904,423.5149025917053,411.51485443115234,423.5149025917053,449.5149254798889,423.5149025917053,539.7150993347167,423.5149025917053,654.7142505645752,423.5149025917053
m_va,4,58,1.0,1.0,16,0.9375,480.9100111325582,490.4435873031616,376.44343972206116,490.4435873031616,399.2434024810791,490.4435873031616,447.44351506233215,490.4435873031616,505.24361133575434,490.4435873031616,605.4435014724731,490.4435873031616
m_va,4,59,0.0,0.0,17,1.0,489.6866977214813,,382.4045240879059,,407.80454874038696,,434.8045885562897,,505.80472946166987,,671.2037563323975,
m_va,4,59,0.0,1.0,21,0.9523809523809523,484.70198661088943,483.10214281082153,386.7020070552826,483.10214281082153,435.30203104019165,483.10214281082153,460.1020812988281,483.10214281082153,512.1021926403046,483.10214281082153,584.8023355007172,483.10214281082153
m_va,4,59,1.0,0.0,18,0.9444444444444444,475.2713143825531,488.9773726463318,383.9772403240204,488.9773726463318,430.77728152275085,488.9773726463318,469.97734904289246,488.9773726463318,485.1773738861084,488.9773726463318,545.3775048255922,488.9773726463318
m_va,4,59,1.0,1.0,16,0.9375,472.8480041027069,537.9816293716431,380.3814172744751,537.9816293716431,397.58141040802,537.9816293716431,463.9815092086792,537.9816293716431,497.5815653800964,537.9816293716431,550.9816646575928,537.9816293716431
m_va,4,60,0.0,0.0,17,0.9411764705882353,484.0044993907213,482.19215869903564,381.19204342365265,482.19215869903564,417.69203543663025,482.19215869903564,466.69213473796844,482.19215869903564,504.6922266483307,482.19215869903564,586.6923630237579,482.19215869903564
m_va,4,60,0.0,1.0,21,0.9523809523809523,500.26947408914566,480.1197052001953,397.81955778598785,480.1197052001953,434.31961238384247,480.1197052001953,466.61968529224396,480.1197052001953,537.3198211193085,480.1197052001953,629.3193936347963,480.1197052001953
m_va,4,60,1.0,0.0,18,0.9444444444444444,514.7113975356607,444.53519582748413,380.33514618873596,444.53519582748413,412.9351556301117,444.53519582748413,506.53529167175293,444.53519582748413,554.1354060173035,444.53519582748413,653.334653377533,444.53519582748413
m_va,4,60,1.0,1.0,16,0.9375,475.29983321825665,480.30000925064087,378.49990129470825,480.30000925064087,398.69985580444336,480.30000925064087,443.29994916915894,480.30000925064087,505.9000730514526,480.30000925064087,571.300220489502,480.30000925064087
m_va,4,61,0.0,0.0,17,0.9411764705882353,474.5230283588171,474.0856885910034,376.58557295799255,474.0856885910034,395.08554339408875,474.0856885910034,450.58564841747284,474.0856885910034,495.58573961257935,474.0856885910034,573.0859041213989,474.0856885910034
m_va,4,61,0.0,1.0,21,0.9523809523809523,472.5402057170868,482.69039392471313,383.19023847579956,482.69039392471313,409.1902405023575,482.69039392471313,431.6902756690979,482.69039392471313,487.89038956165314,482.69039392471313,587.190592288971,482.69039392471313
m_va,4,61,1.0,0.0,18,0.9444444444444444,466.8441064217511,467.6089882850647,371.408873796463,467.6089882850647,391.608864068985,467.6089882850647,422.6089119911194,467.6089882850647,503.8090705871582,467.6089882850647,586.0090732574463,467.6089882850647
m_va,4,61,1.0,1.0,16,0.9375,494.05805468559265,410.1916253566742,374.9916434288025,410.1916253566742,396.3916063308716,410.1916253566742,417.19162464141846,410.1916253566742,515.9918427467346,410.1916253566742,666.9909477233887,410.1916253566742
m_va,4,62,0.0,0.0,17,0.9411764705882353,480.94286024570465,532.6932668685913,380.1930099725723,532.6932668685913,405.1929861307144,532.6932668685913,445.69307565689087,532.6932668685913,493.69317293167114,532.6932668685913,638.6926770210266,532.6932668685913
m_va,4,62,0.0,1.0,21,0.9523809523809523,477.2403806447983,478.04054617881775,383.4404170513153,478.04054617881775,429.04043197631836,478.04054617881775,442.04047322273254,478.04054617881775,501.04059278964996,478.04054617881775,588.640707731247,478.04054617881775
m_va,4,62,1.0,0.0,18,0.9444444444444444,483.8080634089077,474.1612672805786,377.76116728782654,474.1612672805786,398.36113452911377,474.1612672805786,413.16115856170654,474.1612672805786,525.3614068031311,474.1612672805786,639.7608041763307,474.1612672805786
m_va,4,62,1.0,1.0,16,0.9375,473.43545754750573,477.6356518268585,376.0355293750763,477.6356518268585,406.43550753593445,477.6356518268585,455.63560724258423,477.6356518268585,497.2356915473938,477.6356518268585,558.6358189582824,477.6356518268585
m_va,4,63,0.0,0.0,17,0.9411764705882353,488.46842534840107,466.9060707092285,395.9059566259384,466.9060707092285,432.4060082435608,466.9060707092285,451.9060403108597,466.9060707092285,515.4061615467072,466.9060707092285,591.4063155651093,466.9060707092285
m_va,4,63,0.0,1.0,21,0.9523809523809523,495.15219777822495,469.85241770744324,387.4523103237152,469.85241770744324,411.252298951149,469.85241770744324,468.35240721702576,469.85241770744324,538.452535867691,469.85241770744324,638.8520598411561,469.85241770744324
m_va,4,63,1.0,0.0,18,0.9444444444444444,478.1451014911427,485.7335686683655,376.3334572315216,485.7335686683655,381.53344988822937,485.7335686683655,449.7334957122803,485.7335686683655,510.73362827301025,485.7335686683655,613.5334372520447,485.7335686683655
m_va,4,63,1.0,1.0,16,0.9375,484.20180082321167,471.8019962310791,381.8018615245819,471.8019962310791,424.20191168785095,471.8019962310791,435.8019232749939,471.8019962310791,504.80206012725824,471.8019962310791,594.8020219802856,471.8019962310791
m_va,4,64,0.0,0.0,17,0.9411764705882353,489.56468887627125,415.9398674964905,391.43984019756317,415.9398674964905,407.43984282016754,415.9398674964905,435.43989956378937,415.9398674964905,515.440046787262,415.9398674964905,656.9393277168274,415.9398674964905
m_va,4,64,0.0,1.0,21,0.9523809523809523,489.456906914711,486.80704832077026,404.00690138339996,486.80704832077026,421.6069161891937,486.80704832077026,463.3069932460785,486.80704832077026,511.7070972919464,486.80704832077026,590.5072689056396,486.80704832077026
m_va,4,64,1.0,0.0,18,0.9444444444444444,468.2609053219066,481.9081425666809,376.9080102443695,481.9081425666809,426.30804777145386,481.9081425666809,462.9081189632416,481.9081425666809,478.10813784599304,481.9081425666809,538.3082747459413,481.9081425666809
m_va,4,64,1.0,1.0,16,0.9375,500.45116941134137,450.45143365859985,385.65138578414917,450.45143365859985,397.0513701438904,450.45143365859985,471.45146131515503,450.45143365859985,526.2515664100647,450.45143365859985,671.8507289886475,450.45143365859985
m_va,4,65,0.0,0.0,17,1.0,476.0160498759326,,386.0396683216095,,408.83966088294983,,460.83977818489075,,487.4398350715637,,613.4392976760865,
m_va,4,65,0.0,1.0,21,0.9523809523809523,479.00926768779755,526.8595218658447,385.15928387641907,526.8595218658447,430.8593273162842,526.8595218658447,448.3593851327896,526.8595218658447,505.8594882488251,526.8595218658447,602.859377861023,526.8595218658447
m_va,4,65,1.0,0.0,18,0.9444444444444444,473.6440567409291,476.8795371055603,377.4793863296509,476.8795371055603,403.27937602996826,476.8795371055603,457.8794836997986,476.8795371055603,505.2795529365539,476.8795371055603,579.479718208313,476.8795371055603
m_va,4,65,1.0,1.0,16,0.875,480.07112528596605,423.14277589321136,375.7427543401718,411.1427515745163,392.2427326440811,417.14276373386383,408.14274549484253,423.14277589321136,514.942991733551,429.1427880525589,644.5423245429993,435.14280021190643
m_va,4,66,0.0,0.0,17,0.9411764705882353,479.5031901448965,399.253249168396,376.7532557249069,399.253249168396,409.7532629966736,399.253249168396,464.25336599349976,399.253249168396,497.2534477710724,399.253249168396,595.2532887458801,399.253249168396
m_va,4,66,0.0,1.0,21,0.9523809523809523,487.35208362340927,474.752277135849,377.35215723514557,474.752277135849,416.35215878486633,474.752277135849,472.75227308273315,474.752277135849,521.3523805141449,474.752277135849,596.7523455619813,474.752277135849
m_va,4,66,1.0,0.0,18,0.9444444444444444,475.25012493133545,489.95620012283325,383.7560534477234,489.95620012283325,412.9560589790344,489.95620012283325,468.9561724662781,489.95620012283325,491.556191444397,489.95620012283325,554.3563365936279,489.95620012283325
m_va,4,66,1.0,1.0,16,0.9375,494.6282943089803,482.2952449321747,373.6951172351837,482.2952449321747,394.2950904369354,482.2952449321747,483.2952618598938,482.2952449321747,524.0953326225281,482.2952449321747,640.0947332382202,482.2952449321747
m_va,4,67,0.0,0.0,17,0.9411764705882353,480.08814081549644,479.7758162021637,379.77568805217743,479.7758162021637,413.7756824493408,479.7758162021637,460.77577769756317,479.7758162021637,502.27585434913635,479.7758162021637,576.775997877121,479.7758162021637
m_va,4,67,0.0,1.0,21,0.9523809523809523,489.63543325662613,480.0856113433838,381.48550391197205,480.0856113433838,420.6855118274689,480.0856113433838,471.58560156822205,480.0856113433838,524.3856966495514,480.0856113433838,590.6857430934907,480.0856113433838
m_va,4,67,1.0,0.0,18,0.9444444444444444,474.0822893731734,472.9648232460022,375.36468505859375,472.9648232460022,412.7646863460541,472.9648232460022,453.9647698402405,472.9648232460022,492.96483993530273,472.9648232460022,576.7650246620178,472.9648232460022
m_va,4,67,1.0,1.0,16,0.9375,484.70380902290344,470.7040786743164,380.5039405822754,470.7040786743164,403.3039391040802,470.7040786743164,427.70397663116455,470.7040786743164,520.1041638851165,470.7040786743164,625.3037214279175,470.7040786743164
m_va,4,68,0.0,0.0,17,0.9411764705882353,471.30632400512695,462.9939794540405,386.49387657642365,462.9939794540405,422.99389839172363,462.9939794540405,448.9939510822296,462.9939794540405,492.9940402507782,462.9939794540405,542.9941415786743,462.9939794540405
m_va,4,68,0.0,1.0,21,0.9523809523809523,486.52205616235733,402.9221832752228,379.52221035957336,402.9221832752228,399.1221845149994,402.9221832752228,443.9222663640976,402.9221832752228,520.7224428653717,402.9221832752228,660.4215860366821,402.9221832752228
m_va,4,68,1.0,0.0,18,0.9444444444444444,468.9023932989906,538.3144617080688,381.9142162799835,538.3144617080688,402.9141962528229,538.3144617080688,467.31430292129517,538.3144617080688,489.914333820343,538.3144617080688,544.1144466400146,538.3144617080688
m_va,4,68,1.0,1.0,16,0.9375,523.2457081476848,443.8460171222687,380.84596395492554,443.8460171222687,441.24600887298584,443.8460171222687,505.84614276885986,443.8460171222687,556.846272945404,443.8460171222687,658.0454111099243,443.8460171222687
m_va,4,69,0.0,0.0,17,0.9411764705882353,469.08056177198887,473.4557271003723,380.4556131362915,473.4557271003723,407.9555869102478,473.4557271003723,462.95569837093353,473.4557271003723,494.4557696580887,473.4557271003723,536.955863237381,473.4557271003723
m_va,4,69,0.0,1.0,21,0.9523809523809523,491.5626212954521,396.5127468109131,396.5127795934677,396.5127468109131,412.6127988100052,396.5127468109131,450.5128711462021,396.5127468109131,509.11298990249634,396.5127468109131,652.5121331214905,396.5127468109131
m_va,4,69,1.0,0.0,18,0.9444444444444444,482.89546195198506,411.5426540374756,382.14263916015625,411.5426540374756,411.9426369667053,411.5426540374756,436.54268980026245,411.5426540374756,508.9428424835205,411.5426540374756,621.3425159454346,411.5426540374756
m_va,4,69,1.0,1.0,16,0.9375,502.04970637957257,481.11671209335327,384.11657214164734,481.11671209335327,419.1166043281555,481.11671209335327,459.11669731140137,481.11671209335327,525.7168054580687,481.11671209335327,628.5163640975951,481.11671209335327
m_va,4,70,0.0,0.0,17,0.9411764705882353,486.7634326219559,439.70102071762085,381.7010223865509,439.70102071762085,410.20096838474274,439.70102071762085,482.7011227607727,439.70102071762085,497.20117449760437,439.70102071762085,608.7011396884918,439.70102071762085
m_va,4,70,0.0,1.0,21,0.9523809523809523,490.59980660676956,495.8000183105469,377.7998685836792,495.8000183105469,421.6998875141144,495.8000183105469,473.7999886274338,495.8000183105469,526.100105047226,495.8000183105469,583.6000978946687,495.8000183105469
m_va,4,70,1.0,0.0,18,0.9444444444444444,477.64752016348,472.29480743408203,383.294677734375,472.29480743408203,405.2946984767914,472.29480743408203,417.2947108745575,472.29480743408203,498.8948822021484,472.29480743408203,612.6946687698364,472.29480743408203
m_va,4,70,1.0,1.0,16,0.9375,485.3262086709341,493.3931231498718,381.19296431541443,493.3931231498718,446.5930104255676,493.3931231498718,467.39304065704346,493.3931231498718,502.19311714172363,493.3931231498718,572.9930877685546,493.3931231498718
m_va,4,71,0.0,0.0,17,0.9411764705882353,482.2936821728945,487.856388092041,392.8562104701996,487.856388092041,419.35622692108154,487.856388092041,467.3563241958618,487.856388092041,491.35638773441315,487.856388092041,578.3565640449524,487.856388092041
m_va,4,71,0.0,1.0,21,0.9523809523809523,481.1614215373993,535.7617735862732,384.6615135669708,535.7617735862732,411.06149554252625,535.7617735862732,448.76158237457275,535.7617735862732,509.4616889953614,535.7617735862732,619.3614721298219,535.7617735862732
m_va,4,71,1.0,0.0,18,0.9444444444444444,469.0205752849579,471.90308570861816,371.9029724597931,471.90308570861816,398.30294847488403,471.90308570861816,452.90306210517883,471.90308570861816,506.10318183898926,471.90308570861816,574.5033025741577,471.90308570861816
m_va,4,71,1.0,1.0,16,0.9375,500.0488301118214,463.58248591423035,388.38236927986145,463.58248591423035,408.7823748588562,463.58248591423035,441.58244132995605,463.58248591423035,526.9826054573059,463.58248591423035,655.3818345069885,463.58248591423035
m_va,4,72,0.0,0.0,17,1.0,495.7660559345694,,393.14266443252563,,421.74267768859863,,480.9427857398987,,507.94284343719477,,638.742208480835,
m_va,4,72,0.0,1.0,21,0.9523809523809523,475.78060179948807,489.7307753562927,404.13060784339905,489.7307753562927,413.4306252002716,489.7307753562927,446.73068821430206,489.7307753562927,487.33076453208923,489.7307753562927,580.7309865951539,489.7307753562927
m_va,4,72,1.0,0.0,18,0.9444444444444444,476.98231479700877,485.45321822166443,375.053071975708,485.45321822166443,391.85301661491394,485.45321822166443,437.45312094688416,485.45321822166443,482.6532125473022,485.45321822166443,637.25266456604,485.45321822166443
m_va,4,72,1.0,1.0,16,0.9375,492.04799135526025,480.84819316864014,384.6480429172516,480.84819316864014,436.0480785369873,480.84819316864014,451.8481194972992,480.84819316864014,512.6482665538788,480.84819316864014,590.8483862876892,480.84819316864014
m_va,4,73,0.0,0.0,17,0.9411764705882353,475.79230181872845,479.29248213768005,385.2923512458801,479.29248213768005,407.792329788208,479.29248213768005,434.29237604141235,479.29248213768005,497.792512178421,479.29248213768005,571.2926685810089,479.29248213768005
m_va,4,73,0.0,1.0,21,1.0,488.969019481114,,402.0167291164398,,418.0167615413666,,465.01684188842773,,507.01695680618286,,589.0170335769653,
m_va,4,73,1.0,0.0,18,0.9444444444444444,497.8830183253569,462.47154474258423,395.47141790390015,462.47154474258423,413.07142972946167,462.47154474258423,453.47151160240173,462.47154474258423,539.6716833114624,462.47154474258423,642.2710418701172,462.47154474258423
m_va,4,73,1.0,1.0,16,0.9375,494.41190361976624,472.8121757507324,378.212034702301,472.8121757507324,403.6120295524597,472.8121757507324,489.8121953010559,472.8121757507324,521.4122533798218,472.8121757507324,629.8117637634277,472.8121757507324
m_va,4,74,0.0,0.0,17,0.9411764705882353,482.4799373745918,478.9801239967346,380.979984998703,478.9801239967346,413.9799773693085,478.9801239967346,463.4800851345062,478.9801239967346,501.98015570640564,478.9801239967346,583.4803283214569,478.9801239967346
m_va,4,74,0.0,1.0,21,1.0,481.6028887317294,,394.888699054718,,403.8887023925781,,461.8888199329376,,496.8888759613037,,560.8890056610107,
m_va,4,74,1.0,0.0,18,0.9444444444444444,481.3397719579585,471.6929793357849,374.8928427696228,471.6929793357849,396.4928150177002,471.6929793357849,441.69288873672485,471.6929793357849,519.0930843353271,471.6929793357849,621.0927248001099,471.6929793357849
m_va,4,74,1.0,1.0,16,0.9375,480.4158329963684,469.08265352249146,378.4825265407562,469.08265352249146,419.6825683116913,469.08265352249146,459.0826630592346,469.08265352249146,501.08273029327387,469.08265352249146,576.482892036438,469.08265352249146
m_va,4,75,0.0,0.0,17,0.9411764705882353,469.1307879984379,476.7559766769409,376.2558251619339,476.7559766769409,406.255841255188,476.7559766769409,437.2558891773224,476.7559766769409,489.7559881210327,476.7559766769409,563.2561445236206,476.7559766769409
m_va,4,75,0.0,1.0,21,0.9523809523809523,480.81912845373154,528.6694169044495,386.9691491127014,528.6694169044495,432.6692223548889,528.6694169044495,450.16923546791077,528.6694169044495,507.6693654060364,528.6694169044495,604.6692728996277,528.6694169044495
m_va,4,75,1.0,0.0,18,0.9444444444444444,469.0371190800386,484.8020076751709,377.6018738746643,484.8020076751709,398.00184965133667,484.8020076751709,455.80196380615234,484.8020076751709,478.80200147628784,484.8020076751709,572.4021792411804,484.8020076751709
m_va,4,75,1.0,1.0,16,0.9375,480.32180468241376,474.9220013618469,376.52186155319214,474.9220013618469,412.72186040878296,474.9220013618469,462.92197704315186,474.9220013618469,495.9220290184021,474.9220013618469,580.5221796035767,474.9220013618469
m_va,4,76,0.0,0.0,17,0.9411764705882353,470.1518937945366,484.15207862854004,384.65194404125214,484.15207862854004,419.65195536613464,484.15207862854004,446.1520165205002,484.15207862854004,491.1521077156067,484.15207862854004,541.6522026062012,484.15207862854004
m_va,4,76,0.0,1.0,21,0.9523809523809523,493.8092112541199,467.6094651222229,398.30932915210724,467.6094651222229,410.0093334913254,467.6094651222229,450.10942220687866,467.6094651222229,522.4095821380615,467.6094651222229,636.0090851783752,467.6094651222229
m_va,4,76,1.0,0.0,18,0.9444444444444444,470.27799662421734,486.04291677474976,378.84273529052734,486.04291677474976,408.0427348613739,486.04291677474976,464.0428423881531,486.04291677474976,488.24289441108704,486.04291677474976,547.0430374145509,486.04291677474976
m_va,4,76,1.0,1.0,16,0.9375,484.5547080039978,492.0216202735901,377.8214633464813,492.0216202735901,444.4215178489685,492.0216202735901,466.0215377807617,492.0216202735901,501.8216133117676,492.0216202735901,575.4215717315674,492.0216202735901
m_va,4,77,0.0,0.0,17,0.9411764705882353,489.717910066247,494.40568685531616,386.9055211544037,494.40568685531616,421.405553817749,494.40568685531616,455.4056227207184,494.40568685531616,512.9057466983795,494.40568685531616,617.4053847789764,494.40568685531616
m_va,4,77,0.0,1.0,21,0.9523809523809523,485.68141758441925,486.68158054351807,401.88139975070953,486.68158054351807,437.0814859867096,486.68158054351807,463.68153393268585,486.68158054351807,505.08161783218384,486.68158054351807,566.7817175388336,486.68158054351807
m_va,4,77,1.0,0.0,18,0.9444444444444444,482.9697486232309,473.32292795181274,376.92282795906067,473.32292795181274,397.5227952003479,473.32292795181274,443.32289695739746,473.32292795181274,520.723032951355,473.32292795181274,621.5226888656616,473.32292795181274
m_va,4,77,1.0,1.0,16,1.0,481.24590516090393,,375.183567404747,,405.1835834980011,,453.183650970459,,493.68372559547424,,644.1829204559326,
m_va,4,78,0.0,0.0,17,0.9411764705882353,479.28501293063164,484.78519916534424,381.28507137298584,484.78519916534424,413.2850617170334,484.78519916534424,461.28515899181366,484.78519916534424,489.2852157354355,484.78519916534424,594.7853326797485,484.78519916534424
m_va,4,78,0.0,1.0,21,0.9523809523809523,486.6743102669716,474.0245044231415,378.82438600063324,474.0245044231415,417.82437562942505,474.0245044231415,464.5244777202606,474.0245044231415,520.6246078014374,474.0245044231415,591.5246307849885,474.0245044231415
m_va,4,78,1.0,0.0,18,0.9444444444444444,475.9332134443171,495.8745837211609,382.8744351863861,495.8745837211609,407.47441053390503,495.8745837211609,461.8745446205139,495.8745837211609,487.6745939254761,495.8745837211609,581.8747639656067,495.8745837211609
m_va,4,78,1.0,1.0,16,0.875,499.69506689480374,426.695317029953,380.99530935287476,415.4952943325043,413.4953200817108,421.09530568122864,438.1953477859497,426.695317029953,534.5955789089203,432.29532837867737,631.9950878620149,437.89533972740173
m_va,4,79,0.0,0.0,17,0.9411764705882353,479.6821940690279,487.3073697090149,390.3072327375412,487.3073697090149,404.30721640586853,487.3073697090149,451.3072967529297,487.3073697090149,506.3074231147766,487.3073697090149,572.8075504302979,487.3073697090149
m_va,4,79,0.0,1.0,21,0.9523809523809523,488.7636289000511,395.1137661933899,381.4137876033783,395.1137661933899,402.81378626823425,395.1137661933899,443.6138868331909,395.1137661933899,499.5140075683593,395.1137661933899,673.3129858970642,395.1137661933899
m_va,4,79,1.0,0.0,18,0.9444444444444444,475.18271558425005,530.8889746665955,378.4887194633484,530.8889746665955,411.2887144088745,530.8889746665955,435.88876724243164,530.8889746665955,480.0888538360595,530.8889746665955,608.8886380195619,530.8889746665955
m_va,4,79,1.0,1.0,16,0.9375,476.08682115872705,479.8870086669922,385.88687777519226,479.8870086669922,406.8868637084961,479.8870086669922,434.8869323730469,479.8870086669922,507.0870637893676,479.8870086669922,572.487199306488,479.8870086669922
m_va,4,80,0.0,0.0,17,1.0,485.84573409136607,,380.2694082260132,,417.8694009780884,,461.6695046424866,,496.8695640563965,,631.4689517021179,
m_va,4,80,0.0,1.0,21,0.9523809523809523,480.29528111219406,532.395601272583,380.29538094997406,532.395601272583,420.29539942741394,532.395601272583,445.39543986320496,532.395601272583,508.3955466747284,532.395601272583,615.1953101158143,532.395601272583
m_va,4,80,1.0,0.0,18,0.9444444444444444,474.377700511147,481.3191294670105,368.3189928531647,481.3191294670105,391.51896238327026,481.3191294670105,442.31903553009033,481.3191294670105,500.3191709518432,481.3191294670105,608.5189700126649,481.3191294670105
m_va,4,80,1.0,1.0,16,0.9375,498.8882939020793,486.5552484989166,377.95512080192566,486.5552484989166,398.55509400367737,486.5552484989166,487.55526542663574,486.5552484989166,528.1553268432617,486.5552484989166,643.754744529724,486.5552484989166
m_va,4,81,0.0,0.0,17,0.9411764705882353,471.07863798737526,462.76628971099854,384.2661827802658,462.76628971099854,422.2662001848221,462.76628971099854,446.7662572860718,462.76628971099854,492.7663505077362,462.76628971099854,541.2664413452148,462.76628971099854
m_va,4,81,0.0,1.0,21,0.9523809523809523,482.65735656023026,481.10756278038025,389.1073942184448,481.10756278038025,416.8074280023575,481.10756278038025,457.6075077056885,481.10756278038025,509.6076309680938,481.10756278038025,574.4076609611512,481.10756278038025
m_va,4,81,1.0,0.0,18,0.9444444444444444,487.20240067033205,403.9672613143921,380.96728920936584,403.9672613143921,408.7672829627991,403.9672613143921,418.9673066139221,403.9672613143921,521.9674825668335,403.9672613143921,665.9666299819946,403.9672613143921
m_va,4,81,1.0,1.0,16,0.9375,485.62146226565045,474.28834438323975,383.68818759918213,474.28834438323975,424.488228559494,474.28834438323975,437.2882544994354,474.28834438323975,506.28842115402216,474.28834438323975,594.8883533477783,474.28834438323975
m_va,4,82,0.0,0.0,17,1.0,484.3532250208013,,386.7651402950287,,408.1651508808136,,459.7652554512024,,489.96533155441284,,637.5645995140077,
m_va,4,82,0.0,1.0,21,0.9523809523809523,478.32669764757156,460.97680926322937,393.07668805122375,460.97680926322937,418.6767280101776,460.97680926322937,456.9768011569977,460.97680926322937,500.17688274383545,460.97680926322937,572.3770320415497,460.97680926322937
m_va,4,82,1.0,0.0,18,0.9444444444444444,472.8163358043222,492.345929145813,375.1457929611206,492.345929145813,431.1458230018616,492.345929145813,465.3458893299103,492.345929145813,484.5459222793579,492.345929145813,546.7460513114929,492.345929145813
m_va,4,82,1.0,1.0,16,0.9375,488.9100472132365,485.6436252593994,379.4435143470764,485.6436252593994,390.2434825897217,485.6436252593994,466.6436016559601,485.6436252593994,515.4437065124512,485.6436252593994,625.843346118927,485.6436252593994
m_va,4,83,0.0,0.0,17,0.9411764705882353,480.1887795329094,494.18896436691284,393.18883419036865,494.18896436691284,428.6888390779495,494.18896436691284,459.6889019012451,494.18896436691284,494.6889877319336,494.18896436691284,553.6890923976898,494.18896436691284
m_va,4,83,0.0,1.0,21,0.9523809523809523,466.35389029979706,479.404091835022,394.9039101600647,479.404091835022,405.1039159297943,479.404091835022,435.90398132801056,479.404091835022,480.40407299995417,479.404091835022,581.904262304306,479.404091835022
m_va,4,83,1.0,0.0,18,0.9444444444444444,469.03982057290915,490.6870722770691,371.48693203926086,490.6870722770691,427.48695611953735,490.6870722770691,457.68702030181885,490.6870722770691,490.4870867729187,490.6870722770691,543.0871844291687,490.6870722770691
m_va,4,83,1.0,1.0,16,0.9375,472.1013108889262,483.76816511154175,383.76802802085876,483.76816511154175,412.16803789138794,483.76816511154175,463.7681245803833,483.76816511154175,487.568199634552,483.76816511154175,545.7683086395264,483.76816511154175
m_va,4,84,0.0,0.0,17,1.0,491.85310391818774,,383.6415410041809,,413.44155073165894,,436.4416003227234,,507.84171819686884,,672.0407724380494,
m_va,4,84,0.0,1.0,21,0.9523809523809523,483.5110813379288,412.1611714363098,384.56116020679474,412.1611714363098,412.26115226745605,412.1611714363098,438.66121768951416,412.1611714363098,510.961365699768,412.1611714363098,601.8612921237947,412.1611714363098
m_va,4,84,1.0,0.0,18,0.9444444444444444,497.3196299637065,485.4375123977661,378.83737087249756,485.4375123977661,424.43737983703613,485.4375123977661,479.4375002384186,485.4375123977661,527.4375915527344,485.4375123977661,612.6373291015625,485.4375123977661
m_va,4,84,1.0,1.0,16,0.9375,480.7110071182251,488.84454369544983,382.044380903244,488.84454369544983,438.2444381713867,488.84454369544983,467.84448623657227,488.84454369544983,497.0445871353149,488.84454369544983,557.444679737091,488.84454369544983
m_va,4,85,0.0,0.0,17,0.9411764705882353,472.04193472862244,460.1670801639557,382.1669816970825,460.1670801639557,417.1670079231262,460.1670801639557,444.6670562028885,460.1670801639557,488.6671304702759,460.1670801639557,559.6672594547272,460.1670801639557
m_va,4,85,0.0,1.0,21,1.0,487.0528734865643,,386.00534200668335,,412.00536489486694,,436.0054135322571,,511.00558042526245,,582.0057392120361,
m_va,4,85,1.0,0.0,18,0.9444444444444444,496.3095854310429,478.0156910419464,377.4155616760254,478.0156910419464,426.2155771255493,478.0156910419464,478.0156910419464,478.0156910419464,526.0157823562622,478.0156910419464,614.2155170440674,478.0156910419464
m_va,4,85,1.0,1.0,16,0.9375,482.90350238482154,469.5703387260437,379.7702133655548,469.5703387260437,422.37024307250977,469.5703387260437,447.5703239440918,469.5703387260437,503.3704459667205,469.5703387260437,579.1705965995789,469.5703387260437
m_va,4,86,0.0,0.0,17,0.9411764705882353,472.9590341448784,476.45920515060425,382.4590742588043,476.45920515060425,407.95907378196716,476.45920515060425,431.45912885665894,476.45920515060425,494.9592351913452,476.45920515060425,568.4593915939331,476.45920515060425
m_va,4,86,0.0,1.0,21,0.9523809523809523,522.8584617376328,401.85874700546265,407.5587600469589,401.85874700546265,423.65877628326416,401.85874700546265,501.8589198589325,401.85874700546265,528.0589818954468,401.85874700546265,683.257865905762,401.85874700546265
m_va,4,86,1.0,0.0,18,0.9444444444444444,467.724984183031,476.5486717224121,376.34854912757874,476.5486717224121,405.94854950904846,476.5486717224121,430.54860830307007,476.5486717224121,476.3486862182617,476.5486717224121,566.5488481521606,476.5486717224121
m_va,4,86,1.0,1.0,16,0.9375,480.611644188563,491.67853593826294,375.47837495803833,491.67853593826294,456.4784646034241,491.67853593826294,465.67845344543457,491.67853593826294,490.478515625,491.67853593826294,562.6786351203918,491.67853593826294
m_va,4,87,0.0,0.0,17,0.9411764705882353,481.1762925237417,478.2389998435974,381.7388564348221,478.2389998435974,399.23882484436035,478.2389998435974,435.7389062643051,478.2389998435974,514.739066362381,478.2389998435974,598.2390642166138,478.2389998435974
m_va,4,87,0.0,1.0,21,0.9523809523809523,495.29298692941666,485.7431650161743,388.54304254055023,485.7431650161743,428.7430703639984,485.7431650161743,468.2431370019913,485.7431650161743,530.0432503223419,485.7431650161743,596.1432993412019,485.7431650161743
m_va,4,87,1.0,0.0,18,0.9444444444444444,483.5056960582733,481.85890913009644,374.05877113342285,481.85890913009644,401.2587368488312,481.85890913009644,449.8588442802429,481.85890913009644,522.0589876174927,481.85890913009644,618.458640575409,481.85890913009644
m_va,4,87,1.0,1.0,16,0.875,494.37146527426586,421.3717132806778,384.371680021286,409.3716889619827,409.27167534828186,415.37170112133026,449.3717700242996,421.3717132806778,496.5718686580658,427.37172544002533,604.971718788147,433.37173759937286
m_va,4,88,0.0,0.0,17,0.9411764705882353,483.9280713349581,462.3657166957855,391.865611076355,462.3657166957855,416.86563193798065,462.3657166957855,453.3657133579254,462.3657166957855,504.36580181121826,462.3657166957855,586.8659317493439,462.3657166957855
m_va,4,88,0.0,1.0,21,0.9523809523809523,482.4735030531883,533.5738062858582,396.6735303401947,533.5738062858582,433.67359936237335,533.5738062858582,444.57361102104187,533.5738062858582,500.3737151622772,533.5738062858582,603.4736812114716,533.5738062858582
m_va,4,88,1.0,0.0,18,0.9444444444444444,478.474951842252,477.5928258895874,377.7927279472351,477.5928258895874,387.5927209854126,477.5928258895874,433.5927367210388,477.5928258895874,510.59288978576654,477.5928258895874,615.9927129745483,477.5928258895874
m_va,4,88,1.0,1.0,16,0.9375,485.6655915578206,537.1325612068176,385.5323076248169,537.1325612068176,406.33230209350586,537.1325612068176,477.1324396133423,537.1325612068176,510.33250093460083,537.1325612068176,568.7326192855835,537.1325612068176
m_va,4,89,0.0,0.0,17,0.9411764705882353,489.64974470436573,474.15000200271606,377.14986503124237,474.15000200271606,415.14986753463745,474.15000200271606,463.6499583721161,474.15000200271606,520.1500952243805,474.15000200271606,619.1497147083282,474.15000200271606
m_va,4,89,0.0,1.0,21,0.9523809523809523,495.3006684780121,431.0508370399475,397.0507889986038,431.0508370399475,417.65082478523254,431.0508370399475,450.5508989095688,431.0508370399475,503.0509978532791,431.0508370399475,655.3502798080445,431.0508370399475
m_va,4,89,1.0,0.0,18,0.8888888888888888,484.94209721684456,466.8174833059311,378.8173794746399,446.41744792461395,401.81735157966614,456.6174656152725,414.31736946105957,466.8174833059311,491.81751906871796,477.01750099658966,649.8168706893921,487.21751868724823
m_va,4,89,1.0,1.0,16,0.9375,502.11927692095435,432.11960792541504,379.3195843696594,432.11960792541504,414.9195730686188,432.11960792541504,446.11963629722595,432.11960792541504,525.1198172569274,432.11960792541504,660.9189867973328,432.11960792541504
m_va,4,90,0.0,0.0,17,0.9411764705882353,471.8542527407408,483.8544428348541,383.3542913198471,483.8544428348541,418.3543026447296,483.8544428348541,465.8544063568115,483.8544428348541,489.85445499420166,483.8544428348541,535.8545482158661,483.8544428348541
m_va,4,90,0.0,1.0,21,0.9523809523809523,494.2384675145149,459.3886137008667,396.7885196208954,459.3886137008667,411.48853600025177,459.3886137008667,468.3886468410492,459.3886137008667,537.688797712326,459.3886137008667,621.0884451866151,459.3886137008667
m_va,4,90,1.0,0.0,18,0.9444444444444444,484.7598251174478,444.17181611061096,377.3717701435089,444.17181611061096,390.77173471450806,444.17181611061096,445.1718330383301,444.17181611061096,512.3719453811646,444.17181611061096,659.1712236404419,444.17181611061096
m_va,4,90,1.0,1.0,16,0.9375,493.0443048477173,458.8446021080017,374.44449067115784,458.8446021080017,401.64448618888855,458.8446021080017,460.84460616111755,458.8446021080017,528.4447193145752,458.8446021080017,650.4439234733582,458.8446021080017
m_va,4,91,0.0,0.0,17,1.0,493.823626462151,,388.1414473056793,,414.3414616584778,,438.94150853157043,,515.3416514396667,,670.1407670974731,
m_va,4,91,0.0,1.0,21,0.9523809523809523,481.7211166024208,479.0712594985962,392.67110526561737,479.0712594985962,423.4711468219757,479.0712594985962,455.5712044239044,479.0712594985962,503.97129058837885,479.0712594985962,582.7714800834656,479.0712594985962
m_va,4,91,1.0,0.0,18,0.9444444444444444,486.91798483624177,404.74164485931396,381.9416880607605,404.74164485931396,408.54167342185974,404.74164485931396,455.7417631149292,404.74164485931396,511.74188852310175,404.74164485931396,669.1409826278687,404.74164485931396
m_va,4,91,1.0,1.0,16,0.9375,493.9637283484141,472.63067960739136,379.830539226532,472.63067960739136,406.8305194377899,472.63067960739136,484.6307039260864,472.63067960739136,521.2307691574097,472.63067960739136,637.4301910400391,472.63067960739136
m_va,4,92,0.0,0.0,17,1.0,489.15464036604936,,381.40185475349426,,410.8018755912781,,433.80191922187805,,513.4020686149597,,653.0012726783752,
m_va,4,92,0.0,1.0,21,1.0,490.4758036136627,,385.14256477355957,,428.14260721206665,,438.1426274776459,,511.1427903175354,,587.1428847312927,
m_va,4,92,1.0,0.0,18,0.9444444444444444,472.7055710904738,473.47044944763184,377.27033495903015,473.47044944763184,397.4703252315521,473.47044944763184,428.4703731536865,473.47044944763184,509.6705198287964,473.47044944763184,591.8705940246582,473.47044944763184
m_va,4,92,1.0,1.0,16,0.9375,470.77091336250305,457.1044147014618,382.70429968833923,457.1044147014618,400.70430040359497,457.1044147014618,443.1043863296509,457.1044147014618,491.9044971466064,457.1044147014618,568.9046382904053,457.1044147014618
m_va,4,93,0.0,0.0,17,0.9411764705882353,477.5347914546728,475.59747099876404,377.5973320007324,475.59747099876404,403.09733152389526,475.59747099876404,460.5974406003952,475.59747099876404,507.59753584861755,475.59747099876404,580.5976390838623,475.59747099876404
m_va,4,93,0.0,1.0,21,0.9523809523809523,486.29424273967743,405.84439039230347,371.7444121837616,405.84439039230347,399.9443680047989,405.84439039230347,437.34443187713623,405.84439039230347,519.9446260929108,405.84439039230347,662.0437741279602,405.84439039230347
m_va,4,93,1.0,0.0,18,1.0,479.6057823631499,,385.1725846529007,,409.77258682250977,,446.2726563215256,,490.472736954689,,615.9723520278933,
m_va,4,93,1.0,1.0,16,0.9375,482.67478346824646,477.27495431900024,378.8748323917389,477.27495431900024,415.07484316825867,477.27495431900024,466.2749469280243,477.27495431900024,498.2749879360199,477.27495431900024,582.8751564025879,477.27495431900024
m_va,4,94,0.0,0.0,17,0.9411764705882353,477.5127097964287,485.1379096508026,395.1377421617508,485.1379096508026,408.63774716854095,485.1379096508026,465.13786911964417,485.1379096508026,491.6379451751709,485.1379096508026,551.6380369663239,485.1379096508026
m_va,4,94,0.0,1.0,21,0.9523809523809523,480.50041794776917,531.6007733345032,393.10048520565033,531.6007733345032,404.60050106048584,531.6007733345032,451.10058784484863,531.6007733345032,497.1006989479065,531.6007733345032,614.3004834651947,531.6007733345032
m_va,4,94,1.0,0.0,18,1.0,479.6865334113439,,388.1866693496704,,402.48667001724243,,453.68677377700806,,487.5868558883667,,616.58633351326,
m_va,4,94,1.0,1.0,16,0.9375,489.91145094235736,476.4450192451477,381.0449182987213,476.4450192451477,419.8449194431305,476.4450192451477,448.4449625015259,476.4450192451477,507.2450757026672,476.4450192451477,626.64475440979,476.4450192451477
m_va,4,95,0.0,0.0,17,0.9411764705882353,477.39811055362225,467.0857787132263,391.0856395959854,467.0857787132263,413.0856543779373,467.0857787132263,434.58570539951324,467.0857787132263,498.5858201980591,467.0857787132263,570.5859661102295,467.0857787132263
m_va,4,95,0.0,1.0,21,1.0,493.1844245819819,,392.13690161705017,,420.1369285583496,,443.136990070343,,517.1371102333069,,587.1372818946838,
m_va,4,95,1.0,0.0,18,0.9444444444444444,474.75676501498504,537.1688008308411,381.16857409477234,537.1688008308411,406.9685459136963,537.1688008308411,467.1686887741089,537.1688008308411,499.7687339782715,537.1688008308411,558.5688591003418,537.1688008308411
m_va,4,95,1.0,1.0,16,1.0,481.24590516090393,,375.183567404747,,405.1835834980011,,453.183650970459,,493.68372559547424,,644.1829204559326,
m_va,4,96,0.0,0.0,17,0.9411764705882353,481.66902363300323,478.4191846847534,380.4190754890442,478.4191846847534,415.91908037662506,478.4191846847534,454.91915941238403,478.4191846847534,511.9192600250244,478.4191846847534,584.9193930625916,478.4191846847534
m_va,4,96,0.0,1.0,21,1.0,490.5750396705809,,389.5275294780731,,418.5275435447693,,439.52760100364685,,510.52772998809814,,607.5276136398315,
m_va,4,96,1.0,0.0,18,0.9444444444444444,470.3382516608519,471.4561104774475,374.0559697151184,471.4561104774475,403.0559539794922,471.4561104774475,434.4560205936432,471.4561104774475,502.85614728927607,471.4561104774475,585.8561754226685,471.4561104774475
m_va,4,96,1.0,1.0,16,0.9375,480.8731536070506,475.60667991638184,377.60653495788574,475.60667991638184,397.40651845932007,475.60667991638184,463.60665559768677,475.60667991638184,507.6067090034484,475.60667991638184,575.6068706512451,475.60667991638184
m_va,4,97,0.0,0.0,17,0.9411764705882353,480.94286024570465,532.6932668685913,380.1930099725723,532.6932668685913,405.1929861307144,532.6932668685913,445.69307565689087,532.6932668685913,493.69317293167114,532.6932668685913,638.6926770210266,532.6932668685913
m_va,4,97,0.0,1.0,21,0.9523809523809523,496.0160568356514,464.3162786960602,399.3161529302597,464.3162786960602,421.41620218753815,464.3162786960602,453.31624150276184,464.3162786960602,507.0163697004317,464.3162786960602,629.7160267829895,464.3162786960602
m_va,4,97,1.0,0.0,18,0.9444444444444444,478.718126521391,477.600634098053,380.0005078315735,477.600634098053,419.0005302429199,477.600634098053,458.60061049461365,477.600634098053,498.4007000923157,477.600634098053,580.8008432388306,477.600634098053
m_va,4,97,1.0,1.0,16,0.9375,478.7555555502573,525.8225798606873,373.22235107421875,525.8225798606873,405.6223511695862,525.8225798606873,446.8224346637726,525.8225798606873,499.6225535869598,525.8225798606873,614.4221782684326,525.8225798606873
m_va,4,98,0.0,0.0,17,0.9411764705882353,481.02852143347263,478.02871465682983,398.02856743335724,478.02871465682983,414.0285700559616,478.02871465682983,466.0286754369736,478.02871465682983,485.0287139415741,478.02871465682983,580.5288851261139,478.02871465682983
m_va,4,98,0.0,1.0,21,1.0,506.7742310819172,,408.8696837425232,,422.8696823120117,,452.8697729110718,,530.8699011802673,,658.8690280914307,
m_va,4,98,1.0,0.0,18,0.9444444444444444,481.18025239776165,478.2392978668213,384.0391933917999,478.2392978668213,422.4392056465149,478.2392978668213,435.2392256259918,478.2392978668213,502.0393490791321,478.2392978668213,615.839195251465,478.2392978668213
m_va,4,98,1.0,1.0,16,0.875,462.5330716371536,427.3189306259155,371.61888778209686,396.9188928604126,384.81887578964233,412.11891174316406,430.8188855648041,427.3189306259155,476.5190005302429,442.518949508667,557.8191757202148,457.71896839141846
m_va,4,99,0.0,0.0,17,0.9411764705882353,481.6119931638241,401.3620615005493,378.86206805706024,401.3620615005493,411.8620753288269,401.3620615005493,463.3621722459793,401.3620615005493,498.86223673820496,401.3620615005493,598.3620882034302,401.3620615005493
m_va,4,99,0.0,1.0,21,0.9523809523809523,488.7250825762749,478.12527418136597,380.52515387535095,478.12527418136597,419.7251617908478,478.12527418136597,470.62525153160095,478.12527418136597,523.4253466129303,478.12527418136597,590.6253814697267,478.12527418136597
m_va,4,99,1.0,0.0,18,0.9444444444444444,472.2590446472168,475.43567419052124,378.4355580806732,475.43567419052124,404.63554859161377,475.43567419052124,440.43561816215515,475.43567419052124,487.2357130050659,475.43567419052124,573.4358906745911,475.43567419052124
m_va,4,99,1.0,1.0,16,0.9375,495.84423502286273,403.91117334365845,380.3111672401428,403.91117334365845,404.51117753982544,403.91117334365845,433.9112341403961,403.91117334365845,509.1113626956939,403.91117334365845,666.1103963851929,403.91117334365845
